gender,SeniorCitizen,Partner,Dependents,tenure,PhoneService,MultipleLines,InternetService,OnlineSecurity,OnlineBackup,DeviceProtection,TechSupport,StreamingTV,StreamingMovies,Contract,PaperlessBilling,PaymentMethod,MonthlyCharges,TotalCharges,Churn,TenureCohort,ServiceCount,HasSecurityBundle,HasStreamingBundle,MonthlyToTotalRatio,HighRiskContractFiber
Male,0,No,Yes,47,Yes,No,No,No internet service,No internet service,No internet service,No internet service,No internet service,No internet service,One year,Yes,Credit card (automatic),34.57,1630.8,No,Established_25-48m,0,0,0,0.021185194264002942,0
Female,0,Yes,Yes,59,Yes,No,Fiber optic,Yes,Yes,No,No,No,Yes,Month-to-month,No,Bank transfer (automatic),103.57,6092.56,Yes,Loyal_49-72m,3,0,0,0.016996632510388014,1
Male,1,No,No,11,Yes,No,DSL,Yes,Yes,Yes,No,No,No,Month-to-month,Yes,Electronic check,77.27,836.14,Yes,New_0-12m,3,0,0,0.092302362806699,0
Male,0,No,No,64,Yes,Yes,No,No internet service,No internet service,No internet service,No internet service,No internet service,No internet service,One year,Yes,Bank transfer (automatic),45.69,2914.91,No,Loyal_49-72m,0,0,0,0.015669207897363088,0
Male,0,Yes,Yes,49,Yes,No,Fiber optic,No,No,Yes,Yes,No,No,Two year,No,Electronic check,93.43,4593.7,No,Loyal_49-72m,2,0,0,0.02033429821315864,0
Female,0,No,No,32,Yes,No,No,No internet service,No internet service,No internet service,No internet service,No internet service,No internet service,Month-to-month,Yes,Bank transfer (automatic),35.62,1149.91,No,Established_25-48m,0,0,0,0.030949422630787808,0
Male,0,No,No,56,Yes,No,Fiber optic,No,Yes,No,No,Yes,No,One year,Yes,Mailed check,100.5,5618.55,No,Loyal_49-72m,2,0,0,0.017883994270003825,0
Male,0,Yes,No,67,Yes,No,Fiber optic,No,Yes,Yes,No,No,No,Two year,Yes,Electronic check,92.58,6200.86,No,Loyal_49-72m,2,0,0,0.01492777973059695,0
Male,0,No,No,65,Yes,Yes,DSL,No,No,Yes,No,No,No,Month-to-month,No,Credit card (automatic),76.19,4964.04,No,Loyal_49-72m,1,0,0,0.015345294297729725,0
Female,0,Yes,No,2,No,No phone service,Fiber optic,Yes,Yes,No,No,No,No,Month-to-month,Yes,Bank transfer (automatic),76.14,116.51,Yes,New_0-12m,2,0,0,0.6479448557569568,1
Male,0,No,No,9,Yes,No,Fiber optic,No,No,No,No,No,No,Month-to-month,Yes,Bank transfer (automatic),79.98,724.35,Yes,New_0-12m,0,0,0,0.11026401047770042,1
Male,0,No,No,9,Yes,Yes,No,No internet service,No internet service,No internet service,No internet service,No internet service,No internet service,Month-to-month,Yes,Bank transfer (automatic),42.49,393.78,No,New_0-12m,0,0,0,0.10762956583413548,0
Male,1,No,No,35,Yes,Yes,Fiber optic,No,Yes,Yes,Yes,No,No,One year,No,Mailed check,112.31,3917.07,Yes,Established_25-48m,3,0,0,0.028664623143537505,0
Male,0,No,No,4,Yes,Yes,DSL,Yes,Yes,No,No,Yes,Yes,Month-to-month,Yes,Bank transfer (automatic),104.56,427.99,Yes,New_0-12m,4,0,1,0.24373528520478333,0
Female,0,Yes,Yes,14,Yes,No,DSL,Yes,Yes,Yes,No,No,No,Two year,Yes,Electronic check,75.12,1051.91,No,Developing_13-24m,3,0,0,0.07134512921332307,0
Male,0,No,No,4,Yes,No,No,No internet service,No internet service,No internet service,No internet service,No internet service,No internet service,Month-to-month,Yes,Electronic check,34.84,166.52,Yes,New_0-12m,0,0,0,0.2079751671442216,0
Female,0,Yes,Yes,47,Yes,Yes,Fiber optic,No,No,No,No,Yes,No,One year,Yes,Bank transfer (automatic),102.53,4811.06,Yes,Established_25-48m,1,0,0,0.02130688312282058,0
Female,1,No,Yes,4,Yes,Yes,DSL,No,No,Yes,Yes,No,Yes,Month-to-month,No,Bank transfer (automatic),97.99,400.82,Yes,New_0-12m,3,0,0,0.24386541237369966,0
Female,0,No,No,29,No,No phone service,No,No internet service,No internet service,No internet service,No internet service,No internet service,No internet service,Two year,No,Credit card (automatic),20.37,568.68,No,Established_25-48m,0,0,0,0.035756916163460196,0
Male,0,Yes,Yes,47,Yes,No,No,No internet service,No internet service,No internet service,No internet service,No internet service,No internet service,One year,Yes,Bank transfer (automatic),36.39,1711.46,Yes,Established_25-48m,0,0,0,0.021250131389930274,0
Female,1,Yes,Yes,59,Yes,No,Fiber optic,No,Yes,No,No,No,No,One year,Yes,Credit card (automatic),87.39,5168.24,No,Loyal_49-72m,1,0,0,0.01690577338254753,0
Male,0,No,No,17,Yes,Yes,DSL,Yes,Yes,No,No,No,No,Month-to-month,Yes,Mailed check,83.25,1407.37,Yes,Developing_13-24m,2,0,0,0.059110887053828186,0
Female,1,No,No,37,Yes,No,Fiber optic,Yes,No,No,Yes,No,No,One year,Yes,Mailed check,92.3,3431.89,No,Established_25-48m,2,1,0,0.026886966957869317,0
Female,0,Yes,Yes,2,No,No phone service,Fiber optic,No,Yes,No,No,Yes,Yes,Month-to-month,Yes,Electronic check,95.77,205.34,Yes,New_0-12m,3,0,1,0.4641368614907434,1
Female,0,Yes,No,70,No,No phone service,No,No internet service,No internet service,No internet service,No internet service,No internet service,No internet service,Two year,No,Bank transfer (automatic),18.5,1297.16,No,Loyal_49-72m,0,0,0,0.014250939791705181,0
Female,0,Yes,Yes,6,Yes,Yes,No,No internet service,No internet service,No internet service,No internet service,No internet service,No internet service,Month-to-month,Yes,Bank transfer (automatic),47.99,283.87,Yes,New_0-12m,0,0,0,0.1684628075964475,0
Female,0,No,No,59,Yes,No,Fiber optic,Yes,Yes,No,No,Yes,No,Two year,No,Mailed check,105.05,6151.69,No,Loyal_49-72m,3,0,0,0.017073832746327216,0
Female,1,Yes,No,26,Yes,No,No,No internet service,No internet service,No internet service,No internet service,No internet service,No internet service,Month-to-month,Yes,Electronic check,34.06,875.83,No,Established_25-48m,0,0,0,0.03884447384327635,0
Female,0,No,Yes,16,Yes,No,DSL,No,No,Yes,No,No,No,One year,Yes,Electronic check,66.56,1081.47,Yes,Developing_13-24m,1,0,0,0.0614890020046745,0
Female,0,Yes,No,56,Yes,No,DSL,Yes,No,No,Yes,Yes,Yes,One year,No,Electronic check,96.48,5398.78,No,Loyal_49-72m,4,1,1,0.01786739459755768,0
Male,0,No,No,65,Yes,No,Fiber optic,No,Yes,Yes,No,No,No,Two year,Yes,Mailed check,89.67,5835.33,No,Loyal_49-72m,2,0,0,0.015364107238624273,0
Male,0,Yes,No,4,Yes,Yes,No,No internet service,No internet service,No internet service,No internet service,No internet service,No internet service,One year,No,Electronic check,46.32,178.32,No,New_0-12m,0,0,0,0.2583091679678787,0
Female,0,No,No,55,Yes,Yes,DSL,Yes,Yes,No,No,Yes,Yes,Month-to-month,Yes,Credit card (automatic),104.53,5727.75,No,Loyal_49-72m,4,0,1,0.018246563386428105,0
Female,1,Yes,No,51,Yes,Yes,DSL,Yes,Yes,No,No,Yes,No,One year,No,Credit card (automatic),93.73,4791.45,No,Loyal_49-72m,3,0,0,0.019557846195578463,0
Female,0,No,No,40,Yes,Yes,No,No internet service,No internet service,No internet service,No internet service,No internet service,No internet service,Month-to-month,Yes,Credit card (automatic),45.31,1793.98,No,Established_25-48m,0,0,0,0.025242621087700142,0
Male,0,Yes,Yes,32,Yes,No,DSL,No,No,Yes,No,No,Yes,One year,Yes,Bank transfer (automatic),77.73,2483.43,Yes,Established_25-48m,2,0,0,0.031286854530012925,0
Female,0,No,No,22,Yes,No,DSL,Yes,Yes,No,No,No,Yes,One year,Yes,Bank transfer (automatic),82.46,1819.59,No,Developing_13-24m,3,0,0,0.04529300940903773,0
Male,0,No,No,39,Yes,Yes,Fiber optic,No,Yes,No,No,Yes,Yes,One year,No,Credit card (automatic),120.09,4673.34,Yes,Established_25-48m,3,0,1,0.025691327545706986,0
Male,0,Yes,No,54,Yes,No,Fiber optic,Yes,Yes,No,No,Yes,No,One year,No,Mailed check,104.22,5651.44,Yes,Loyal_49-72m,3,0,0,0.018438055070022857,0
Male,0,No,No,7,Yes,No,Fiber optic,Yes,No,Yes,Yes,No,No,Month-to-month,No,Electronic check,101.31,738.75,Yes,New_0-12m,3,1,0,0.13695167286245352,0
Male,1,No,Yes,53,Yes,Yes,No,No internet service,No internet service,No internet service,No internet service,No internet service,No internet service,One year,No,Mailed check,48.67,2567.37,Yes,Loyal_49-72m,0,0,0,0.018949761911251105,0
Male,0,Yes,Yes,55,Yes,No,DSL,No,No,No,No,No,No,One year,Yes,Mailed check,57.04,3125.65,No,Loyal_49-72m,0,0,0,0.018243167607503236,0
Female,0,Yes,Yes,30,Yes,Yes,No,No internet service,No internet service,No internet service,No internet service,No internet service,No internet service,Month-to-month,Yes,Mailed check,43.8,1307.42,Yes,Established_25-48m,0,0,0,0.033475489521713205,0
Female,0,Yes,No,72,No,No phone service,Fiber optic,Yes,No,Yes,No,Yes,No,One year,No,Electronic check,89.33,6449.06,Yes,Loyal_49-72m,3,0,0,0.013849483570695466,0
Female,1,No,No,18,No,No phone service,Fiber optic,Yes,Yes,Yes,No,No,Yes,Two year,No,Bank transfer (automatic),96.52,1744.65,No,Developing_13-24m,4,0,0,0.05529172514536132,0
Female,0,No,No,46,Yes,Yes,No,No internet service,No internet service,No internet service,No internet service,No internet service,No internet service,One year,No,Bank transfer (automatic),45.52,2105.18,No,Established_25-48m,0,0,0,0.021612587718048793,0
Female,0,Yes,Yes,28,Yes,No,DSL,No,No,No,No,No,No,Month-to-month,Yes,Electronic check,61.68,1746.77,No,Established_25-48m,0,0,0,0.03529068470107623,0
Male,0,No,No,52,No,No phone service,DSL,No,No,No,Yes,Yes,No,One year,No,Mailed check,62.78,3250.98,No,Loyal_49-72m,2,0,0,0.01930516177836272,0
Female,0,No,No,30,Yes,No,No,No internet service,No internet service,No internet service,No internet service,No internet service,No internet service,Two year,Yes,Credit card (automatic),34.52,1043.14,No,Established_25-48m,0,0,0,0.03306070067232363,0
Female,0,No,Yes,51,Yes,Yes,DSL,Yes,Yes,Yes,Yes,No,Yes,Two year,Yes,Electronic check,110.19,5620.46,No,Loyal_49-72m,5,1,0,0.01960166931722364,0
Male,0,No,No,67,Yes,No,DSL,Yes,No,Yes,No,No,No,Month-to-month,Yes,Electronic check,70.71,4744.02,Yes,Loyal_49-72m,2,0,0,0.01490193929635702,0
Female,0,No,No,9,No,No phone service,Fiber optic,Yes,Yes,No,No,No,No,Month-to-month,Yes,Mailed check,72.65,671.09,Yes,New_0-12m,2,0,0,0.10809564195271466,1
Male,0,No,No,55,Yes,No,DSL,Yes,Yes,Yes,Yes,Yes,No,Two year,No,Credit card (automatic),96.77,5320.07,No,Loyal_49-72m,5,1,0,0.018186191874942446,0
Female,1,Yes,Yes,4,Yes,No,No,No internet service,No internet service,No internet service,No internet service,No internet service,No internet service,One year,Yes,Credit card (automatic),35.66,132.19,No,New_0-12m,0,0,0,0.2677378181545161,0
Male,1,No,No,8,Yes,Yes,No,No internet service,No internet service,No internet service,No internet service,No internet service,No internet service,One year,Yes,Electronic check,44.89,343.35,Yes,New_0-12m,0,0,0,0.1303615507477857,0
Female,0,No,No,24,Yes,Yes,Fiber optic,No,No,No,Yes,No,Yes,Month-to-month,Yes,Mailed check,108.07,2619.99,Yes,Developing_13-24m,2,0,0,0.04123251137928798,0
Female,0,Yes,Yes,35,Yes,Yes,Fiber optic,No,Yes,No,No,Yes,Yes,Month-to-month,No,Electronic check,118.92,4161.57,Yes,Established_25-48m,3,0,1,0.02856888893159755,1
Male,0,No,No,37,No,No phone service,Fiber optic,Yes,Yes,No,No,Yes,No,Two year,Yes,Mailed check,87.0,3198.48,No,Established_25-48m,3,0,0,0.027191918686786602,0
Male,0,No,No,45,Yes,Yes,DSL,Yes,No,No,No,Yes,Yes,Two year,Yes,Mailed check,98.18,4438.84,No,Established_25-48m,3,0,1,0.022113409492233956,0
Male,0,No,No,7,Yes,Yes,DSL,Yes,No,No,Yes,No,Yes,Month-to-month,Yes,Mailed check,94.68,637.11,Yes,New_0-12m,3,1,0,0.1483756719060977,0
Male,0,Yes,Yes,46,No,No phone service,DSL,No,No,No,Yes,Yes,No,One year,Yes,Electronic check,65.16,2974.11,No,Established_25-48m,2,0,0,0.02190171119723304,0
Male,0,Yes,Yes,5,Yes,No,Fiber optic,No,Yes,No,Yes,No,No,Month-to-month,No,Electronic check,90.42,447.36,Yes,New_0-12m,2,0,0,0.20166830225711482,0
Male,0,No,No,52,Yes,Yes,Fiber optic,Yes,Yes,No,No,No,No,One year,Yes,Electronic check,104.05,5402.4,No,Loyal_49-72m,2,0,0,0.019256394122219345,0
Male,0,No,No,69,Yes,No,No,No internet service,No internet service,No internet service,No internet service,No internet service,No internet service,One year,Yes,Credit card (automatic),34.84,2408.64,No,Loyal_49-72m,0,0,0,0.014458591324845208,0
Male,0,Yes,Yes,7,Yes,No,Fiber optic,No,Yes,No,No,Yes,No,Month-to-month,No,Electronic check,96.34,645.48,Yes,New_0-12m,2,0,0,0.14902239821804233,1
Female,0,No,No,24,Yes,Yes,Fiber optic,Yes,Yes,No,Yes,No,Yes,Two year,Yes,Electronic check,120.54,2897.85,No,Developing_13-24m,4,1,0,0.04158200665781259,0
Female,0,No,No,16,No,No phone service,DSL,Yes,Yes,No,No,No,Yes,One year,No,Credit card (automatic),68.05,1107.98,Yes,Developing_13-24m,3,0,0,0.06136269364641382,0
Male,0,Yes,No,60,Yes,No,No,No internet service,No internet service,No internet service,No internet service,No internet service,No internet service,Two year,No,Electronic check,35.01,2085.87,No,Loyal_49-72m,0,0,0,0.016776320518288153,0
Female,0,Yes,Yes,15,Yes,Yes,No,No internet service,No internet service,No internet service,No internet service,No internet service,No internet service,Month-to-month,Yes,Electronic check,45.23,672.77,No,Developing_13-24m,0,0,0,0.06712973269810173,0
Female,0,Yes,No,54,Yes,No,No,No internet service,No internet service,No internet service,No internet service,No internet service,No internet service,Two year,Yes,Mailed check,34.71,1862.32,No,Loyal_49-72m,0,0,0,0.018628040272202308,0
Female,0,No,No,7,Yes,Yes,DSL,Yes,No,No,Yes,No,No,Month-to-month,No,Electronic check,82.87,584.9,Yes,New_0-12m,2,1,0,0.14144051885987372,0
Female,0,Yes,No,49,Yes,No,Fiber optic,No,No,Yes,Yes,No,Yes,Month-to-month,No,Mailed check,105.98,5176.89,No,Loyal_49-72m,3,0,0,0.02046779672801083,0
Male,0,Yes,No,21,Yes,No,Fiber optic,No,Yes,No,Yes,No,No,Two year,No,Electronic check,90.89,1890.68,No,Developing_13-24m,2,0,0,0.0480472384335617,0
Female,1,Yes,Yes,47,Yes,No,DSL,Yes,No,Yes,No,No,Yes,One year,No,Electronic check,82.18,3860.19,No,Established_25-48m,3,0,0,0.02128359391793722,0
Male,1,Yes,No,10,Yes,No,No,No internet service,No internet service,No internet service,No internet service,No internet service,No internet service,Month-to-month,Yes,Credit card (automatic),33.99,344.96,Yes,New_0-12m,0,0,0,0.09824835241068333,0
Female,1,Yes,Yes,20,Yes,No,DSL,No,No,No,No,No,No,Two year,Yes,Electronic check,57.99,1162.06,No,Developing_13-24m,0,0,0,0.04985985245817069,0
Female,0,Yes,Yes,8,Yes,Yes,DSL,Yes,Yes,Yes,Yes,No,No,Two year,Yes,Bank transfer (automatic),95.67,758.77,No,New_0-12m,4,1,0,0.12591968622083,0
Female,0,No,No,24,Yes,Yes,Fiber optic,No,No,No,Yes,Yes,Yes,Two year,No,Credit card (automatic),119.99,2889.78,No,Developing_13-24m,3,0,1,0.04150782833698863,0
Male,1,No,No,55,Yes,No,DSL,No,No,Yes,Yes,Yes,No,Month-to-month,No,Credit card (automatic),88.57,4874.81,No,Loyal_49-72m,3,0,0,0.018165186912533503,0
Female,0,Yes,No,45,Yes,No,No,No internet service,No internet service,No internet service,No internet service,No internet service,No internet service,One year,Yes,Mailed check,32.81,1458.91,Yes,Established_25-48m,0,0,0,0.0224739881225555,0
Male,0,Yes,No,67,Yes,No,Fiber optic,Yes,Yes,No,No,Yes,Yes,One year,Yes,Credit card (automatic),118.27,7883.95,No,Loyal_49-72m,4,0,1,0.014999460998484454,0
Female,0,No,No,21,Yes,No,Fiber optic,Yes,No,No,No,No,Yes,One year,No,Bank transfer (automatic),94.99,2002.61,Yes,Developing_13-24m,2,0,0,0.0474094259860951,0
Male,0,Yes,No,55,Yes,Yes,Fiber optic,Yes,Yes,Yes,No,No,No,Two year,Yes,Bank transfer (automatic),111.01,6101.7,No,Loyal_49-72m,3,0,0,0.018190309207400005,0
Female,1,Yes,Yes,43,Yes,No,DSL,No,No,Yes,No,No,No,Two year,Yes,Bank transfer (automatic),66.88,2859.19,No,Established_25-48m,1,0,0,0.02338306196441495,0
Male,0,Yes,Yes,4,Yes,Yes,Fiber optic,No,Yes,Yes,No,Yes,Yes,One year,Yes,Mailed check,127.19,533.14,Yes,New_0-12m,4,0,1,0.23812109184857902,0
Male,0,Yes,No,7,Yes,No,Fiber optic,No,No,Yes,No,No,No,Month-to-month,Yes,Mailed check,83.95,611.87,Yes,New_0-12m,1,0,0,0.1369784783069819,1
Female,0,No,No,17,No,No phone service,Fiber optic,No,Yes,Yes,Yes,Yes,Yes,One year,Yes,Bank transfer (automatic),108.52,1863.94,No,Developing_13-24m,5,0,1,0.058189539609853395,0
Male,0,Yes,Yes,19,Yes,No,No,No internet service,No internet service,No internet service,No internet service,No internet service,No internet service,Two year,Yes,Electronic check,34.61,660.98,No,Developing_13-24m,0,0,0,0.052282546300492456,0
Female,0,No,Yes,3,Yes,Yes,Fiber optic,No,No,No,No,Yes,Yes,Month-to-month,Yes,Bank transfer (automatic),113.85,294.08,Yes,New_0-12m,2,0,1,0.3858275721838146,1
Female,0,Yes,Yes,9,Yes,No,Fiber optic,No,Yes,No,No,Yes,Yes,Month-to-month,No,Electronic check,111.91,1024.82,Yes,New_0-12m,3,0,1,0.10909321323429062,1
Female,0,Yes,Yes,3,Yes,Yes,No,No internet service,No internet service,No internet service,No internet service,No internet service,No internet service,Month-to-month,No,Credit card (automatic),46.04,124.31,Yes,New_0-12m,0,0,0,0.3674088261112441,0
Female,1,No,No,66,Yes,Yes,Fiber optic,No,No,No,No,Yes,No,Month-to-month,No,Electronic check,101.75,6707.11,Yes,Loyal_49-72m,1,0,0,0.015168206842165678,1
Female,0,Yes,Yes,32,Yes,Yes,Fiber optic,Yes,No,No,Yes,Yes,Yes,Two year,No,Electronic check,129.5,4157.49,No,Established_25-48m,4,1,1,0.031141111316848186,0
Female,0,No,No,3,Yes,No,DSL,No,No,Yes,No,Yes,No,Month-to-month,No,Bank transfer (automatic),79.77,269.79,Yes,New_0-12m,2,0,0,0.2945825178182355,0
Female,0,Yes,No,9,Yes,Yes,Fiber optic,No,No,Yes,No,Yes,Yes,Month-to-month,Yes,Electronic check,119.15,1095.47,Yes,New_0-12m,3,0,1,0.1086669037912574,1
Female,0,No,No,59,Yes,Yes,No,No internet service,No internet service,No internet service,No internet service,No internet service,No internet service,Two year,Yes,Credit card (automatic),44.1,2604.49,No,Loyal_49-72m,0,0,0,0.016925798985987284,0
Female,0,Yes,No,9,Yes,No,Fiber optic,Yes,No,Yes,No,Yes,Yes,Two year,Yes,Bank transfer (automatic),119.24,1084.24,No,New_0-12m,4,0,1,0.1098743135159043,0
Female,0,No,No,27,Yes,No,DSL,No,No,Yes,No,No,No,One year,Yes,Electronic check,65.64,1755.69,No,Established_25-48m,1,0,0,0.03736572758995611,0
Female,0,Yes,Yes,47,Yes,No,Fiber optic,No,Yes,No,No,No,Yes,Two year,Yes,Electronic check,97.04,4536.54,No,Established_25-48m,2,0,0,0.021386037368265626,0
Male,0,No,No,53,Yes,No,Fiber optic,No,No,No,No,Yes,No,Two year,No,Electronic check,91.77,4880.01,No,Loyal_49-72m,1,0,0,0.0188014365879193,0
Male,1,Yes,No,62,Yes,Yes,DSL,Yes,No,Yes,No,No,Yes,Two year,No,Bank transfer (automatic),95.61,5932.66,No,Loyal_49-72m,3,0,0,0.01611315781490682,0
Female,0,No,No,16,Yes,No,No,No internet service,No internet service,No internet service,No internet service,No internet service,No internet service,One year,Yes,Credit card (automatic),36.08,555.56,No,Developing_13-24m,0,0,0,0.0648267931579704,0
Female,0,Yes,No,59,Yes,Yes,No,No internet service,No internet service,No internet service,No internet service,No internet service,No internet service,Two year,No,Mailed check,44.81,2643.07,No,Loyal_49-72m,0,0,0,0.016947357672073733,0
Female,0,No,No,33,Yes,No,Fiber optic,Yes,No,No,No,Yes,Yes,One year,Yes,Electronic check,110.92,3669.61,Yes,Established_25-48m,3,0,1,0.03021841056391172,0
Female,0,Yes,No,60,Yes,No,DSL,No,Yes,No,Yes,Yes,No,One year,Yes,Electronic check,86.38,5196.4,Yes,Loyal_49-72m,3,0,0,0.01661984838573133,0
Female,0,Yes,Yes,7,Yes,Yes,Fiber optic,No,Yes,Yes,Yes,No,No,One year,Yes,Electronic check,109.79,777.95,Yes,New_0-12m,3,0,0,0.14094614545221132,0
Female,1,No,No,33,Yes,No,DSL,No,Yes,Yes,No,Yes,Yes,One year,No,Credit card (automatic),95.55,3147.7,Yes,Established_25-48m,4,0,1,0.03034585702035761,0
Female,1,Yes,Yes,60,Yes,Yes,Fiber optic,No,No,No,Yes,Yes,Yes,Two year,No,Electronic check,122.22,7320.48,No,Loyal_49-72m,3,0,1,0.016693346154056283,0
Female,0,Yes,Yes,29,Yes,Yes,DSL,Yes,No,Yes,Yes,Yes,No,Month-to-month,Yes,Electronic check,101.38,2941.78,Yes,Established_25-48m,4,1,0,0.034450417632306864,0
Male,1,No,No,42,No,No phone service,Fiber optic,Yes,Yes,Yes,Yes,No,Yes,One year,No,Bank transfer (automatic),103.11,4342.65,No,Established_25-48m,5,1,0,0.023738100445477882,0
Female,0,No,No,5,Yes,Yes,DSL,No,No,Yes,No,No,Yes,Month-to-month,Yes,Bank transfer (automatic),87.93,453.23,Yes,New_0-12m,2,0,0,0.19358034475926295,0
Male,0,Yes,Yes,13,Yes,Yes,No,No internet service,No internet service,No internet service,No internet service,No internet service,No internet service,One year,Yes,Mailed check,42.82,580.36,No,Developing_13-24m,0,0,0,0.07365487821659557,0
Female,0,No,No,41,Yes,Yes,No,No internet service,No internet service,No internet service,No internet service,No internet service,No internet service,Two year,Yes,Mailed check,44.21,1813.14,No,Established_25-48m,0,0,0,0.024369673784823662,0
Female,1,No,No,2,Yes,Yes,No,No internet service,No internet service,No internet service,No internet service,No internet service,No internet service,One year,No,Bank transfer (automatic),44.61,72.57,No,New_0-12m,0,0,0,0.6063612885687101,0
Male,0,Yes,Yes,59,Yes,No,DSL,No,Yes,No,No,No,Yes,Month-to-month,Yes,Bank transfer (automatic),80.79,4782.91,No,Loyal_49-72m,2,0,0,0.016887859512407215,0
Female,0,No,No,50,Yes,Yes,DSL,No,Yes,Yes,Yes,No,No,Month-to-month,Yes,Mailed check,89.76,4489.24,Yes,Loyal_49-72m,3,0,0,0.019990022805017105,0
Male,0,No,No,12,Yes,Yes,Fiber optic,Yes,No,No,No,Yes,No,Two year,Yes,Electronic check,108.41,1281.68,Yes,New_0-12m,2,0,0,0.08451835220008107,0
Female,0,No,Yes,71,Yes,No,DSL,No,Yes,Yes,No,No,No,Two year,Yes,Credit card (automatic),75.23,5350.69,No,Loyal_49-72m,2,0,0,0.014057241731116714,0
Female,0,Yes,Yes,22,Yes,No,DSL,No,No,No,No,No,No,Month-to-month,Yes,Electronic check,57.63,1289.04,Yes,Developing_13-24m,0,0,0,0.04467303339431336,0
Male,1,No,Yes,9,Yes,No,Fiber optic,Yes,No,No,No,Yes,Yes,Month-to-month,No,Mailed check,107.7,975.05,Yes,New_0-12m,3,0,1,0.1103427078530813,1
Female,0,Yes,Yes,38,No,No phone service,Fiber optic,Yes,No,Yes,Yes,No,No,Month-to-month,Yes,Bank transfer (automatic),83.83,3206.9,Yes,Established_25-48m,3,1,0,0.02613236073443686,0
Male,0,Yes,Yes,72,Yes,Yes,DSL,Yes,Yes,No,No,Yes,No,Two year,No,Bank transfer (automatic),93.5,6724.73,No,Loyal_49-72m,3,0,0,0.013901836677951689,0
Female,1,Yes,No,38,Yes,No,Fiber optic,Yes,No,No,No,Yes,No,Two year,No,Bank transfer (automatic),97.65,3699.79,No,Established_25-48m,2,0,0,0.02638625806922306,0
Male,0,No,No,24,Yes,Yes,Fiber optic,Yes,No,No,No,Yes,Yes,One year,Yes,Bank transfer (automatic),119.23,2874.34,Yes,Developing_13-24m,3,0,1,0.04146640049524578,0
Male,1,No,No,12,No,No phone service,DSL,No,No,Yes,No,No,No,One year,Yes,Credit card (automatic),49.15,584.51,Yes,New_0-12m,1,0,0,0.08394391214496763,0
Female,0,No,No,66,No,No phone service,No,No internet service,No internet service,No internet service,No internet service,No internet service,No internet service,One year,Yes,Mailed check,21.46,1434.44,No,Loyal_49-72m,0,0,0,0.014950119823886752,0
Female,0,No,No,24,Yes,Yes,DSL,Yes,Yes,No,No,Yes,No,Month-to-month,Yes,Bank transfer (automatic),93.32,2242.24,Yes,Developing_13-24m,3,0,0,0.04160054207307288,0
Male,0,Yes,No,47,Yes,Yes,DSL,No,No,No,Yes,No,Yes,Two year,Yes,Bank transfer (automatic),91.78,4331.94,No,Established_25-48m,2,0,0,0.021181922666826683,0
Female,1,Yes,No,57,Yes,No,DSL,No,Yes,Yes,No,Yes,No,Two year,Yes,Bank transfer (automatic),82.47,4710.26,No,Loyal_49-72m,3,0,0,0.017504871308312426,0
Female,0,Yes,No,1,Yes,No,DSL,Yes,Yes,No,No,No,Yes,One year,No,Credit card (automatic),86.94,86.94,Yes,New_0-12m,3,0,0,0.9886286104161929,0
Female,0,Yes,No,72,Yes,Yes,No,No internet service,No internet service,No internet service,No internet service,No internet service,No internet service,Two year,Yes,Bank transfer (automatic),42.5,3030.13,No,Loyal_49-72m,0,0,0,0.014021173621718633,0
Male,0,No,No,26,Yes,Yes,DSL,Yes,Yes,No,Yes,No,Yes,One year,Yes,Mailed check,101.98,2663.21,No,Established_25-48m,4,1,0,0.0382777633895226,0
Male,0,No,No,56,Yes,No,Fiber optic,Yes,No,Yes,No,No,Yes,Month-to-month,Yes,Credit card (automatic),102.5,5748.48,Yes,Loyal_49-72m,3,0,0,0.01782769920062336,1
Male,0,Yes,Yes,64,Yes,No,Fiber optic,No,No,No,No,No,Yes,Month-to-month,No,Mailed check,92.05,5875.93,Yes,Loyal_49-72m,1,0,0,0.015662939664076312,1
Male,0,Yes,Yes,30,Yes,No,Fiber optic,No,Yes,Yes,No,Yes,No,One year,No,Mailed check,102.53,3087.88,No,Established_25-48m,3,0,0,0.033193260987801405,0
Male,1,Yes,Yes,19,Yes,No,No,No internet service,No internet service,No internet service,No internet service,No internet service,No internet service,Month-to-month,Yes,Bank transfer (automatic),31.78,624.68,Yes,Developing_13-24m,0,0,0,0.05079273750159827,0
Male,0,Yes,Yes,13,Yes,Yes,No,No internet service,No internet service,No internet service,No internet service,No internet service,No internet service,Month-to-month,Yes,Electronic check,43.83,559.18,No,Developing_13-24m,0,0,0,0.07824270770109608,0
Male,0,No,Yes,68,No,No phone service,DSL,No,No,No,Yes,No,Yes,Month-to-month,Yes,Bank transfer (automatic),67.39,4553.52,No,Loyal_49-72m,2,0,0,0.014796290278668222,0
Male,0,No,No,63,Yes,Yes,No,No internet service,No internet service,No internet service,No internet service,No internet service,No internet service,Two year,No,Electronic check,43.5,2755.06,No,Loyal_49-72m,0,0,0,0.01578340094192434,0
Male,1,No,No,16,No,No phone service,Fiber optic,Yes,No,Yes,Yes,Yes,Yes,Month-to-month,Yes,Credit card (automatic),109.76,1775.25,Yes,Developing_13-24m,5,1,1,0.06179310344827586,0
Female,0,Yes,Yes,35,Yes,Yes,Fiber optic,No,No,Yes,No,Yes,Yes,Month-to-month,No,Bank transfer (automatic),120.01,4189.34,Yes,Established_25-48m,3,0,1,0.028639680789625664,1
Male,0,Yes,Yes,7,Yes,No,Fiber optic,No,No,Yes,No,No,No,One year,No,Mailed check,85.32,608.85,Yes,New_0-12m,1,0,0,0.13990325489874558,0
Female,0,Yes,No,63,Yes,No,No,No internet service,No internet service,No internet service,No internet service,No internet service,No internet service,Two year,Yes,Electronic check,38.07,2403.38,No,Loyal_49-72m,0,0,0,0.015833603673296233,0
Female,0,No,No,64,Yes,No,DSL,No,No,No,No,Yes,No,Month-to-month,No,Mailed check,71.53,4576.28,Yes,Loyal_49-72m,1,0,0,0.01562718470357942,0
Female,0,No,No,46,Yes,Yes,Fiber optic,No,Yes,Yes,No,Yes,No,Two year,No,Credit card (automatic),114.25,5264.21,No,Established_25-48m,3,0,0,0.021699039544481605,0
Male,0,Yes,No,37,Yes,No,DSL,No,Yes,No,Yes,Yes,No,Month-to-month,No,Electronic check,86.13,3179.28,No,Established_25-48m,3,0,0,0.02708252103588363,0
Male,0,No,No,52,No,No phone service,Fiber optic,No,No,No,Yes,No,No,Two year,No,Mailed check,75.36,3902.2,No,Loyal_49-72m,1,0,0,0.019307235089157614,0
Male,0,No,No,40,Yes,Yes,No,No internet service,No internet service,No internet service,No internet service,No internet service,No internet service,Two year,Yes,Electronic check,42.75,1716.09,No,Established_25-48m,0,0,0,0.024896773028787077,0
Male,0,No,No,26,Yes,No,Fiber optic,No,No,No,No,Yes,No,Month-to-month,Yes,Credit card (automatic),95.37,2483.64,Yes,Established_25-48m,1,0,0,0.038383830253074895,1
Female,0,No,No,65,Yes,No,DSL,No,No,No,No,No,No,Two year,Yes,Mailed check,62.28,4010.0,No,Loyal_49-72m,0,0,0,0.015527299925205684,0
Male,0,No,No,36,Yes,No,Fiber optic,No,No,Yes,No,Yes,Yes,One year,Yes,Bank transfer (automatic),110.6,3963.88,No,Established_25-48m,3,0,1,0.027894917374548533,0
Male,0,No,No,49,Yes,Yes,No,No internet service,No internet service,No internet service,No internet service,No internet service,No internet service,Two year,Yes,Mailed check,45.93,2240.49,No,Loyal_49-72m,0,0,0,0.0204908342218792,0
Male,0,Yes,Yes,37,Yes,No,Fiber optic,Yes,No,No,Yes,Yes,Yes,Two year,No,Electronic check,117.66,4361.29,No,Established_25-48m,4,1,1,0.026972072008050817,0
Male,0,Yes,Yes,10,Yes,No,DSL,No,Yes,No,Yes,Yes,Yes,Month-to-month,Yes,Electronic check,98.23,959.46,Yes,New_0-12m,4,0,1,0.10227391041792475,0
Male,0,Yes,No,40,Yes,Yes,Fiber optic,Yes,No,No,No,No,No,One year,Yes,Bank transfer (automatic),96.63,3860.41,No,Established_25-48m,1,0,0,0.02502453766888261,0
Female,0,Yes,Yes,49,Yes,Yes,No,No internet service,No internet service,No internet service,No internet service,No internet service,No internet service,Two year,No,Credit card (automatic),43.64,2167.43,No,Loyal_49-72m,0,0,0,0.020125159677739195,0
Male,0,No,No,28,Yes,No,Fiber optic,No,No,No,Yes,Yes,No,One year,No,Electronic check,102.28,2864.84,No,Established_25-48m,2,0,0,0.03568936158334031,0
Female,0,No,No,10,Yes,No,Fiber optic,No,Yes,No,Yes,No,No,Month-to-month,No,Bank transfer (automatic),94.34,945.34,Yes,New_0-12m,2,0,0,0.0996893294164888,0
Male,0,Yes,No,40,Yes,No,No,No internet service,No internet service,No internet service,No internet service,No internet service,No internet service,One year,Yes,Electronic check,35.21,1407.48,No,Established_25-48m,0,0,0,0.024998580029535387,0
Female,0,No,Yes,9,No,No phone service,DSL,No,No,No,No,Yes,No,Month-to-month,Yes,Mailed check,55.7,516.03,Yes,New_0-12m,1,0,0,0.10773069260971319,0
Male,0,Yes,No,43,Yes,Yes,Fiber optic,Yes,Yes,Yes,No,No,No,One year,Yes,Mailed check,109.75,4719.88,Yes,Established_25-48m,3,0,0,0.02324778431139957,0
Male,0,Yes,No,8,Yes,Yes,Fiber optic,Yes,Yes,No,No,No,Yes,Month-to-month,No,Mailed check,113.93,908.14,Yes,New_0-12m,3,0,0,0.12531623292342214,1
Female,0,Yes,Yes,18,No,No phone service,DSL,No,Yes,Yes,Yes,No,No,Month-to-month,No,Mailed check,64.21,1158.06,No,Developing_13-24m,3,0,0,0.05539834003416561,0
Female,1,Yes,Yes,32,Yes,No,DSL,No,Yes,No,Yes,Yes,Yes,One year,Yes,Credit card (automatic),96.37,3103.73,No,Established_25-48m,4,0,1,0.031039736144527867,0
Female,0,Yes,No,22,Yes,Yes,No,No internet service,No internet service,No internet service,No internet service,No internet service,No internet service,Month-to-month,No,Electronic check,44.76,990.75,No,Developing_13-24m,0,0,0,0.045132341820015125,0
Male,1,No,No,38,Yes,No,DSL,No,No,No,No,Yes,Yes,One year,No,Credit card (automatic),82.25,3126.36,No,Established_25-48m,2,0,1,0.026300138135679933,0
Female,0,Yes,Yes,70,Yes,No,DSL,No,No,Yes,No,No,No,Two year,Yes,Mailed check,66.52,4674.06,No,Loyal_49-72m,1,0,0,0.014228694391088027,0
Male,0,No,No,37,Yes,Yes,DSL,Yes,Yes,No,Yes,No,Yes,Month-to-month,No,Electronic check,103.16,3809.09,Yes,Established_25-48m,4,1,0,0.027075475907393263,0
Male,0,Yes,Yes,9,Yes,No,DSL,No,No,No,No,Yes,Yes,Month-to-month,Yes,Electronic check,83.41,702.66,Yes,New_0-12m,2,0,1,0.11853736179404827,0
Female,0,Yes,Yes,14,Yes,Yes,Fiber optic,Yes,Yes,No,No,Yes,Yes,Month-to-month,Yes,Credit card (automatic),126.35,1775.62,Yes,Developing_13-24m,4,0,1,0.07111819072170751,1
Female,0,Yes,Yes,7,Yes,Yes,Fiber optic,No,Yes,No,No,No,No,Two year,No,Bank transfer (automatic),97.83,691.35,No,New_0-12m,1,0,0,0.14130136491658843,0
Male,0,No,Yes,20,Yes,No,DSL,Yes,Yes,No,Yes,Yes,No,Two year,No,Bank transfer (automatic),91.74,1825.47,No,Developing_13-24m,4,1,0,0.05022803550017246,0
Male,0,Yes,Yes,9,Yes,No,DSL,Yes,No,Yes,Yes,No,Yes,Month-to-month,No,Electronic check,91.84,822.53,Yes,New_0-12m,4,1,0,0.11151992034291405,0
Female,1,No,No,11,Yes,No,Fiber optic,Yes,No,No,No,No,No,Month-to-month,Yes,Mailed check,86.01,964.98,Yes,New_0-12m,1,0,0,0.08903911054059091,1
Female,0,No,No,19,Yes,Yes,Fiber optic,No,No,No,Yes,Yes,Yes,Two year,Yes,Credit card (automatic),121.34,2312.27,Yes,Developing_13-24m,3,0,1,0.052453885625110774,0
Female,1,No,No,20,Yes,No,Fiber optic,No,Yes,Yes,Yes,Yes,Yes,Two year,Yes,Credit card (automatic),123.47,2491.52,Yes,Developing_13-24m,5,0,1,0.04953621234734325,0
Male,0,No,No,6,Yes,No,DSL,No,No,No,No,Yes,No,Month-to-month,No,Bank transfer (automatic),70.85,429.13,Yes,New_0-12m,1,0,0,0.16471764350312695,0
Male,0,Yes,Yes,62,Yes,No,No,No internet service,No internet service,No internet service,No internet service,No internet service,No internet service,Two year,Yes,Bank transfer (automatic),35.64,2207.38,No,Loyal_49-72m,0,0,0,0.016138526883960187,0
Male,0,Yes,No,61,Yes,Yes,Fiber optic,Yes,Yes,No,No,No,Yes,Month-to-month,Yes,Bank transfer (automatic),113.89,6957.91,Yes,Loyal_49-72m,3,0,0,0.01636606882399686,1
Male,0,Yes,No,28,Yes,No,Fiber optic,Yes,Yes,No,No,No,No,Month-to-month,Yes,Bank transfer (automatic),92.9,2606.72,Yes,Established_25-48m,2,0,0,0.03562499041308116,1
Male,0,No,Yes,64,Yes,No,DSL,Yes,No,No,No,No,Yes,One year,Yes,Bank transfer (automatic),79.53,5096.5,No,Loyal_49-72m,2,0,0,0.01560176557135851,0
Male,0,Yes,Yes,55,Yes,Yes,DSL,No,No,Yes,No,Yes,Yes,Two year,Yes,Credit card (automatic),98.42,5409.65,No,Loyal_49-72m,3,0,1,0.018190051102917396,0
Female,0,Yes,Yes,26,Yes,No,Fiber optic,Yes,No,Yes,Yes,No,Yes,Month-to-month,No,Bank transfer (automatic),110.74,2870.66,Yes,Established_25-48m,4,1,0,0.03856306108661889,0
Male,0,No,No,7,Yes,No,DSL,No,Yes,No,Yes,Yes,No,Month-to-month,Yes,Bank transfer (automatic),87.04,601.26,Yes,New_0-12m,3,0,0,0.14452229933915586,0
Male,0,Yes,No,23,Yes,Yes,DSL,No,No,No,No,No,No,One year,No,Electronic check,69.62,1609.06,No,Developing_13-24m,0,0,0,0.04324062457299729,0
Male,1,No,No,63,Yes,Yes,Fiber optic,No,No,Yes,No,No,No,One year,Yes,Credit card (automatic),96.12,6065.3,No,Loyal_49-72m,1,0,0,0.01584491370357549,0
Female,1,No,No,45,Yes,No,Fiber optic,No,No,No,No,No,No,Two year,Yes,Mailed check,80.13,3566.42,No,Established_25-48m,0,0,0,0.022461610912087725,0
Male,0,Yes,No,48,Yes,No,Fiber optic,No,Yes,Yes,Yes,Yes,Yes,Two year,Yes,Credit card (automatic),122.58,5872.85,Yes,Established_25-48m,5,0,1,0.020868765800965295,0
Male,0,Yes,Yes,34,Yes,No,Fiber optic,Yes,No,No,No,Yes,No,One year,No,Bank transfer (automatic),98.76,3333.98,Yes,Established_25-48m,2,0,0,0.029613370994728605,0
Female,0,Yes,Yes,23,Yes,No,Fiber optic,Yes,Yes,No,Yes,No,No,Month-to-month,No,Electronic check,100.37,2301.04,Yes,Developing_13-24m,3,1,0,0.04360045872356692,0
Male,0,No,No,23,Yes,Yes,Fiber optic,Yes,No,No,No,Yes,No,One year,No,Mailed check,106.49,2440.22,Yes,Developing_13-24m,2,0,0,0.0436216318070473,0
Male,1,No,Yes,42,No,No phone service,No,No internet service,No internet service,No internet service,No internet service,No internet service,No internet service,One year,No,Credit card (automatic),19.75,831.72,No,Established_25-48m,0,0,0,0.023717456047651072,0
Male,0,No,No,42,Yes,Yes,Fiber optic,Yes,Yes,No,No,Yes,Yes,Two year,Yes,Electronic check,125.84,5288.07,No,Established_25-48m,4,0,1,0.023792462569033876,0
Male,0,No,No,21,Yes,Yes,Fiber optic,No,Yes,No,No,Yes,No,Month-to-month,Yes,Credit card (automatic),109.12,2323.48,No,Developing_13-24m,2,0,0,0.04694383259911895,1
Male,0,No,Yes,10,Yes,No,DSL,Yes,No,No,No,Yes,No,Month-to-month,Yes,Bank transfer (automatic),79.76,803.19,Yes,New_0-12m,2,0,0,0.09918054191173728,0
Female,0,Yes,No,42,Yes,Yes,No,No internet service,No internet service,No internet service,No internet service,No internet service,No internet service,One year,Yes,Electronic check,44.99,1899.16,No,Established_25-48m,0,0,0,0.023676953519703604,0
Female,0,Yes,No,30,Yes,No,DSL,No,Yes,No,No,No,No,One year,Yes,Mailed check,63.48,1883.07,Yes,Established_25-48m,1,0,0,0.033693015652284684,0
Female,1,No,No,11,Yes,Yes,Fiber optic,No,No,No,Yes,No,Yes,Month-to-month,Yes,Electronic check,111.09,1216.97,Yes,New_0-12m,2,0,0,0.09120914308234193,0
Male,0,Yes,Yes,19,Yes,No,Fiber optic,No,No,No,No,Yes,No,Month-to-month,Yes,Electronic check,95.3,1794.45,Yes,Developing_13-24m,1,0,0,0.053078615388899714,1
Male,0,Yes,Yes,11,Yes,Yes,Fiber optic,Yes,Yes,No,No,No,No,Month-to-month,Yes,Credit card (automatic),103.08,1142.86,Yes,New_0-12m,2,0,0,0.09011592327732415,1
Male,1,No,No,66,Yes,No,Fiber optic,Yes,Yes,No,No,No,Yes,Month-to-month,Yes,Bank transfer (automatic),103.59,6837.72,Yes,Loyal_49-72m,3,0,0,0.015147571475363811,1
Female,0,Yes,Yes,37,No,No phone service,Fiber optic,No,Yes,Yes,Yes,No,Yes,Two year,No,Electronic check,97.6,3606.08,No,Established_25-48m,4,0,0,0.027057897246526276,0
Male,0,No,No,64,Yes,No,DSL,Yes,Yes,No,Yes,Yes,No,Month-to-month,Yes,Electronic check,93.2,5979.15,No,Loyal_49-72m,4,1,0,0.01558489335551784,0
Male,0,No,No,42,Yes,Yes,Fiber optic,No,No,Yes,Yes,No,No,Two year,Yes,Electronic check,104.17,4371.1,No,Established_25-48m,2,0,0,0.023826079000937764,0
Female,0,Yes,Yes,40,Yes,No,No,No internet service,No internet service,No internet service,No internet service,No internet service,No internet service,Two year,No,Credit card (automatic),36.97,1498.81,No,Established_25-48m,0,0,0,0.024649788973269946,0
Male,1,No,No,16,Yes,No,DSL,No,No,No,Yes,Yes,No,Two year,No,Bank transfer (automatic),78.3,1272.61,No,Developing_13-24m,2,0,0,0.061478788640164574,0
Female,0,Yes,No,21,Yes,Yes,DSL,Yes,No,No,Yes,No,No,Two year,No,Electronic check,83.39,1741.66,No,Developing_13-24m,2,1,0,0.04785213409385652,0
Female,1,Yes,Yes,6,Yes,Yes,Fiber optic,No,Yes,Yes,No,No,Yes,Month-to-month,Yes,Bank transfer (automatic),114.69,704.84,Yes,New_0-12m,3,0,0,0.16248724923495408,1
Female,0,Yes,Yes,5,Yes,Yes,No,No internet service,No internet service,No internet service,No internet service,No internet service,No internet service,Month-to-month,No,Credit card (automatic),46.05,231.94,Yes,New_0-12m,0,0,0,0.19769039237571906,0
Male,1,Yes,No,71,Yes,No,DSL,No,No,No,Yes,Yes,Yes,Month-to-month,Yes,Bank transfer (automatic),91.18,6467.87,No,Loyal_49-72m,3,0,1,0.014095197461071254,0
Male,0,No,Yes,2,Yes,No,DSL,Yes,No,No,Yes,No,Yes,Month-to-month,Yes,Mailed check,85.32,176.56,Yes,New_0-12m,3,1,0,0.4805136291957648,0
Male,0,Yes,Yes,15,Yes,Yes,Fiber optic,No,No,Yes,No,No,No,Month-to-month,No,Credit card (automatic),95.0,1401.19,Yes,Developing_13-24m,1,0,0,0.06775116068435803,1
Male,0,Yes,Yes,20,Yes,No,DSL,Yes,No,No,No,No,Yes,One year,Yes,Bank transfer (automatic),76.88,1529.53,No,Developing_13-24m,2,0,0,0.05023096574389264,0
Male,1,Yes,No,47,Yes,Yes,Fiber optic,No,Yes,Yes,No,Yes,Yes,One year,Yes,Electronic check,126.78,5964.93,Yes,Established_25-48m,4,0,1,0.021250668378609873,0
Male,0,No,No,46,Yes,No,No,No internet service,No internet service,No internet service,No internet service,No internet service,No internet service,Two year,No,Credit card (automatic),34.94,1602.83,No,Established_25-48m,0,0,0,0.021785351315289025,0
Male,0,No,No,2,Yes,No,DSL,Yes,No,No,No,No,Yes,Month-to-month,No,Credit card (automatic),79.95,176.07,Yes,New_0-12m,2,0,0,0.4515163494663128,0
Female,0,Yes,No,1,Yes,No,Fiber optic,Yes,Yes,Yes,Yes,No,Yes,Month-to-month,No,Bank transfer (automatic),116.36,116.36,Yes,New_0-12m,5,1,0,0.9914792092706203,0
Male,0,Yes,Yes,10,Yes,Yes,Fiber optic,No,No,Yes,Yes,Yes,No,Month-to-month,No,Mailed check,115.76,1159.42,Yes,New_0-12m,3,0,0,0.09975698454008032,0
Female,1,Yes,Yes,4,Yes,No,No,No internet service,No internet service,No internet service,No internet service,No internet service,No internet service,One year,No,Electronic check,36.1,142.6,Yes,New_0-12m,0,0,0,0.25139275766016717,0
Male,0,Yes,Yes,53,Yes,No,No,No internet service,No internet service,No internet service,No internet service,No internet service,No internet service,Two year,Yes,Credit card (automatic),35.52,1859.64,No,Loyal_49-72m,0,0,0,0.019090205520681056,0
Male,0,No,No,60,Yes,No,Fiber optic,Yes,No,No,No,No,Yes,One year,Yes,Mailed check,96.35,5786.89,Yes,Loyal_49-72m,2,0,0,0.01664682639096458,0
Male,0,No,No,32,Yes,No,Fiber optic,Yes,No,Yes,No,Yes,Yes,Month-to-month,Yes,Bank transfer (automatic),117.73,3772.12,Yes,Established_25-48m,4,0,1,0.03120229412263591,1
Female,0,Yes,No,4,No,No phone service,Fiber optic,Yes,Yes,No,No,Yes,Yes,Month-to-month,Yes,Electronic check,101.14,375.57,Yes,New_0-12m,4,0,1,0.26858220251214915,1
Female,0,Yes,Yes,42,Yes,No,DSL,No,No,No,No,No,No,Two year,No,Electronic check,62.88,2603.91,Yes,Established_25-48m,0,0,0,0.024139029755346635,0
Female,0,Yes,Yes,50,Yes,No,DSL,No,No,Yes,No,No,No,One year,Yes,Credit card (automatic),65.8,3283.2,No,Loyal_49-72m,1,0,0,0.02003532062602765,0
Female,0,No,No,19,Yes,Yes,No,No internet service,No internet service,No internet service,No internet service,No internet service,No internet service,One year,No,Mailed check,46.74,906.52,No,Developing_13-24m,0,0,0,0.051502997179125536,0
Male,0,Yes,No,12,No,No phone service,Fiber optic,No,Yes,Yes,Yes,Yes,Yes,One year,No,Credit card (automatic),108.46,1342.3,Yes,New_0-12m,5,0,1,0.08074145760440705,0
Female,0,No,Yes,55,Yes,No,DSL,No,No,No,Yes,No,Yes,Two year,Yes,Credit card (automatic),79.65,4353.44,No,Loyal_49-72m,2,0,0,0.018291674704439608,0
Male,0,No,Yes,6,Yes,No,No,No internet service,No internet service,No internet service,No internet service,No internet service,No internet service,Month-to-month,Yes,Credit card (automatic),35.74,238.82,No,New_0-12m,0,0,0,0.14902843799516305,0
Male,0,Yes,Yes,9,Yes,Yes,Fiber optic,No,No,No,No,No,No,Month-to-month,Yes,Credit card (automatic),87.45,804.47,Yes,New_0-12m,0,0,0,0.10857015158851353,1
Female,0,No,No,37,No,No phone service,DSL,No,Yes,No,No,No,Yes,Two year,Yes,Mailed check,59.97,2210.14,No,Established_25-48m,2,0,0,0.027121756198160225,0
Female,0,No,No,14,Yes,No,DSL,No,Yes,No,Yes,No,No,Month-to-month,Yes,Credit card (automatic),72.98,1049.97,No,Developing_13-24m,2,0,0,0.06944061200605156,0
Female,1,No,No,3,No,No phone service,DSL,Yes,Yes,Yes,No,No,No,Month-to-month,No,Mailed check,61.05,190.15,No,New_0-12m,3,0,0,0.31938268375621237,0
Female,1,Yes,Yes,60,Yes,Yes,No,No internet service,No internet service,No internet service,No internet service,No internet service,No internet service,One year,Yes,Bank transfer (automatic),41.62,2493.79,No,Loyal_49-72m,0,0,0,0.01668276688619082,0
Female,0,Yes,No,65,No,No phone service,No,No internet service,No internet service,No internet service,No internet service,No internet service,No internet service,Two year,Yes,Credit card (automatic),21.11,1345.44,No,Loyal_49-72m,0,0,0,0.015678381509759066,0
Female,0,No,No,52,Yes,No,DSL,No,No,No,No,Yes,No,Two year,Yes,Credit card (automatic),70.81,3683.65,No,Loyal_49-72m,1,0,0,0.019217564761917685,0
Female,1,No,No,52,Yes,No,No,No internet service,No internet service,No internet service,No internet service,No internet service,No internet service,One year,Yes,Mailed check,34.48,1793.58,Yes,Loyal_49-72m,0,0,0,0.019213409265677762,0
Female,0,No,No,5,Yes,No,Fiber optic,No,No,No,No,No,Yes,Month-to-month,No,Mailed check,92.21,494.63,Yes,New_0-12m,1,0,0,0.18604604241066924,1
Male,0,No,No,70,Yes,No,Fiber optic,No,No,No,No,No,No,Month-to-month,No,Bank transfer (automatic),80.76,5639.01,Yes,Loyal_49-72m,0,0,0,0.014319123547653285,1
Female,0,No,No,14,Yes,Yes,DSL,No,Yes,Yes,No,Yes,No,Month-to-month,Yes,Mailed check,94.42,1308.59,No,Developing_13-24m,3,0,0,0.07209890118281295,0
Female,0,No,No,30,Yes,No,Fiber optic,No,No,No,No,Yes,Yes,Month-to-month,No,Bank transfer (automatic),104.3,3121.34,Yes,Established_25-48m,2,0,1,0.0334044338540966,1
Male,0,Yes,Yes,21,Yes,Yes,DSL,Yes,No,No,No,Yes,Yes,Month-to-month,Yes,Credit card (automatic),100.7,2154.54,Yes,Developing_13-24m,3,0,1,0.04671683197713798,0
Female,0,No,No,18,No,No phone service,DSL,Yes,No,No,No,Yes,Yes,Month-to-month,Yes,Credit card (automatic),74.25,1319.24,Yes,Developing_13-24m,3,0,1,0.05623977458643883,0
Male,1,No,No,61,Yes,No,DSL,No,No,Yes,No,Yes,No,Two year,Yes,Electronic check,76.93,4712.35,No,Loyal_49-72m,2,0,0,0.016321724463491998,0
Male,1,No,No,14,Yes,No,DSL,No,Yes,Yes,No,Yes,Yes,Two year,Yes,Bank transfer (automatic),92.52,1271.91,No,Developing_13-24m,4,0,1,0.07268385039005114,0
Female,0,No,Yes,10,Yes,Yes,No,No internet service,No internet service,No internet service,No internet service,No internet service,No internet service,Month-to-month,Yes,Electronic check,45.96,466.07,Yes,New_0-12m,0,0,0,0.09840066799409082,0
Male,0,Yes,Yes,3,Yes,Yes,No,No internet service,No internet service,No internet service,No internet service,No internet service,No internet service,Month-to-month,No,Credit card (automatic),43.97,133.38,Yes,New_0-12m,0,0,0,0.3272064295282036,0
Male,1,No,No,67,Yes,No,No,No internet service,No internet service,No internet service,No internet service,No internet service,No internet service,Month-to-month,Yes,Electronic check,37.98,2534.16,Yes,Loyal_49-72m,0,0,0,0.014981302955237539,0
Male,0,No,No,60,Yes,No,DSL,No,Yes,No,No,Yes,No,One year,No,Credit card (automatic),79.11,4757.37,No,Loyal_49-72m,2,0,0,0.016625441064902477,0
Male,0,Yes,Yes,1,Yes,Yes,Fiber optic,No,Yes,No,Yes,No,Yes,Month-to-month,Yes,Mailed check,117.43,117.43,Yes,New_0-12m,3,0,0,0.9915561935320443,0
Female,0,Yes,No,50,Yes,Yes,Fiber optic,Yes,Yes,Yes,No,No,Yes,One year,No,Electronic check,121.06,6028.77,Yes,Loyal_49-72m,4,0,0,0.02007705103179723,0
Male,1,Yes,Yes,21,No,No phone service,Fiber optic,Yes,No,Yes,No,Yes,Yes,One year,No,Credit card (automatic),101.8,2133.13,Yes,Developing_13-24m,4,0,1,0.047700936681458014,0
Female,0,Yes,Yes,68,Yes,No,DSL,No,No,No,No,No,No,Month-to-month,Yes,Electronic check,60.71,4114.52,Yes,Loyal_49-72m,0,0,0,0.014751477334577403,0
Male,0,Yes,Yes,28,Yes,Yes,Fiber optic,Yes,No,No,Yes,Yes,No,Month-to-month,Yes,Mailed check,116.85,3275.69,Yes,Established_25-48m,3,1,0,0.03566098715472016,0
Male,1,Yes,No,35,Yes,No,DSL,Yes,Yes,Yes,Yes,Yes,No,One year,No,Mailed check,98.26,3434.81,Yes,Established_25-48m,5,1,0,0.02859878747660668,0
Male,0,No,No,20,Yes,Yes,No,No internet service,No internet service,No internet service,No internet service,No internet service,No internet service,Month-to-month,Yes,Mailed check,44.08,905.06,Yes,Developing_13-24m,0,0,0,0.04865019976601991,0
Male,0,No,No,11,Yes,Yes,Fiber optic,Yes,Yes,No,No,No,Yes,Month-to-month,Yes,Electronic check,112.23,1229.74,Yes,New_0-12m,3,0,0,0.09118904073971756,1
Female,0,No,No,29,Yes,Yes,Fiber optic,No,Yes,Yes,No,Yes,No,Month-to-month,No,Mailed check,114.63,3328.41,Yes,Established_25-48m,3,0,0,0.03442952354921743,1
Female,0,No,No,2,Yes,Yes,Fiber optic,No,No,No,No,Yes,Yes,Month-to-month,No,Electronic check,115.94,214.45,Yes,New_0-12m,2,0,1,0.5381294964028777,1
Male,0,Yes,Yes,51,Yes,No,DSL,Yes,Yes,No,No,Yes,Yes,One year,No,Bank transfer (automatic),95.81,4879.91,No,Loyal_49-72m,4,0,1,0.019629536295485885,0
Male,0,Yes,No,32,Yes,No,DSL,No,Yes,Yes,Yes,Yes,No,Month-to-month,No,Electronic check,92.23,2937.69,No,Established_25-48m,4,0,0,0.03138473265298483,0
Female,0,No,No,66,Yes,No,DSL,Yes,No,Yes,No,No,No,Month-to-month,Yes,Mailed check,70.02,4639.09,No,Loyal_49-72m,2,0,0,0.01509022454305843,0
Male,1,Yes,No,70,Yes,No,No,No internet service,No internet service,No internet service,No internet service,No internet service,No internet service,Month-to-month,Yes,Mailed check,34.32,2391.04,No,Loyal_49-72m,0,0,0,0.014347586160766543,0
Male,0,No,No,29,No,No phone service,DSL,No,No,Yes,No,No,Yes,Month-to-month,No,Credit card (automatic),61.16,1763.88,No,Established_25-48m,2,0,0,0.03465391414713748,0
Male,0,No,No,2,Yes,No,Fiber optic,Yes,No,No,No,Yes,Yes,Month-to-month,Yes,Electronic check,108.26,221.0,Yes,New_0-12m,3,0,1,0.4876576576576577,1
Female,0,No,No,13,Yes,Yes,DSL,No,No,Yes,No,Yes,No,Month-to-month,Yes,Credit card (automatic),88.15,1135.24,Yes,Developing_13-24m,2,0,0,0.07758044075195382,0
Female,0,No,No,4,Yes,No,DSL,No,No,Yes,No,No,Yes,Month-to-month,No,Electronic check,77.91,332.78,No,New_0-12m,2,0,0,0.2334172209239619,0
Female,0,Yes,Yes,66,Yes,No,DSL,No,No,No,Yes,Yes,Yes,One year,Yes,Credit card (automatic),93.18,6179.25,No,Loyal_49-72m,3,0,1,0.015077059989482628,0
Male,0,Yes,Yes,4,Yes,No,Fiber optic,No,No,Yes,No,No,Yes,Month-to-month,No,Electronic check,99.15,383.14,Yes,New_0-12m,2,0,0,0.25810902275212166,1
Male,0,No,No,40,Yes,Yes,Fiber optic,No,Yes,No,Yes,No,No,One year,Yes,Credit card (automatic),102.69,4120.28,No,Established_25-48m,2,0,0,0.024917016072676452,0
Female,0,Yes,Yes,63,Yes,No,Fiber optic,No,Yes,Yes,No,No,Yes,One year,Yes,Credit card (automatic),101.1,6356.63,Yes,Loyal_49-72m,3,0,0,0.015902152217099768,0
Female,0,No,No,59,Yes,No,DSL,No,Yes,No,No,Yes,No,One year,No,Electronic check,76.58,4512.87,No,Loyal_49-72m,2,0,0,0.016965486378650693,0
Female,0,Yes,No,54,Yes,Yes,DSL,Yes,No,Yes,No,No,Yes,Month-to-month,No,Electronic check,92.93,5028.57,No,Loyal_49-72m,3,0,0,0.018476728626900512,0
Female,0,No,No,5,Yes,Yes,Fiber optic,No,Yes,Yes,Yes,No,No,Month-to-month,Yes,Mailed check,110.83,556.25,Yes,New_0-12m,3,0,0,0.19888739344997758,0
Male,1,No,No,39,Yes,Yes,DSL,Yes,Yes,Yes,No,Yes,No,Two year,No,Mailed check,100.92,3938.38,No,Established_25-48m,4,0,0,0.025618244495326674,0
Female,0,No,No,51,Yes,Yes,DSL,Yes,No,No,No,Yes,Yes,Two year,Yes,Bank transfer (automatic),99.93,5112.9,No,Loyal_49-72m,3,0,1,0.019540859226813197,0
Male,0,Yes,No,72,Yes,No,DSL,Yes,No,No,No,No,No,One year,Yes,Mailed check,67.11,4848.29,No,Loyal_49-72m,1,0,0,0.013839139337923696,0
Female,0,Yes,No,15,Yes,Yes,Fiber optic,No,No,No,No,Yes,Yes,One year,Yes,Bank transfer (automatic),117.84,1768.37,No,Developing_13-24m,2,0,1,0.06659997626273759,0
Male,0,No,No,65,Yes,No,Fiber optic,Yes,Yes,No,Yes,Yes,No,Two year,Yes,Electronic check,111.82,7258.78,No,Loyal_49-72m,4,1,0,0.015402670604343381,0
Female,0,Yes,Yes,62,No,No phone service,DSL,Yes,No,No,Yes,Yes,Yes,One year,Yes,Electronic check,82.65,5124.31,No,Loyal_49-72m,4,1,1,0.016125853850791464,0
Female,0,No,No,71,Yes,No,Fiber optic,No,No,No,Yes,Yes,Yes,One year,No,Electronic check,110.74,7847.41,No,Loyal_49-72m,3,0,1,0.014109864290983778,0
Female,0,No,No,70,Yes,No,Fiber optic,No,No,No,No,No,Yes,Two year,No,Electronic check,92.48,6473.6,No,Loyal_49-72m,1,0,0,0.014283507861489513,0
Female,0,No,No,34,No,No phone service,Fiber optic,No,Yes,No,No,Yes,Yes,One year,No,Mailed check,96.71,3285.32,Yes,Established_25-48m,3,0,1,0.029428053263224514,0
Male,0,No,No,50,Yes,No,DSL,Yes,Yes,Yes,No,No,Yes,One year,No,Bank transfer (automatic),89.25,4445.92,No,Loyal_49-72m,4,0,0,0.020070070970469447,0
Female,0,Yes,Yes,32,Yes,No,Fiber optic,Yes,Yes,No,No,No,No,Two year,No,Credit card (automatic),91.41,2945.23,No,Established_25-48m,2,0,0,0.031026090970494496,0
Male,0,No,No,35,Yes,No,Fiber optic,Yes,No,No,No,No,No,Month-to-month,Yes,Electronic check,85.22,2982.49,Yes,Established_25-48m,1,0,0,0.02856386312674083,1
Male,1,No,Yes,63,Yes,Yes,DSL,No,Yes,Yes,No,No,Yes,One year,Yes,Mailed check,92.27,5801.79,Yes,Loyal_49-72m,3,0,0,0.015900971773922544,0
Male,0,Yes,Yes,2,Yes,No,Fiber optic,No,No,No,No,No,No,Month-to-month,Yes,Electronic check,80.2,177.54,Yes,New_0-12m,0,0,0,0.4491990590343901,1
Male,0,No,No,2,Yes,Yes,Fiber optic,No,Yes,No,Yes,Yes,Yes,Month-to-month,Yes,Credit card (automatic),128.25,275.36,Yes,New_0-12m,4,0,1,0.4640686061658706,0
Female,0,Yes,Yes,60,Yes,No,Fiber optic,Yes,No,Yes,Yes,No,No,Month-to-month,Yes,Bank transfer (automatic),99.94,5968.1,Yes,Loyal_49-72m,3,1,0,0.01674289256336801,0
Male,0,Yes,Yes,6,Yes,Yes,DSL,No,Yes,No,No,Yes,No,Month-to-month,No,Bank transfer (automatic),90.76,561.17,Yes,New_0-12m,2,0,0,0.16144582599569526,0
Male,0,Yes,Yes,22,No,No phone service,DSL,Yes,No,No,No,Yes,Yes,One year,No,Mailed check,75.6,1665.57,Yes,Developing_13-24m,3,0,1,0.04536263103259989,0
Male,0,No,No,15,No,No phone service,Fiber optic,No,No,Yes,Yes,No,Yes,Month-to-month,Yes,Electronic check,89.33,1354.52,Yes,Developing_13-24m,3,0,0,0.06590090887629839,0
Female,0,Yes,No,72,No,No phone service,Fiber optic,Yes,No,No,No,Yes,No,Two year,No,Electronic check,83.95,6043.38,No,Loyal_49-72m,2,0,0,0.013888934845261217,0
Female,0,No,No,32,Yes,No,Fiber optic,Yes,Yes,Yes,No,Yes,Yes,Month-to-month,Yes,Bank transfer (automatic),121.49,3893.37,Yes,Established_25-48m,5,0,1,0.031196316734157258,1
Female,0,No,No,71,Yes,Yes,Fiber optic,No,Yes,Yes,No,No,No,Month-to-month,Yes,Credit card (automatic),101.51,7202.65,Yes,Loyal_49-72m,2,0,0,0.014091467519937811,1
Female,0,Yes,No,52,Yes,Yes,Fiber optic,Yes,Yes,No,Yes,Yes,No,Month-to-month,Yes,Electronic check,121.74,6345.36,No,Loyal_49-72m,4,1,0,0.019182649581807525,0
Male,0,Yes,Yes,16,Yes,Yes,Fiber optic,Yes,No,Yes,No,Yes,No,Month-to-month,Yes,Bank transfer (automatic),113.57,1807.05,No,Developing_13-24m,3,0,0,0.0628135283869362,1
Male,0,No,No,60,Yes,No,DSL,No,No,Yes,No,Yes,No,Two year,Yes,Mailed check,78.4,4719.39,No,Loyal_49-72m,2,0,0,0.016608797154472405,0
Female,0,Yes,No,22,Yes,No,Fiber optic,Yes,No,No,No,No,Yes,One year,No,Bank transfer (automatic),101.17,2228.42,No,Developing_13-24m,2,0,0,0.04537951574849064,0
Male,0,No,No,42,Yes,No,Fiber optic,Yes,No,Yes,No,No,Yes,Two year,No,Bank transfer (automatic),103.45,4356.25,No,Established_25-48m,3,0,0,0.023742039130185324,0
Male,0,Yes,No,71,No,No phone service,DSL,No,Yes,Yes,No,Yes,Yes,Month-to-month,Yes,Electronic check,81.13,5745.09,No,Loyal_49-72m,4,0,1,0.014119166250441604,0
Male,0,No,Yes,68,Yes,No,DSL,No,No,No,Yes,Yes,Yes,Two year,Yes,Bank transfer (automatic),92.35,6286.14,No,Loyal_49-72m,3,0,1,0.014688713787190994,0
Female,0,No,No,6,Yes,No,DSL,No,Yes,No,Yes,No,No,Month-to-month,No,Electronic check,73.23,447.38,Yes,New_0-12m,2,0,0,0.16332128997725145,0
Female,1,Yes,Yes,12,Yes,Yes,Fiber optic,Yes,Yes,Yes,No,Yes,Yes,One year,No,Bank transfer (automatic),131.4,1604.61,Yes,New_0-12m,5,0,1,0.08183805531853938,0
Male,0,Yes,No,16,Yes,No,DSL,Yes,Yes,No,No,Yes,No,Month-to-month,Yes,Electronic check,85.49,1378.31,No,Developing_13-24m,3,0,0,0.06198026549506637,0
Female,0,Yes,No,60,Yes,No,No,No internet service,No internet service,No internet service,No internet service,No internet service,No internet service,One year,Yes,Electronic check,34.23,2044.98,No,Loyal_49-72m,0,0,0,0.016730368820809586,0
Female,0,Yes,Yes,17,Yes,No,No,No internet service,No internet service,No internet service,No internet service,No internet service,No internet service,One year,No,Electronic check,33.67,562.95,No,Developing_13-24m,0,0,0,0.0597038744569554,0
Female,0,No,No,30,Yes,No,No,No internet service,No internet service,No internet service,No internet service,No internet service,No internet service,One year,No,Credit card (automatic),37.67,1141.52,No,Established_25-48m,0,0,0,0.03297097643804923,0
Female,0,No,No,28,Yes,Yes,Fiber optic,No,No,Yes,No,No,No,One year,No,Electronic check,94.19,2629.22,Yes,Established_25-48m,1,0,0,0.035810692641680165,0
Female,0,Yes,No,68,Yes,Yes,No,No internet service,No internet service,No internet service,No internet service,No internet service,No internet service,One year,Yes,Electronic check,46.33,3142.65,No,Loyal_49-72m,0,0,0,0.014737645730281678,0
Male,1,No,No,6,Yes,No,DSL,No,No,No,Yes,No,Yes,Month-to-month,No,Electronic check,79.7,465.31,Yes,New_0-12m,2,0,0,0.17091634320516394,0
Female,0,No,No,12,Yes,No,Fiber optic,Yes,Yes,No,Yes,No,No,Two year,Yes,Electronic check,98.18,1180.16,Yes,New_0-12m,3,1,0,0.08312167699549596,0
Male,0,Yes,Yes,6,Yes,Yes,Fiber optic,No,No,No,No,No,Yes,Month-to-month,No,Bank transfer (automatic),101.43,611.87,Yes,New_0-12m,1,0,0,0.16550002447501103,1
Male,1,Yes,No,2,Yes,No,DSL,Yes,No,No,Yes,Yes,No,Month-to-month,Yes,Credit card (automatic),85.66,166.43,Yes,New_0-12m,3,1,0,0.5116167950785403,0
Female,0,No,No,26,Yes,Yes,DSL,Yes,Yes,Yes,No,No,Yes,Month-to-month,No,Credit card (automatic),97.55,2561.73,Yes,Established_25-48m,4,0,0,0.03806487612819142,0
Male,0,No,No,53,Yes,Yes,Fiber optic,No,No,No,No,No,Yes,One year,Yes,Credit card (automatic),102.64,5448.49,No,Loyal_49-72m,1,0,0,0.018834790044572978,0
Male,0,No,Yes,8,Yes,No,DSL,Yes,Yes,No,No,Yes,Yes,Month-to-month,No,Electronic check,96.49,798.29,Yes,New_0-12m,4,0,1,0.1207196386793279,0
Male,0,No,No,48,Yes,No,Fiber optic,Yes,No,Yes,Yes,No,No,Two year,No,Electronic check,99.48,4777.0,No,Established_25-48m,3,1,0,0.020820426956885726,0
Female,0,Yes,Yes,47,Yes,No,No,No internet service,No internet service,No internet service,No internet service,No internet service,No internet service,Two year,No,Mailed check,35.71,1667.38,No,Established_25-48m,0,0,0,0.02140399669140124,0
Female,1,No,No,69,Yes,Yes,DSL,No,Yes,No,Yes,No,Yes,One year,No,Credit card (automatic),96.31,6630.47,No,Loyal_49-72m,3,0,0,0.014523175102956056,0
Male,0,No,Yes,42,Yes,No,Fiber optic,No,No,Yes,Yes,Yes,No,Two year,Yes,Mailed check,107.94,4531.63,No,Established_25-48m,3,0,0,0.023813988787966367,0
Female,0,No,No,44,Yes,No,Fiber optic,No,No,No,No,No,Yes,Two year,No,Bank transfer (automatic),90.38,3988.02,No,Established_25-48m,1,0,0,0.0226571939975232,0
Female,0,Yes,Yes,31,Yes,Yes,DSL,No,Yes,Yes,No,Yes,No,One year,Yes,Bank transfer (automatic),93.56,2895.9,No,Established_25-48m,3,0,0,0.03229659290966205,0
Female,0,Yes,Yes,46,Yes,Yes,No,No internet service,No internet service,No internet service,No internet service,No internet service,No internet service,One year,No,Electronic check,46.5,2151.85,Yes,Established_25-48m,0,0,0,0.02159927537914857,0
Female,1,Yes,Yes,63,No,No phone service,No,No internet service,No internet service,No internet service,No internet service,No internet service,No internet service,One year,No,Bank transfer (automatic),20.81,1332.08,No,Loyal_49-72m,0,0,0,0.015610465988537821,0
Male,0,No,No,17,Yes,No,DSL,Yes,Yes,Yes,Yes,No,No,Month-to-month,Yes,Electronic check,82.55,1391.25,No,Developing_13-24m,4,1,0,0.05929251212066798,0
Male,0,Yes,Yes,26,No,No phone service,DSL,No,No,Yes,Yes,No,No,One year,No,Mailed check,56.5,1452.51,No,Established_25-48m,2,0,0,0.03887142159324669,0
Female,0,Yes,Yes,22,Yes,No,No,No internet service,No internet service,No internet service,No internet service,No internet service,No internet service,Two year,Yes,Mailed check,35.0,784.22,No,Developing_13-24m,0,0,0,0.04457349532615063,0
Female,0,Yes,No,64,Yes,Yes,No,No internet service,No internet service,No internet service,No internet service,No internet service,No internet service,Month-to-month,Yes,Mailed check,47.46,3041.47,No,Loyal_49-72m,0,0,0,0.015599167781440739,0
Male,0,Yes,No,28,Yes,No,Fiber optic,No,Yes,No,Yes,Yes,No,One year,Yes,Electronic check,105.35,2954.68,No,Established_25-48m,3,0,0,0.03564323607427056,0
Male,0,No,No,19,Yes,No,DSL,No,Yes,No,Yes,No,No,One year,Yes,Credit card (automatic),74.97,1434.89,Yes,Developing_13-24m,2,0,0,0.05221152038108769,0
Female,0,No,No,45,No,No phone service,Fiber optic,Yes,No,No,Yes,Yes,No,One year,Yes,Credit card (automatic),91.12,4077.51,Yes,Established_25-48m,3,1,0,0.022341492358729044,0
Male,0,No,No,24,No,No phone service,DSL,No,No,Yes,No,Yes,Yes,Two year,Yes,Credit card (automatic),75.87,1827.5,No,Developing_13-24m,3,0,1,0.04149302707136998,0
Female,0,Yes,Yes,44,Yes,Yes,No,No internet service,No internet service,No internet service,No internet service,No internet service,No internet service,Month-to-month,Yes,Mailed check,46.61,2053.55,No,Established_25-48m,0,0,0,0.022686232995059744,0
Female,0,No,No,63,No,No phone service,No,No internet service,No internet service,No internet service,No internet service,No internet service,No internet service,One year,No,Electronic check,21.42,1356.39,No,Loyal_49-72m,0,0,0,0.015780284221925903,0
Male,0,Yes,Yes,3,Yes,No,Fiber optic,No,No,No,No,Yes,Yes,One year,Yes,Electronic check,105.36,301.76,Yes,New_0-12m,2,0,1,0.34799841458581054,0
Male,0,Yes,Yes,4,Yes,No,DSL,No,Yes,No,No,No,Yes,Month-to-month,Yes,Bank transfer (automatic),77.08,309.53,Yes,New_0-12m,2,0,0,0.2482207838212089,0
Female,0,Yes,Yes,23,Yes,No,Fiber optic,No,Yes,No,Yes,No,Yes,One year,Yes,Electronic check,105.77,2425.46,Yes,Developing_13-24m,3,0,0,0.043590250818064176,0
Female,0,Yes,No,22,Yes,No,DSL,Yes,No,No,No,Yes,Yes,One year,No,Electronic check,90.78,2012.82,Yes,Developing_13-24m,3,0,1,0.045078507513084586,0
Male,0,Yes,Yes,68,Yes,Yes,DSL,Yes,Yes,No,No,No,No,Month-to-month,No,Mailed check,82.72,5623.66,Yes,Loyal_49-72m,2,0,0,0.01470666671407694,0
Female,0,No,No,58,Yes,Yes,Fiber optic,Yes,Yes,Yes,No,No,Yes,Month-to-month,Yes,Mailed check,120.89,7002.62,Yes,Loyal_49-72m,4,0,0,0.017261073559102294,1
Male,0,No,No,13,Yes,Yes,Fiber optic,No,No,No,No,Yes,No,Two year,No,Electronic check,99.35,1276.69,Yes,Developing_13-24m,1,0,0,0.07775751551628328,0
Female,0,No,No,51,Yes,Yes,Fiber optic,Yes,Yes,No,Yes,No,No,Month-to-month,Yes,Credit card (automatic),111.8,5714.89,Yes,Loyal_49-72m,3,1,0,0.019559508667941473,0
Male,1,Yes,No,24,Yes,Yes,No,No internet service,No internet service,No internet service,No internet service,No internet service,No internet service,One year,Yes,Bank transfer (automatic),42.45,1033.52,No,Developing_13-24m,0,0,0,0.04103352279317945,0
Male,0,Yes,Yes,58,Yes,No,Fiber optic,Yes,No,No,No,No,No,One year,Yes,Electronic check,84.87,4951.31,No,Loyal_49-72m,1,0,0,0.01713745706549065,0
Male,0,Yes,Yes,3,Yes,No,Fiber optic,No,No,Yes,No,No,No,One year,No,Electronic check,86.29,254.04,Yes,New_0-12m,1,0,0,0.3383390840652447,0
Female,0,No,No,70,Yes,Yes,Fiber optic,Yes,Yes,Yes,Yes,No,No,Two year,Yes,Electronic check,115.96,8102.01,No,Loyal_49-72m,4,1,0,0.01431073144424109,0
Female,0,No,No,3,Yes,No,DSL,No,Yes,No,No,Yes,Yes,Month-to-month,No,Electronic check,92.13,274.5,Yes,New_0-12m,3,0,1,0.33441016333938295,0
Male,0,No,No,55,Yes,No,Fiber optic,Yes,Yes,No,No,No,No,Two year,No,Electronic check,90.24,4952.73,Yes,Loyal_49-72m,2,0,0,0.018216576196118883,0
Female,0,Yes,No,61,Yes,No,Fiber optic,Yes,No,Yes,Yes,Yes,Yes,Two year,Yes,Bank transfer (automatic),123.45,7521.01,No,Loyal_49-72m,5,1,1,0.01641183672981025,0
Male,1,No,No,61,Yes,No,No,No internet service,No internet service,No internet service,No internet service,No internet service,No internet service,Two year,Yes,Bank transfer (automatic),32.05,1962.17,No,Loyal_49-72m,0,0,0,0.01632563659795127,0
Male,0,Yes,Yes,49,Yes,No,Fiber optic,No,No,Yes,No,No,Yes,One year,Yes,Electronic check,98.2,4828.18,Yes,Loyal_49-72m,2,0,0,0.020334715210449807,0
Female,1,No,No,37,Yes,Yes,DSL,No,No,Yes,Yes,Yes,No,Month-to-month,No,Bank transfer (automatic),95.69,3546.73,Yes,Established_25-48m,3,0,0,0.026972176574880276,0
Female,0,No,Yes,11,Yes,No,DSL,No,Yes,Yes,No,Yes,Yes,Month-to-month,No,Credit card (automatic),94.14,1037.24,Yes,New_0-12m,4,0,1,0.09067267683772538,0
Male,0,No,No,50,Yes,Yes,Fiber optic,No,No,No,Yes,No,Yes,Two year,No,Bank transfer (automatic),111.96,5610.31,No,Loyal_49-72m,2,0,0,0.019952560097374762,0
Female,1,No,No,25,Yes,No,Fiber optic,Yes,No,Yes,No,Yes,Yes,Two year,No,Credit card (automatic),117.62,2937.09,No,Established_25-48m,4,0,1,0.04003281043126657,0
Female,0,Yes,Yes,61,Yes,No,Fiber optic,Yes,No,No,Yes,No,No,One year,Yes,Mailed check,94.11,5762.46,No,Loyal_49-72m,2,1,0,0.01632873308741624,0
Male,0,No,No,71,Yes,No,DSL,No,No,No,No,Yes,Yes,Month-to-month,No,Mailed check,85.71,6130.4,No,Loyal_49-72m,2,0,1,0.013978862902436637,0
Male,0,No,No,69,Yes,No,No,No internet service,No internet service,No internet service,No internet service,No internet service,No internet service,Month-to-month,Yes,Mailed check,34.86,2395.9,Yes,Loyal_49-72m,0,0,0,0.014543785723225833,0
Female,0,Yes,No,28,Yes,Yes,DSL,Yes,No,No,No,Yes,Yes,Two year,Yes,Credit card (automatic),101.07,2848.1,Yes,Established_25-48m,3,0,1,0.03547436032431294,0
Male,0,Yes,No,19,Yes,No,Fiber optic,No,No,No,Yes,Yes,Yes,Month-to-month,Yes,Mailed check,113.29,2170.67,Yes,Developing_13-24m,3,0,1,0.05216722614393531,0
Male,0,Yes,No,71,Yes,No,DSL,No,No,Yes,Yes,No,No,Two year,Yes,Credit card (automatic),72.4,5148.31,No,Loyal_49-72m,2,0,0,0.014060136212424577,0
Female,0,Yes,No,41,No,No phone service,Fiber optic,Yes,No,No,No,No,No,Two year,Yes,Mailed check,71.65,2956.95,No,Established_25-48m,1,0,0,0.024222857046265152,0
Male,0,Yes,Yes,40,Yes,No,DSL,Yes,No,No,Yes,Yes,Yes,Two year,Yes,Electronic check,98.25,3935.32,No,Established_25-48m,4,1,1,0.024959860986911633,0
Male,0,No,No,2,Yes,No,Fiber optic,Yes,Yes,Yes,Yes,Yes,Yes,Month-to-month,Yes,Electronic check,128.46,266.65,Yes,New_0-12m,6,1,1,0.4799551653278536,0
Female,0,Yes,No,9,Yes,No,Fiber optic,Yes,Yes,Yes,Yes,No,Yes,Month-to-month,Yes,Electronic check,116.08,1045.95,Yes,New_0-12m,5,1,0,0.11087444481589379,0
Female,0,Yes,Yes,34,Yes,No,Fiber optic,No,No,Yes,No,No,No,Two year,Yes,Electronic check,86.75,2951.61,Yes,Established_25-48m,1,0,0,0.029380785135862845,0
Male,0,No,No,5,Yes,No,Fiber optic,No,No,Yes,Yes,No,Yes,Month-to-month,Yes,Bank transfer (automatic),105.58,537.44,Yes,New_0-12m,3,0,0,0.1960849862565931,0
Male,0,No,No,56,Yes,Yes,Fiber optic,Yes,No,Yes,No,Yes,No,Month-to-month,No,Mailed check,111.8,6267.12,Yes,Loyal_49-72m,3,0,0,0.017836289030841782,1
Female,0,No,No,33,Yes,Yes,No,No internet service,No internet service,No internet service,No internet service,No internet service,No internet service,Month-to-month,No,Bank transfer (automatic),45.87,1498.01,No,Established_25-48m,0,0,0,0.030600196129445433,0
Female,1,Yes,No,51,Yes,No,No,No internet service,No internet service,No internet service,No internet service,No internet service,No internet service,Month-to-month,Yes,Bank transfer (automatic),36.4,1864.04,Yes,Loyal_49-72m,0,0,0,0.019517007678119504,0
Female,0,No,No,27,Yes,No,Fiber optic,Yes,No,No,No,Yes,No,Two year,Yes,Credit card (automatic),96.24,2594.8,No,Established_25-48m,2,0,0,0.037075275444949526,0
Female,0,No,No,1,Yes,Yes,DSL,No,No,No,Yes,No,Yes,Month-to-month,No,Electronic check,90.0,90.0,Yes,New_0-12m,2,0,0,0.989010989010989,0
Male,0,Yes,No,70,Yes,Yes,No,No internet service,No internet service,No internet service,No internet service,No internet service,No internet service,Two year,Yes,Electronic check,47.28,3324.15,No,Loyal_49-72m,0,0,0,0.014218907417710478,0
Female,0,Yes,Yes,2,Yes,No,No,No internet service,No internet service,No internet service,No internet service,No internet service,No internet service,Month-to-month,Yes,Mailed check,33.63,53.25,No,New_0-12m,0,0,0,0.6199078341013825,0
Female,0,No,No,12,Yes,No,Fiber optic,No,No,No,Yes,Yes,No,Month-to-month,No,Electronic check,102.56,1226.65,Yes,New_0-12m,2,0,0,0.08354172606198834,0
Male,0,No,No,5,Yes,No,Fiber optic,Yes,Yes,No,No,No,No,One year,Yes,Electronic check,91.51,441.56,Yes,New_0-12m,2,0,0,0.2067742227042661,0
Female,0,No,No,40,Yes,No,DSL,No,Yes,No,No,No,No,Two year,No,Bank transfer (automatic),65.89,2629.57,No,Established_25-48m,1,0,0,0.025047803327795874,0
Male,0,No,Yes,14,Yes,No,Fiber optic,No,Yes,No,Yes,No,Yes,Month-to-month,Yes,Bank transfer (automatic),103.91,1490.63,No,Developing_13-24m,3,0,0,0.06966204755871093,0
Female,0,No,No,16,Yes,No,No,No internet service,No internet service,No internet service,No internet service,No internet service,No internet service,Month-to-month,No,Credit card (automatic),32.96,515.89,Yes,Developing_13-24m,0,0,0,0.06376598502582755,0
Female,1,No,No,15,Yes,Yes,Fiber optic,No,Yes,Yes,No,Yes,No,One year,Yes,Credit card (automatic),113.02,1693.03,Yes,Developing_13-24m,3,0,0,0.06671664610426026,0
Female,1,Yes,Yes,9,Yes,No,Fiber optic,No,Yes,No,No,No,No,Month-to-month,No,Mailed check,87.33,806.85,No,New_0-12m,1,0,0,0.10810175156279012,1
Male,0,Yes,No,60,Yes,No,DSL,Yes,No,No,No,No,Yes,Two year,No,Credit card (automatic),81.51,4897.18,No,Loyal_49-72m,2,0,0,0.01664087477389561,0
Male,0,Yes,No,3,Yes,Yes,Fiber optic,No,No,Yes,No,No,Yes,Month-to-month,Yes,Electronic check,111.91,333.65,Yes,New_0-12m,2,0,0,0.33440908411773496,1
Female,0,No,No,34,Yes,Yes,Fiber optic,Yes,Yes,Yes,No,Yes,No,Month-to-month,No,Credit card (automatic),119.82,4063.49,Yes,Established_25-48m,4,0,0,0.029479713321966593,1
Male,0,No,No,70,No,No phone service,DSL,Yes,No,Yes,Yes,No,No,Month-to-month,No,Electronic check,64.47,4523.0,Yes,Loyal_49-72m,3,1,0,0.014250663129973475,0
Male,0,No,No,55,Yes,No,Fiber optic,No,Yes,No,No,Yes,Yes,Month-to-month,Yes,Credit card (automatic),108.52,5963.74,Yes,Loyal_49-72m,3,0,1,0.018193584297052343,1
Male,0,Yes,No,3,Yes,No,Fiber optic,Yes,No,Yes,Yes,Yes,No,Month-to-month,No,Electronic check,113.67,373.63,Yes,New_0-12m,4,1,0,0.3034193737821317,0
Male,0,No,No,20,Yes,No,DSL,Yes,Yes,Yes,No,No,Yes,Month-to-month,Yes,Bank transfer (automatic),88.91,1773.96,Yes,Developing_13-24m,4,0,0,0.05009126966241492,0
Male,0,Yes,No,18,Yes,Yes,DSL,No,Yes,No,No,No,No,One year,Yes,Mailed check,75.64,1386.87,No,Developing_13-24m,1,0,0,0.054500781773509054,0
Male,0,Yes,Yes,71,No,No phone service,No,No internet service,No internet service,No internet service,No internet service,No internet service,No internet service,Two year,Yes,Mailed check,20.75,1486.41,No,Loyal_49-72m,0,0,0,0.013950423891193416,0
Female,0,No,Yes,34,Yes,No,DSL,Yes,No,Yes,Yes,No,Yes,Month-to-month,No,Electronic check,92.68,3164.16,Yes,Established_25-48m,4,1,0,0.02928130015544238,0
Female,0,No,No,35,Yes,No,Fiber optic,Yes,Yes,Yes,No,No,No,One year,No,Bank transfer (automatic),97.08,3395.43,Yes,Established_25-48m,3,0,0,0.028582953277411872,0
Male,1,No,No,10,No,No phone service,Fiber optic,No,No,Yes,No,No,No,Month-to-month,No,Electronic check,70.86,701.71,Yes,New_0-12m,1,0,0,0.10083818360347796,1
Female,0,Yes,No,35,Yes,No,No,No internet service,No internet service,No internet service,No internet service,No internet service,No internet service,Month-to-month,Yes,Mailed check,34.12,1190.3,Yes,Established_25-48m,0,0,0,0.028640980441534458,0
Female,0,No,No,57,Yes,Yes,No,No internet service,No internet service,No internet service,No internet service,No internet service,No internet service,Two year,No,Electronic check,43.75,2509.43,No,Loyal_49-72m,0,0,0,0.01742729333221799,0
Female,0,Yes,No,22,Yes,No,Fiber optic,No,Yes,Yes,No,No,No,Month-to-month,Yes,Bank transfer (automatic),90.46,1997.98,Yes,Developing_13-24m,2,0,0,0.045253079070325865,1
Female,0,Yes,Yes,45,Yes,No,Fiber optic,Yes,Yes,No,Yes,Yes,No,One year,Yes,Electronic check,109.79,4912.56,Yes,Established_25-48m,4,1,0,0.022344288051840213,0
Male,0,No,Yes,68,Yes,No,No,No internet service,No internet service,No internet service,No internet service,No internet service,No internet service,Month-to-month,Yes,Bank transfer (automatic),35.54,2397.39,No,Loyal_49-72m,0,0,0,0.014818273925424973,0
Female,0,No,Yes,44,Yes,Yes,Fiber optic,Yes,No,Yes,No,No,Yes,Two year,No,Credit card (automatic),113.64,4998.13,Yes,Established_25-48m,3,0,0,0.02273195536023268,0
Female,0,No,No,42,No,No phone service,Fiber optic,No,Yes,No,Yes,No,Yes,One year,No,Credit card (automatic),89.3,3758.64,Yes,Established_25-48m,3,0,0,0.02375227415390835,0
Male,0,Yes,Yes,13,Yes,Yes,Fiber optic,No,No,Yes,Yes,No,No,Month-to-month,Yes,Electronic check,102.16,1324.64,Yes,Developing_13-24m,2,0,0,0.07706466310612231,0
Male,0,No,No,66,Yes,Yes,Fiber optic,No,No,Yes,No,Yes,Yes,Two year,No,Electronic check,118.13,7789.04,No,Loyal_49-72m,3,0,1,0.015164235356942968,0
Female,0,Yes,No,38,Yes,Yes,Fiber optic,No,No,Yes,No,No,No,Two year,Yes,Electronic check,95.08,3598.28,Yes,Established_25-48m,1,0,0,0.026416394389989106,0
Female,0,No,Yes,1,Yes,No,Fiber optic,Yes,No,Yes,No,No,Yes,One year,Yes,Credit card (automatic),105.69,119.39,Yes,New_0-12m,3,0,0,0.8778968352853227,0
Female,0,Yes,Yes,24,Yes,No,Fiber optic,No,Yes,No,No,Yes,Yes,One year,Yes,Electronic check,108.98,2617.01,Yes,Developing_13-24m,3,0,1,0.04162703732988033,0
Female,0,Yes,No,69,No,No phone service,No,No internet service,No internet service,No internet service,No internet service,No internet service,No internet service,Two year,Yes,Electronic check,20.84,1463.17,No,Loyal_49-72m,0,0,0,0.014233319901377571,0
Female,1,No,No,30,Yes,No,DSL,Yes,Yes,No,No,No,Yes,Month-to-month,Yes,Electronic check,86.34,2570.7,No,Established_25-48m,3,0,0,0.03357312283703387,0
Female,0,No,No,70,Yes,No,DSL,Yes,Yes,No,No,No,No,Two year,No,Credit card (automatic),72.25,5067.87,No,Loyal_49-72m,2,0,0,0.014253669950107224,0
Male,0,Yes,No,34,Yes,No,Fiber optic,No,No,No,No,No,No,Month-to-month,Yes,Credit card (automatic),78.85,2689.12,No,Established_25-48m,0,0,0,0.029310960105868884,1
Female,0,Yes,No,30,Yes,No,Fiber optic,Yes,No,Yes,No,Yes,No,One year,Yes,Bank transfer (automatic),103.87,3128.81,Yes,Established_25-48m,3,0,0,0.03318731808001125,0
Female,0,No,No,24,Yes,No,No,No internet service,No internet service,No internet service,No internet service,No internet service,No internet service,Month-to-month,No,Credit card (automatic),34.93,850.72,No,Developing_13-24m,0,0,0,0.041011130418447374,0
Male,0,Yes,Yes,29,Yes,No,No,No internet service,No internet service,No internet service,No internet service,No internet service,No internet service,Two year,Yes,Bank transfer (automatic),37.59,1082.5,No,Established_25-48m,0,0,0,0.0346931241347485,0
Male,0,Yes,No,26,Yes,Yes,No,No internet service,No internet service,No internet service,No internet service,No internet service,No internet service,Month-to-month,Yes,Mailed check,42.4,1099.69,Yes,Established_25-48m,0,0,0,0.03852129119007168,0
Male,1,Yes,No,39,Yes,No,No,No internet service,No internet service,No internet service,No internet service,No internet service,No internet service,One year,Yes,Bank transfer (automatic),36.67,1432.63,No,Established_25-48m,0,0,0,0.02557842679073401,0
Male,0,Yes,No,54,Yes,No,No,No internet service,No internet service,No internet service,No internet service,No internet service,No internet service,One year,Yes,Electronic check,32.39,1734.02,No,Loyal_49-72m,0,0,0,0.018668372698873788,0
Female,0,No,No,59,Yes,No,DSL,No,Yes,Yes,No,No,Yes,One year,Yes,Electronic check,85.22,5043.45,No,Loyal_49-72m,3,0,0,0.016893813993596924,0
Female,0,No,No,56,No,No phone service,Fiber optic,No,No,Yes,Yes,No,Yes,Month-to-month,Yes,Bank transfer (automatic),90.39,5024.72,Yes,Loyal_49-72m,3,0,0,0.01798548267710895,0
Female,0,No,No,20,No,No phone service,Fiber optic,No,No,Yes,No,Yes,Yes,Month-to-month,Yes,Electronic check,97.74,1937.37,Yes,Developing_13-24m,3,0,1,0.05042380969577532,1
Female,0,No,No,36,Yes,Yes,Fiber optic,No,Yes,No,No,Yes,Yes,Two year,Yes,Mailed check,121.01,4331.19,Yes,Established_25-48m,3,0,1,0.02793275456524299,0
Female,0,Yes,Yes,18,No,No phone service,Fiber optic,Yes,Yes,Yes,No,Yes,No,Two year,No,Bank transfer (automatic),95.86,1741.98,No,Developing_13-24m,4,0,0,0.054997762452810704,0
Female,0,Yes,No,62,Yes,Yes,Fiber optic,No,Yes,Yes,No,Yes,No,Month-to-month,Yes,Bank transfer (automatic),112.59,6983.81,Yes,Loyal_49-72m,3,0,0,0.016119264518290405,1
Male,0,Yes,Yes,59,Yes,No,Fiber optic,No,Yes,Yes,No,No,No,One year,Yes,Credit card (automatic),94.71,5579.9,Yes,Loyal_49-72m,2,0,0,0.016970381121324516,0
Female,0,Yes,No,56,Yes,No,Fiber optic,Yes,Yes,No,No,No,No,One year,No,Mailed check,96.22,5389.76,No,Loyal_49-72m,2,0,0,0.017849060243824617,0
Male,1,Yes,No,32,Yes,Yes,DSL,No,No,No,No,Yes,No,Month-to-month,No,Electronic check,85.02,2724.6,Yes,Established_25-48m,1,0,0,0.03119313178749633,0
Male,0,No,No,52,Yes,No,Fiber optic,Yes,Yes,No,No,No,No,One year,Yes,Electronic check,90.5,4687.41,No,Loyal_49-72m,2,0,0,0.019302919326594732,0
Female,1,No,Yes,47,Yes,Yes,No,No internet service,No internet service,No internet service,No internet service,No internet service,No internet service,Two year,No,Electronic check,44.72,2104.03,No,Established_25-48m,0,0,0,0.021244352812073933,0
Male,0,Yes,Yes,27,Yes,No,Fiber optic,No,Yes,No,No,Yes,No,Two year,No,Electronic check,96.22,2618.77,No,Established_25-48m,2,0,0,0.0367284150898743,0
Female,1,No,Yes,17,Yes,No,No,No internet service,No internet service,No internet service,No internet service,No internet service,No internet service,Month-to-month,Yes,Electronic check,34.09,603.0,No,Developing_13-24m,0,0,0,0.05644039735099338,0
Male,0,No,No,47,Yes,Yes,No,No internet service,No internet service,No internet service,No internet service,No internet service,No internet service,Two year,No,Electronic check,45.43,2148.01,No,Established_25-48m,0,0,0,0.0211399667753989,0
Female,0,No,No,72,Yes,No,Fiber optic,No,Yes,No,Yes,Yes,Yes,Month-to-month,Yes,Electronic check,119.09,8578.35,Yes,Loyal_49-72m,4,0,1,0.01388100497123908,0
Male,1,No,Yes,51,No,No phone service,DSL,No,No,No,Yes,Yes,No,One year,Yes,Mailed check,65.8,3369.67,No,Loyal_49-72m,2,0,0,0.019521341454369606,0
Female,0,No,No,72,Yes,No,Fiber optic,Yes,No,No,No,No,Yes,Two year,No,Bank transfer (automatic),95.42,6880.83,No,Loyal_49-72m,2,0,0,0.013865497985274266,0
Female,1,No,No,15,Yes,No,Fiber optic,No,Yes,Yes,Yes,No,Yes,One year,No,Bank transfer (automatic),111.95,1662.39,Yes,Developing_13-24m,4,0,0,0.06730231635395187,0
Female,0,No,No,39,Yes,Yes,Fiber optic,No,Yes,No,Yes,Yes,Yes,One year,Yes,Electronic check,128.78,5008.72,No,Established_25-48m,4,0,1,0.025706027482573876,0
Female,0,No,No,52,Yes,No,DSL,Yes,No,No,No,No,No,Two year,Yes,Bank transfer (automatic),67.42,3515.36,No,Loyal_49-72m,1,0,0,0.01917323595991309,0
Female,0,Yes,Yes,60,Yes,No,Fiber optic,No,Yes,Yes,No,No,No,Two year,Yes,Electronic check,92.64,5548.37,No,Loyal_49-72m,2,0,0,0.016693786862292476,0
Male,0,Yes,Yes,5,Yes,No,DSL,No,Yes,No,Yes,No,Yes,Month-to-month,Yes,Credit card (automatic),86.73,418.27,Yes,New_0-12m,3,0,0,0.20685954158418204,0
Male,0,No,No,42,Yes,Yes,No,No internet service,No internet service,No internet service,No internet service,No internet service,No internet service,One year,Yes,Electronic check,44.64,1894.22,No,Established_25-48m,0,0,0,0.023553993731598444,0
Male,0,Yes,No,24,Yes,No,Fiber optic,Yes,Yes,No,No,No,Yes,One year,No,Credit card (automatic),104.41,2506.78,No,Developing_13-24m,3,0,0,0.04163443364250452,0
Female,0,Yes,No,45,Yes,No,DSL,No,Yes,Yes,No,Yes,Yes,Month-to-month,Yes,Electronic check,99.88,4493.63,Yes,Established_25-48m,4,0,1,0.022222073897072727,0
Male,0,No,No,72,Yes,No,DSL,No,Yes,Yes,No,Yes,Yes,Month-to-month,Yes,Credit card (automatic),97.81,7024.28,Yes,Loyal_49-72m,4,0,1,0.01392257675138927,0
Female,1,Yes,No,68,No,No phone service,Fiber optic,No,Yes,No,No,No,No,Two year,Yes,Credit card (automatic),71.55,4858.67,No,Loyal_49-72m,1,0,0,0.014723221947169251,0
Female,0,No,No,53,Yes,Yes,Fiber optic,No,No,No,No,No,Yes,Month-to-month,Yes,Mailed check,103.09,5458.62,Yes,Loyal_49-72m,1,0,0,0.018882266531370318,1
Male,0,No,No,57,Yes,Yes,Fiber optic,No,No,No,No,Yes,Yes,Two year,Yes,Mailed check,114.11,6490.69,No,Loyal_49-72m,2,0,1,0.01757785722978146,0
Male,0,No,No,31,No,No phone service,Fiber optic,Yes,No,No,No,Yes,Yes,Month-to-month,Yes,Electronic check,95.11,2930.18,Yes,Established_25-48m,3,0,1,0.03244768318561126,1
Female,0,No,No,22,Yes,No,Fiber optic,Yes,No,No,No,Yes,No,One year,No,Electronic check,99.43,2213.68,Yes,Developing_13-24m,2,0,0,0.044895876605198046,0
Male,0,Yes,Yes,7,Yes,Yes,Fiber optic,No,Yes,Yes,No,No,Yes,One year,Yes,Electronic check,113.1,812.84,No,New_0-12m,3,0,0,0.13897080507225007,0
Female,0,No,No,61,Yes,No,No,No internet service,No internet service,No internet service,No internet service,No internet service,No internet service,Two year,Yes,Mailed check,34.81,2121.84,No,Loyal_49-72m,0,0,0,0.016397844397128374,0
Female,0,No,No,67,Yes,No,Fiber optic,No,Yes,No,Yes,Yes,Yes,Month-to-month,Yes,Electronic check,115.94,7748.07,Yes,Loyal_49-72m,4,0,1,0.014961795415449855,0
Female,1,No,No,46,Yes,Yes,DSL,No,No,No,Yes,No,No,One year,Yes,Mailed check,79.16,3615.48,Yes,Established_25-48m,1,0,0,0.021888687342388177,0
Female,0,Yes,No,6,Yes,No,Fiber optic,No,Yes,Yes,Yes,Yes,Yes,Month-to-month,Yes,Bank transfer (automatic),125.6,746.83,Yes,New_0-12m,5,0,1,0.16795260955029884,0
Female,0,Yes,No,63,Yes,Yes,DSL,No,Yes,No,No,No,No,Two year,No,Mailed check,76.9,4810.9,No,Loyal_49-72m,1,0,0,0.015981213242170455,0
Male,0,No,No,54,Yes,Yes,Fiber optic,No,No,No,No,No,Yes,One year,No,Electronic check,101.65,5482.31,No,Loyal_49-72m,1,0,0,0.01853807280638884,0
Male,0,Yes,Yes,28,Yes,No,Fiber optic,Yes,Yes,Yes,Yes,Yes,Yes,Month-to-month,Yes,Mailed check,129.93,3607.72,Yes,Established_25-48m,6,1,1,0.036004455873550736,0
Female,0,No,No,60,Yes,No,DSL,No,No,No,Yes,Yes,No,Month-to-month,No,Electronic check,80.22,4811.79,No,Loyal_49-72m,2,0,0,0.016668086494528122,0
Female,0,Yes,Yes,28,Yes,Yes,No,No internet service,No internet service,No internet service,No internet service,No internet service,No internet service,Month-to-month,No,Electronic check,46.64,1308.87,Yes,Established_25-48m,0,0,0,0.03560658691320513,0
Male,0,Yes,Yes,3,Yes,No,Fiber optic,No,No,Yes,No,No,No,Month-to-month,Yes,Mailed check,87.55,259.85,Yes,New_0-12m,1,0,0,0.3356335058462718,1
Male,0,Yes,Yes,62,Yes,No,DSL,Yes,Yes,Yes,No,No,No,Two year,Yes,Electronic check,75.85,4735.28,No,Loyal_49-72m,3,0,0,0.01601467818625588,0
Female,1,Yes,Yes,52,Yes,No,DSL,No,Yes,No,Yes,No,Yes,Month-to-month,Yes,Electronic check,84.68,4400.27,Yes,Loyal_49-72m,3,0,0,0.01923990121033247,0
Male,1,No,No,16,Yes,No,Fiber optic,No,No,Yes,Yes,Yes,Yes,One year,Yes,Credit card (automatic),118.65,1924.35,Yes,Developing_13-24m,4,0,1,0.06162515906198873,0
Female,0,No,No,27,Yes,Yes,DSL,No,No,Yes,No,No,Yes,One year,Yes,Credit card (automatic),85.99,2326.17,No,Established_25-48m,2,0,0,0.03695045914136053,0
Male,0,Yes,No,13,Yes,No,DSL,Yes,No,No,No,No,Yes,Month-to-month,No,Credit card (automatic),79.38,1062.13,Yes,Developing_13-24m,2,0,0,0.07466631550233743,0
Female,0,No,No,62,Yes,Yes,DSL,No,No,Yes,Yes,Yes,No,One year,Yes,Electronic check,95.59,5900.25,Yes,Loyal_49-72m,3,0,0,0.016198263079855963,0
Male,0,Yes,Yes,28,Yes,Yes,Fiber optic,Yes,No,No,Yes,No,Yes,One year,Yes,Electronic check,117.06,3261.44,Yes,Established_25-48m,3,1,0,0.035881119652775226,0
Female,0,No,No,45,Yes,No,DSL,No,Yes,No,Yes,Yes,Yes,One year,Yes,Bank transfer (automatic),98.05,4407.95,Yes,Established_25-48m,4,0,1,0.022238855056192518,0
Male,0,Yes,Yes,49,Yes,No,DSL,No,Yes,No,No,Yes,No,Two year,Yes,Credit card (automatic),77.85,3838.7,No,Loyal_49-72m,2,0,0,0.020275021486053597,0
Male,0,No,No,39,Yes,Yes,No,No internet service,No internet service,No internet service,No internet service,No internet service,No internet service,Month-to-month,No,Electronic check,43.37,1687.84,Yes,Established_25-48m,0,0,0,0.025680348641671204,0
Female,0,No,No,6,Yes,Yes,DSL,No,Yes,No,Yes,Yes,Yes,One year,No,Credit card (automatic),107.18,632.88,No,New_0-12m,4,0,1,0.1690856313497823,0
Male,0,No,No,61,Yes,No,Fiber optic,No,Yes,Yes,No,No,No,Two year,No,Bank transfer (automatic),91.83,5610.73,No,Loyal_49-72m,2,0,0,0.016363937680537018,0
Female,1,No,No,26,Yes,No,DSL,Yes,Yes,No,Yes,Yes,No,One year,No,Credit card (automatic),91.78,2399.87,No,Established_25-48m,4,1,0,0.03822780908587304,0
Male,1,No,Yes,57,Yes,No,DSL,Yes,Yes,Yes,No,No,Yes,Month-to-month,Yes,Electronic check,91.09,5180.62,No,Loyal_49-72m,4,0,0,0.01757944426646493,0
Female,0,No,No,1,Yes,No,Fiber optic,No,No,No,No,No,Yes,One year,No,Mailed check,91.04,91.04,Yes,New_0-12m,1,0,0,0.989135158626684,0
Male,0,No,No,61,Yes,No,DSL,No,Yes,No,No,No,Yes,One year,Yes,Mailed check,77.96,4780.98,No,Loyal_49-72m,2,0,0,0.016302870359139937,0
Female,1,No,No,9,No,No phone service,DSL,No,Yes,Yes,No,Yes,No,Month-to-month,Yes,Bank transfer (automatic),71.26,660.07,No,New_0-12m,3,0,0,0.10779493850878122,0
Male,0,No,No,21,Yes,Yes,Fiber optic,Yes,No,Yes,Yes,No,No,Two year,Yes,Bank transfer (automatic),111.23,2358.58,No,Developing_13-24m,3,1,0,0.04713974520889311,0
Female,0,Yes,Yes,2,Yes,No,DSL,No,Yes,No,No,No,Yes,Month-to-month,Yes,Credit card (automatic),78.16,170.43,Yes,New_0-12m,2,0,0,0.45592953392055063,0
Male,0,No,No,59,Yes,Yes,Fiber optic,No,No,Yes,Yes,Yes,No,Two year,Yes,Credit card (automatic),113.81,6701.99,No,Loyal_49-72m,3,0,0,0.016978989973131395,0
Female,0,Yes,Yes,9,Yes,Yes,DSL,No,No,No,No,Yes,Yes,Month-to-month,No,Electronic check,91.94,826.97,Yes,New_0-12m,2,0,1,0.11104267062816285,0
Female,0,No,Yes,39,Yes,No,DSL,Yes,No,Yes,No,No,Yes,Two year,No,Mailed check,84.96,3297.52,No,Established_25-48m,3,0,0,0.025757006172465225,0
Female,1,No,No,36,Yes,No,DSL,No,No,No,No,Yes,No,Two year,Yes,Mailed check,73.11,2646.6,No,Established_25-48m,1,0,0,0.027613687868258047,0
Male,1,No,Yes,5,Yes,Yes,No,No internet service,No internet service,No internet service,No internet service,No internet service,No internet service,Month-to-month,Yes,Credit card (automatic),42.08,202.25,Yes,New_0-12m,0,0,0,0.20703567035670356,0
Female,0,Yes,Yes,60,Yes,Yes,Fiber optic,Yes,Yes,Yes,Yes,Yes,Yes,One year,Yes,Mailed check,141.05,8437.32,Yes,Loyal_49-72m,6,1,1,0.016715412546573254,0
Male,0,Yes,Yes,19,Yes,Yes,Fiber optic,Yes,Yes,Yes,No,Yes,Yes,One year,Yes,Bank transfer (automatic),131.16,2493.75,Yes,Developing_13-24m,5,0,1,0.052574406253131575,0
Female,1,No,No,24,Yes,No,Fiber optic,No,No,No,Yes,Yes,Yes,One year,No,Electronic check,111.39,2690.24,No,Developing_13-24m,3,0,1,0.041389842600436974,0
Male,0,No,Yes,33,Yes,No,No,No internet service,No internet service,No internet service,No internet service,No internet service,No internet service,Month-to-month,Yes,Bank transfer (automatic),36.33,1178.23,Yes,Established_25-48m,0,0,0,0.030808239274780998,0
Female,1,Yes,No,6,Yes,Yes,Fiber optic,No,Yes,Yes,No,Yes,No,Month-to-month,No,Electronic check,115.1,688.72,Yes,New_0-12m,3,0,0,0.1668793133445456,1
Male,0,Yes,No,56,Yes,No,Fiber optic,No,Yes,Yes,No,No,No,Month-to-month,Yes,Bank transfer (automatic),91.85,5135.28,No,Loyal_49-72m,2,0,0,0.01788259207052575,1
Male,0,No,No,72,Yes,Yes,Fiber optic,Yes,Yes,No,No,No,Yes,Month-to-month,Yes,Credit card (automatic),115.03,8297.03,Yes,Loyal_49-72m,3,0,0,0.013862326359388914,1
Female,0,No,No,61,Yes,No,Fiber optic,No,No,Yes,No,No,No,Two year,No,Electronic check,85.45,5181.74,No,Loyal_49-72m,1,0,0,0.016487417852332938,0
Male,0,Yes,Yes,2,Yes,Yes,No,No internet service,No internet service,No internet service,No internet service,No internet service,No internet service,Month-to-month,Yes,Mailed check,43.82,104.66,Yes,New_0-12m,0,0,0,0.4147264811660042,0
Male,0,Yes,Yes,50,Yes,No,No,No internet service,No internet service,No internet service,No internet service,No internet service,No internet service,One year,Yes,Credit card (automatic),36.89,1833.92,No,Loyal_49-72m,0,0,0,0.02010441872125215,0
Female,0,Yes,Yes,39,Yes,Yes,DSL,Yes,Yes,No,No,No,No,One year,No,Electronic check,83.99,3273.21,Yes,Established_25-48m,2,0,0,0.025651989334831912,0
Male,0,No,No,17,Yes,No,Fiber optic,No,Yes,Yes,Yes,Yes,Yes,Two year,Yes,Electronic check,123.03,2104.39,No,Developing_13-24m,5,0,1,0.058435729247312856,0
Male,0,Yes,Yes,54,Yes,Yes,Fiber optic,Yes,Yes,Yes,No,No,No,One year,Yes,Mailed check,107.2,5810.98,No,Loyal_49-72m,3,0,0,0.018444660855680854,0
Male,0,Yes,Yes,38,Yes,No,DSL,Yes,Yes,No,Yes,No,Yes,Two year,No,Credit card (automatic),93.34,3547.69,No,Established_25-48m,4,1,0,0.026302663799881082,0
Female,1,Yes,No,39,Yes,No,No,No internet service,No internet service,No internet service,No internet service,No internet service,No internet service,One year,Yes,Mailed check,33.96,1313.57,No,Established_25-48m,0,0,0,0.025833542527214225,0
Male,1,Yes,Yes,31,Yes,No,Fiber optic,No,Yes,Yes,Yes,Yes,Yes,Month-to-month,No,Mailed check,125.2,3873.23,Yes,Established_25-48m,5,0,1,0.032316098940950846,0
Female,0,No,No,50,Yes,Yes,Fiber optic,No,No,No,No,No,No,Month-to-month,Yes,Electronic check,88.46,4440.49,Yes,Loyal_49-72m,0,0,0,0.01991673965268412,1
Male,0,Yes,Yes,39,Yes,Yes,DSL,No,Yes,No,No,Yes,Yes,One year,No,Credit card (automatic),99.57,3869.97,No,Established_25-48m,3,0,1,0.02572223499536292,0
Male,0,Yes,Yes,40,Yes,No,DSL,No,Yes,No,No,No,Yes,Month-to-month,Yes,Electronic check,79.47,3183.73,No,Established_25-48m,2,0,0,0.02495344974299234,0
Male,0,Yes,No,4,Yes,No,DSL,Yes,No,No,No,Yes,No,Month-to-month,Yes,Electronic check,76.55,306.31,Yes,New_0-12m,2,0,0,0.24909700302626012,0
Female,1,Yes,Yes,18,Yes,No,DSL,Yes,No,Yes,No,Yes,No,Month-to-month,No,Mailed check,83.12,1507.55,No,Developing_13-24m,3,0,0,0.05509926750853469,0
Male,0,Yes,No,52,Yes,No,Fiber optic,Yes,Yes,Yes,No,No,Yes,Two year,Yes,Mailed check,110.56,5749.63,No,Loyal_49-72m,4,0,0,0.0192257196168072,0
Male,0,No,No,34,Yes,No,No,No internet service,No internet service,No internet service,No internet service,No internet service,No internet service,Month-to-month,No,Mailed check,32.3,1091.69,No,Established_25-48m,0,0,0,0.02956007650843331,0
Female,1,No,No,61,Yes,Yes,Fiber optic,Yes,No,No,No,Yes,Yes,One year,Yes,Bank transfer (automatic),120.11,7319.15,No,Loyal_49-72m,3,0,1,0.01640813371310697,0
Male,0,No,No,52,Yes,No,DSL,Yes,No,No,Yes,No,No,Month-to-month,Yes,Credit card (automatic),75.74,3930.64,No,Loyal_49-72m,2,1,0,0.01926422561577357,0
Female,1,No,No,2,No,No phone service,DSL,No,No,Yes,No,No,No,Month-to-month,Yes,Electronic check,52.3,83.91,Yes,New_0-12m,1,0,0,0.6159462960782004,0
Female,1,No,No,30,No,No phone service,Fiber optic,Yes,No,Yes,No,No,No,Month-to-month,No,Mailed check,76.93,2315.49,Yes,Established_25-48m,2,0,0,0.0332097267849203,1
Male,0,Yes,Yes,23,Yes,Yes,Fiber optic,Yes,No,Yes,Yes,No,Yes,One year,No,Mailed check,122.03,2809.84,Yes,Developing_13-24m,4,1,0,0.043414068392366695,0
Female,1,No,No,7,Yes,Yes,No,No internet service,No internet service,No internet service,No internet service,No internet service,No internet service,One year,Yes,Electronic check,47.24,308.69,No,New_0-12m,0,0,0,0.15253963641060417,0
Male,0,No,No,70,No,No phone service,Fiber optic,No,No,No,Yes,No,No,One year,No,Credit card (automatic),75.06,5248.12,No,Loyal_49-72m,1,0,0,0.014299539732374189,0
Female,0,No,No,35,Yes,Yes,No,No internet service,No internet service,No internet service,No internet service,No internet service,No internet service,Month-to-month,Yes,Electronic check,44.86,1565.97,Yes,Established_25-48m,0,0,0,0.028628499588377567,0
Female,0,No,No,65,Yes,Yes,DSL,No,No,Yes,No,Yes,Yes,Two year,No,Electronic check,99.06,6430.12,No,Loyal_49-72m,3,0,1,0.015403226809638135,0
Male,1,Yes,Yes,11,No,No phone service,Fiber optic,Yes,No,No,No,No,Yes,Month-to-month,Yes,Electronic check,84.29,925.39,Yes,New_0-12m,2,0,0,0.0909875970163754,1
Female,0,No,No,67,Yes,No,DSL,No,Yes,No,No,Yes,No,Two year,Yes,Electronic check,79.7,5338.3,No,Loyal_49-72m,2,0,0,0.014927050362407056,0
Female,0,No,No,60,No,No phone service,Fiber optic,No,No,No,No,No,Yes,One year,Yes,Electronic check,79.07,4757.62,No,Loyal_49-72m,1,0,0,0.01661616182842925,0
Female,0,No,No,69,Yes,Yes,Fiber optic,No,No,Yes,No,No,Yes,One year,Yes,Electronic check,108.88,7512.65,No,Loyal_49-72m,2,0,0,0.014490959786521864,0
Female,0,Yes,No,32,Yes,No,Fiber optic,Yes,No,Yes,Yes,No,Yes,One year,No,Bank transfer (automatic),111.47,3575.94,No,Established_25-48m,4,1,0,0.031163508473723348,0
Female,0,Yes,Yes,15,Yes,No,DSL,No,Yes,No,No,Yes,No,Month-to-month,No,Electronic check,75.5,1111.64,Yes,Developing_13-24m,2,0,0,0.06785662927811331,0
Male,0,Yes,No,71,Yes,Yes,Fiber optic,No,Yes,No,Yes,No,Yes,Two year,No,Credit card (automatic),118.91,8426.69,No,Loyal_49-72m,3,0,0,0.01410944161448748,0
Female,0,No,No,41,Yes,Yes,DSL,No,No,No,Yes,No,No,One year,Yes,Electronic check,80.4,3275.79,Yes,Established_25-48m,1,0,0,0.024536207691063513,0
Male,0,Yes,Yes,48,Yes,No,DSL,No,No,No,Yes,No,No,Month-to-month,No,Bank transfer (automatic),66.85,3202.86,No,Established_25-48m,1,0,0,0.020865456043647347,0
Female,0,Yes,Yes,42,Yes,No,Fiber optic,Yes,Yes,Yes,Yes,No,Yes,One year,Yes,Electronic check,118.29,4969.01,Yes,Established_25-48m,5,1,0,0.023800756940126882,0
Male,0,No,No,29,Yes,No,No,No internet service,No internet service,No internet service,No internet service,No internet service,No internet service,One year,No,Mailed check,34.67,1030.45,No,Established_25-48m,0,0,0,0.0336128750787726,0
Male,0,Yes,No,32,Yes,No,Fiber optic,No,Yes,No,No,Yes,Yes,Two year,Yes,Electronic check,110.1,3510.75,No,Established_25-48m,3,0,1,0.031351890083291804,0
Female,1,No,No,58,Yes,Yes,Fiber optic,Yes,No,No,Yes,No,Yes,One year,Yes,Electronic check,115.4,6705.94,Yes,Loyal_49-72m,3,1,0,0.01720605820239931,0
Female,0,Yes,No,51,Yes,No,DSL,No,No,Yes,Yes,Yes,No,One year,No,Mailed check,87.04,4426.56,No,Loyal_49-72m,3,0,0,0.019658683338001064,0
Female,1,No,No,43,Yes,No,DSL,Yes,Yes,Yes,Yes,Yes,No,One year,Yes,Mailed check,96.3,4141.26,No,Established_25-48m,5,1,0,0.02324817853056061,0
Male,0,No,No,8,Yes,No,DSL,No,Yes,Yes,No,Yes,Yes,One year,No,Electronic check,95.41,761.0,Yes,New_0-12m,4,0,1,0.12520997375328083,0
Female,0,No,No,70,Yes,Yes,No,No internet service,No internet service,No internet service,No internet service,No internet service,No internet service,One year,Yes,Bank transfer (automatic),46.31,3227.84,No,Loyal_49-72m,0,0,0,0.014342612207480086,0
Male,0,No,Yes,53,Yes,Yes,Fiber optic,No,No,Yes,No,No,Yes,One year,No,Electronic check,105.04,5554.44,No,Loyal_49-72m,2,0,0,0.018907593277940185,0
Male,0,Yes,Yes,2,No,No phone service,No,No internet service,No internet service,No internet service,No internet service,No internet service,No internet service,Month-to-month,Yes,Electronic check,20.46,64.88,No,New_0-12m,0,0,0,0.31056466302367947,0
Male,0,Yes,No,47,Yes,Yes,Fiber optic,Yes,Yes,Yes,No,No,Yes,Two year,Yes,Electronic check,119.18,5593.46,No,Established_25-48m,4,0,0,0.02130321782620664,0
Female,1,Yes,Yes,6,Yes,No,Fiber optic,Yes,No,No,Yes,Yes,No,Month-to-month,Yes,Mailed check,108.42,665.5,Yes,New_0-12m,3,1,0,0.16267066766691674,0
Female,0,No,No,16,Yes,Yes,No,No internet service,No internet service,No internet service,No internet service,No internet service,No internet service,Month-to-month,No,Credit card (automatic),45.49,738.02,No,Developing_13-24m,0,0,0,0.061554491082785316,0
Male,0,No,No,1,Yes,No,DSL,No,No,No,No,No,No,Month-to-month,Yes,Mailed check,58.82,58.82,Yes,New_0-12m,0,0,0,0.9832831828819792,0
Male,0,Yes,No,28,Yes,Yes,Fiber optic,No,No,No,Yes,No,Yes,Month-to-month,Yes,Mailed check,112.18,3140.99,Yes,Established_25-48m,2,0,0,0.035703487280354176,0
Female,0,No,No,67,Yes,No,No,No internet service,No internet service,No internet service,No internet service,No internet service,No internet service,Two year,No,Electronic check,35.03,2348.82,No,Loyal_49-72m,0,0,0,0.014907524831689235,0
Male,0,Yes,Yes,32,Yes,No,Fiber optic,Yes,No,No,Yes,No,No,One year,Yes,Bank transfer (automatic),94.2,3021.7,No,Established_25-48m,2,1,0,0.031164190955106363,0
Female,0,No,No,45,No,No phone service,DSL,Yes,No,Yes,Yes,No,No,Two year,No,Electronic check,66.33,2978.77,No,Established_25-48m,3,1,0,0.022260107323719615,0
Male,1,No,No,17,Yes,No,DSL,No,Yes,No,No,No,No,Month-to-month,Yes,Bank transfer (automatic),65.09,1083.93,Yes,Developing_13-24m,1,0,0,0.059994654032979086,0
Female,0,Yes,No,67,Yes,No,Fiber optic,No,No,No,Yes,Yes,Yes,Two year,Yes,Credit card (automatic),114.17,7638.88,No,Loyal_49-72m,3,0,1,0.014943951999246061,0
Male,0,No,No,62,Yes,No,DSL,No,No,Yes,No,Yes,No,Month-to-month,Yes,Bank transfer (automatic),78.87,4907.42,No,Loyal_49-72m,2,0,0,0.016068307113083234,0
Female,0,Yes,Yes,39,Yes,Yes,No,No internet service,No internet service,No internet service,No internet service,No internet service,No internet service,Two year,No,Bank transfer (automatic),44.04,1717.09,No,Established_25-48m,0,0,0,0.02563311584375673,0
Male,0,No,No,68,Yes,No,DSL,No,No,No,No,Yes,No,Two year,Yes,Bank transfer (automatic),71.35,4845.49,No,Loyal_49-72m,1,0,0,0.014721994680686435,0
Female,0,No,No,66,Yes,No,Fiber optic,Yes,Yes,Yes,Yes,No,Yes,Month-to-month,No,Mailed check,116.12,7641.79,No,Loyal_49-72m,5,1,0,0.015193404502805914,0
Female,0,Yes,Yes,7,Yes,No,Fiber optic,Yes,No,Yes,No,No,Yes,Month-to-month,No,Electronic check,104.46,749.78,Yes,New_0-12m,3,0,0,0.13913529928873972,1
Male,0,Yes,Yes,19,Yes,No,Fiber optic,No,No,Yes,No,Yes,Yes,Month-to-month,No,Bank transfer (automatic),109.73,2081.76,Yes,Developing_13-24m,3,0,1,0.05268489888417292,1
Male,0,Yes,Yes,51,Yes,Yes,Fiber optic,Yes,Yes,Yes,Yes,No,No,One year,No,Mailed check,116.47,5956.28,No,Loyal_49-72m,4,1,0,0.01955086885289931,0
Female,0,No,No,52,No,No phone service,No,No internet service,No internet service,No internet service,No internet service,No internet service,No internet service,Two year,No,Bank transfer (automatic),18.5,972.24,No,Loyal_49-72m,0,0,0,0.019008672064444537,0
Male,0,No,No,10,No,No phone service,Fiber optic,No,Yes,Yes,No,Yes,Yes,Month-to-month,Yes,Mailed check,100.21,1014.03,Yes,New_0-12m,4,0,1,0.09872614602524063,1
Female,1,Yes,No,20,Yes,Yes,No,No internet service,No internet service,No internet service,No internet service,No internet service,No internet service,One year,Yes,Electronic check,43.53,895.49,No,Developing_13-24m,0,0,0,0.04855603520396212,0
Male,0,No,No,64,Yes,Yes,DSL,Yes,No,No,No,Yes,No,Two year,Yes,Credit card (automatic),88.74,5681.17,No,Loyal_49-72m,2,0,0,0.015617272978457173,0
Female,1,No,No,51,Yes,No,DSL,Yes,No,No,Yes,No,Yes,Two year,No,Electronic check,85.1,4338.1,No,Loyal_49-72m,3,1,0,0.019612362010555183,0
Female,0,Yes,Yes,5,Yes,Yes,DSL,Yes,Yes,Yes,Yes,No,Yes,One year,No,Credit card (automatic),108.71,567.01,No,New_0-12m,5,1,0,0.19138747557261315,0
Female,0,Yes,No,46,No,No phone service,DSL,No,No,No,No,Yes,Yes,One year,No,Credit card (automatic),68.2,3149.71,No,Established_25-48m,2,0,1,0.021645914730330625,0
Female,0,No,No,35,Yes,No,Fiber optic,No,No,Yes,Yes,No,No,Month-to-month,Yes,Credit card (automatic),96.44,3364.83,Yes,Established_25-48m,2,0,0,0.028652665167284146,0
Female,0,No,Yes,5,Yes,Yes,Fiber optic,No,No,Yes,No,No,No,Month-to-month,Yes,Electronic check,96.08,496.05,Yes,New_0-12m,1,0,0,0.1933004727894578,1
Female,0,Yes,Yes,16,Yes,No,Fiber optic,Yes,No,No,Yes,Yes,Yes,One year,No,Credit card (automatic),119.37,1932.64,Yes,Developing_13-24m,4,1,1,0.06173331126786785,0
Male,0,Yes,No,15,No,No phone service,DSL,No,Yes,No,No,Yes,No,Month-to-month,Yes,Mailed check,62.83,907.95,No,Developing_13-24m,2,0,0,0.06912371417569722,0
Male,0,Yes,Yes,59,Yes,Yes,Fiber optic,No,Yes,No,Yes,Yes,Yes,Two year,No,Electronic check,129.38,7614.75,No,Loyal_49-72m,4,0,1,0.016988477825558873,0
Male,0,No,No,52,Yes,No,No,No internet service,No internet service,No internet service,No internet service,No internet service,No internet service,One year,Yes,Electronic check,33.84,1747.53,No,Loyal_49-72m,0,0,0,0.019353399712901696,0
Female,0,Yes,Yes,8,No,No phone service,No,No internet service,No internet service,No internet service,No internet service,No internet service,No internet service,One year,Yes,Electronic check,19.94,170.37,No,New_0-12m,0,0,0,0.11635642177744063,0
Female,0,Yes,No,32,Yes,No,No,No internet service,No internet service,No internet service,No internet service,No internet service,No internet service,One year,No,Electronic check,34.3,1109.43,No,Established_25-48m,0,0,0,0.03088893491710418,0
Female,0,No,No,48,Yes,No,No,No internet service,No internet service,No internet service,No internet service,No internet service,No internet service,Two year,Yes,Electronic check,37.8,1822.19,No,Established_25-48m,0,0,0,0.020732891251048984,0
Female,0,No,No,37,Yes,Yes,Fiber optic,Yes,Yes,Yes,Yes,Yes,Yes,Two year,No,Credit card (automatic),138.22,5127.29,No,Established_25-48m,6,1,1,0.026952453936887343,0
Male,0,Yes,No,32,Yes,No,No,No internet service,No internet service,No internet service,No internet service,No internet service,No internet service,Month-to-month,Yes,Credit card (automatic),38.11,1202.9,Yes,Established_25-48m,0,0,0,0.03165545311072348,0
Male,1,Yes,No,56,Yes,No,Fiber optic,No,Yes,No,No,No,Yes,Two year,Yes,Bank transfer (automatic),95.94,5354.55,Yes,Loyal_49-72m,2,0,0,0.01791412646693617,0
Female,0,No,No,50,Yes,Yes,No,No internet service,No internet service,No internet service,No internet service,No internet service,No internet service,Month-to-month,No,Electronic check,46.1,2323.8,Yes,Loyal_49-72m,0,0,0,0.019829662766689606,0
Male,1,Yes,No,56,Yes,Yes,DSL,Yes,Yes,Yes,No,No,No,Two year,No,Electronic check,87.07,4877.48,No,Loyal_49-72m,3,0,0,0.017847772256932487,0
Male,0,Yes,Yes,4,Yes,Yes,No,No internet service,No internet service,No internet service,No internet service,No internet service,No internet service,Month-to-month,No,Mailed check,45.38,199.65,No,New_0-12m,0,0,0,0.22616496386743085,0
Female,0,No,No,10,Yes,No,Fiber optic,No,No,Yes,No,Yes,Yes,Month-to-month,No,Bank transfer (automatic),109.74,1086.92,Yes,New_0-12m,3,0,1,0.10087138760202954,1
Male,0,Yes,No,9,Yes,No,DSL,No,No,No,No,Yes,No,One year,No,Credit card (automatic),70.75,620.91,No,New_0-12m,1,0,0,0.11376244151082955,0
Female,0,No,No,7,Yes,No,DSL,Yes,Yes,No,No,Yes,No,Month-to-month,No,Credit card (automatic),84.12,569.78,No,New_0-12m,3,0,0,0.14737727320508778,0
Male,1,No,No,55,Yes,Yes,No,No internet service,No internet service,No internet service,No internet service,No internet service,No internet service,One year,Yes,Credit card (automatic),44.37,2452.37,No,Loyal_49-72m,0,0,0,0.018085327529072256,0
Female,0,Yes,No,61,No,No phone service,Fiber optic,No,Yes,No,Yes,No,No,Two year,Yes,Electronic check,79.86,4888.44,No,Loyal_49-72m,2,0,0,0.016333158807552605,0
Female,0,Yes,Yes,23,Yes,Yes,No,No internet service,No internet service,No internet service,No internet service,No internet service,No internet service,Two year,Yes,Electronic check,43.49,1008.4,No,Developing_13-24m,0,0,0,0.04308500099068754,0
Female,0,No,No,58,Yes,Yes,DSL,Yes,No,No,Yes,No,No,Two year,No,Electronic check,84.71,4905.93,No,Loyal_49-72m,2,1,0,0.017263339807170673,0
Female,0,No,No,69,Yes,Yes,Fiber optic,No,No,Yes,No,Yes,No,One year,Yes,Electronic check,109.3,7551.26,Yes,Loyal_49-72m,2,0,0,0.014472489029773869,0
Male,1,No,Yes,19,Yes,Yes,DSL,Yes,No,Yes,Yes,No,No,Month-to-month,Yes,Credit card (automatic),89.84,1716.11,Yes,Developing_13-24m,3,1,0,0.05232046869449249,0
Female,0,No,No,55,Yes,Yes,Fiber optic,No,Yes,Yes,Yes,Yes,No,One year,Yes,Credit card (automatic),120.02,6570.72,No,Loyal_49-72m,4,0,0,0.018263103114557526,0
Female,0,Yes,No,37,Yes,No,Fiber optic,No,Yes,No,No,Yes,No,One year,Yes,Electronic check,100.6,3716.94,Yes,Established_25-48m,2,0,0,0.027057994480814643,0
Female,0,No,No,21,Yes,Yes,Fiber optic,No,Yes,No,No,Yes,Yes,Month-to-month,No,Credit card (automatic),120.7,2538.89,Yes,Developing_13-24m,3,0,1,0.04752174306761317,1
Male,0,Yes,Yes,44,No,No phone service,DSL,No,No,Yes,No,No,No,Two year,No,Electronic check,49.92,2213.1,No,Established_25-48m,1,0,0,0.02254640711801635,0
Female,0,Yes,Yes,66,Yes,Yes,DSL,No,Yes,Yes,No,Yes,Yes,One year,No,Bank transfer (automatic),106.74,7043.56,Yes,Loyal_49-72m,4,0,1,0.015152117378516187,0
Male,0,Yes,No,51,Yes,No,DSL,No,No,Yes,No,Yes,Yes,Two year,No,Mailed check,87.49,4464.23,No,Loyal_49-72m,3,0,1,0.01959361555843708,0
Female,0,Yes,No,66,Yes,No,No,No internet service,No internet service,No internet service,No internet service,No internet service,No internet service,Month-to-month,Yes,Electronic check,36.76,2425.15,No,Loyal_49-72m,0,0,0,0.015151577602374131,0
Male,0,No,Yes,50,Yes,No,DSL,No,No,No,No,No,Yes,One year,No,Bank transfer (automatic),75.19,3763.48,No,Loyal_49-72m,1,0,0,0.01997354216252975,0
Male,0,Yes,No,4,Yes,Yes,Fiber optic,No,Yes,No,Yes,Yes,Yes,Month-to-month,Yes,Electronic check,129.24,496.43,Yes,New_0-12m,4,0,1,0.2598154514203004,0
Female,0,Yes,No,55,Yes,Yes,Fiber optic,No,No,No,No,Yes,Yes,One year,No,Mailed check,112.5,6178.42,Yes,Loyal_49-72m,2,0,1,0.01820559211058643,0
Male,0,Yes,Yes,70,No,No phone service,No,No internet service,No internet service,No internet service,No internet service,No internet service,No internet service,One year,Yes,Bank transfer (automatic),18.5,1261.53,No,Loyal_49-72m,0,0,0,0.014653117153651795,0
Female,0,No,No,12,Yes,No,DSL,Yes,Yes,Yes,No,No,No,Month-to-month,Yes,Electronic check,80.05,953.97,Yes,New_0-12m,3,0,0,0.08382462276301873,0
Female,0,No,No,55,Yes,Yes,DSL,Yes,Yes,No,No,No,No,One year,Yes,Credit card (automatic),81.78,4505.34,No,Loyal_49-72m,2,0,0,0.018147765148657225,0
Female,0,Yes,No,4,Yes,No,Fiber optic,No,Yes,No,No,No,Yes,Month-to-month,No,Credit card (automatic),97.41,377.76,Yes,New_0-12m,2,0,0,0.25718132854578096,1
Male,0,Yes,Yes,47,Yes,Yes,No,No internet service,No internet service,No internet service,No internet service,No internet service,No internet service,One year,Yes,Electronic check,46.75,2193.48,Yes,Established_25-48m,0,0,0,0.021303452298494403,0
Male,0,Yes,No,3,Yes,Yes,Fiber optic,No,No,No,No,No,Yes,Month-to-month,Yes,Mailed check,101.11,309.19,Yes,New_0-12m,1,0,0,0.3259615074631677,1
Female,0,No,No,43,Yes,Yes,DSL,No,Yes,Yes,No,Yes,Yes,One year,Yes,Mailed check,107.14,4647.86,No,Established_25-48m,4,0,1,0.02304651032726303,0
Female,0,No,No,47,No,No phone service,Fiber optic,Yes,No,Yes,No,No,No,One year,Yes,Mailed check,77.04,3619.66,No,Established_25-48m,2,0,0,0.021277888561753937,0
Male,0,No,No,31,Yes,No,No,No internet service,No internet service,No internet service,No internet service,No internet service,No internet service,Month-to-month,No,Mailed check,35.37,1107.26,No,Established_25-48m,0,0,0,0.031914893617021274,0
Female,0,No,No,20,Yes,Yes,Fiber optic,Yes,Yes,Yes,No,No,No,Month-to-month,Yes,Electronic check,110.44,2206.0,Yes,Developing_13-24m,3,0,0,0.05004077933846851,1
Female,0,Yes,No,29,Yes,No,Fiber optic,Yes,No,No,Yes,Yes,Yes,Month-to-month,Yes,Credit card (automatic),117.27,3406.17,No,Established_25-48m,4,1,1,0.034418593730280556,0
Female,0,No,No,56,Yes,No,Fiber optic,No,Yes,Yes,Yes,Yes,Yes,Month-to-month,Yes,Electronic check,123.13,6894.85,Yes,Loyal_49-72m,5,0,1,0.017855666814098333,0
Male,0,No,No,18,Yes,No,No,No internet service,No internet service,No internet service,No internet service,No internet service,No internet service,Month-to-month,Yes,Electronic check,34.7,618.27,Yes,Developing_13-24m,0,0,0,0.056033717118542804,0
Male,0,Yes,Yes,14,Yes,Yes,Fiber optic,No,No,Yes,No,No,Yes,Month-to-month,Yes,Bank transfer (automatic),106.2,1483.76,Yes,Developing_13-24m,2,0,0,0.07152671138769902,1
Male,0,Yes,No,8,Yes,Yes,Fiber optic,No,No,No,No,Yes,Yes,Month-to-month,Yes,Bank transfer (automatic),115.4,941.91,Yes,New_0-12m,2,0,1,0.12238707830015591,1
Female,0,No,No,58,Yes,Yes,DSL,Yes,Yes,No,No,Yes,Yes,Two year,No,Credit card (automatic),107.21,6222.52,No,Loyal_49-72m,4,0,1,0.017226585597861017,0
Female,0,No,No,37,Yes,Yes,Fiber optic,No,Yes,Yes,No,No,No,One year,No,Bank transfer (automatic),101.99,3755.68,Yes,Established_25-48m,2,0,0,0.027148971964607048,0
Female,0,Yes,No,49,Yes,No,Fiber optic,No,Yes,Yes,Yes,Yes,Yes,One year,Yes,Electronic check,122.61,6007.89,Yes,Loyal_49-72m,5,0,1,0.02040476693698836,0
Male,1,No,No,29,Yes,No,DSL,No,Yes,Yes,Yes,No,No,Month-to-month,No,Credit card (automatic),75.88,2187.14,Yes,Established_25-48m,3,0,0,0.0346778542506421,0
Female,0,No,No,70,Yes,No,No,No internet service,No internet service,No internet service,No internet service,No internet service,No internet service,Two year,Yes,Mailed check,33.75,2376.41,No,Loyal_49-72m,0,0,0,0.014196120988807149,0
Female,0,Yes,Yes,38,Yes,No,Fiber optic,No,Yes,No,No,Yes,No,One year,Yes,Credit card (automatic),97.65,3699.31,Yes,Established_25-48m,2,0,0,0.02638968086457621,0
Female,0,Yes,Yes,63,Yes,Yes,DSL,No,Yes,No,No,No,No,Two year,No,Electronic check,73.15,4621.38,No,Loyal_49-72m,1,0,0,0.01582518096738044,0
Female,0,Yes,Yes,44,Yes,Yes,No,No internet service,No internet service,No internet service,No internet service,No internet service,No internet service,Two year,Yes,Electronic check,48.74,2159.21,Yes,Established_25-48m,0,0,0,0.022562621226640003,0
Male,0,No,No,29,Yes,No,DSL,No,Yes,No,No,No,Yes,Month-to-month,No,Bank transfer (automatic),78.62,2282.14,Yes,Established_25-48m,2,0,0,0.034435032455302786,0
Male,0,Yes,No,10,Yes,Yes,Fiber optic,No,No,No,No,No,No,Two year,Yes,Mailed check,90.82,916.37,Yes,New_0-12m,0,0,0,0.0990004033269019,0
Female,0,Yes,No,59,Yes,No,Fiber optic,Yes,No,No,No,Yes,No,Month-to-month,Yes,Electronic check,97.78,5761.5,Yes,Loyal_49-72m,2,0,0,0.016968329718004337,1
Male,1,No,No,68,Yes,No,No,No internet service,No internet service,No internet service,No internet service,No internet service,No internet service,One year,Yes,Bank transfer (automatic),36.11,2468.22,No,Loyal_49-72m,0,0,0,0.014624051319849994,0
Male,0,No,No,19,Yes,No,No,No internet service,No internet service,No internet service,No internet service,No internet service,No internet service,Month-to-month,No,Electronic check,34.55,637.85,Yes,Developing_13-24m,0,0,0,0.05408155279016983,0
Female,0,Yes,Yes,65,Yes,Yes,Fiber optic,No,Yes,Yes,No,No,No,Two year,Yes,Electronic check,101.76,6607.46,No,Loyal_49-72m,2,0,0,0.015398443812930698,0
Female,1,Yes,Yes,33,Yes,Yes,DSL,Yes,Yes,No,No,Yes,No,Month-to-month,No,Mailed check,96.11,3167.02,Yes,Established_25-48m,3,0,0,0.030337561000246212,0
Male,0,No,No,44,Yes,No,Fiber optic,No,Yes,No,No,Yes,Yes,One year,No,Credit card (automatic),111.65,4927.4,Yes,Established_25-48m,3,0,1,0.022654411167924684,0
Female,1,No,No,54,Yes,No,No,No internet service,No internet service,No internet service,No internet service,No internet service,No internet service,Month-to-month,Yes,Electronic check,34.98,1914.5,Yes,Loyal_49-72m,0,0,0,0.01826155050900548,0
Male,0,No,No,63,Yes,No,DSL,Yes,No,Yes,Yes,No,No,One year,No,Mailed check,83.03,5224.07,No,Loyal_49-72m,3,1,0,0.01589069620119922,0
Female,1,Yes,No,44,Yes,No,No,No internet service,No internet service,No internet service,No internet service,No internet service,No internet service,One year,No,Electronic check,34.88,1533.27,No,Established_25-48m,0,0,0,0.022733938615758637,0
Male,0,No,No,17,Yes,Yes,DSL,Yes,No,No,No,No,Yes,Two year,Yes,Electronic check,87.24,1465.36,No,Developing_13-24m,2,0,0,0.05949425789028615,0
Female,0,No,No,43,Yes,No,DSL,No,No,Yes,Yes,Yes,No,Month-to-month,Yes,Mailed check,86.19,3704.92,Yes,Established_25-48m,3,0,0,0.023257382782143163,0
Male,0,No,No,30,Yes,Yes,DSL,No,Yes,No,No,Yes,No,One year,No,Bank transfer (automatic),88.45,2670.02,Yes,Established_25-48m,2,0,0,0.033114690268137265,0
Male,0,No,No,32,Yes,No,DSL,No,Yes,No,No,No,No,One year,Yes,Electronic check,64.21,2027.78,Yes,Established_25-48m,1,0,0,0.0316495627914313,0
Male,0,Yes,No,43,Yes,No,No,No internet service,No internet service,No internet service,No internet service,No internet service,No internet service,Two year,Yes,Mailed check,35.73,1536.67,No,Established_25-48m,0,0,0,0.02323645515617785,0
Female,0,Yes,No,14,Yes,No,No,No internet service,No internet service,No internet service,No internet service,No internet service,No internet service,Two year,No,Mailed check,38.17,545.15,Yes,Developing_13-24m,0,0,0,0.06988922457200404,0
Male,0,No,No,57,Yes,No,Fiber optic,Yes,Yes,No,No,No,Yes,Two year,No,Credit card (automatic),105.43,6010.37,No,Loyal_49-72m,3,0,0,0.017538431339278734,0
Male,0,No,No,71,Yes,Yes,Fiber optic,Yes,No,Yes,No,No,No,One year,Yes,Credit card (automatic),103.0,7310.16,Yes,Loyal_49-72m,2,0,0,0.014088051690839758,0
Female,0,No,No,48,Yes,No,Fiber optic,Yes,No,Yes,No,Yes,No,One year,Yes,Electronic check,104.72,5039.71,Yes,Established_25-48m,3,0,0,0.020774851161840295,0
Female,0,Yes,No,52,Yes,No,No,No internet service,No internet service,No internet service,No internet service,No internet service,No internet service,One year,No,Mailed check,33.5,1729.87,No,Loyal_49-72m,0,0,0,0.019354428697706934,0
Male,1,No,No,33,Yes,Yes,No,No internet service,No internet service,No internet service,No internet service,No internet service,No internet service,One year,No,Bank transfer (automatic),43.51,1424.14,No,Established_25-48m,0,0,0,0.03053033386193637,0
Male,0,No,No,70,Yes,Yes,DSL,No,No,Yes,Yes,No,No,One year,No,Credit card (automatic),84.24,5869.11,No,Loyal_49-72m,2,0,0,0.014350668045402897,0
Female,1,Yes,No,4,Yes,Yes,Fiber optic,Yes,No,Yes,Yes,Yes,Yes,Month-to-month,Yes,Electronic check,133.36,538.32,Yes,New_0-12m,5,1,1,0.24727434547207594,0
Female,0,Yes,Yes,64,Yes,No,Fiber optic,Yes,No,No,No,Yes,Yes,Month-to-month,No,Bank transfer (automatic),107.83,6904.44,Yes,Loyal_49-72m,3,0,1,0.015615225097893835,1
Female,0,No,No,7,No,No phone service,No,No internet service,No internet service,No internet service,No internet service,No internet service,No internet service,Month-to-month,Yes,Credit card (automatic),19.47,127.69,Yes,New_0-12m,0,0,0,0.15129380682259694,0
Female,0,No,No,59,Yes,No,Fiber optic,No,No,No,Yes,No,Yes,Two year,Yes,Electronic check,100.68,5926.72,Yes,Loyal_49-72m,2,0,0,0.016984607909955263,0
Female,0,No,No,58,Yes,Yes,No,No internet service,No internet service,No internet service,No internet service,No internet service,No internet service,Two year,No,Electronic check,45.87,2659.75,No,Loyal_49-72m,0,0,0,0.017239500140937704,0
Male,0,No,No,63,Yes,Yes,No,No internet service,No internet service,No internet service,No internet service,No internet service,No internet service,Two year,Yes,Mailed check,43.75,2757.69,No,Loyal_49-72m,0,0,0,0.015858976543214352,0
Female,0,Yes,Yes,29,No,No phone service,Fiber optic,No,Yes,No,No,Yes,Yes,Month-to-month,No,Credit card (automatic),94.93,2735.01,Yes,Established_25-48m,3,0,1,0.034696510612168815,1
Male,0,Yes,Yes,13,Yes,No,No,No internet service,No internet service,No internet service,No internet service,No internet service,No internet service,Two year,Yes,Bank transfer (automatic),35.62,433.87,No,Developing_13-24m,0,0,0,0.08190953618322716,0
Male,1,No,No,46,Yes,No,Fiber optic,Yes,Yes,No,Yes,Yes,Yes,One year,Yes,Mailed check,122.1,5590.72,No,Established_25-48m,5,1,1,0.021835857303298446,0
Male,0,No,No,59,Yes,No,Fiber optic,No,Yes,Yes,Yes,No,Yes,Two year,Yes,Electronic check,110.84,6517.76,No,Loyal_49-72m,4,0,0,0.017003233743840853,0
Female,0,No,No,53,Yes,No,No,No internet service,No internet service,No internet service,No internet service,No internet service,No internet service,Month-to-month,Yes,Mailed check,34.98,1835.86,No,Loyal_49-72m,0,0,0,0.01904336748581819,0
Male,0,No,No,70,Yes,No,DSL,No,No,Yes,Yes,No,No,One year,Yes,Electronic check,72.64,5083.54,Yes,Loyal_49-72m,2,0,0,0.014286444791465895,0
Male,0,Yes,No,6,Yes,No,DSL,No,No,No,No,No,Yes,Month-to-month,Yes,Electronic check,71.51,430.33,Yes,New_0-12m,1,0,0,0.16578953469501312,0
Female,0,No,No,16,Yes,No,Fiber optic,No,No,Yes,Yes,No,No,Two year,No,Mailed check,97.74,1561.32,No,Developing_13-24m,2,0,0,0.06256080700496697,0
Male,0,Yes,No,55,Yes,No,Fiber optic,Yes,No,Yes,No,Yes,Yes,One year,Yes,Electronic check,113.74,6261.08,Yes,Loyal_49-72m,4,0,1,0.01816329398538505,0
Male,0,Yes,No,53,Yes,No,No,No internet service,No internet service,No internet service,No internet service,No internet service,No internet service,Two year,Yes,Electronic check,37.14,1974.43,Yes,Loyal_49-72m,0,0,0,0.01880096991541082,0
Female,0,Yes,Yes,29,Yes,No,No,No internet service,No internet service,No internet service,No internet service,No internet service,No internet service,One year,No,Bank transfer (automatic),35.51,1034.74,No,Established_25-48m,0,0,0,0.03428466603587773,0
Male,0,Yes,No,4,Yes,No,Fiber optic,No,No,Yes,No,No,No,Month-to-month,Yes,Bank transfer (automatic),84.16,337.98,Yes,New_0-12m,1,0,0,0.2482742344681102,1
Male,0,Yes,Yes,39,Yes,Yes,Fiber optic,No,Yes,No,Yes,Yes,Yes,One year,Yes,Bank transfer (automatic),129.02,5015.93,No,Established_25-48m,4,0,1,0.0257169225004136,0
Male,1,Yes,Yes,25,Yes,No,Fiber optic,Yes,Yes,Yes,No,No,No,One year,Yes,Credit card (automatic),98.06,2431.47,Yes,Established_25-48m,3,0,0,0.040312932944702305,0
Female,0,Yes,Yes,48,Yes,Yes,Fiber optic,No,No,Yes,No,No,No,Two year,No,Electronic check,97.81,4686.45,No,Established_25-48m,1,0,0,0.02086635590779635,0
Female,0,Yes,No,44,Yes,Yes,DSL,Yes,No,Yes,No,Yes,No,One year,Yes,Electronic check,94.99,4196.59,No,Established_25-48m,3,0,0,0.022629651776376443,0
Female,0,No,No,57,Yes,No,Fiber optic,No,Yes,No,No,Yes,Yes,Two year,Yes,Mailed check,110.29,6321.69,No,Loyal_49-72m,3,0,1,0.01744352482883077,0
Male,1,Yes,Yes,31,Yes,No,Fiber optic,Yes,Yes,Yes,No,Yes,Yes,One year,No,Electronic check,121.54,3776.1,Yes,Established_25-48m,5,0,1,0.032178126075560615,0
Male,0,Yes,No,71,No,No phone service,DSL,No,Yes,No,No,No,No,Month-to-month,No,Credit card (automatic),52.75,3750.62,No,Loyal_49-72m,1,0,0,0.01406059249071068,0
Female,0,No,No,57,Yes,No,No,No internet service,No internet service,No internet service,No internet service,No internet service,No internet service,Two year,No,Mailed check,34.41,1977.37,No,Loyal_49-72m,0,0,0,0.017393106446215823,0
Male,0,No,No,12,Yes,Yes,Fiber optic,Yes,No,No,No,No,No,Two year,No,Electronic check,93.9,1149.5,Yes,New_0-12m,1,0,0,0.08161668839634942,0
Male,0,No,No,52,Yes,No,DSL,Yes,No,No,Yes,Yes,No,Two year,Yes,Mailed check,83.16,4310.49,No,Loyal_49-72m,3,1,0,0.019287995565338202,0
Female,0,Yes,Yes,68,No,No phone service,Fiber optic,Yes,Yes,No,Yes,No,No,One year,Yes,Electronic check,83.15,5697.75,No,Loyal_49-72m,3,1,0,0.014590919061197633,0
Female,0,No,No,70,No,No phone service,DSL,No,Yes,Yes,No,No,No,One year,Yes,Electronic check,58.2,4097.82,No,Loyal_49-72m,2,0,0,0.014199208552705414,0
Male,0,Yes,No,48,Yes,No,DSL,No,Yes,Yes,No,No,Yes,Month-to-month,No,Mailed check,83.46,3985.58,No,Established_25-48m,3,0,0,0.020935237722559185,0
Male,0,Yes,Yes,42,Yes,Yes,No,No internet service,No internet service,No internet service,No internet service,No internet service,No internet service,Two year,Yes,Mailed check,43.84,1826.3,No,Established_25-48m,0,0,0,0.023991681716193293,0
Male,0,Yes,No,72,Yes,Yes,No,No internet service,No internet service,No internet service,No internet service,No internet service,No internet service,One year,No,Mailed check,44.35,3235.45,No,Loyal_49-72m,0,0,0,0.013703286007817209,0
Female,0,No,No,41,Yes,No,DSL,Yes,No,No,No,Yes,No,Month-to-month,Yes,Mailed check,79.24,3264.39,No,Established_25-48m,2,0,0,0.0242666266510279,0
Female,0,Yes,Yes,33,Yes,Yes,No,No internet service,No internet service,No internet service,No internet service,No internet service,No internet service,Month-to-month,Yes,Bank transfer (automatic),45.95,1507.39,Yes,Established_25-48m,0,0,0,0.030462943933598073,0
Female,0,Yes,Yes,8,Yes,No,DSL,No,No,No,No,No,No,Month-to-month,Yes,Electronic check,60.24,483.11,Yes,New_0-12m,0,0,0,0.1244345293425048,0
Female,1,Yes,Yes,15,Yes,Yes,DSL,No,No,No,Yes,No,No,Month-to-month,No,Credit card (automatic),77.1,1167.81,No,Developing_13-24m,1,0,0,0.06596452802422977,0
Male,0,No,Yes,52,Yes,No,DSL,Yes,Yes,No,No,Yes,No,Month-to-month,Yes,Electronic check,83.41,4350.65,Yes,Loyal_49-72m,3,0,0,0.01916744223455471,0
Female,0,No,No,71,No,No phone service,DSL,Yes,Yes,No,No,No,Yes,Two year,No,Electronic check,68.8,4905.32,No,Loyal_49-72m,3,0,0,0.014022729866784066,0
Female,0,Yes,No,66,Yes,Yes,Fiber optic,Yes,No,No,Yes,Yes,Yes,Two year,Yes,Bank transfer (automatic),126.66,8363.19,No,Loyal_49-72m,4,1,1,0.015143128025547003,0
Female,0,No,No,59,Yes,No,No,No internet service,No internet service,No internet service,No internet service,No internet service,No internet service,Two year,Yes,Credit card (automatic),34.83,2059.18,No,Loyal_49-72m,0,0,0,0.016906289741673058,0
Female,0,No,No,32,Yes,No,DSL,No,No,No,Yes,No,Yes,Month-to-month,Yes,Electronic check,78.58,2509.1,Yes,Established_25-48m,2,0,0,0.031305525676267876,0
Female,0,No,No,20,Yes,No,Fiber optic,No,No,Yes,Yes,No,No,Month-to-month,No,Bank transfer (automatic),94.55,1877.07,Yes,Developing_13-24m,2,0,0,0.050344236370316334,0
Male,1,Yes,No,48,Yes,Yes,Fiber optic,Yes,Yes,Yes,No,Yes,Yes,Month-to-month,No,Bank transfer (automatic),132.72,6355.93,Yes,Established_25-48m,5,0,1,0.020878002431991543,1
Male,0,No,No,8,Yes,No,DSL,Yes,Yes,Yes,No,No,Yes,Month-to-month,No,Bank transfer (automatic),91.68,731.28,Yes,New_0-12m,4,0,0,0.1251980116895177,0
Female,0,Yes,No,1,Yes,No,Fiber optic,No,Yes,No,No,No,No,Month-to-month,No,Electronic check,86.39,91.55,Yes,New_0-12m,1,0,0,0.9334413830361967,1
Male,0,No,No,12,Yes,No,Fiber optic,No,No,No,Yes,No,Yes,One year,Yes,Bank transfer (automatic),100.34,1182.25,Yes,New_0-12m,2,0,0,0.0848003380519755,0
Female,0,Yes,Yes,31,Yes,No,DSL,No,No,No,No,Yes,Yes,Month-to-month,No,Electronic check,82.75,2595.94,Yes,Established_25-48m,2,0,1,0.031864425054102134,0
Female,0,Yes,Yes,50,Yes,Yes,Fiber optic,No,Yes,No,Yes,Yes,No,Month-to-month,No,Electronic check,115.93,5786.07,No,Loyal_49-72m,3,0,0,0.020032589894367965,0
Male,0,Yes,Yes,32,No,No phone service,DSL,No,No,Yes,Yes,Yes,Yes,One year,No,Bank transfer (automatic),81.47,2594.18,No,Established_25-48m,4,0,1,0.03139281282993858,0
Male,0,No,No,56,Yes,Yes,DSL,Yes,No,Yes,No,Yes,No,Month-to-month,Yes,Bank transfer (automatic),91.44,5120.22,Yes,Loyal_49-72m,3,0,0,0.01785512045957799,0
Female,0,Yes,Yes,70,No,No phone service,Fiber optic,No,Yes,Yes,Yes,Yes,Yes,Month-to-month,Yes,Credit card (automatic),108.6,7566.45,Yes,Loyal_49-72m,5,0,1,0.014350937237774943,0
Female,0,No,No,70,Yes,Yes,Fiber optic,No,No,Yes,Yes,No,No,One year,No,Electronic check,103.24,7232.23,No,Loyal_49-72m,2,0,0,0.01427301496012155,0
Female,0,Yes,Yes,4,Yes,Yes,Fiber optic,Yes,Yes,No,No,Yes,No,Month-to-month,No,Mailed check,114.92,444.83,Yes,New_0-12m,3,0,0,0.25776641320682775,1
Male,0,No,No,13,Yes,No,Fiber optic,No,No,No,No,No,No,Two year,No,Electronic check,78.56,992.45,No,Developing_13-24m,0,0,0,0.07907796064220646,0
Female,0,No,No,52,Yes,No,Fiber optic,Yes,No,No,No,No,No,Month-to-month,Yes,Mailed check,90.22,4693.59,Yes,Loyal_49-72m,1,0,0,0.019217865670910557,1
Female,1,No,No,36,Yes,No,Fiber optic,Yes,No,No,Yes,No,No,One year,Yes,Mailed check,93.28,3360.21,Yes,Established_25-48m,2,1,0,0.02775191077022858,0
Female,0,No,No,48,Yes,Yes,Fiber optic,Yes,Yes,Yes,No,Yes,Yes,Two year,Yes,Mailed check,131.89,6359.9,No,Established_25-48m,5,0,1,0.020734487258092408,0
Male,0,No,No,14,Yes,Yes,No,No internet service,No internet service,No internet service,No internet service,No internet service,No internet service,One year,Yes,Mailed check,44.15,620.79,No,Developing_13-24m,0,0,0,0.07100468003666834,0
Female,0,Yes,Yes,41,Yes,No,No,No internet service,No internet service,No internet service,No internet service,No internet service,No internet service,Two year,No,Bank transfer (automatic),36.17,1485.55,No,Established_25-48m,0,0,0,0.02433150583565975,0
Female,0,No,No,58,Yes,No,Fiber optic,No,Yes,No,No,No,No,Two year,Yes,Mailed check,85.68,4970.06,No,Loyal_49-72m,1,0,0,0.017235760582250063,0
Male,0,Yes,Yes,38,Yes,No,DSL,No,No,No,No,No,Yes,One year,Yes,Mailed check,70.53,2641.46,No,Established_25-48m,1,0,0,0.02669103789650553,0
Female,0,No,No,69,Yes,No,Fiber optic,No,Yes,No,Yes,Yes,Yes,One year,No,Credit card (automatic),115.25,7953.4,No,Loyal_49-72m,4,0,1,0.014488836367293574,0
Female,1,No,Yes,68,Yes,Yes,DSL,No,No,No,No,No,Yes,Two year,No,Electronic check,82.86,5633.75,No,Loyal_49-72m,1,0,0,0.014705177692000533,0
Male,0,Yes,Yes,58,Yes,No,Fiber optic,No,No,Yes,No,No,Yes,Two year,Yes,Electronic check,98.97,5738.09,No,Loyal_49-72m,2,0,0,0.017244894225391133,0
Female,0,Yes,No,29,Yes,Yes,DSL,No,Yes,No,No,Yes,Yes,One year,Yes,Mailed check,100.51,2902.28,No,Established_25-48m,3,0,1,0.034619464881099994,0
Male,0,Yes,Yes,19,Yes,Yes,Fiber optic,No,Yes,No,No,Yes,Yes,One year,Yes,Bank transfer (automatic),119.68,2282.4,Yes,Developing_13-24m,3,0,1,0.05241306823158448,0
Male,0,No,No,15,No,No phone service,DSL,Yes,Yes,Yes,No,Yes,Yes,Month-to-month,No,Mailed check,86.52,1283.15,Yes,Developing_13-24m,5,0,1,0.06737530662305805,0
Female,0,No,No,26,Yes,Yes,No,No internet service,No internet service,No internet service,No internet service,No internet service,No internet service,One year,No,Electronic check,46.17,1211.0,Yes,Established_25-48m,0,0,0,0.03809405940594059,0
Female,0,No,No,13,Yes,Yes,DSL,No,No,Yes,No,No,No,One year,Yes,Credit card (automatic),75.85,991.87,Yes,Developing_13-24m,1,0,0,0.07639469416942801,0
Female,0,No,No,33,Yes,No,Fiber optic,No,No,No,No,Yes,Yes,One year,Yes,Bank transfer (automatic),105.69,3508.81,Yes,Established_25-48m,2,0,1,0.030112741145532095,0
Female,0,No,Yes,62,Yes,Yes,No,No internet service,No internet service,No internet service,No internet service,No internet service,No internet service,One year,No,Bank transfer (automatic),44.85,2773.74,No,Loyal_49-72m,0,0,0,0.01616367659672618,0
Male,0,Yes,No,65,Yes,No,DSL,No,Yes,Yes,No,No,No,Month-to-month,Yes,Mailed check,71.8,4687.06,Yes,Loyal_49-72m,2,0,0,0.015315503641165,0
Female,0,Yes,Yes,60,Yes,Yes,No,No internet service,No internet service,No internet service,No internet service,No internet service,No internet service,One year,Yes,Mailed check,45.56,2736.78,No,Loyal_49-72m,0,0,0,0.01664122025874979,0
Male,0,No,No,59,Yes,No,Fiber optic,No,Yes,No,No,No,Yes,One year,No,Credit card (automatic),100.09,5904.18,Yes,Loyal_49-72m,2,0,0,0.01694952567068235,0
Female,0,No,No,61,Yes,No,No,No internet service,No internet service,No internet service,No internet service,No internet service,No internet service,Month-to-month,Yes,Bank transfer (automatic),36.77,2230.17,No,Loyal_49-72m,0,0,0,0.01648014270539672,0
Female,0,No,No,25,Yes,No,No,No internet service,No internet service,No internet service,No internet service,No internet service,No internet service,One year,No,Electronic check,34.93,879.18,No,Established_25-48m,0,0,0,0.03968506441864164,0
Female,0,Yes,Yes,68,Yes,No,DSL,No,Yes,Yes,No,No,No,Month-to-month,Yes,Credit card (automatic),71.44,4850.78,No,Loyal_49-72m,2,0,0,0.014724492866535582,0
Male,0,Yes,Yes,20,Yes,Yes,No,No internet service,No internet service,No internet service,No internet service,No internet service,No internet service,One year,No,Mailed check,43.19,863.38,No,Developing_13-24m,0,0,0,0.04996644994099817,0
Female,1,Yes,Yes,59,Yes,Yes,DSL,Yes,No,Yes,No,No,Yes,Two year,No,Electronic check,95.04,5619.02,No,Loyal_49-72m,3,0,0,0.01691097184707528,0
Female,1,Yes,Yes,5,Yes,No,DSL,No,Yes,No,Yes,No,Yes,Month-to-month,Yes,Bank transfer (automatic),83.32,416.14,No,New_0-12m,3,0,0,0.199741094117083,0
Female,0,Yes,Yes,70,Yes,No,DSL,No,No,Yes,No,No,No,Month-to-month,Yes,Electronic check,68.56,4803.96,Yes,Loyal_49-72m,1,0,0,0.014268589124571277,0
Female,1,No,No,52,Yes,Yes,DSL,No,Yes,Yes,No,Yes,Yes,Two year,Yes,Mailed check,107.26,5600.22,No,Loyal_49-72m,4,0,1,0.019149399595088212,0
Male,0,Yes,Yes,34,Yes,No,Fiber optic,No,No,No,No,No,No,Month-to-month,No,Credit card (automatic),78.88,2690.36,Yes,Established_25-48m,0,0,0,0.029308602342310204,1
Female,0,No,No,6,Yes,Yes,Fiber optic,No,Yes,No,Yes,Yes,Yes,One year,Yes,Mailed check,129.85,768.91,No,New_0-12m,4,0,1,0.16865607668428778,0
Male,0,Yes,No,25,Yes,No,No,No internet service,No internet service,No internet service,No internet service,No internet service,No internet service,Month-to-month,Yes,Mailed check,35.82,889.42,Yes,Established_25-48m,0,0,0,0.040228206913591344,0
Male,0,No,No,60,Yes,Yes,DSL,No,No,No,Yes,Yes,Yes,Two year,Yes,Credit card (automatic),102.7,6164.11,No,Loyal_49-72m,3,0,1,0.016658259138928586,0
Male,0,Yes,Yes,32,Yes,Yes,No,No internet service,No internet service,No internet service,No internet service,No internet service,No internet service,Month-to-month,Yes,Credit card (automatic),44.6,1459.02,No,Established_25-48m,0,0,0,0.030547526746208958,0
Male,0,Yes,Yes,13,Yes,No,DSL,No,Yes,Yes,Yes,Yes,Yes,Two year,Yes,Electronic check,104.83,1342.77,No,Developing_13-24m,5,0,1,0.07801186214902849,0
Male,0,Yes,Yes,45,Yes,No,DSL,Yes,Yes,Yes,No,Yes,Yes,Two year,No,Mailed check,99.87,4497.0,Yes,Established_25-48m,5,0,1,0.022203201422854604,0
Male,0,No,No,17,Yes,Yes,Fiber optic,No,No,Yes,Yes,No,Yes,One year,No,Credit card (automatic),116.09,1994.0,Yes,Developing_13-24m,3,0,0,0.058190476190476195,0
Female,0,No,No,8,Yes,Yes,No,No internet service,No internet service,No internet service,No internet service,No internet service,No internet service,Month-to-month,Yes,Electronic check,43.98,361.06,No,New_0-12m,0,0,0,0.12147157929624923,0
Male,0,Yes,Yes,66,Yes,Yes,No,No internet service,No internet service,No internet service,No internet service,No internet service,No internet service,Month-to-month,No,Electronic check,44.57,2939.64,Yes,Loyal_49-72m,0,0,0,0.015156564557375267,0
Male,0,Yes,No,19,No,No phone service,Fiber optic,No,Yes,Yes,No,Yes,No,Month-to-month,Yes,Mailed check,87.97,1645.64,Yes,Developing_13-24m,3,0,0,0.05342394208813098,1
Male,0,No,No,51,Yes,No,DSL,Yes,No,No,Yes,Yes,Yes,One year,No,Electronic check,97.04,4971.71,No,Loyal_49-72m,4,1,1,0.019514510196653335,0
Female,1,Yes,No,27,Yes,No,DSL,No,No,Yes,No,No,Yes,One year,No,Electronic check,79.93,2151.01,Yes,Established_25-48m,2,0,0,0.03714202071551712,0
Female,1,Yes,Yes,10,Yes,No,Fiber optic,Yes,No,Yes,Yes,No,Yes,One year,No,Mailed check,109.85,1084.21,Yes,New_0-12m,4,1,0,0.10122464776402723,0
Male,0,No,Yes,2,Yes,No,Fiber optic,Yes,No,No,Yes,No,No,Month-to-month,No,Electronic check,94.61,192.98,Yes,New_0-12m,2,1,0,0.4877306938859676,0
Female,1,No,Yes,68,Yes,Yes,Fiber optic,No,No,No,No,No,No,Two year,No,Bank transfer (automatic),88.3,6025.81,Yes,Loyal_49-72m,0,0,0,0.01465120022034874,0
Male,0,Yes,Yes,71,Yes,No,Fiber optic,No,Yes,Yes,No,Yes,Yes,Two year,No,Electronic check,117.98,8382.65,No,Loyal_49-72m,4,0,1,0.014072629463300592,0
Male,1,Yes,Yes,71,Yes,Yes,Fiber optic,Yes,No,No,Yes,No,Yes,Two year,No,Electronic check,116.64,8275.97,No,Loyal_49-72m,3,1,0,0.014092113418316125,0
Female,0,No,No,40,No,No phone service,Fiber optic,No,Yes,No,No,Yes,No,Two year,Yes,Bank transfer (automatic),80.89,3239.32,No,Established_25-48m,2,0,0,0.024963583843571006,0
Male,0,Yes,Yes,4,Yes,Yes,DSL,No,No,No,No,Yes,Yes,Two year,Yes,Mailed check,94.5,379.78,No,New_0-12m,2,0,1,0.24817479909659124,0
Female,0,Yes,No,25,Yes,Yes,Fiber optic,Yes,No,No,Yes,Yes,Yes,Month-to-month,Yes,Credit card (automatic),126.96,3166.98,Yes,Established_25-48m,4,1,1,0.04007601058087488,0
Female,0,No,No,31,Yes,No,DSL,No,Yes,No,No,Yes,Yes,Month-to-month,Yes,Mailed check,90.34,2801.55,Yes,Established_25-48m,3,0,1,0.03223492890403382,0
Male,0,No,No,58,Yes,No,DSL,No,Yes,Yes,Yes,No,No,Two year,No,Electronic check,78.01,4512.22,No,Loyal_49-72m,3,0,0,0.017284776722606032,0
Male,0,Yes,Yes,51,Yes,Yes,No,No internet service,No internet service,No internet service,No internet service,No internet service,No internet service,Two year,No,Electronic check,46.85,2374.52,No,Loyal_49-72m,0,0,0,0.01972199770997508,0
Female,0,No,No,40,Yes,No,Fiber optic,No,Yes,No,No,No,No,One year,No,Credit card (automatic),83.0,3328.29,Yes,Established_25-48m,1,0,0,0.024930240381582862,0
Male,0,No,No,62,Yes,Yes,Fiber optic,Yes,No,Yes,No,No,Yes,Two year,No,Mailed check,112.79,6987.06,No,Loyal_49-72m,3,0,0,0.01614038803330252,0
Male,0,Yes,No,2,Yes,Yes,DSL,Yes,Yes,Yes,No,Yes,No,One year,Yes,Credit card (automatic),98.38,196.37,Yes,New_0-12m,4,0,0,0.4984546790292344,0
Male,0,No,No,60,Yes,No,No,No internet service,No internet service,No internet service,No internet service,No internet service,No internet service,Month-to-month,No,Credit card (automatic),35.57,2122.62,No,Loyal_49-72m,0,0,0,0.016749700982284968,0
Female,0,Yes,Yes,45,No,No phone service,DSL,Yes,Yes,No,Yes,Yes,Yes,Two year,Yes,Electronic check,88.26,3963.2,No,Established_25-48m,5,1,1,0.022264265173301045,0
Female,0,Yes,Yes,35,No,No phone service,No,No internet service,No internet service,No internet service,No internet service,No internet service,No internet service,One year,No,Credit card (automatic),19.72,682.95,No,Established_25-48m,0,0,0,0.028832516996856492,0
Male,0,No,No,21,Yes,No,Fiber optic,No,Yes,Yes,No,No,No,Month-to-month,No,Electronic check,91.04,1903.03,No,Developing_13-24m,2,0,0,0.04781437267269949,1
Female,0,Yes,No,32,Yes,No,DSL,No,Yes,No,Yes,No,Yes,One year,No,Mailed check,83.95,2680.25,No,Established_25-48m,3,0,0,0.03131002331002331,0
Female,0,Yes,No,24,Yes,Yes,DSL,No,No,No,Yes,Yes,No,Two year,No,Mailed check,89.66,2154.8,No,Developing_13-24m,2,0,0,0.04159012895444846,0
Female,1,Yes,Yes,5,Yes,No,DSL,No,Yes,Yes,Yes,No,Yes,Month-to-month,Yes,Electronic check,90.05,471.1,Yes,New_0-12m,4,0,0,0.19074348654945986,0
Female,0,Yes,No,30,Yes,Yes,Fiber optic,No,No,No,No,No,No,One year,Yes,Electronic check,87.25,2628.91,Yes,Established_25-48m,0,0,0,0.033176040244723204,0
Female,0,No,No,59,Yes,Yes,No,No internet service,No internet service,No internet service,No internet service,No internet service,No internet service,Month-to-month,No,Mailed check,45.94,2705.44,No,Loyal_49-72m,0,0,0,0.016974327899380734,0
Male,1,No,No,35,Yes,No,DSL,No,Yes,Yes,No,No,Yes,One year,Yes,Bank transfer (automatic),82.14,2865.41,No,Established_25-48m,3,0,0,0.028656054088563747,0
Male,0,No,No,69,Yes,Yes,Fiber optic,No,No,No,No,Yes,Yes,Month-to-month,No,Electronic check,116.19,7990.42,No,Loyal_49-72m,2,0,1,0.014539343445845669,1
Male,0,Yes,No,16,Yes,Yes,No,No internet service,No internet service,No internet service,No internet service,No internet service,No internet service,Month-to-month,Yes,Mailed check,47.13,743.98,Yes,Developing_13-24m,0,0,0,0.06326344331391447,0
Female,0,Yes,Yes,68,Yes,Yes,Fiber optic,Yes,No,Yes,No,No,Yes,One year,Yes,Mailed check,115.33,7825.96,Yes,Loyal_49-72m,3,0,0,0.014734967343642998,0
Female,0,Yes,Yes,35,Yes,No,Fiber optic,Yes,Yes,No,Yes,Yes,No,One year,Yes,Bank transfer (automatic),110.3,3861.32,Yes,Established_25-48m,4,1,0,0.02855796516083597,0
Male,0,Yes,No,19,Yes,No,No,No internet service,No internet service,No internet service,No internet service,No internet service,No internet service,One year,No,Mailed check,38.18,750.45,No,Developing_13-24m,0,0,0,0.050808437021757934,0
Female,0,Yes,Yes,11,Yes,No,DSL,No,No,No,Yes,No,Yes,One year,Yes,Credit card (automatic),76.47,835.24,Yes,New_0-12m,2,0,0,0.0914450397015211,0
Male,0,No,No,10,Yes,No,Fiber optic,Yes,No,No,No,No,No,Month-to-month,No,Credit card (automatic),84.68,825.01,Yes,New_0-12m,1,0,0,0.1025169186813719,1
Male,1,No,No,1,No,No phone service,No,No internet service,No internet service,No internet service,No internet service,No internet service,No internet service,Month-to-month,Yes,Credit card (automatic),21.25,21.25,Yes,New_0-12m,0,0,0,0.9550561797752809,0
Male,0,No,No,49,Yes,No,DSL,No,Yes,Yes,Yes,Yes,Yes,Two year,Yes,Electronic check,105.13,5144.76,No,Loyal_49-72m,5,0,1,0.020430412611548147,0
Female,0,Yes,Yes,13,Yes,Yes,Fiber optic,No,No,Yes,Yes,No,No,Month-to-month,No,Mailed check,102.91,1356.75,No,Developing_13-24m,2,0,0,0.0757945129810348,0
Female,0,No,No,45,Yes,No,DSL,No,No,No,No,Yes,Yes,Two year,Yes,Mailed check,82.82,3698.63,No,Established_25-48m,2,0,1,0.022386022386022383,0
Male,0,Yes,No,29,Yes,Yes,DSL,Yes,No,No,No,Yes,No,Month-to-month,Yes,Credit card (automatic),87.68,2527.85,Yes,Established_25-48m,2,0,0,0.034671886430590985,0
Male,0,Yes,Yes,47,Yes,Yes,DSL,No,No,No,No,Yes,No,Two year,No,Mailed check,81.87,3859.3,No,Established_25-48m,1,0,0,0.021208196254177136,0
Male,0,No,No,9,Yes,No,No,No internet service,No internet service,No internet service,No internet service,No internet service,No internet service,Month-to-month,No,Mailed check,34.3,285.16,No,New_0-12m,0,0,0,0.11986301369863012,0
Male,0,No,No,52,No,No phone service,No,No internet service,No internet service,No internet service,No internet service,No internet service,No internet service,One year,Yes,Bank transfer (automatic),22.49,1178.09,No,Loyal_49-72m,0,0,0,0.019074031668490105,0
Female,0,Yes,Yes,65,Yes,No,DSL,No,No,Yes,No,Yes,No,One year,No,Electronic check,76.97,4993.07,No,Loyal_49-72m,2,0,0,0.01541227896284994,0
Female,0,Yes,Yes,57,Yes,Yes,DSL,No,No,No,Yes,Yes,Yes,Month-to-month,No,Mailed check,104.2,5954.79,No,Loyal_49-72m,3,0,1,0.017495579931461655,0
Male,0,Yes,Yes,68,Yes,No,Fiber optic,No,No,Yes,No,Yes,Yes,One year,No,Electronic check,110.61,7520.75,No,Loyal_49-72m,3,0,1,0.014705354472031109,0
Male,0,No,No,28,Yes,No,Fiber optic,No,No,Yes,No,No,No,Month-to-month,No,Electronic check,87.53,2448.44,Yes,Established_25-48m,1,0,0,0.03573469854334052,1
Female,0,Yes,No,34,Yes,Yes,No,No internet service,No internet service,No internet service,No internet service,No internet service,No internet service,One year,No,Electronic check,42.76,1462.82,No,Established_25-48m,0,0,0,0.029211241819349372,0
Female,0,No,No,23,Yes,No,No,No internet service,No internet service,No internet service,No internet service,No internet service,No internet service,Two year,No,Electronic check,36.54,840.71,No,Developing_13-24m,0,0,0,0.04341162633210963,0
Male,0,Yes,Yes,47,Yes,Yes,Fiber optic,No,Yes,Yes,Yes,Yes,No,Two year,No,Electronic check,123.49,5785.49,Yes,Established_25-48m,4,0,0,0.02134108933049223,0
Male,0,Yes,No,49,Yes,No,Fiber optic,Yes,No,Yes,Yes,No,Yes,One year,Yes,Bank transfer (automatic),111.0,5431.19,No,Loyal_49-72m,4,1,0,0.02043374771500997,0
Male,1,No,No,19,Yes,No,DSL,No,Yes,Yes,Yes,No,Yes,Month-to-month,Yes,Credit card (automatic),93.27,1747.72,Yes,Developing_13-24m,4,0,0,0.05333615444439361,0
Female,1,No,No,52,Yes,No,DSL,Yes,No,No,No,No,No,Month-to-month,Yes,Bank transfer (automatic),63.78,3303.59,No,Loyal_49-72m,1,0,0,0.01930042758708342,0
Female,0,Yes,No,33,Yes,Yes,Fiber optic,No,Yes,Yes,Yes,Yes,No,Month-to-month,Yes,Electronic check,121.29,3970.49,Yes,Established_25-48m,4,0,0,0.030540175098011078,0
Female,1,No,No,6,Yes,Yes,Fiber optic,No,Yes,Yes,No,No,No,Month-to-month,Yes,Electronic check,103.75,657.57,Yes,New_0-12m,2,0,0,0.15753830268612296,1
Male,0,No,No,13,Yes,No,No,No internet service,No internet service,No internet service,No internet service,No internet service,No internet service,One year,Yes,Mailed check,34.73,451.1,No,Developing_13-24m,0,0,0,0.07681928776819287,0
Male,1,No,No,2,Yes,No,DSL,No,No,Yes,Yes,No,Yes,Month-to-month,Yes,Credit card (automatic),85.6,179.2,Yes,New_0-12m,3,0,0,0.4750277469478357,0
Female,0,No,No,59,Yes,No,DSL,Yes,No,Yes,No,No,No,Two year,Yes,Electronic check,74.11,4359.96,No,Loyal_49-72m,2,0,0,0.01699396463164074,0
Female,1,No,Yes,38,Yes,No,Fiber optic,Yes,No,No,No,Yes,Yes,One year,Yes,Mailed check,107.07,4076.54,Yes,Established_25-48m,3,0,1,0.02625847937727159,0
Male,1,No,No,26,Yes,No,No,No internet service,No internet service,No internet service,No internet service,No internet service,No internet service,One year,Yes,Mailed check,34.73,914.59,No,Established_25-48m,0,0,0,0.03793182538035583,0
Female,0,No,No,69,Yes,No,No,No internet service,No internet service,No internet service,No internet service,No internet service,No internet service,Month-to-month,Yes,Credit card (automatic),34.9,2422.14,No,Loyal_49-72m,0,0,0,0.014402799673151365,0
Female,1,Yes,Yes,41,Yes,No,DSL,No,No,Yes,Yes,Yes,Yes,One year,No,Mailed check,96.8,3967.56,No,Established_25-48m,4,0,1,0.02439171891063761,0
Male,0,Yes,No,48,Yes,No,No,No internet service,No internet service,No internet service,No internet service,No internet service,No internet service,Two year,No,Bank transfer (automatic),37.06,1794.11,No,Established_25-48m,0,0,0,0.020644974402682845,0
Female,0,Yes,Yes,33,Yes,Yes,Fiber optic,Yes,No,Yes,Yes,No,No,One year,No,Electronic check,108.63,3575.68,No,Established_25-48m,3,1,0,0.030371741391458,0
Male,0,Yes,Yes,18,Yes,Yes,Fiber optic,Yes,No,Yes,No,No,No,Month-to-month,No,Electronic check,100.65,1817.31,Yes,Developing_13-24m,2,0,0,0.055353597571371226,1
Male,0,Yes,Yes,58,Yes,Yes,Fiber optic,Yes,Yes,No,No,No,No,Month-to-month,Yes,Bank transfer (automatic),98.29,5701.54,Yes,Loyal_49-72m,2,0,0,0.017236178965864334,1
Male,0,No,No,62,No,No phone service,Fiber optic,No,No,Yes,Yes,No,Yes,One year,No,Bank transfer (automatic),92.67,5727.91,No,Loyal_49-72m,3,0,0,0.016175851950894674,0
Male,0,Yes,Yes,46,Yes,Yes,Fiber optic,No,No,Yes,No,No,No,Month-to-month,No,Credit card (automatic),95.51,4366.01,Yes,Established_25-48m,1,0,0,0.021870799471491936,1
Male,1,Yes,No,63,Yes,No,Fiber optic,Yes,Yes,No,Yes,No,Yes,One year,Yes,Bank transfer (automatic),111.51,7020.65,No,Loyal_49-72m,4,1,0,0.015880882698511036,0
Male,0,No,No,44,Yes,No,Fiber optic,Yes,Yes,Yes,Yes,Yes,Yes,One year,No,Electronic check,129.68,5701.49,Yes,Established_25-48m,6,1,1,0.02274094299157035,0
Male,0,Yes,Yes,64,Yes,Yes,DSL,No,No,No,No,No,No,One year,Yes,Mailed check,71.79,4590.52,No,Loyal_49-72m,0,0,0,0.015635345158030455,0
Female,1,Yes,No,32,Yes,Yes,DSL,No,Yes,Yes,No,No,No,One year,Yes,Bank transfer (automatic),84.42,2717.19,No,Established_25-48m,2,0,0,0.031057431599704213,0
Male,1,Yes,Yes,70,Yes,No,No,No internet service,No internet service,No internet service,No internet service,No internet service,No internet service,One year,Yes,Bank transfer (automatic),32.4,2288.64,No,Loyal_49-72m,0,0,0,0.014150696179312031,0
Male,1,Yes,No,10,Yes,No,Fiber optic,Yes,No,Yes,Yes,Yes,No,Month-to-month,No,Credit card (automatic),111.31,1122.96,Yes,New_0-12m,4,1,0,0.0990337734438948,0
Female,0,Yes,No,64,No,No phone service,Fiber optic,No,Yes,No,No,No,No,One year,Yes,Electronic check,69.3,4444.01,No,Loyal_49-72m,1,0,0,0.015590516106825405,0
Female,1,No,No,12,Yes,Yes,DSL,Yes,Yes,Yes,Yes,Yes,Yes,Month-to-month,Yes,Bank transfer (automatic),119.66,1434.72,Yes,New_0-12m,6,1,1,0.08334494191067895,0
Female,0,No,No,3,Yes,Yes,DSL,Yes,Yes,Yes,No,No,No,One year,Yes,Electronic check,87.86,266.23,No,New_0-12m,3,0,0,0.32878045129663586,0
Male,0,Yes,Yes,51,Yes,Yes,DSL,No,No,No,No,No,Yes,One year,No,Electronic check,79.42,4056.86,No,Loyal_49-72m,1,0,0,0.01957189257391827,0
Female,0,Yes,No,1,Yes,Yes,DSL,No,Yes,No,Yes,Yes,No,Month-to-month,Yes,Electronic check,96.55,98.65,Yes,New_0-12m,3,0,0,0.9688911189162066,0
Male,0,Yes,No,58,Yes,No,Fiber optic,Yes,Yes,No,No,Yes,Yes,Two year,No,Bank transfer (automatic),115.33,6698.03,No,Loyal_49-72m,4,0,1,0.017215925290676413,0
Male,0,No,No,32,Yes,No,No,No internet service,No internet service,No internet service,No internet service,No internet service,No internet service,Month-to-month,Yes,Credit card (automatic),36.17,1158.13,No,Established_25-48m,0,0,0,0.031204437811116956,0
Male,0,Yes,No,1,No,No phone service,DSL,No,Yes,Yes,Yes,Yes,Yes,Month-to-month,Yes,Electronic check,89.05,89.05,Yes,New_0-12m,5,0,1,0.9888950583009439,0
Male,0,Yes,Yes,9,Yes,Yes,No,No internet service,No internet service,No internet service,No internet service,No internet service,No internet service,Month-to-month,Yes,Credit card (automatic),42.43,385.79,Yes,New_0-12m,0,0,0,0.1096977688151193,0
Female,0,No,No,46,No,No phone service,Fiber optic,No,Yes,Yes,No,No,No,Two year,Yes,Electronic check,77.92,3580.78,No,Established_25-48m,2,0,0,0.02175454662207059,0
Female,0,Yes,No,53,Yes,No,DSL,No,No,Yes,Yes,No,Yes,One year,No,Mailed check,83.99,4473.25,No,Loyal_49-72m,3,0,0,0.01877186120578868,0
Male,0,Yes,No,70,Yes,No,Fiber optic,Yes,No,No,No,Yes,No,One year,No,Bank transfer (automatic),96.15,6724.09,No,Loyal_49-72m,2,0,0,0.014297206431438093,0
Male,0,Yes,No,51,Yes,Yes,DSL,No,No,Yes,Yes,No,Yes,Month-to-month,Yes,Mailed check,95.52,4914.42,Yes,Loyal_49-72m,3,0,0,0.019432723958481675,0
Male,0,No,No,23,Yes,No,Fiber optic,No,Yes,No,No,Yes,Yes,Two year,Yes,Electronic check,109.57,2544.71,Yes,Developing_13-24m,3,0,1,0.04304103766729124,0
Female,0,No,Yes,36,Yes,No,DSL,No,No,No,Yes,No,Yes,Two year,Yes,Credit card (automatic),77.37,2768.33,Yes,Established_25-48m,2,0,0,0.027938165549067827,0
Male,0,No,No,2,Yes,No,Fiber optic,Yes,No,Yes,No,Yes,Yes,Month-to-month,No,Bank transfer (automatic),115.78,250.33,Yes,New_0-12m,4,0,1,0.4606692396450881,1
Male,1,No,No,60,Yes,No,Fiber optic,No,No,Yes,No,Yes,No,Two year,Yes,Credit card (automatic),97.87,5870.32,No,Loyal_49-72m,2,0,0,0.01666916468528372,0
Female,0,No,Yes,54,Yes,Yes,DSL,No,No,No,No,Yes,No,Month-to-month,Yes,Credit card (automatic),81.81,4426.22,Yes,Loyal_49-72m,1,0,0,0.018478864840690095,0
Female,0,No,No,19,No,No phone service,DSL,No,No,No,No,Yes,Yes,Month-to-month,No,Credit card (automatic),66.47,1286.58,Yes,Developing_13-24m,2,0,1,0.05162397676260893,0
Male,0,No,No,2,Yes,No,DSL,No,Yes,Yes,No,Yes,No,Month-to-month,No,Mailed check,84.22,156.81,No,New_0-12m,3,0,0,0.5336797414612509,0
Female,0,Yes,No,39,Yes,No,Fiber optic,Yes,Yes,Yes,Yes,No,No,One year,Yes,Credit card (automatic),106.93,4163.32,No,Established_25-48m,4,1,0,0.025677661659046377,0
Female,1,No,No,26,Yes,No,No,No internet service,No internet service,No internet service,No internet service,No internet service,No internet service,One year,No,Credit card (automatic),32.98,868.78,No,Established_25-48m,0,0,0,0.03791763434431695,0
Male,0,Yes,Yes,51,Yes,No,DSL,No,Yes,Yes,No,No,Yes,Two year,Yes,Electronic check,82.39,4196.39,No,Loyal_49-72m,3,0,0,0.019628864603956266,0
Female,0,Yes,No,6,Yes,No,Fiber optic,No,No,No,No,No,No,Two year,Yes,Credit card (automatic),81.18,453.71,No,New_0-12m,0,0,0,0.17853137164346508,0
Male,0,No,No,2,Yes,No,Fiber optic,No,Yes,No,Yes,Yes,Yes,One year,No,Bank transfer (automatic),120.37,255.2,Yes,New_0-12m,4,0,1,0.4698282591725215,0
Female,0,Yes,Yes,22,Yes,Yes,DSL,Yes,Yes,Yes,No,Yes,Yes,Month-to-month,Yes,Bank transfer (automatic),111.75,2464.04,Yes,Developing_13-24m,5,0,1,0.04533394995618732,0
Male,0,No,No,71,Yes,Yes,Fiber optic,No,No,No,No,Yes,Yes,Two year,Yes,Electronic check,113.33,8046.08,No,Loyal_49-72m,2,0,1,0.014083369371250192,0
Male,0,Yes,Yes,37,Yes,No,DSL,No,No,Yes,Yes,Yes,No,Two year,No,Electronic check,86.3,3194.98,No,Established_25-48m,3,0,0,0.02700267210683421,0
Male,0,No,No,67,Yes,No,Fiber optic,Yes,Yes,No,No,No,No,Two year,Yes,Bank transfer (automatic),94.03,6333.58,No,Loyal_49-72m,2,0,0,0.014843920196761269,0
Female,0,No,No,20,Yes,No,Fiber optic,Yes,No,Yes,Yes,No,Yes,Month-to-month,No,Electronic check,110.72,2229.59,Yes,Developing_13-24m,4,1,0,0.04963709153183687,0
Male,0,No,No,65,Yes,Yes,DSL,No,No,Yes,No,No,Yes,Two year,Yes,Electronic check,87.27,5659.64,No,Loyal_49-72m,2,0,0,0.01541698465191215,0
Female,1,Yes,No,61,Yes,No,Fiber optic,Yes,Yes,Yes,No,Yes,Yes,Month-to-month,Yes,Electronic check,121.23,7396.88,Yes,Loyal_49-72m,5,0,1,0.016387127122905482,1
Male,1,Yes,No,71,Yes,No,Fiber optic,No,Yes,No,No,No,Yes,One year,Yes,Credit card (automatic),95.87,6824.56,Yes,Loyal_49-72m,2,0,0,0.014045733976406332,0
Male,0,No,No,32,Yes,No,DSL,Yes,Yes,Yes,No,No,Yes,Month-to-month,Yes,Mailed check,91.28,2938.43,Yes,Established_25-48m,4,0,0,0.031053639651224898,0
Female,0,Yes,No,55,Yes,Yes,DSL,Yes,No,Yes,No,No,Yes,Two year,Yes,Bank transfer (automatic),94.39,5168.91,No,Loyal_49-72m,3,0,0,0.018257571214972797,0
Male,0,No,No,30,Yes,Yes,DSL,Yes,No,No,No,Yes,Yes,Month-to-month,No,Credit card (automatic),96.97,2901.58,Yes,Established_25-48m,3,0,1,0.033408209248323904,0
Male,0,No,No,68,Yes,Yes,Fiber optic,Yes,Yes,No,Yes,Yes,No,One year,Yes,Electronic check,121.98,8277.63,Yes,Loyal_49-72m,4,1,0,0.014734321983226694,0
Female,0,Yes,Yes,8,Yes,No,DSL,No,Yes,No,Yes,No,No,Month-to-month,Yes,Electronic check,76.49,621.51,Yes,New_0-12m,2,0,0,0.12287352813609419,0
Male,1,Yes,No,9,Yes,No,Fiber optic,Yes,Yes,No,No,Yes,No,Month-to-month,Yes,Electronic check,104.41,926.08,Yes,New_0-12m,3,0,0,0.11262242740648055,1
Male,1,Yes,Yes,54,Yes,No,Fiber optic,Yes,No,Yes,No,No,No,One year,No,Credit card (automatic),94.41,5121.46,Yes,Loyal_49-72m,2,0,0,0.018430597798713897,0
Male,0,No,No,6,Yes,Yes,No,No internet service,No internet service,No internet service,No internet service,No internet service,No internet service,Month-to-month,No,Mailed check,44.16,284.39,Yes,New_0-12m,0,0,0,0.15473562493430043,0
Male,0,Yes,No,56,No,No phone service,Fiber optic,No,No,Yes,No,Yes,Yes,One year,No,Mailed check,96.45,5397.5,No,Loyal_49-72m,3,0,1,0.017866073909419283,0
Female,0,Yes,No,30,Yes,No,Fiber optic,No,No,Yes,No,Yes,No,Month-to-month,No,Bank transfer (automatic),99.97,2980.13,No,Established_25-48m,2,0,0,0.0335342638529685,1
Female,0,Yes,No,35,Yes,No,Fiber optic,No,No,No,Yes,No,No,Month-to-month,No,Electronic check,87.89,3064.32,Yes,Established_25-48m,1,0,0,0.02867237352054598,0
Male,0,No,No,65,Yes,No,No,No internet service,No internet service,No internet service,No internet service,No internet service,No internet service,Month-to-month,No,Bank transfer (automatic),34.38,2241.47,Yes,Loyal_49-72m,0,0,0,0.015331308780050571,0
Female,0,Yes,Yes,41,Yes,Yes,DSL,Yes,No,No,Yes,No,Yes,Two year,No,Electronic check,97.65,4016.43,No,Established_25-48m,3,1,0,0.02430658405995873,0
Male,0,Yes,Yes,31,Yes,No,DSL,No,No,Yes,Yes,No,Yes,Month-to-month,Yes,Mailed check,86.81,2690.53,Yes,Established_25-48m,3,0,0,0.03225303080404082,0
Female,0,No,No,5,Yes,No,DSL,No,No,Yes,No,No,Yes,Month-to-month,Yes,Electronic check,79.43,358.63,Yes,New_0-12m,2,0,0,0.22086588994244086,0
Male,0,No,No,39,Yes,Yes,Fiber optic,No,No,No,Yes,Yes,No,One year,No,Electronic check,110.62,4324.38,Yes,Established_25-48m,2,0,0,0.025574631593062343,0
Male,1,No,No,9,Yes,No,DSL,Yes,Yes,No,Yes,Yes,No,Month-to-month,Yes,Mailed check,91.88,796.61,Yes,New_0-12m,4,1,0,0.1151941425007209,0
Male,0,Yes,Yes,69,Yes,No,DSL,Yes,Yes,No,No,Yes,No,One year,Yes,Electronic check,83.87,5755.24,No,Loyal_49-72m,3,0,0,0.014570275040651538,0
Male,0,Yes,No,70,Yes,No,Fiber optic,Yes,No,Yes,Yes,Yes,No,Month-to-month,Yes,Credit card (automatic),111.47,7817.87,Yes,Loyal_49-72m,4,1,0,0.014256535790977468,0
Male,0,No,No,71,Yes,Yes,No,No internet service,No internet service,No internet service,No internet service,No internet service,No internet service,One year,No,Electronic check,45.6,3219.81,No,Loyal_49-72m,0,0,0,0.014157929216563536,0
Male,0,Yes,Yes,58,Yes,No,No,No internet service,No internet service,No internet service,No internet service,No internet service,No internet service,Two year,Yes,Bank transfer (automatic),34.73,2018.1,No,Loyal_49-72m,0,0,0,0.017200732999851417,0
Female,0,No,No,38,No,No phone service,Fiber optic,Yes,No,Yes,No,Yes,No,Two year,Yes,Electronic check,89.38,3397.82,No,Established_25-48m,3,0,0,0.026297362025644193,0
Male,0,No,No,69,Yes,No,Fiber optic,Yes,Yes,Yes,No,No,Yes,Month-to-month,No,Electronic check,108.81,7495.81,Yes,Loyal_49-72m,4,0,0,0.014514173361736524,1
Female,1,Yes,No,16,Yes,Yes,No,No internet service,No internet service,No internet service,No internet service,No internet service,No internet service,One year,Yes,Bank transfer (automatic),43.72,702.61,No,Developing_13-24m,0,0,0,0.06213669504412956,0
Male,0,No,No,69,Yes,No,No,No internet service,No internet service,No internet service,No internet service,No internet service,No internet service,Month-to-month,No,Bank transfer (automatic),35.88,2467.46,No,Loyal_49-72m,0,0,0,0.014535378333049756,0
Female,1,No,No,13,Yes,Yes,No,No internet service,No internet service,No internet service,No internet service,No internet service,No internet service,Month-to-month,No,Electronic check,45.58,593.25,No,Developing_13-24m,0,0,0,0.07670172486327304,0
Female,0,Yes,Yes,47,Yes,Yes,Fiber optic,No,No,No,Yes,No,Yes,Month-to-month,Yes,Bank transfer (automatic),109.36,5134.13,Yes,Established_25-48m,2,0,0,0.021296442349073928,0
Female,0,No,No,69,No,No phone service,DSL,No,Yes,No,Yes,No,No,Two year,No,Electronic check,61.07,4206.31,No,Loyal_49-72m,2,0,0,0.01451521280818385,0
Male,0,Yes,No,27,Yes,No,DSL,No,No,No,Yes,No,Yes,One year,Yes,Electronic check,78.77,2116.9,Yes,Established_25-48m,2,0,0,0.03719250200670475,0
Male,0,Yes,Yes,21,Yes,No,No,No internet service,No internet service,No internet service,No internet service,No internet service,No internet service,Month-to-month,No,Bank transfer (automatic),35.66,735.38,No,Developing_13-24m,0,0,0,0.048426084358619184,0
Female,0,Yes,No,54,Yes,Yes,DSL,Yes,Yes,No,No,No,No,One year,Yes,Mailed check,82.69,4478.05,No,Loyal_49-72m,2,0,0,0.018461504113595515,0
Male,0,No,No,28,Yes,Yes,DSL,No,No,No,Yes,No,No,One year,Yes,Electronic check,78.08,2179.45,No,Established_25-48m,1,0,0,0.0358091219702355,0
Female,0,No,No,17,Yes,Yes,Fiber optic,No,Yes,Yes,Yes,Yes,Yes,Month-to-month,Yes,Mailed check,135.9,2293.33,Yes,Developing_13-24m,5,0,1,0.05923297869094682,0
Male,1,No,No,70,Yes,No,DSL,No,No,Yes,Yes,Yes,Yes,Month-to-month,No,Mailed check,100.44,7024.67,Yes,Loyal_49-72m,4,0,1,0.01429614542100611,0
Female,1,Yes,No,44,Yes,Yes,No,No internet service,No internet service,No internet service,No internet service,No internet service,No internet service,Two year,No,Bank transfer (automatic),43.27,1895.96,No,Established_25-48m,0,0,0,0.022810180499325237,0
Female,1,No,No,55,Yes,No,DSL,No,Yes,No,No,No,Yes,Month-to-month,No,Electronic check,74.59,4096.54,No,Loyal_49-72m,2,0,0,0.0182036050898832,0
Male,0,Yes,Yes,58,Yes,No,DSL,No,No,No,No,No,Yes,Two year,No,Credit card (automatic),71.27,4144.36,No,Loyal_49-72m,1,0,0,0.017192716675994365,0
Female,0,No,No,71,Yes,Yes,No,No internet service,No internet service,No internet service,No internet service,No internet service,No internet service,Month-to-month,No,Electronic check,43.53,3081.21,Yes,Loyal_49-72m,0,0,0,0.014122983184143845,0
Male,0,Yes,Yes,55,Yes,Yes,DSL,Yes,No,Yes,No,No,No,Month-to-month,Yes,Mailed check,81.34,4468.01,Yes,Loyal_49-72m,2,0,0,0.01820089908055699,0
Female,0,Yes,Yes,40,No,No phone service,No,No internet service,No internet service,No internet service,No internet service,No internet service,No internet service,Two year,No,Bank transfer (automatic),22.73,918.85,No,Established_25-48m,0,0,0,0.02471055063325542,0
Female,0,Yes,Yes,37,Yes,No,Fiber optic,No,Yes,No,No,Yes,Yes,Two year,Yes,Electronic check,114.04,4226.14,No,Established_25-48m,3,0,1,0.026978051353870464,0
Male,0,No,No,35,Yes,Yes,Fiber optic,No,Yes,Yes,Yes,Yes,No,One year,No,Credit card (automatic),120.58,4209.99,No,Established_25-48m,4,0,0,0.028634596615047768,0
Male,0,Yes,No,30,Yes,No,DSL,No,Yes,No,No,No,Yes,Month-to-month,No,Bank transfer (automatic),78.34,2364.69,Yes,Established_25-48m,2,0,0,0.033115074248950625,0
Male,0,No,No,49,Yes,No,Fiber optic,No,No,Yes,No,Yes,No,One year,No,Mailed check,98.3,4830.34,No,Loyal_49-72m,2,0,0,0.020346322138371547,0
Female,1,Yes,Yes,23,Yes,Yes,DSL,No,No,No,Yes,Yes,No,Month-to-month,No,Electronic check,90.52,2094.55,Yes,Developing_13-24m,2,0,0,0.043196296914891075,0
Male,0,Yes,Yes,23,Yes,No,No,No internet service,No internet service,No internet service,No internet service,No internet service,No internet service,One year,Yes,Electronic check,32.94,762.16,No,Developing_13-24m,0,0,0,0.043162639551339164,0
Female,0,Yes,No,25,Yes,Yes,DSL,Yes,No,No,Yes,No,Yes,One year,Yes,Credit card (automatic),97.85,2443.65,No,Established_25-48m,3,1,0,0.04002617961671404,0
Female,0,No,No,69,Yes,Yes,DSL,No,No,Yes,No,No,No,Two year,No,Electronic check,77.35,5321.04,Yes,Loyal_49-72m,1,0,0,0.014533900534381552,0
Male,1,No,No,17,Yes,No,No,No internet service,No internet service,No internet service,No internet service,No internet service,No internet service,One year,Yes,Electronic check,34.28,562.01,No,Developing_13-24m,0,0,0,0.06088701799257562,0
Male,0,Yes,Yes,7,Yes,Yes,Fiber optic,No,Yes,Yes,No,No,No,Month-to-month,Yes,Electronic check,103.85,725.68,Yes,New_0-12m,2,0,0,0.1429102218307921,1
Female,0,Yes,Yes,63,Yes,No,Fiber optic,Yes,No,No,Yes,No,Yes,Month-to-month,Yes,Electronic check,103.84,6542.13,Yes,Loyal_49-72m,3,1,0,0.015870080527209455,0
Female,0,Yes,No,29,Yes,No,Fiber optic,No,Yes,No,Yes,No,Yes,Month-to-month,Yes,Electronic check,103.46,2996.42,No,Established_25-48m,3,0,0,0.034516350728293,0
Male,1,No,No,60,Yes,Yes,DSL,No,Yes,Yes,No,No,Yes,Two year,Yes,Credit card (automatic),94.4,5662.33,No,Loyal_49-72m,3,0,0,0.016668638415914313,0
Male,0,Yes,No,19,Yes,Yes,DSL,No,Yes,No,Yes,No,Yes,Month-to-month,No,Bank transfer (automatic),96.65,1856.8,No,Developing_13-24m,3,0,0,0.05202389923565508,0
Male,0,No,No,72,Yes,No,No,No internet service,No internet service,No internet service,No internet service,No internet service,No internet service,One year,Yes,Bank transfer (automatic),34.75,2526.41,No,Loyal_49-72m,0,0,0,0.013749253188046262,0
Male,0,No,Yes,69,Yes,No,DSL,No,No,No,Yes,No,No,Two year,Yes,Credit card (automatic),69.66,4789.95,No,Loyal_49-72m,1,0,0,0.014539913795802502,0
Male,0,Yes,Yes,30,Yes,No,Fiber optic,Yes,No,Yes,Yes,Yes,No,Month-to-month,No,Electronic check,111.01,3334.63,Yes,Established_25-48m,4,1,0,0.03328007003174813,0
Female,0,No,Yes,69,Yes,No,Fiber optic,Yes,No,Yes,No,No,No,Month-to-month,Yes,Credit card (automatic),93.81,6473.67,Yes,Loyal_49-72m,2,0,0,0.014488769311795041,1
Female,1,No,Yes,29,Yes,Yes,DSL,Yes,Yes,No,Yes,No,Yes,Two year,No,Electronic check,103.18,3002.34,No,Established_25-48m,4,1,0,0.03435508467239806,0
Female,0,No,No,22,Yes,No,Fiber optic,Yes,Yes,No,No,Yes,No,Month-to-month,Yes,Electronic check,106.79,2375.38,Yes,Developing_13-24m,3,0,0,0.04493809912556073,1
Female,0,Yes,Yes,14,Yes,No,Fiber optic,No,Yes,Yes,No,No,No,Two year,Yes,Electronic check,89.34,1283.58,No,Developing_13-24m,2,0,0,0.06954802347849103,0
Male,0,Yes,Yes,72,Yes,Yes,No,No internet service,No internet service,No internet service,No internet service,No internet service,No internet service,Month-to-month,Yes,Mailed check,44.27,3198.23,No,Loyal_49-72m,0,0,0,0.013837704697692884,0
Male,0,Yes,Yes,68,Yes,No,DSL,Yes,Yes,Yes,Yes,Yes,No,Two year,No,Electronic check,96.64,6572.12,No,Loyal_49-72m,5,1,0,0.014702302711649871,0
Male,0,Yes,Yes,2,Yes,No,DSL,No,Yes,No,Yes,Yes,Yes,One year,Yes,Bank transfer (automatic),99.17,192.9,Yes,New_0-12m,4,0,1,0.5114492006188757,0
Female,0,Yes,No,20,No,No phone service,No,No internet service,No internet service,No internet service,No internet service,No internet service,No internet service,Two year,No,Mailed check,22.36,484.5,No,Developing_13-24m,0,0,0,0.04605561277033986,0
Female,0,Yes,No,48,Yes,Yes,DSL,No,No,Yes,Yes,No,Yes,Two year,No,Mailed check,95.44,4569.61,No,Established_25-48m,3,0,0,0.02088123904686683,0
Male,0,No,No,13,Yes,No,Fiber optic,Yes,No,No,No,No,No,Two year,No,Bank transfer (automatic),86.9,1142.04,No,Developing_13-24m,1,0,0,0.0760253359462486,0
Male,0,Yes,No,72,No,No phone service,No,No internet service,No internet service,No internet service,No internet service,No internet service,No internet service,One year,Yes,Credit card (automatic),22.17,1592.28,No,Loyal_49-72m,0,0,0,0.01391469170516168,0
Female,0,Yes,Yes,28,Yes,Yes,Fiber optic,No,Yes,No,No,No,Yes,One year,Yes,Credit card (automatic),108.49,3017.64,Yes,Established_25-48m,2,0,0,0.03594002597196088,0
Female,1,Yes,Yes,61,Yes,No,Fiber optic,Yes,Yes,Yes,No,No,Yes,Two year,Yes,Mailed check,111.05,6799.78,No,Loyal_49-72m,4,0,0,0.016329009319519232,0
Male,0,No,No,67,Yes,No,DSL,No,Yes,No,Yes,Yes,Yes,Two year,Yes,Credit card (automatic),95.03,6340.88,No,Loyal_49-72m,4,0,1,0.014984515632588444,0
Male,0,No,Yes,68,Yes,No,Fiber optic,No,Yes,No,No,No,No,Two year,No,Mailed check,88.35,5975.57,Yes,Loyal_49-72m,1,0,0,0.014782726547166686,0
Female,0,No,Yes,11,Yes,No,DSL,No,No,Yes,Yes,No,No,Month-to-month,Yes,Mailed check,73.55,819.55,Yes,New_0-12m,2,0,0,0.08963500091402109,0
Male,0,Yes,Yes,19,Yes,No,No,No internet service,No internet service,No internet service,No internet service,No internet service,No internet service,One year,Yes,Electronic check,39.0,736.44,No,Developing_13-24m,0,0,0,0.05288565849425038,0
Male,0,No,No,33,Yes,No,DSL,No,No,Yes,No,Yes,No,One year,No,Electronic check,76.72,2538.23,Yes,Established_25-48m,2,0,0,0.030213883736408282,0
Male,0,Yes,Yes,64,Yes,No,No,No internet service,No internet service,No internet service,No internet service,No internet service,No internet service,Two year,Yes,Electronic check,35.71,2285.33,No,Loyal_49-72m,0,0,0,0.01561891765405694,0
Female,1,Yes,No,50,Yes,No,Fiber optic,No,Yes,No,No,No,Yes,Month-to-month,Yes,Bank transfer (automatic),99.24,4971.01,Yes,Loyal_49-72m,2,0,0,0.01995973459425866,1
Female,0,Yes,No,52,Yes,No,DSL,No,Yes,Yes,Yes,No,Yes,Month-to-month,No,Mailed check,88.25,4584.56,Yes,Loyal_49-72m,4,0,0,0.01924519578851874,0
Female,0,Yes,Yes,29,Yes,Yes,Fiber optic,Yes,No,No,Yes,Yes,No,Two year,Yes,Mailed check,118.67,3454.96,Yes,Established_25-48m,3,1,0,0.03433778168728805,0
Female,0,Yes,Yes,3,Yes,Yes,DSL,No,Yes,No,No,Yes,No,Month-to-month,No,Electronic check,89.11,281.3,Yes,New_0-12m,2,0,0,0.31565710237336164,0
Female,1,No,No,43,Yes,Yes,DSL,Yes,Yes,No,No,No,No,One year,Yes,Mailed check,79.76,3452.91,Yes,Established_25-48m,2,0,0,0.023092668888303403,0
Female,0,No,No,9,Yes,Yes,DSL,Yes,No,Yes,Yes,Yes,Yes,One year,No,Mailed check,114.55,1049.91,No,New_0-12m,5,1,1,0.10900077076057892,0
Female,0,Yes,Yes,10,Yes,No,No,No internet service,No internet service,No internet service,No internet service,No internet service,No internet service,One year,Yes,Bank transfer (automatic),35.55,353.9,Yes,New_0-12m,0,0,0,0.10016906170752324,0
Male,0,No,No,50,Yes,No,DSL,Yes,Yes,No,Yes,Yes,Yes,Month-to-month,No,Mailed check,103.8,5200.44,No,Loyal_49-72m,5,1,1,0.019956012181242117,0
Male,0,Yes,No,71,Yes,Yes,No,No internet service,No internet service,No internet service,No internet service,No internet service,No internet service,Month-to-month,Yes,Mailed check,44.11,3138.07,No,Loyal_49-72m,0,0,0,0.014051932578757401,0
Male,0,Yes,Yes,33,Yes,No,DSL,No,No,No,No,No,No,One year,Yes,Electronic check,59.9,1983.02,No,Established_25-48m,0,0,0,0.03019122791100896,0
Male,0,No,No,33,Yes,No,Fiber optic,Yes,No,No,Yes,No,Yes,One year,Yes,Electronic check,107.29,3520.71,No,Established_25-48m,3,1,0,0.03046531372543452,0
Male,0,No,No,62,Yes,No,No,No internet service,No internet service,No internet service,No internet service,No internet service,No internet service,Month-to-month,Yes,Electronic check,36.23,2257.56,Yes,Loyal_49-72m,0,0,0,0.016041194389345422,0
Male,1,Yes,Yes,67,Yes,No,No,No internet service,No internet service,No internet service,No internet service,No internet service,No internet service,Two year,No,Electronic check,35.01,2354.8,No,Loyal_49-72m,0,0,0,0.014861193649715594,0
Male,0,Yes,No,2,Yes,No,DSL,No,No,No,Yes,Yes,Yes,Month-to-month,No,Electronic check,92.34,211.98,Yes,New_0-12m,3,0,1,0.43356183679218707,0
Female,1,No,No,54,Yes,Yes,Fiber optic,No,Yes,Yes,No,Yes,Yes,One year,Yes,Electronic check,125.81,6811.22,No,Loyal_49-72m,4,0,1,0.018468281999113358,0
Female,0,No,No,65,Yes,Yes,DSL,No,No,Yes,No,Yes,Yes,Two year,Yes,Electronic check,98.54,6407.34,No,Loyal_49-72m,3,0,1,0.015376837059207222,0
Male,0,No,No,29,Yes,No,Fiber optic,No,No,Yes,No,No,No,One year,No,Bank transfer (automatic),85.91,2489.86,Yes,Established_25-48m,1,0,0,0.034490095790209,0
Male,0,Yes,No,64,No,No phone service,Fiber optic,Yes,Yes,Yes,Yes,No,Yes,Month-to-month,No,Electronic check,101.9,6506.54,Yes,Loyal_49-72m,5,1,0,0.015658758916579845,0
Female,0,Yes,Yes,18,Yes,Yes,Fiber optic,No,Yes,Yes,Yes,Yes,Yes,Month-to-month,Yes,Bank transfer (automatic),132.51,2412.45,Yes,Developing_13-24m,5,0,1,0.054904804325757735,0
Male,0,Yes,Yes,60,Yes,No,DSL,No,No,Yes,Yes,No,Yes,One year,No,Bank transfer (automatic),82.37,4926.22,No,Loyal_49-72m,3,0,0,0.016717337565604947,0
Male,0,Yes,No,8,Yes,Yes,DSL,No,No,Yes,Yes,Yes,No,One year,No,Mailed check,95.39,735.09,Yes,New_0-12m,3,0,0,0.12959013164151123,0
Female,0,No,Yes,63,Yes,Yes,DSL,Yes,No,No,No,No,Yes,One year,Yes,Mailed check,89.18,5631.84,No,Loyal_49-72m,2,0,0,0.015832155715411765,0
Male,0,Yes,Yes,60,Yes,No,DSL,No,No,Yes,Yes,No,No,One year,Yes,Bank transfer (automatic),75.83,4551.1,No,Loyal_49-72m,2,0,0,0.016658245644867203,0
Female,0,Yes,No,72,Yes,Yes,No,No internet service,No internet service,No internet service,No internet service,No internet service,No internet service,Two year,No,Electronic check,45.67,3292.21,No,Loyal_49-72m,0,0,0,0.013867928252373825,0
Male,0,No,No,31,Yes,No,DSL,No,No,No,No,Yes,Yes,Month-to-month,Yes,Electronic check,82.06,2546.66,Yes,Established_25-48m,2,0,1,0.03220994952230675,0
Female,1,No,No,2,Yes,No,Fiber optic,Yes,Yes,Yes,No,Yes,Yes,Month-to-month,No,Bank transfer (automatic),121.77,227.67,Yes,New_0-12m,5,0,1,0.5325141032929549,1
Female,0,Yes,Yes,39,Yes,Yes,Fiber optic,Yes,No,No,Yes,No,No,Month-to-month,Yes,Bank transfer (automatic),102.27,3994.06,No,Established_25-48m,2,1,0,0.025599114906910032,0
Female,0,No,No,72,No,No phone service,Fiber optic,No,No,No,No,Yes,No,Month-to-month,Yes,Mailed check,79.86,5745.08,Yes,Loyal_49-72m,1,0,0,0.013898170578899006,1
Male,0,No,No,11,Yes,Yes,Fiber optic,Yes,No,No,Yes,Yes,Yes,Two year,Yes,Credit card (automatic),127.42,1394.68,Yes,New_0-12m,4,1,1,0.09129599908288433,0
Female,0,No,No,56,Yes,Yes,Fiber optic,No,No,Yes,No,Yes,Yes,One year,Yes,Mailed check,119.26,6699.91,No,Loyal_49-72m,3,0,1,0.01779758271637733,0
Male,0,Yes,Yes,42,Yes,Yes,Fiber optic,Yes,Yes,No,No,Yes,Yes,Two year,No,Electronic check,127.38,5361.83,Yes,Established_25-48m,4,0,1,0.023752384468648084,0
Male,0,No,No,15,Yes,Yes,Fiber optic,No,No,No,No,No,Yes,One year,No,Bank transfer (automatic),101.94,1494.59,Yes,Developing_13-24m,1,0,0,0.06816039155116041,0
Male,0,No,No,24,Yes,Yes,No,No internet service,No internet service,No internet service,No internet service,No internet service,No internet service,Month-to-month,No,Credit card (automatic),46.61,1121.88,Yes,Developing_13-24m,0,0,0,0.04150933314334568,0
Male,0,Yes,Yes,6,Yes,Yes,No,No internet service,No internet service,No internet service,No internet service,No internet service,No internet service,Month-to-month,Yes,Bank transfer (automatic),43.32,275.91,No,New_0-12m,0,0,0,0.1564407208118161,0
Female,0,Yes,No,56,No,No phone service,Fiber optic,No,Yes,Yes,No,No,Yes,Two year,Yes,Credit card (automatic),89.13,4972.59,Yes,Loyal_49-72m,3,0,0,0.01792065690979755,0
Female,0,No,No,71,Yes,No,DSL,No,No,Yes,No,No,Yes,Two year,Yes,Electronic check,78.76,5579.0,No,Loyal_49-72m,2,0,0,0.014114695340501793,0
Male,1,Yes,No,35,Yes,No,Fiber optic,Yes,No,No,No,Yes,Yes,Month-to-month,No,Electronic check,106.07,3727.45,Yes,Established_25-48m,3,0,1,0.02844881921441886,1
Male,0,No,No,36,Yes,No,Fiber optic,No,Yes,No,No,Yes,Yes,Two year,No,Electronic check,108.98,3916.47,Yes,Established_25-48m,3,0,1,0.027818975001723055,0
Female,0,Yes,No,18,Yes,No,Fiber optic,Yes,Yes,No,Yes,No,Yes,Two year,No,Bank transfer (automatic),111.08,1969.77,No,Developing_13-24m,4,1,0,0.05636375629829965,0
Male,0,Yes,Yes,17,Yes,Yes,Fiber optic,Yes,Yes,No,Yes,Yes,No,Month-to-month,No,Mailed check,122.08,2093.36,Yes,Developing_13-24m,4,1,0,0.0582898833056399,0
Female,0,Yes,Yes,48,Yes,No,Fiber optic,Yes,No,No,Yes,No,Yes,Month-to-month,Yes,Mailed check,105.53,5062.83,Yes,Established_25-48m,3,1,0,0.020839957107564828,0
Male,1,No,No,57,Yes,No,Fiber optic,No,No,Yes,No,No,Yes,One year,Yes,Electronic check,98.44,5616.69,No,Loyal_49-72m,2,0,0,0.017523216838237782,0
Male,0,Yes,No,32,Yes,Yes,DSL,Yes,No,No,No,Yes,No,One year,Yes,Bank transfer (automatic),87.65,2804.06,No,Established_25-48m,2,0,0,0.031247103448767587,0
Female,0,No,No,38,Yes,No,Fiber optic,No,Yes,No,No,No,Yes,Two year,Yes,Credit card (automatic),99.72,3806.17,Yes,Established_25-48m,2,0,0,0.026192683804505706,0
Male,1,No,No,6,Yes,No,DSL,No,No,Yes,Yes,No,Yes,One year,Yes,Electronic check,89.17,518.54,Yes,New_0-12m,3,0,0,0.1716325980675213,0
Female,0,No,No,36,Yes,No,Fiber optic,No,No,No,No,Yes,Yes,Month-to-month,No,Electronic check,101.75,3672.96,Yes,Established_25-48m,2,0,1,0.027694912301712594,1
Male,0,No,No,44,Yes,Yes,DSL,No,No,Yes,No,Yes,No,Two year,Yes,Electronic check,88.04,3893.54,No,Established_25-48m,2,0,0,0.022606007384697552,0
Male,0,No,No,53,No,No phone service,DSL,Yes,No,No,Yes,No,Yes,Two year,Yes,Electronic check,72.63,3829.15,No,Loyal_49-72m,3,1,0,0.01896270381055572,0
Male,0,Yes,Yes,19,Yes,No,DSL,No,No,Yes,No,No,No,One year,Yes,Mailed check,64.95,1222.96,Yes,Developing_13-24m,1,0,0,0.0530654596555443,0
Female,0,No,No,48,Yes,Yes,No,No internet service,No internet service,No internet service,No internet service,No internet service,No internet service,Two year,Yes,Bank transfer (automatic),45.42,2204.83,No,Established_25-48m,0,0,0,0.02059088869042492,0
Male,1,No,No,16,Yes,No,Fiber optic,No,No,No,No,Yes,No,One year,No,Credit card (automatic),91.43,1479.1,Yes,Developing_13-24m,1,0,0,0.061772853185595576,0
Male,1,Yes,No,71,Yes,Yes,Fiber optic,Yes,Yes,No,No,No,Yes,Two year,No,Electronic check,112.49,7974.5,No,Loyal_49-72m,3,0,0,0.014104444862391072,0
Male,0,Yes,Yes,5,No,No phone service,No,No internet service,No internet service,No internet service,No internet service,No internet service,No internet service,Month-to-month,Yes,Electronic check,18.5,74.28,Yes,New_0-12m,0,0,0,0.2457492029755579,0
Male,0,No,No,14,Yes,No,Fiber optic,Yes,Yes,No,No,Yes,No,Month-to-month,Yes,Mailed check,100.29,1408.3,Yes,Developing_13-24m,3,0,0,0.07116298871780317,1
Female,0,Yes,No,35,Yes,No,Fiber optic,Yes,No,No,Yes,Yes,Yes,One year,Yes,Electronic check,118.25,4143.69,Yes,Established_25-48m,4,1,1,0.02853048116988243,0
Female,1,No,No,21,Yes,No,Fiber optic,No,Yes,Yes,No,No,Yes,One year,No,Electronic check,104.35,2190.46,Yes,Developing_13-24m,3,0,0,0.047616657388225195,0
Male,0,Yes,Yes,13,Yes,No,DSL,Yes,Yes,Yes,No,Yes,No,Month-to-month,No,Electronic check,88.57,1186.41,Yes,Developing_13-24m,4,0,0,0.07459091636418759,0
Female,0,Yes,Yes,48,Yes,No,DSL,No,No,Yes,No,Yes,Yes,Month-to-month,Yes,Mailed check,89.58,4309.54,Yes,Established_25-48m,3,0,1,0.020781619008291303,0
Male,0,No,No,4,No,No phone service,DSL,Yes,No,No,No,Yes,No,Month-to-month,Yes,Bank transfer (automatic),60.84,230.75,Yes,New_0-12m,2,0,0,0.2625242718446602,0
Male,0,Yes,Yes,48,Yes,No,Fiber optic,Yes,No,Yes,No,Yes,No,One year,Yes,Bank transfer (automatic),104.8,5046.26,Yes,Established_25-48m,3,0,0,0.020763741118943742,0
Male,0,Yes,No,40,Yes,No,DSL,No,Yes,No,Yes,No,Yes,One year,No,Electronic check,85.4,3416.87,No,Established_25-48m,3,0,0,0.024986321890534166,0
Female,0,No,Yes,43,Yes,Yes,Fiber optic,No,Yes,Yes,No,No,Yes,One year,Yes,Credit card (automatic),115.16,4941.73,Yes,Established_25-48m,3,0,0,0.023298865202023983,0
Female,0,Yes,Yes,53,Yes,No,Fiber optic,Yes,Yes,Yes,No,Yes,Yes,Month-to-month,No,Electronic check,121.52,6454.08,Yes,Loyal_49-72m,5,0,1,0.0188254831853362,1
Female,1,No,No,33,Yes,Yes,DSL,No,Yes,Yes,Yes,No,No,Two year,Yes,Mailed check,88.52,2943.29,Yes,Established_25-48m,3,0,0,0.030064973219349995,0
Female,0,No,No,13,Yes,Yes,No,No internet service,No internet service,No internet service,No internet service,No internet service,No internet service,One year,Yes,Bank transfer (automatic),44.2,577.84,No,Developing_13-24m,0,0,0,0.07635961578329072,0
Female,0,No,No,11,Yes,No,No,No internet service,No internet service,No internet service,No internet service,No internet service,No internet service,Month-to-month,Yes,Electronic check,37.26,395.2,No,New_0-12m,0,0,0,0.09404341241797072,0
Female,1,Yes,No,7,Yes,No,DSL,No,No,Yes,No,Yes,No,Month-to-month,No,Bank transfer (automatic),81.14,569.68,No,New_0-12m,2,0,0,0.14218125744725593,0
Female,0,Yes,No,44,Yes,Yes,No,No internet service,No internet service,No internet service,No internet service,No internet service,No internet service,One year,No,Credit card (automatic),42.74,1866.22,Yes,Established_25-48m,0,0,0,0.02288964342712696,0
Female,0,No,No,72,Yes,Yes,Fiber optic,No,No,No,No,Yes,Yes,One year,Yes,Electronic check,115.36,8309.32,No,Loyal_49-72m,2,0,1,0.01388153524774016,0
Female,0,No,No,54,Yes,Yes,Fiber optic,No,No,Yes,Yes,No,No,Month-to-month,Yes,Mailed check,102.34,5537.68,Yes,Loyal_49-72m,2,0,0,0.018477326727667963,0
Male,0,No,No,70,Yes,Yes,DSL,No,No,No,No,Yes,No,Two year,Yes,Electronic check,80.86,5630.55,Yes,Loyal_49-72m,1,0,0,0.014358391561825784,0
Female,0,No,No,64,Yes,No,DSL,Yes,Yes,Yes,Yes,Yes,Yes,Two year,No,Electronic check,110.31,7070.57,No,Loyal_49-72m,6,1,1,0.015599081957754786,0
Female,1,Yes,Yes,71,Yes,No,No,No internet service,No internet service,No internet service,No internet service,No internet service,No internet service,Two year,No,Electronic check,35.73,2531.22,No,Loyal_49-72m,0,0,0,0.014110148407326377,0
Female,0,Yes,Yes,8,Yes,Yes,No,No internet service,No internet service,No internet service,No internet service,No internet service,No internet service,Month-to-month,No,Bank transfer (automatic),43.91,342.85,No,New_0-12m,0,0,0,0.12770103242693032,0
Female,0,Yes,Yes,3,Yes,Yes,Fiber optic,Yes,No,No,Yes,Yes,No,Month-to-month,Yes,Electronic check,116.92,330.85,Yes,New_0-12m,3,1,0,0.3523278589724273,0
Female,0,Yes,No,11,Yes,Yes,No,No internet service,No internet service,No internet service,No internet service,No internet service,No internet service,Month-to-month,No,Electronic check,46.78,498.48,No,New_0-12m,0,0,0,0.09365740369984785,0
Female,1,Yes,No,61,Yes,Yes,Fiber optic,Yes,No,No,Yes,Yes,Yes,Two year,Yes,Electronic check,129.09,7900.96,Yes,Loyal_49-72m,4,1,1,0.016336453234387417,0
Female,0,No,No,32,Yes,No,DSL,No,Yes,Yes,No,No,No,One year,Yes,Electronic check,70.55,2270.34,Yes,Established_25-48m,2,0,0,0.031060959609745784,0
Female,0,Yes,No,10,No,No phone service,DSL,Yes,Yes,No,Yes,Yes,Yes,Month-to-month,Yes,Electronic check,88.33,902.72,Yes,New_0-12m,5,1,1,0.09774045058203867,0
Female,0,Yes,No,44,Yes,Yes,DSL,No,No,No,No,No,No,Two year,Yes,Bank transfer (automatic),71.31,3124.78,No,Established_25-48m,0,0,0,0.022813505748965058,0
Female,0,Yes,Yes,43,No,No phone service,Fiber optic,No,Yes,Yes,Yes,Yes,Yes,Month-to-month,No,Credit card (automatic),111.33,4814.17,No,Established_25-48m,5,0,1,0.023120679020678398,0
Female,0,No,No,43,Yes,Yes,No,No internet service,No internet service,No internet service,No internet service,No internet service,No internet service,Two year,Yes,Mailed check,43.09,1851.87,Yes,Established_25-48m,0,0,0,0.023255813953488375,0
Male,1,No,No,41,Yes,No,Fiber optic,No,No,No,No,Yes,No,Month-to-month,Yes,Bank transfer (automatic),92.45,3778.62,Yes,Established_25-48m,1,0,0,0.02446013091263143,1
Male,0,No,No,47,Yes,No,Fiber optic,Yes,No,No,Yes,No,Yes,Two year,No,Credit card (automatic),107.1,5017.53,No,Established_25-48m,3,1,0,0.021340910585370618,0
Female,0,No,Yes,66,Yes,No,Fiber optic,No,No,Yes,Yes,No,Yes,Month-to-month,No,Mailed check,103.91,6842.33,No,Loyal_49-72m,3,0,0,0.015184128194899267,0
Female,0,Yes,Yes,47,No,No phone service,DSL,Yes,No,No,Yes,Yes,No,Two year,Yes,Electronic check,72.53,3397.71,No,Established_25-48m,3,1,0,0.021340449758879103,0
Male,1,No,No,68,Yes,Yes,DSL,No,No,No,No,Yes,Yes,Two year,Yes,Credit card (automatic),97.17,6594.15,No,Loyal_49-72m,2,0,1,0.014733554202709567,0
Female,0,Yes,Yes,6,Yes,No,Fiber optic,Yes,No,No,No,Yes,No,Month-to-month,No,Credit card (automatic),99.0,607.56,Yes,New_0-12m,2,0,0,0.162679111344814,1
Male,0,Yes,Yes,70,Yes,No,Fiber optic,No,No,Yes,No,No,Yes,Two year,Yes,Electronic check,98.85,6958.52,Yes,Loyal_49-72m,2,0,0,0.014203565763156078,0
Male,0,No,No,10,Yes,No,No,No internet service,No internet service,No internet service,No internet service,No internet service,No internet service,Month-to-month,Yes,Bank transfer (automatic),33.87,334.99,No,New_0-12m,0,0,0,0.10080657162415547,0
Male,0,No,Yes,3,Yes,No,DSL,Yes,No,No,Yes,No,Yes,Month-to-month,Yes,Bank transfer (automatic),85.26,252.36,Yes,New_0-12m,3,1,0,0.3365172087148721,0
Male,0,Yes,Yes,17,Yes,No,Fiber optic,No,No,No,Yes,Yes,No,Month-to-month,Yes,Bank transfer (automatic),99.03,1655.64,No,Developing_13-24m,2,0,0,0.059777622175004826,0
Male,1,Yes,No,38,Yes,Yes,Fiber optic,No,No,Yes,Yes,No,Yes,One year,Yes,Credit card (automatic),114.67,4343.58,Yes,Established_25-48m,3,0,0,0.026393805615272364,0
Female,1,No,No,41,Yes,Yes,DSL,Yes,No,Yes,No,Yes,No,Two year,No,Bank transfer (automatic),93.64,3814.93,No,Established_25-48m,3,0,0,0.024539234210271155,0
Male,0,Yes,No,4,Yes,No,Fiber optic,Yes,Yes,Yes,No,Yes,Yes,Month-to-month,No,Mailed check,122.46,502.04,Yes,New_0-12m,5,0,1,0.24343988549618317,1
Female,0,Yes,No,53,Yes,Yes,DSL,Yes,No,Yes,Yes,Yes,No,Month-to-month,No,Credit card (automatic),100.71,5366.63,No,Loyal_49-72m,4,1,0,0.018762470587577757,0
Female,0,Yes,Yes,6,Yes,Yes,Fiber optic,No,No,No,No,Yes,Yes,Month-to-month,No,Electronic check,113.48,664.66,Yes,New_0-12m,2,0,1,0.17047742090556742,1
Male,0,Yes,Yes,69,Yes,No,Fiber optic,No,Yes,Yes,Yes,Yes,Yes,Month-to-month,No,Bank transfer (automatic),124.48,8586.07,Yes,Loyal_49-72m,5,0,1,0.014496213493077384,0
Male,0,No,No,66,Yes,No,DSL,No,Yes,No,Yes,Yes,No,One year,No,Bank transfer (automatic),82.82,5462.39,No,Loyal_49-72m,3,0,0,0.015159086208379777,0
Female,0,Yes,No,9,Yes,No,No,No internet service,No internet service,No internet service,No internet service,No internet service,No internet service,Month-to-month,No,Credit card (automatic),36.42,338.03,Yes,New_0-12m,0,0,0,0.10742412175913638,0
Male,0,Yes,Yes,54,Yes,No,DSL,Yes,No,No,No,Yes,No,Month-to-month,Yes,Credit card (automatic),78.32,4230.86,No,Loyal_49-72m,2,0,0,0.018507228499997638,0
Male,0,No,No,72,Yes,Yes,DSL,Yes,Yes,Yes,Yes,Yes,No,One year,Yes,Mailed check,108.34,7832.2,No,Loyal_49-72m,5,1,0,0.01383087371699944,0
Female,0,No,No,58,Yes,Yes,Fiber optic,No,Yes,No,No,Yes,No,Two year,No,Mailed check,109.73,6353.1,No,Loyal_49-72m,2,0,0,0.017269164791237152,0
Female,0,Yes,No,49,Yes,No,No,No internet service,No internet service,No internet service,No internet service,No internet service,No internet service,Month-to-month,Yes,Bank transfer (automatic),36.41,1797.58,No,Loyal_49-72m,0,0,0,0.02024374784552258,0
Male,0,Yes,No,4,Yes,Yes,DSL,Yes,Yes,Yes,No,Yes,Yes,One year,No,Bank transfer (automatic),112.91,442.71,No,New_0-12m,5,0,1,0.2544680083838543,0
Female,0,Yes,Yes,20,No,No phone service,DSL,No,No,No,Yes,No,No,Month-to-month,No,Bank transfer (automatic),53.42,1044.37,No,Developing_13-24m,1,0,0,0.05110152386236453,0
Male,0,No,No,41,Yes,Yes,Fiber optic,Yes,Yes,No,No,Yes,Yes,Two year,Yes,Electronic check,125.99,5186.99,No,Established_25-48m,4,0,1,0.024284935013367412,0
Male,0,No,No,44,Yes,Yes,Fiber optic,Yes,No,Yes,Yes,Yes,No,Two year,No,Mailed check,121.13,5357.82,No,Established_25-48m,4,1,0,0.022603856819225127,0
Male,0,No,No,7,Yes,No,DSL,No,Yes,Yes,Yes,Yes,Yes,Month-to-month,Yes,Mailed check,102.56,724.07,No,New_0-12m,5,0,1,0.1414484118774739,0
Female,0,No,Yes,2,Yes,Yes,DSL,No,Yes,Yes,Yes,Yes,Yes,One year,No,Electronic check,114.58,219.71,Yes,New_0-12m,5,0,1,0.5191427665262108,0
Female,0,No,No,49,Yes,Yes,No,No internet service,No internet service,No internet service,No internet service,No internet service,No internet service,Month-to-month,Yes,Bank transfer (automatic),45.59,2216.83,No,Loyal_49-72m,0,0,0,0.02055612918934274,0
Female,0,No,Yes,66,Yes,Yes,No,No internet service,No internet service,No internet service,No internet service,No internet service,No internet service,One year,No,Credit card (automatic),45.21,2992.27,No,Loyal_49-72m,0,0,0,0.015103883044296038,0
Female,0,No,No,3,Yes,No,DSL,No,No,Yes,Yes,No,No,Month-to-month,Yes,Credit card (automatic),71.98,184.04,No,New_0-12m,2,0,0,0.3889969736273239,0
Female,1,Yes,Yes,55,Yes,Yes,Fiber optic,No,No,No,Yes,No,Yes,One year,No,Mailed check,106.02,5844.18,No,Loyal_49-72m,2,0,0,0.018138021412514242,0
Male,0,No,No,6,Yes,No,DSL,No,Yes,Yes,No,Yes,No,Month-to-month,Yes,Bank transfer (automatic),84.08,498.21,Yes,New_0-12m,3,0,0,0.16842611325894916,0
Male,0,Yes,No,69,Yes,Yes,Fiber optic,Yes,Yes,Yes,No,No,Yes,Two year,No,Bank transfer (automatic),117.25,8083.66,No,Loyal_49-72m,4,0,0,0.01450277439001764,0
Male,0,Yes,Yes,66,Yes,Yes,DSL,No,Yes,No,No,No,Yes,One year,Yes,Electronic check,88.48,5823.58,No,Loyal_49-72m,2,0,0,0.015190794872763359,0
Male,0,No,No,46,No,No phone service,DSL,Yes,No,No,No,No,Yes,Two year,No,Electronic check,65.92,3010.76,Yes,Established_25-48m,2,0,0,0.021887534199272186,0
Female,0,Yes,Yes,53,Yes,No,Fiber optic,Yes,Yes,Yes,Yes,Yes,Yes,Two year,Yes,Bank transfer (automatic),130.5,6915.63,No,Loyal_49-72m,6,1,1,0.018867569900370557,0
Male,0,No,Yes,46,No,No phone service,DSL,Yes,No,Yes,No,Yes,Yes,One year,No,Electronic check,80.35,3699.03,No,Established_25-48m,4,0,1,0.021716040140215078,0
Female,0,No,No,17,Yes,No,DSL,No,No,Yes,Yes,Yes,No,Month-to-month,No,Mailed check,84.43,1433.93,Yes,Developing_13-24m,3,0,0,0.05883910713414592,0
Male,0,Yes,No,62,Yes,Yes,No,No internet service,No internet service,No internet service,No internet service,No internet service,No internet service,Two year,Yes,Mailed check,44.13,2752.48,No,Loyal_49-72m,0,0,0,0.016026991298284353,0
Female,0,No,No,60,Yes,No,No,No internet service,No internet service,No internet service,No internet service,No internet service,No internet service,Two year,Yes,Credit card (automatic),34.94,2097.3,No,Loyal_49-72m,0,0,0,0.016651575084592286,0
Female,0,Yes,No,11,Yes,No,DSL,No,No,Yes,Yes,Yes,Yes,One year,Yes,Bank transfer (automatic),99.61,1106.44,No,New_0-12m,4,0,1,0.08994618218594234,0
Male,1,Yes,Yes,57,Yes,Yes,Fiber optic,Yes,No,No,Yes,No,Yes,One year,No,Credit card (automatic),116.21,6601.94,Yes,Loyal_49-72m,3,1,0,0.017599735875231337,0
Male,0,No,No,68,Yes,Yes,Fiber optic,Yes,No,No,No,Yes,No,Two year,No,Bank transfer (automatic),107.56,7307.45,Yes,Loyal_49-72m,2,0,0,0.014717210899711978,0
Male,0,No,No,69,Yes,No,Fiber optic,No,Yes,No,No,No,No,Month-to-month,No,Credit card (automatic),87.01,6025.94,Yes,Loyal_49-72m,1,0,0,0.014436845231576888,1
Male,0,No,No,38,Yes,No,No,No internet service,No internet service,No internet service,No internet service,No internet service,No internet service,Two year,No,Credit card (automatic),37.21,1428.56,No,Established_25-48m,0,0,0,0.026028987940345284,0
Female,1,Yes,No,66,Yes,Yes,Fiber optic,Yes,Yes,No,Yes,No,Yes,Two year,Yes,Electronic check,122.47,8088.02,No,Loyal_49-72m,4,1,0,0.015140276572440171,0
Male,0,No,No,15,Yes,Yes,Fiber optic,Yes,Yes,No,No,Yes,No,Month-to-month,No,Credit card (automatic),114.29,1708.67,Yes,Developing_13-24m,3,0,0,0.06684915802464803,1
Male,0,Yes,No,67,Yes,No,DSL,No,No,No,Yes,Yes,Yes,Month-to-month,No,Electronic check,89.51,5997.17,No,Loyal_49-72m,3,0,1,0.014922884813201361,0
Female,0,No,No,58,No,No phone service,Fiber optic,No,No,No,Yes,Yes,Yes,Month-to-month,No,Bank transfer (automatic),94.96,5499.74,Yes,Loyal_49-72m,3,0,1,0.017263131869530282,0
Male,0,Yes,No,69,Yes,No,Fiber optic,No,Yes,Yes,Yes,No,Yes,Two year,Yes,Credit card (automatic),109.77,7583.69,No,Loyal_49-72m,4,0,0,0.014472575675472565,0
Male,0,No,No,68,No,No phone service,DSL,Yes,Yes,No,No,Yes,Yes,One year,Yes,Electronic check,80.71,5458.54,No,Loyal_49-72m,4,0,1,0.0147832967612656,0
Male,0,Yes,Yes,3,Yes,No,DSL,No,No,Yes,Yes,No,No,Month-to-month,Yes,Credit card (automatic),72.75,245.18,Yes,New_0-12m,2,0,0,0.29551547648062393,0
Male,0,Yes,Yes,31,Yes,Yes,DSL,Yes,No,No,No,No,No,Month-to-month,Yes,Credit card (automatic),75.26,2351.64,Yes,Established_25-48m,1,0,0,0.03198959466811752,0
Male,0,No,No,5,Yes,No,DSL,No,Yes,No,No,No,No,One year,Yes,Credit card (automatic),64.73,341.89,Yes,New_0-12m,1,0,0,0.1887777421330456,0
Female,0,No,No,55,Yes,No,DSL,Yes,Yes,Yes,No,No,No,One year,Yes,Credit card (automatic),76.86,4236.52,No,Loyal_49-72m,3,0,0,0.018137967490418922,0
Male,0,No,No,67,Yes,No,DSL,No,No,No,Yes,Yes,Yes,One year,Yes,Electronic check,89.22,5979.36,No,Loyal_49-72m,3,0,1,0.014918834317666496,0
Male,0,No,Yes,2,Yes,No,DSL,No,Yes,No,No,No,No,Month-to-month,No,Mailed check,66.33,138.33,No,New_0-12m,1,0,0,0.4760640206703509,0
Male,0,No,No,22,Yes,Yes,Fiber optic,No,No,No,Yes,No,No,Month-to-month,No,Bank transfer (automatic),99.05,2173.61,Yes,Developing_13-24m,1,0,0,0.04554839718386285,0
Male,0,No,No,59,Yes,Yes,Fiber optic,No,No,Yes,No,Yes,Yes,One year,Yes,Electronic check,120.1,7117.67,Yes,Loyal_49-72m,3,0,1,0.016871129017077626,0
Male,1,Yes,Yes,66,Yes,No,DSL,Yes,No,No,Yes,Yes,Yes,Two year,No,Credit card (automatic),98.55,6502.22,No,Loyal_49-72m,4,1,1,0.015154031387528024,0
Female,0,No,No,61,Yes,No,No,No internet service,No internet service,No internet service,No internet service,No internet service,No internet service,Two year,No,Electronic check,35.7,2170.57,No,Loyal_49-72m,0,0,0,0.01643971872884595,0
Male,0,Yes,No,3,Yes,No,Fiber optic,Yes,Yes,No,Yes,Yes,Yes,Month-to-month,Yes,Mailed check,124.64,369.94,Yes,New_0-12m,5,1,1,0.33601121475171186,0
Female,0,No,No,21,Yes,Yes,No,No internet service,No internet service,No internet service,No internet service,No internet service,No internet service,One year,Yes,Electronic check,46.27,960.82,Yes,Developing_13-24m,0,0,0,0.04810671435403714,0
Female,1,No,No,71,Yes,No,No,No internet service,No internet service,No internet service,No internet service,No internet service,No internet service,One year,Yes,Electronic check,36.79,2624.23,No,Loyal_49-72m,0,0,0,0.014014010201010958,0
Male,0,No,Yes,6,Yes,Yes,DSL,Yes,Yes,No,No,No,Yes,One year,Yes,Bank transfer (automatic),96.37,570.43,No,New_0-12m,3,0,0,0.16864707838230406,0
Male,0,No,No,57,Yes,No,Fiber optic,Yes,Yes,No,No,No,No,One year,No,Bank transfer (automatic),89.11,5077.38,No,Loyal_49-72m,2,0,0,0.01754693425856277,0
Male,0,No,Yes,68,Yes,No,Fiber optic,No,No,No,Yes,Yes,No,Month-to-month,Yes,Electronic check,100.7,6867.65,Yes,Loyal_49-72m,2,0,0,0.014660813988192732,0
Male,0,No,No,71,No,No phone service,Fiber optic,No,Yes,Yes,No,No,No,Two year,No,Electronic check,75.18,5353.84,No,Loyal_49-72m,2,0,0,0.014039635171172248,0
Female,0,Yes,Yes,21,Yes,No,DSL,No,No,No,Yes,No,Yes,Two year,Yes,Mailed check,82.11,1708.95,No,Developing_13-24m,2,0,0,0.04801894792245387,0
Male,0,No,No,10,Yes,Yes,No,No internet service,No internet service,No internet service,No internet service,No internet service,No internet service,Month-to-month,Yes,Credit card (automatic),45.1,468.71,Yes,New_0-12m,0,0,0,0.09601669114985843,0
Male,0,Yes,Yes,3,Yes,No,DSL,No,Yes,Yes,Yes,No,No,Month-to-month,Yes,Electronic check,80.41,219.98,Yes,New_0-12m,3,0,0,0.36387908408000724,0
Male,1,No,No,25,Yes,Yes,No,No internet service,No internet service,No internet service,No internet service,No internet service,No internet service,Two year,Yes,Bank transfer (automatic),45.18,1106.98,No,Established_25-48m,0,0,0,0.04077690933049333,0
Male,0,Yes,Yes,31,No,No phone service,Fiber optic,No,Yes,No,No,No,No,One year,No,Mailed check,71.32,2206.02,Yes,Established_25-48m,1,0,0,0.03231506737591866,0
Male,0,Yes,Yes,8,Yes,Yes,Fiber optic,Yes,No,No,No,Yes,No,Month-to-month,No,Credit card (automatic),110.47,888.15,Yes,New_0-12m,2,0,0,0.12424225383793511,1
Male,0,Yes,Yes,69,Yes,No,DSL,No,Yes,Yes,No,Yes,Yes,Month-to-month,Yes,Electronic check,97.86,6748.97,Yes,Loyal_49-72m,4,0,1,0.014497842212632055,0
Female,0,Yes,No,71,Yes,No,Fiber optic,No,No,Yes,No,No,No,Two year,Yes,Electronic check,88.41,6283.69,No,Loyal_49-72m,1,0,0,0.014067519638995718,0
Female,0,No,No,23,No,No phone service,DSL,No,No,Yes,Yes,No,No,Month-to-month,No,Electronic check,58.71,1344.68,No,Developing_13-24m,2,0,0,0.043628500089174245,0
Male,0,Yes,Yes,53,Yes,Yes,DSL,Yes,No,Yes,Yes,Yes,No,Two year,Yes,Bank transfer (automatic),98.81,5206.04,No,Loyal_49-72m,4,1,0,0.018976232177974436,0
Male,0,No,No,30,Yes,No,No,No internet service,No internet service,No internet service,No internet service,No internet service,No internet service,Month-to-month,No,Credit card (automatic),36.12,1080.74,Yes,Established_25-48m,0,0,0,0.03339064839980032,0
Male,1,Yes,Yes,70,Yes,Yes,Fiber optic,No,No,No,Yes,Yes,Yes,Two year,Yes,Credit card (automatic),120.33,8400.29,No,Loyal_49-72m,3,0,1,0.014322800427077268,0
Female,1,No,Yes,61,Yes,Yes,Fiber optic,No,Yes,No,Yes,No,No,Two year,No,Bank transfer (automatic),103.46,6311.11,No,Loyal_49-72m,2,0,0,0.016390715624410853,0
Male,0,No,No,25,Yes,No,No,No internet service,No internet service,No internet service,No internet service,No internet service,No internet service,One year,Yes,Electronic check,34.91,853.96,No,Established_25-48m,0,0,0,0.04083231964068494,0
Female,0,No,Yes,33,Yes,No,DSL,Yes,Yes,Yes,No,Yes,Yes,Month-to-month,No,Electronic check,102.0,3373.76,Yes,Established_25-48m,5,0,1,0.030224371510862994,0
Male,1,No,No,47,Yes,No,Fiber optic,Yes,Yes,Yes,No,No,Yes,Two year,Yes,Credit card (automatic),110.97,5235.91,No,Established_25-48m,4,0,0,0.02118997653196255,0
Male,0,Yes,No,11,Yes,No,Fiber optic,Yes,No,No,Yes,No,No,Month-to-month,Yes,Bank transfer (automatic),92.61,992.77,Yes,New_0-12m,2,1,0,0.09319057729655755,0
Male,1,No,No,31,No,No phone service,Fiber optic,Yes,No,No,No,No,No,One year,Yes,Mailed check,71.94,2199.51,Yes,Established_25-48m,1,0,0,0.032692421302334455,0
Male,0,Yes,Yes,70,Yes,No,No,No internet service,No internet service,No internet service,No internet service,No internet service,No internet service,Two year,No,Bank transfer (automatic),34.71,2425.19,No,Loyal_49-72m,0,0,0,0.014306381610673526,0
Female,0,No,No,40,Yes,Yes,No,No internet service,No internet service,No internet service,No internet service,No internet service,No internet service,One year,Yes,Electronic check,48.9,1972.94,No,Established_25-48m,0,0,0,0.024772789446487732,0
Female,0,No,No,22,Yes,Yes,Fiber optic,Yes,Yes,No,No,Yes,No,Month-to-month,No,Credit card (automatic),111.61,2457.76,Yes,Developing_13-24m,3,0,0,0.045392799622573976,1
Male,0,Yes,Yes,53,Yes,Yes,Fiber optic,Yes,No,Yes,Yes,Yes,No,Two year,Yes,Bank transfer (automatic),122.19,6469.67,No,Loyal_49-72m,4,1,0,0.018883670469982242,0
Male,0,No,No,4,Yes,Yes,Fiber optic,No,No,Yes,No,No,Yes,One year,Yes,Mailed check,108.92,419.54,Yes,New_0-12m,2,0,0,0.2590003329053122,0
Female,0,No,No,29,Yes,No,Fiber optic,No,No,No,No,Yes,No,Month-to-month,No,Mailed check,91.38,2660.87,Yes,Established_25-48m,1,0,0,0.034329249737966167,1
Female,0,Yes,Yes,28,Yes,No,Fiber optic,No,Yes,No,No,No,Yes,One year,No,Credit card (automatic),97.14,2742.98,No,Established_25-48m,2,0,0,0.035401132661316774,0
Female,0,Yes,No,18,Yes,No,DSL,Yes,No,No,Yes,Yes,Yes,Month-to-month,No,Electronic check,99.99,1771.78,Yes,Developing_13-24m,4,1,1,0.05640293775877435,0
Female,0,Yes,No,4,Yes,No,DSL,Yes,Yes,Yes,Yes,Yes,Yes,One year,Yes,Electronic check,111.26,449.45,Yes,New_0-12m,6,1,1,0.24699744699744702,0
Male,1,No,No,61,Yes,No,No,No internet service,No internet service,No internet service,No internet service,No internet service,No internet service,Month-to-month,No,Electronic check,33.8,2099.97,No,Loyal_49-72m,0,0,0,0.016087807060548222,0
Female,0,No,No,71,Yes,No,DSL,No,No,Yes,No,Yes,Yes,Two year,Yes,Electronic check,87.78,6223.3,No,Loyal_49-72m,3,0,1,0.014102790675256655,0
Male,1,Yes,Yes,8,Yes,Yes,Fiber optic,No,No,No,No,Yes,No,Month-to-month,Yes,Mailed check,102.88,820.18,Yes,New_0-12m,1,0,0,0.12528312915560536,1
Female,0,Yes,Yes,45,Yes,Yes,No,No internet service,No internet service,No internet service,No internet service,No internet service,No internet service,Month-to-month,Yes,Bank transfer (automatic),45.48,2046.08,Yes,Established_25-48m,0,0,0,0.022217011548156397,0
Female,0,No,No,32,No,No phone service,DSL,Yes,No,Yes,No,Yes,No,Two year,Yes,Credit card (automatic),69.86,2229.39,No,Established_25-48m,3,0,0,0.031321876443133265,0
Female,1,No,No,2,No,No phone service,Fiber optic,No,Yes,Yes,No,No,Yes,Month-to-month,Yes,Bank transfer (automatic),88.8,194.06,Yes,New_0-12m,3,0,0,0.4552445401414949,1
Female,0,Yes,No,67,Yes,No,DSL,Yes,No,No,No,No,No,Two year,Yes,Bank transfer (automatic),67.29,4535.45,No,Loyal_49-72m,1,0,0,0.014833184538570911,0
Female,0,Yes,No,39,Yes,Yes,No,No internet service,No internet service,No internet service,No internet service,No internet service,No internet service,One year,No,Credit card (automatic),47.4,1823.03,No,Established_25-48m,0,0,0,0.025986414697126693,0
Male,0,No,Yes,48,Yes,Yes,DSL,No,No,No,No,No,No,One year,No,Credit card (automatic),72.3,3456.38,No,Established_25-48m,0,0,0,0.020911788695486176,0
Male,0,Yes,Yes,64,Yes,No,Fiber optic,No,No,No,Yes,No,Yes,Two year,Yes,Bank transfer (automatic),98.77,6339.97,No,Loyal_49-72m,2,0,0,0.01557648120082574,0
Female,0,Yes,No,15,Yes,No,Fiber optic,No,No,Yes,No,No,No,One year,No,Electronic check,89.75,1355.25,No,Developing_13-24m,1,0,0,0.06617511520737328,0
Female,1,No,No,2,No,No phone service,No,No internet service,No internet service,No internet service,No internet service,No internet service,No internet service,Month-to-month,Yes,Electronic check,20.99,48.53,Yes,New_0-12m,0,0,0,0.42378356551584895,0
Male,0,No,No,48,Yes,Yes,DSL,No,No,Yes,No,Yes,No,One year,Yes,Electronic check,85.86,4131.73,Yes,Established_25-48m,2,0,0,0.02077561321450954,0
Female,0,Yes,No,44,Yes,Yes,Fiber optic,No,Yes,No,Yes,No,No,One year,Yes,Credit card (automatic),104.66,4606.48,No,Established_25-48m,2,0,0,0.02271523696250445,0
Female,0,Yes,Yes,46,Yes,Yes,DSL,No,No,No,No,No,No,Month-to-month,Yes,Mailed check,70.34,3242.86,Yes,Established_25-48m,0,0,0,0.021684043084473435,0
Male,0,Yes,No,1,Yes,No,DSL,No,Yes,No,Yes,No,No,Month-to-month,Yes,Bank transfer (automatic),73.83,73.83,Yes,New_0-12m,2,0,0,0.9866363757851129,0
Female,0,Yes,Yes,28,Yes,No,Fiber optic,No,Yes,Yes,No,No,No,Month-to-month,No,Credit card (automatic),91.69,2563.9,No,Established_25-48m,2,0,0,0.0357479823774806,1
Female,0,No,No,3,Yes,No,DSL,Yes,No,Yes,No,Yes,Yes,Month-to-month,Yes,Bank transfer (automatic),97.05,289.72,Yes,New_0-12m,4,0,1,0.33382636213538797,0
Male,0,Yes,No,68,Yes,Yes,Fiber optic,Yes,No,No,No,Yes,Yes,One year,No,Electronic check,121.06,8225.97,Yes,Loyal_49-72m,3,0,1,0.014715016585693155,0
Male,0,No,No,8,Yes,No,No,No internet service,No internet service,No internet service,No internet service,No internet service,No internet service,Month-to-month,No,Electronic check,34.12,279.99,No,New_0-12m,0,0,0,0.12142780881881916,0
Male,0,No,No,1,Yes,No,No,No internet service,No internet service,No internet service,No internet service,No internet service,No internet service,Month-to-month,Yes,Credit card (automatic),34.2,38.66,Yes,New_0-12m,0,0,0,0.8623298033282906,0
Female,0,Yes,Yes,65,Yes,No,Fiber optic,Yes,Yes,Yes,No,Yes,No,Two year,No,Bank transfer (automatic),109.14,7066.11,No,Loyal_49-72m,4,0,0,0.01544337076966398,0
Male,0,Yes,Yes,35,Yes,No,DSL,Yes,No,Yes,No,Yes,No,One year,Yes,Mailed check,83.74,2927.85,No,Established_25-48m,3,0,0,0.028591426669170493,0
Male,0,No,No,58,Yes,No,Fiber optic,Yes,No,Yes,No,Yes,No,Two year,Yes,Electronic check,105.33,6109.45,No,Loyal_49-72m,3,0,0,0.017237682985704817,0
Male,1,No,No,37,Yes,Yes,No,No internet service,No internet service,No internet service,No internet service,No internet service,No internet service,Two year,No,Electronic check,46.8,1754.55,No,Established_25-48m,0,0,0,0.026658312209848763,0
Male,0,No,No,48,Yes,No,No,No internet service,No internet service,No internet service,No internet service,No internet service,No internet service,Two year,Yes,Electronic check,34.68,1660.34,No,Established_25-48m,0,0,0,0.02087471559102893,0
Male,0,Yes,Yes,32,Yes,No,Fiber optic,No,Yes,Yes,Yes,Yes,No,One year,Yes,Bank transfer (automatic),113.65,3638.25,Yes,Established_25-48m,4,0,0,0.03122896201140345,0
Male,0,No,Yes,46,Yes,No,No,No internet service,No internet service,No internet service,No internet service,No internet service,No internet service,One year,Yes,Mailed check,35.66,1639.21,No,Established_25-48m,0,0,0,0.02174111851531206,0
Female,0,No,No,27,Yes,Yes,No,No internet service,No internet service,No internet service,No internet service,No internet service,No internet service,Month-to-month,No,Credit card (automatic),45.2,1240.23,Yes,Established_25-48m,0,0,0,0.03641549108545556,0
Female,0,No,No,5,Yes,No,No,No internet service,No internet service,No internet service,No internet service,No internet service,No internet service,Month-to-month,Yes,Credit card (automatic),37.8,171.08,Yes,New_0-12m,0,0,0,0.21966527196652716,0
Male,0,Yes,Yes,46,Yes,No,Fiber optic,No,No,No,No,Yes,No,One year,Yes,Bank transfer (automatic),92.49,4242.77,Yes,Established_25-48m,1,0,0,0.021794300822146343,0
Male,0,No,No,51,Yes,Yes,No,No internet service,No internet service,No internet service,No internet service,No internet service,No internet service,Two year,No,Credit card (automatic),44.8,2272.02,No,Loyal_49-72m,0,0,0,0.019709461421368927,0
Male,0,No,No,9,Yes,No,No,No internet service,No internet service,No internet service,No internet service,No internet service,No internet service,One year,Yes,Credit card (automatic),36.25,326.46,Yes,New_0-12m,0,0,0,0.11070054357784158,0
Female,0,Yes,Yes,63,Yes,No,DSL,No,Yes,No,No,No,Yes,One year,Yes,Bank transfer (automatic),76.15,4775.04,No,Loyal_49-72m,2,0,0,0.01594417132184823,0
Female,0,No,No,62,Yes,No,No,No internet service,No internet service,No internet service,No internet service,No internet service,No internet service,Two year,Yes,Mailed check,34.67,2171.52,No,Loyal_49-72m,0,0,0,0.015958426159482998,0
Female,0,Yes,No,55,Yes,No,DSL,No,Yes,No,No,No,Yes,One year,Yes,Mailed check,78.39,4317.68,No,Loyal_49-72m,2,0,0,0.018151379588207506,0
Female,0,Yes,Yes,63,Yes,No,Fiber optic,Yes,No,No,No,No,Yes,Two year,No,Electronic check,99.08,6250.82,No,Loyal_49-72m,2,0,0,0.015848185008525518,0
Female,1,Yes,Yes,65,Yes,Yes,No,No internet service,No internet service,No internet service,No internet service,No internet service,No internet service,Month-to-month,Yes,Credit card (automatic),45.36,2979.93,Yes,Loyal_49-72m,0,0,0,0.015216727665527202,0
Female,1,No,No,35,Yes,Yes,Fiber optic,No,No,Yes,No,Yes,Yes,Month-to-month,Yes,Credit card (automatic),118.07,4127.29,Yes,Established_25-48m,3,0,1,0.0286002194613266,1
Female,0,Yes,No,15,Yes,Yes,No,No internet service,No internet service,No internet service,No internet service,No internet service,No internet service,Month-to-month,Yes,Electronic check,43.67,667.89,No,Developing_13-24m,0,0,0,0.06528726696467282,0
Female,0,Yes,Yes,63,Yes,No,Fiber optic,No,No,No,Yes,Yes,No,Two year,Yes,Electronic check,99.35,6267.78,No,Loyal_49-72m,2,0,0,0.015848378791407578,0
Female,1,No,No,70,Yes,No,Fiber optic,Yes,Yes,No,No,Yes,No,Month-to-month,No,Bank transfer (automatic),104.36,7328.29,Yes,Loyal_49-72m,3,0,0,0.014238759825303678,1
Male,0,Yes,No,48,Yes,Yes,DSL,Yes,Yes,No,Yes,No,Yes,One year,No,Mailed check,100.05,4812.77,No,Established_25-48m,4,1,0,0.02078412553985753,0
Male,0,No,No,40,Yes,No,Fiber optic,No,Yes,Yes,No,No,Yes,Two year,No,Electronic check,106.11,4236.76,No,Established_25-48m,3,0,0,0.025039171637846407,0
Male,0,No,No,55,Yes,No,Fiber optic,No,No,Yes,Yes,No,Yes,Two year,Yes,Credit card (automatic),106.47,5862.21,No,Loyal_49-72m,3,0,0,0.01815899481683242,0
Male,0,No,Yes,43,Yes,Yes,DSL,No,Yes,No,No,No,Yes,One year,Yes,Electronic check,88.43,3792.79,No,Established_25-48m,2,0,0,0.023309144681176345,0
Female,0,No,No,54,Yes,No,Fiber optic,No,No,No,No,No,Yes,One year,Yes,Electronic check,91.74,4946.95,Yes,Loyal_49-72m,1,0,0,0.01854101193423539,0
Female,0,No,No,70,Yes,Yes,DSL,No,No,No,No,No,Yes,Two year,No,Credit card (automatic),79.84,5588.6,No,Loyal_49-72m,1,0,0,0.01428366967224846,0
Male,0,Yes,No,47,No,No phone service,Fiber optic,No,No,No,No,No,Yes,One year,Yes,Bank transfer (automatic),77.14,3622.79,Yes,Established_25-48m,1,0,0,0.021287105489004605,0
Female,0,No,No,9,Yes,No,DSL,Yes,No,No,No,Yes,No,Month-to-month,No,Mailed check,79.12,698.67,Yes,New_0-12m,2,0,0,0.11308188145840183,0
Male,1,Yes,No,65,No,No phone service,Fiber optic,No,No,No,No,Yes,Yes,Two year,Yes,Credit card (automatic),88.77,5736.01,No,Loyal_49-72m,2,0,1,0.015473216884753555,0
Female,0,No,No,55,Yes,No,Fiber optic,No,Yes,No,No,No,No,One year,Yes,Credit card (automatic),87.6,4822.45,No,Loyal_49-72m,1,0,0,0.018161274606350225,0
Male,0,Yes,No,3,Yes,Yes,DSL,Yes,No,Yes,Yes,No,Yes,One year,No,Electronic check,101.91,311.24,No,New_0-12m,4,1,0,0.32638355111452727,0
Female,0,No,No,48,Yes,No,No,No internet service,No internet service,No internet service,No internet service,No internet service,No internet service,Two year,Yes,Electronic check,36.04,1735.38,No,Established_25-48m,0,0,0,0.020755825337771684,0
Female,0,No,No,1,Yes,Yes,Fiber optic,No,Yes,No,No,Yes,No,Month-to-month,Yes,Mailed check,107.83,136.42,Yes,New_0-12m,2,0,0,0.7846747198369961,1
Male,1,No,No,60,Yes,No,Fiber optic,No,Yes,No,No,Yes,Yes,One year,Yes,Credit card (automatic),110.57,6611.16,Yes,Loyal_49-72m,3,0,1,0.01672222087789769,0
Female,0,Yes,Yes,64,Yes,No,Fiber optic,No,No,Yes,Yes,No,No,Two year,Yes,Credit card (automatic),95.3,6122.5,No,Loyal_49-72m,2,0,0,0.015562995019188373,0
Male,0,Yes,No,6,Yes,No,Fiber optic,Yes,No,No,No,No,No,Month-to-month,No,Electronic check,84.38,543.66,Yes,New_0-12m,1,0,0,0.15492233687070833,1
Male,0,No,No,53,Yes,No,Fiber optic,Yes,No,No,No,No,No,One year,No,Mailed check,86.97,4635.87,No,Loyal_49-72m,1,0,0,0.01875618682430174,0
Male,0,No,No,72,Yes,Yes,Fiber optic,No,No,No,No,Yes,No,Two year,No,Bank transfer (automatic),103.58,7452.52,No,Loyal_49-72m,1,0,0,0.013896789704730112,0
Male,0,Yes,No,59,Yes,Yes,Fiber optic,Yes,No,No,No,No,No,Month-to-month,Yes,Electronic check,99.29,5864.91,Yes,Loyal_49-72m,1,0,0,0.016926614966816744,1
Female,0,No,No,8,Yes,Yes,Fiber optic,No,No,No,Yes,No,No,Month-to-month,No,Bank transfer (automatic),98.11,773.31,No,New_0-12m,1,0,0,0.12670635791866308,0
Female,0,No,No,17,Yes,Yes,DSL,Yes,No,Yes,Yes,No,No,Two year,Yes,Mailed check,86.85,1466.31,No,Developing_13-24m,3,1,0,0.05918994622813175,0
Female,0,Yes,No,18,Yes,Yes,No,No internet service,No internet service,No internet service,No internet service,No internet service,No internet service,Month-to-month,Yes,Electronic check,42.33,787.79,Yes,Developing_13-24m,0,0,0,0.05366447343399384,0
Male,0,No,No,32,Yes,No,No,No internet service,No internet service,No internet service,No internet service,No internet service,No internet service,Month-to-month,Yes,Mailed check,33.67,1087.93,Yes,Established_25-48m,0,0,0,0.030920261173812826,0
Female,1,No,No,20,Yes,No,Fiber optic,Yes,No,No,No,No,Yes,Month-to-month,Yes,Credit card (automatic),99.92,2009.8,Yes,Developing_13-24m,2,0,0,0.04969166500895166,1
Male,0,Yes,Yes,26,Yes,Yes,DSL,No,No,No,No,Yes,Yes,Month-to-month,No,Credit card (automatic),97.3,2512.96,Yes,Established_25-48m,2,0,1,0.038703877547773234,0
Female,0,Yes,No,48,Yes,No,DSL,Yes,No,No,No,No,No,Month-to-month,Yes,Credit card (automatic),65.39,3116.62,No,Established_25-48m,1,0,0,0.02097433298477685,0
Female,0,No,No,40,Yes,No,Fiber optic,Yes,No,Yes,No,Yes,No,One year,Yes,Credit card (automatic),104.08,4179.02,Yes,Established_25-48m,3,0,0,0.024899402395203846,0
Female,0,No,No,23,Yes,Yes,DSL,Yes,Yes,Yes,Yes,Yes,No,One year,No,Electronic check,104.13,2401.32,No,Developing_13-24m,5,1,0,0.04334559925405441,0
Male,0,Yes,Yes,72,Yes,No,No,No internet service,No internet service,No internet service,No internet service,No internet service,No internet service,Two year,Yes,Credit card (automatic),35.98,2586.08,No,Loyal_49-72m,0,0,0,0.013907571470538211,0
Female,0,No,No,43,Yes,No,No,No internet service,No internet service,No internet service,No internet service,No internet service,No internet service,Month-to-month,Yes,Electronic check,35.2,1539.65,Yes,Established_25-48m,0,0,0,0.022847499432057897,0
Female,0,No,No,70,Yes,No,No,No internet service,No internet service,No internet service,No internet service,No internet service,No internet service,Two year,No,Credit card (automatic),34.62,2432.3,No,Loyal_49-72m,0,0,0,0.014227592158796694,0
Male,0,No,No,28,Yes,No,DSL,No,No,No,Yes,No,No,Month-to-month,No,Mailed check,66.55,1850.65,No,Established_25-48m,1,0,0,0.03594091756001404,0
Female,0,Yes,Yes,58,Yes,No,No,No internet service,No internet service,No internet service,No internet service,No internet service,No internet service,One year,Yes,Electronic check,34.47,1970.19,No,Loyal_49-72m,0,0,0,0.01748689877688097,0
Male,1,No,Yes,36,Yes,No,Fiber optic,No,No,No,No,No,Yes,Two year,Yes,Mailed check,89.98,3248.25,No,Established_25-48m,1,0,0,0.02769254443333077,0
Female,0,Yes,Yes,4,Yes,No,DSL,No,Yes,Yes,No,No,No,Month-to-month,No,Mailed check,70.71,275.8,Yes,New_0-12m,2,0,0,0.2554552023121387,0
Male,0,Yes,Yes,59,Yes,No,Fiber optic,Yes,Yes,Yes,Yes,Yes,Yes,Month-to-month,Yes,Bank transfer (automatic),128.09,7555.23,No,Loyal_49-72m,6,1,1,0.01695157505793233,0
Male,0,Yes,Yes,27,Yes,No,Fiber optic,Yes,Yes,Yes,No,Yes,Yes,Month-to-month,No,Bank transfer (automatic),120.47,3249.36,No,Established_25-48m,5,0,1,0.03706358680269262,1
Female,0,No,No,64,Yes,Yes,No,No internet service,No internet service,No internet service,No internet service,No internet service,No internet service,Two year,Yes,Credit card (automatic),43.27,2790.74,No,Loyal_49-72m,0,0,0,0.01549929434689477,0
Male,0,No,No,36,Yes,No,DSL,No,No,Yes,No,Yes,No,Month-to-month,Yes,Mailed check,78.87,2851.96,Yes,Established_25-48m,2,0,0,0.027644972239358422,0
Male,0,Yes,No,69,Yes,Yes,DSL,Yes,No,No,Yes,No,Yes,Month-to-month,No,Bank transfer (automatic),94.28,6503.88,No,Loyal_49-72m,3,1,0,0.014493733935137927,0
Male,0,No,No,59,Yes,Yes,Fiber optic,No,Yes,No,No,Yes,No,Two year,Yes,Credit card (automatic),107.92,6365.43,No,Loyal_49-72m,2,0,0,0.01695141547146517,0
Male,0,Yes,No,57,Yes,No,No,No internet service,No internet service,No internet service,No internet service,No internet service,No internet service,Month-to-month,Yes,Electronic check,33.36,1905.84,No,Loyal_49-72m,0,0,0,0.0174949130498626,0
Male,0,Yes,No,30,Yes,No,No,No internet service,No internet service,No internet service,No internet service,No internet service,No internet service,Month-to-month,Yes,Mailed check,33.42,1022.37,Yes,Established_25-48m,0,0,0,0.03265681034230044,0
Male,0,No,No,41,Yes,No,DSL,Yes,Yes,No,No,No,No,Month-to-month,Yes,Credit card (automatic),70.36,2886.0,Yes,Established_25-48m,2,0,0,0.024371319709040527,0
Female,1,No,No,15,Yes,Yes,DSL,No,Yes,Yes,No,No,Yes,One year,Yes,Bank transfer (automatic),95.47,1423.43,No,Developing_13-24m,3,0,0,0.06702330054828949,0
Male,0,Yes,No,56,Yes,No,No,No internet service,No internet service,No internet service,No internet service,No internet service,No internet service,One year,Yes,Mailed check,34.73,1926.81,No,Loyal_49-72m,0,0,0,0.01801526084002054,0
Male,0,No,Yes,72,Yes,No,Fiber optic,No,Yes,No,Yes,Yes,No,Two year,Yes,Electronic check,104.88,7550.08,No,Loyal_49-72m,3,0,0,0.013889403899839493,0
Female,0,Yes,No,35,Yes,No,No,No internet service,No internet service,No internet service,No internet service,No internet service,No internet service,Month-to-month,No,Electronic check,33.49,1154.18,No,Established_25-48m,0,0,0,0.028991152893921294,0
Female,0,Yes,No,47,Yes,No,No,No internet service,No internet service,No internet service,No internet service,No internet service,No internet service,One year,No,Electronic check,32.98,1555.18,No,Established_25-48m,0,0,0,0.02119292112737601,0
Female,0,No,No,18,Yes,No,DSL,Yes,Yes,Yes,No,No,No,One year,No,Electronic check,76.92,1391.36,No,Developing_13-24m,3,0,0,0.05524433336206154,0
Female,0,No,No,36,Yes,Yes,Fiber optic,No,No,Yes,No,No,No,Month-to-month,Yes,Mailed check,93.85,3396.46,Yes,Established_25-48m,1,0,0,0.027623577613864473,1
Female,0,Yes,No,46,Yes,No,DSL,No,No,Yes,Yes,Yes,No,One year,Yes,Electronic check,85.35,3922.96,No,Established_25-48m,3,0,0,0.02175098624858561,0
Female,0,No,No,53,Yes,No,No,No internet service,No internet service,No internet service,No internet service,No internet service,No internet service,Two year,Yes,Electronic check,33.94,1814.31,No,Loyal_49-72m,0,0,0,0.01869653117098457,0
Female,0,No,No,2,Yes,Yes,Fiber optic,Yes,No,No,No,No,Yes,Two year,Yes,Credit card (automatic),106.83,237.83,No,New_0-12m,2,0,0,0.4473056148725034,0
Male,0,Yes,No,8,Yes,Yes,No,No internet service,No internet service,No internet service,No internet service,No internet service,No internet service,Month-to-month,Yes,Electronic check,46.86,375.99,Yes,New_0-12m,0,0,0,0.12430037932040637,0
Male,0,No,No,10,Yes,No,No,No internet service,No internet service,No internet service,No internet service,No internet service,No internet service,One year,No,Mailed check,34.63,379.83,No,New_0-12m,0,0,0,0.09093296221411129,0
Female,0,No,No,6,Yes,No,DSL,Yes,No,No,No,No,Yes,One year,Yes,Electronic check,77.73,487.93,No,New_0-12m,2,0,0,0.1589798130611744,0
Male,0,No,No,61,Yes,No,DSL,No,No,No,No,Yes,No,Two year,Yes,Mailed check,73.92,4501.93,No,Loyal_49-72m,1,0,0,0.016415978040964438,0
Male,1,No,Yes,72,No,No phone service,Fiber optic,Yes,Yes,Yes,Yes,Yes,No,Two year,Yes,Electronic check,100.96,7313.29,No,Loyal_49-72m,5,1,0,0.013803116912236183,0
Male,1,No,No,68,Yes,No,No,No internet service,No internet service,No internet service,No internet service,No internet service,No internet service,Month-to-month,Yes,Electronic check,34.27,2329.34,Yes,Loyal_49-72m,0,0,0,0.014706008565273737,0
Female,0,Yes,No,42,Yes,No,No,No internet service,No internet service,No internet service,No internet service,No internet service,No internet service,One year,Yes,Credit card (automatic),32.68,1393.55,No,Established_25-48m,0,0,0,0.023434082679000396,0
Female,0,No,No,68,Yes,No,No,No internet service,No internet service,No internet service,No internet service,No internet service,No internet service,Two year,Yes,Mailed check,35.11,2396.91,No,Loyal_49-72m,0,0,0,0.014641917336347069,0
Male,0,No,No,39,Yes,No,Fiber optic,Yes,Yes,No,Yes,No,Yes,One year,Yes,Mailed check,112.91,4408.04,Yes,Established_25-48m,4,1,0,0.0256087492968991,0
Female,1,Yes,No,39,No,No phone service,DSL,No,Yes,No,No,No,No,One year,Yes,Electronic check,47.36,1866.67,No,Established_25-48m,1,0,0,0.025357798754597975,0
Male,1,No,No,41,No,No phone service,DSL,Yes,No,No,Yes,No,No,Two year,Yes,Mailed check,60.29,2474.15,No,Established_25-48m,2,1,0,0.02435811970991657,0
Male,0,No,No,48,Yes,Yes,DSL,No,Yes,Yes,Yes,Yes,Yes,Two year,Yes,Bank transfer (automatic),114.47,5493.41,No,Established_25-48m,5,0,1,0.02083390209321838,0
Male,0,No,No,9,Yes,No,Fiber optic,Yes,No,No,No,No,Yes,Month-to-month,Yes,Electronic check,98.05,881.76,Yes,New_0-12m,2,0,0,0.11107209207485613,1
Male,0,Yes,Yes,21,Yes,No,No,No internet service,No internet service,No internet service,No internet service,No internet service,No internet service,One year,Yes,Mailed check,33.14,678.78,No,Developing_13-24m,0,0,0,0.04875106652152167,0
Female,0,Yes,Yes,58,Yes,Yes,DSL,No,Yes,No,No,No,No,One year,No,Electronic check,77.16,4491.28,Yes,Loyal_49-72m,1,0,0,0.017176133277533902,0
Female,0,No,No,35,Yes,Yes,No,No internet service,No internet service,No internet service,No internet service,No internet service,No internet service,Month-to-month,Yes,Mailed check,47.52,1653.3,No,Established_25-48m,0,0,0,0.028725140542827786,0
Female,1,Yes,No,24,Yes,No,Fiber optic,Yes,Yes,No,No,No,No,Month-to-month,No,Bank transfer (automatic),91.39,2196.51,Yes,Developing_13-24m,2,0,0,0.04158797912182424,1
Male,0,No,No,13,Yes,No,DSL,Yes,No,Yes,Yes,No,Yes,Two year,Yes,Electronic check,91.52,1190.06,No,Developing_13-24m,4,1,0,0.07683911809648548,0
Female,1,Yes,No,26,Yes,Yes,Fiber optic,Yes,No,Yes,Yes,No,No,Two year,No,Mailed check,110.03,2869.89,No,Established_25-48m,3,1,0,0.038326093998725136,0
Male,1,Yes,No,62,Yes,No,Fiber optic,No,Yes,No,No,No,No,Two year,No,Mailed check,85.4,5294.6,Yes,Loyal_49-72m,1,0,0,0.0161265956643251,0
Female,0,Yes,Yes,66,Yes,Yes,No,No internet service,No internet service,No internet service,No internet service,No internet service,No internet service,One year,No,Electronic check,44.73,2948.15,No,Loyal_49-72m,0,0,0,0.015167082040587964,0
Male,0,Yes,Yes,64,Yes,Yes,Fiber optic,No,No,No,Yes,Yes,No,One year,Yes,Credit card (automatic),111.54,7144.78,No,Loyal_49-72m,2,0,0,0.015609212710159004,0
Male,0,No,Yes,20,Yes,No,DSL,Yes,No,Yes,No,No,No,Two year,Yes,Electronic check,71.9,1442.93,No,Developing_13-24m,2,0,0,0.049794657635757966,0
Male,0,Yes,Yes,35,Yes,Yes,No,No internet service,No internet service,No internet service,No internet service,No internet service,No internet service,Two year,No,Mailed check,45.44,1574.47,No,Established_25-48m,0,0,0,0.028842186776009696,0
Female,0,Yes,No,43,Yes,Yes,No,No internet service,No internet service,No internet service,No internet service,No internet service,No internet service,Two year,Yes,Mailed check,48.05,2064.5,No,Established_25-48m,0,0,0,0.02326313241345921,0
Female,0,Yes,No,34,Yes,Yes,Fiber optic,No,Yes,No,No,Yes,Yes,Month-to-month,No,Electronic check,122.2,4173.85,Yes,Established_25-48m,3,0,1,0.029270512713031605,1
Female,0,No,Yes,16,No,No phone service,DSL,No,No,Yes,No,Yes,Yes,One year,No,Mailed check,73.43,1211.74,Yes,Developing_13-24m,3,0,1,0.060548839817273284,0
Female,0,Yes,No,14,Yes,No,DSL,No,Yes,No,Yes,Yes,Yes,One year,No,Bank transfer (automatic),100.62,1383.07,Yes,Developing_13-24m,4,0,1,0.07269863518463662,0
Male,0,No,No,52,Yes,Yes,DSL,Yes,Yes,Yes,No,Yes,Yes,One year,Yes,Bank transfer (automatic),114.07,5944.06,Yes,Loyal_49-72m,5,0,1,0.019187358916478554,0
Female,0,No,No,32,Yes,No,DSL,Yes,Yes,No,No,Yes,Yes,One year,Yes,Bank transfer (automatic),98.24,3145.27,No,Established_25-48m,4,0,1,0.031224275094000196,0
Female,0,No,Yes,7,Yes,Yes,No,No internet service,No internet service,No internet service,No internet service,No internet service,No internet service,Month-to-month,Yes,Mailed check,44.06,299.54,No,New_0-12m,0,0,0,0.14660278165967924,0
Male,0,No,No,68,Yes,Yes,DSL,No,No,No,Yes,Yes,No,Two year,No,Bank transfer (automatic),90.32,6135.34,No,Loyal_49-72m,2,0,0,0.014718871509727295,0
Male,0,No,No,44,No,No phone service,Fiber optic,No,Yes,Yes,No,Yes,No,Month-to-month,Yes,Mailed check,88.41,3875.94,Yes,Established_25-48m,3,0,0,0.022804067125103817,1
Male,0,No,No,39,No,No phone service,Fiber optic,Yes,Yes,Yes,Yes,No,Yes,One year,Yes,Credit card (automatic),103.18,4003.59,No,Established_25-48m,5,1,0,0.02576543416429647,0
Female,0,Yes,Yes,46,Yes,No,No,No internet service,No internet service,No internet service,No internet service,No internet service,No internet service,Two year,No,Mailed check,37.63,1736.76,No,Established_25-48m,0,0,0,0.021654313599116105,0
Male,0,Yes,No,9,No,No phone service,DSL,Yes,No,No,No,Yes,Yes,Month-to-month,No,Electronic check,75.21,703.64,Yes,New_0-12m,3,0,1,0.10673535422343323,0
Male,0,Yes,No,4,Yes,No,Fiber optic,No,No,No,No,No,Yes,One year,Yes,Mailed check,89.42,362.97,Yes,New_0-12m,1,0,0,0.24567958897711348,0
Male,0,No,Yes,16,Yes,No,DSL,Yes,No,Yes,No,No,Yes,One year,Yes,Mailed check,83.44,1337.61,No,Developing_13-24m,3,0,0,0.06233331590231658,0
Female,1,No,Yes,4,Yes,No,DSL,No,No,Yes,No,No,No,One year,Yes,Electronic check,65.02,250.73,Yes,New_0-12m,1,0,0,0.2582926151034839,0
Male,0,No,No,20,Yes,No,DSL,No,No,Yes,Yes,Yes,Yes,Month-to-month,Yes,Electronic check,100.68,1999.65,Yes,Developing_13-24m,4,0,1,0.050323644815434984,0
Female,0,Yes,No,63,No,No phone service,Fiber optic,Yes,No,Yes,No,No,Yes,Month-to-month,Yes,Mailed check,87.78,5530.47,No,Loyal_49-72m,3,0,0,0.01586919932676124,1
Female,0,No,No,40,Yes,No,DSL,Yes,No,No,No,Yes,Yes,Month-to-month,No,Credit card (automatic),89.39,3560.16,Yes,Established_25-48m,3,0,1,0.025101371463231083,0
Male,0,Yes,Yes,10,Yes,No,Fiber optic,Yes,Yes,No,No,Yes,No,Month-to-month,No,Electronic check,103.44,1051.25,Yes,New_0-12m,3,0,0,0.09830363506771204,1
Male,0,Yes,No,11,Yes,Yes,DSL,No,Yes,Yes,No,Yes,Yes,Month-to-month,No,Mailed check,108.4,1183.74,Yes,New_0-12m,4,0,1,0.09149686851123454,0
Female,0,Yes,No,63,Yes,Yes,No,No internet service,No internet service,No internet service,No internet service,No internet service,No internet service,One year,Yes,Bank transfer (automatic),46.44,2913.07,No,Loyal_49-72m,0,0,0,0.015936473729182894,0
Male,0,Yes,Yes,57,Yes,No,Fiber optic,No,No,Yes,No,Yes,Yes,Month-to-month,No,Electronic check,110.85,6352.21,No,Loyal_49-72m,3,0,1,0.017447872807604344,1
Male,0,No,No,68,Yes,No,No,No internet service,No internet service,No internet service,No internet service,No internet service,No internet service,One year,Yes,Credit card (automatic),35.35,2423.28,No,Loyal_49-72m,0,0,0,0.01458164898444074,0
Female,0,Yes,Yes,71,Yes,No,DSL,No,No,No,No,No,Yes,One year,No,Bank transfer (automatic),72.32,5116.79,No,Loyal_49-72m,1,0,0,0.014131099556644567,0
Female,0,Yes,Yes,71,Yes,No,No,No internet service,No internet service,No internet service,No internet service,No internet service,No internet service,One year,No,Mailed check,35.11,2479.58,No,Loyal_49-72m,0,0,0,0.014153947867031098,0
Male,0,No,No,53,Yes,Yes,Fiber optic,Yes,No,No,No,Yes,Yes,Month-to-month,No,Electronic check,123.08,6520.32,Yes,Loyal_49-72m,3,0,1,0.018873479602289106,1
Female,1,No,No,7,Yes,Yes,DSL,No,Yes,Yes,No,Yes,No,One year,Yes,Electronic check,92.1,642.29,No,New_0-12m,3,0,0,0.14317026535466118,0
Male,0,No,No,68,Yes,No,Fiber optic,No,Yes,Yes,No,Yes,Yes,One year,Yes,Electronic check,111.85,7598.92,No,Loyal_49-72m,4,0,1,0.014717260181686122,0
Male,0,Yes,Yes,60,Yes,Yes,Fiber optic,Yes,No,Yes,Yes,Yes,No,Month-to-month,No,Bank transfer (automatic),122.66,7379.65,Yes,Loyal_49-72m,4,1,0,0.016619132461233088,0
Male,0,No,No,47,Yes,Yes,No,No internet service,No internet service,No internet service,No internet service,No internet service,No internet service,Month-to-month,No,Credit card (automatic),47.1,2216.86,No,Established_25-48m,0,0,0,0.02123668761779373,0
Female,0,No,No,43,Yes,No,No,No internet service,No internet service,No internet service,No internet service,No internet service,No internet service,Month-to-month,Yes,Bank transfer (automatic),35.28,1516.49,No,Established_25-48m,0,0,0,0.023248917620544454,0
Male,0,Yes,Yes,6,Yes,No,DSL,No,No,No,Yes,Yes,Yes,Month-to-month,No,Mailed check,89.03,525.06,Yes,New_0-12m,3,0,1,0.16923925027563397,0
Male,0,No,No,61,Yes,No,DSL,Yes,Yes,Yes,No,No,No,Two year,No,Credit card (automatic),79.12,4810.55,No,Loyal_49-72m,3,0,0,0.01644376552254471,0
Male,0,Yes,Yes,29,Yes,No,Fiber optic,No,No,Yes,No,No,Yes,Two year,Yes,Credit card (automatic),96.4,2786.23,No,Established_25-48m,2,0,0,0.03458630970533469,0
Female,0,Yes,No,11,No,No phone service,DSL,Yes,Yes,No,Yes,No,Yes,Month-to-month,Yes,Bank transfer (automatic),75.07,812.63,Yes,New_0-12m,4,1,0,0.0922655260990868,0
Female,0,No,No,16,No,No phone service,No,No internet service,No internet service,No internet service,No internet service,No internet service,No internet service,One year,No,Electronic check,18.53,277.59,No,Developing_13-24m,0,0,0,0.06651351448364982,0
Female,0,No,No,39,Yes,No,Fiber optic,No,No,Yes,No,No,No,Two year,Yes,Electronic check,83.59,3276.18,No,Established_25-48m,1,0,0,0.02550668562605655,0
Female,1,Yes,Yes,71,Yes,No,No,No internet service,No internet service,No internet service,No internet service,No internet service,No internet service,One year,No,Electronic check,35.31,2520.96,No,Loyal_49-72m,0,0,0,0.01400101508350648,0
Female,0,No,No,28,Yes,No,Fiber optic,No,No,Yes,No,No,Yes,Month-to-month,No,Electronic check,97.03,2711.22,Yes,Established_25-48m,2,0,0,0.03577512148719499,1
Male,0,No,Yes,11,No,No phone service,Fiber optic,Yes,Yes,No,No,No,Yes,Month-to-month,Yes,Mailed check,87.0,976.77,No,New_0-12m,3,0,0,0.08897798050666313,1
Female,0,No,No,58,Yes,No,DSL,No,Yes,Yes,No,No,No,Two year,No,Credit card (automatic),75.57,4391.91,No,Loyal_49-72m,2,0,0,0.017202719837192203,0
Female,0,Yes,No,14,Yes,No,DSL,No,Yes,No,No,No,No,Month-to-month,Yes,Bank transfer (automatic),65.2,896.59,Yes,Developing_13-24m,1,0,0,0.07263895542508272,0
Female,0,No,No,37,Yes,No,No,No internet service,No internet service,No internet service,No internet service,No internet service,No internet service,One year,Yes,Bank transfer (automatic),35.08,1276.09,Yes,Established_25-48m,0,0,0,0.027468698368948156,0
Male,0,Yes,Yes,41,No,No phone service,No,No internet service,No internet service,No internet service,No internet service,No internet service,No internet service,Two year,No,Mailed check,22.33,920.12,No,Established_25-48m,0,0,0,0.024242226854264373,0
Female,0,No,No,1,Yes,No,Fiber optic,No,Yes,No,No,Yes,Yes,Month-to-month,Yes,Electronic check,111.02,118.16,Yes,New_0-12m,3,0,1,0.9316884860691507,1
Female,0,Yes,Yes,63,Yes,No,No,No internet service,No internet service,No internet service,No internet service,No internet service,No internet service,One year,Yes,Electronic check,37.86,2365.79,No,Loyal_49-72m,0,0,0,0.015996349486012702,0
Male,0,Yes,Yes,65,Yes,No,Fiber optic,Yes,Yes,Yes,No,Yes,No,One year,Yes,Mailed check,108.96,7074.52,No,Loyal_49-72m,4,0,0,0.015399574872235536,0
Female,0,No,No,35,Yes,Yes,No,No internet service,No internet service,No internet service,No internet service,No internet service,No internet service,One year,Yes,Electronic check,46.57,1642.75,No,Established_25-48m,0,0,0,0.028331558935361215,0
Male,1,Yes,Yes,29,Yes,Yes,DSL,No,Yes,No,No,No,Yes,One year,Yes,Mailed check,88.74,2597.02,No,Established_25-48m,2,0,0,0.03415678093317218,0
Male,0,Yes,Yes,69,Yes,No,Fiber optic,No,No,Yes,No,Yes,Yes,One year,Yes,Electronic check,111.49,7694.08,Yes,Loyal_49-72m,3,0,1,0.014488478352401794,0
Male,0,Yes,Yes,15,Yes,No,Fiber optic,No,Yes,Yes,No,No,Yes,One year,No,Electronic check,105.27,1579.89,Yes,Developing_13-24m,3,0,0,0.06658907324355268,0
Male,0,No,No,17,Yes,Yes,Fiber optic,No,No,Yes,No,Yes,No,Month-to-month,Yes,Electronic check,106.84,1809.51,Yes,Developing_13-24m,2,0,0,0.05901099690142557,1
Male,0,Yes,Yes,6,Yes,Yes,DSL,Yes,No,No,No,No,No,Two year,Yes,Electronic check,80.24,503.75,Yes,New_0-12m,1,0,0,0.15896978702327885,0
Female,0,No,No,66,Yes,No,Fiber optic,No,Yes,No,No,Yes,Yes,Month-to-month,No,Credit card (automatic),106.61,7044.6,Yes,Loyal_49-72m,3,0,1,0.015131429544680367,1
Male,0,Yes,No,59,Yes,Yes,Fiber optic,Yes,Yes,No,No,No,Yes,Month-to-month,Yes,Bank transfer (automatic),112.7,6636.68,Yes,Loyal_49-72m,3,0,0,0.016978823926432126,1
Male,0,Yes,No,45,Yes,No,DSL,No,Yes,No,No,No,No,One year,Yes,Bank transfer (automatic),67.02,3027.63,No,Established_25-48m,1,0,0,0.022128817320042394,0
Female,0,Yes,Yes,66,No,No phone service,Fiber optic,No,No,No,Yes,No,Yes,Two year,No,Mailed check,85.44,5628.53,No,Loyal_49-72m,2,0,0,0.015177110700182786,0
Male,0,No,No,2,Yes,Yes,Fiber optic,No,No,No,No,No,Yes,Month-to-month,Yes,Bank transfer (automatic),102.2,190.12,Yes,New_0-12m,1,0,0,0.534742570113018,1
Female,0,Yes,Yes,12,Yes,Yes,No,No internet service,No internet service,No internet service,No internet service,No internet service,No internet service,Month-to-month,Yes,Bank transfer (automatic),46.07,546.13,Yes,New_0-12m,0,0,0,0.08420302304753897,0
Female,0,Yes,Yes,37,Yes,No,Fiber optic,Yes,Yes,No,No,No,No,Two year,Yes,Credit card (automatic),90.74,3344.47,No,Established_25-48m,2,0,0,0.02712324426762159,0
Female,0,No,No,39,Yes,Yes,DSL,No,No,Yes,No,Yes,Yes,Two year,No,Electronic check,101.26,3935.57,Yes,Established_25-48m,3,0,1,0.025722900901038213,0
Male,0,No,No,56,Yes,No,Fiber optic,Yes,Yes,No,No,Yes,No,One year,No,Bank transfer (automatic),103.81,5792.37,Yes,Loyal_49-72m,3,0,0,0.01791875885710735,0
Male,0,Yes,Yes,72,Yes,No,DSL,Yes,No,No,No,No,No,One year,Yes,Credit card (automatic),68.1,4892.72,No,Loyal_49-72m,1,0,0,0.013915794119810695,0
Male,1,Yes,Yes,1,Yes,No,Fiber optic,Yes,No,No,No,No,No,One year,Yes,Electronic check,85.54,85.54,Yes,New_0-12m,1,0,0,0.9884446498728912,0
Female,0,No,No,58,Yes,Yes,DSL,No,No,Yes,Yes,Yes,No,One year,No,Mailed check,96.7,5588.33,No,Loyal_49-72m,3,0,0,0.017300821386463137,0
Male,1,Yes,Yes,41,Yes,No,Fiber optic,No,Yes,Yes,No,No,No,One year,Yes,Mailed check,92.96,3819.46,Yes,Established_25-48m,2,0,0,0.02433214848473744,0
Male,0,Yes,No,72,No,No phone service,DSL,No,Yes,No,No,Yes,No,Two year,Yes,Credit card (automatic),64.36,4607.42,No,Loyal_49-72m,2,0,0,0.013965740969790079,0
Male,0,No,No,59,Yes,Yes,DSL,Yes,Yes,No,No,No,No,Two year,Yes,Electronic check,82.06,4835.82,No,Loyal_49-72m,2,0,0,0.01696569233504658,0
Female,0,No,No,53,Yes,Yes,No,No internet service,No internet service,No internet service,No internet service,No internet service,No internet service,Month-to-month,No,Bank transfer (automatic),44.57,2372.13,No,Loyal_49-72m,0,0,0,0.018781103437232684,0
Female,0,No,No,41,Yes,No,No,No internet service,No internet service,No internet service,No internet service,No internet service,No internet service,Month-to-month,No,Credit card (automatic),33.84,1404.42,Yes,Established_25-48m,0,0,0,0.02407821149549601,0
Male,0,Yes,Yes,7,No,No phone service,Fiber optic,Yes,Yes,Yes,Yes,No,Yes,One year,Yes,Electronic check,103.73,717.49,Yes,New_0-12m,5,1,0,0.14437222508316053,0
Male,1,Yes,No,68,No,No phone service,DSL,Yes,No,Yes,No,Yes,Yes,Month-to-month,Yes,Electronic check,78.15,5329.4,No,Loyal_49-72m,4,0,1,0.01466118865375957,0
Male,1,No,No,39,Yes,No,No,No internet service,No internet service,No internet service,No internet service,No internet service,No internet service,Two year,Yes,Credit card (automatic),35.46,1377.43,No,Established_25-48m,0,0,0,0.025724918929506756,0
Male,0,Yes,No,2,Yes,No,No,No internet service,No internet service,No internet service,No internet service,No internet service,No internet service,Month-to-month,Yes,Credit card (automatic),35.57,104.97,Yes,New_0-12m,0,0,0,0.3356610361423044,0
Female,0,No,No,66,Yes,Yes,No,No internet service,No internet service,No internet service,No internet service,No internet service,No internet service,One year,Yes,Bank transfer (automatic),47.81,3133.56,No,Loyal_49-72m,0,0,0,0.015252539431371549,0
Female,0,No,No,19,Yes,Yes,Fiber optic,No,No,No,No,Yes,No,One year,Yes,Mailed check,101.01,1904.09,Yes,Developing_13-24m,1,0,0,0.053021117112577364,0
Female,0,Yes,Yes,47,Yes,No,DSL,No,No,No,No,Yes,Yes,One year,Yes,Credit card (automatic),84.28,3963.58,No,Established_25-48m,2,0,1,0.021258241730523788,0
Female,1,No,No,37,Yes,No,DSL,No,No,Yes,No,Yes,Yes,Month-to-month,Yes,Credit card (automatic),90.24,3319.96,Yes,Established_25-48m,3,0,1,0.027172865677394485,0
Male,0,No,No,3,Yes,No,No,No internet service,No internet service,No internet service,No internet service,No internet service,No internet service,Month-to-month,Yes,Bank transfer (automatic),33.34,89.4,Yes,New_0-12m,0,0,0,0.3688053097345133,0
Male,0,No,No,3,Yes,No,No,No internet service,No internet service,No internet service,No internet service,No internet service,No internet service,Month-to-month,No,Mailed check,34.99,111.76,No,New_0-12m,0,0,0,0.31030507272082297,0
Male,1,Yes,Yes,43,Yes,No,Fiber optic,No,Yes,Yes,Yes,Yes,Yes,One year,Yes,Bank transfer (automatic),121.99,5248.44,No,Established_25-48m,5,0,1,0.023238669267579018,0
Female,0,Yes,No,14,Yes,Yes,DSL,No,No,No,Yes,No,No,Month-to-month,No,Electronic check,79.44,1111.63,No,Developing_13-24m,1,0,0,0.07139839838940168,0
Male,0,No,No,12,Yes,Yes,Fiber optic,No,No,No,No,No,Yes,Month-to-month,Yes,Electronic check,102.89,1234.31,Yes,New_0-12m,1,0,0,0.08329083387975489,1
Female,1,Yes,Yes,28,Yes,Yes,No,No internet service,No internet service,No internet service,No internet service,No internet service,No internet service,Month-to-month,Yes,Bank transfer (automatic),45.65,1241.28,Yes,Established_25-48m,0,0,0,0.03674694915799981,0
Female,0,No,No,71,Yes,No,Fiber optic,No,No,Yes,Yes,No,No,One year,Yes,Electronic check,93.04,6608.07,No,Loyal_49-72m,2,0,0,0.014077623629345734,0
Male,0,Yes,Yes,23,Yes,No,Fiber optic,Yes,No,No,No,Yes,Yes,Month-to-month,No,Electronic check,112.13,2569.45,Yes,Developing_13-24m,3,0,1,0.04362271197650217,1
Male,0,No,No,23,Yes,No,DSL,Yes,No,No,Yes,No,No,Month-to-month,Yes,Mailed check,72.37,1658.96,Yes,Developing_13-24m,2,1,0,0.043597436082797175,0
Male,0,Yes,No,60,Yes,No,DSL,No,No,Yes,No,No,Yes,One year,Yes,Electronic check,78.08,4660.95,No,Loyal_49-72m,2,0,0,0.016748356374478492,0
Female,0,No,No,48,Yes,No,Fiber optic,Yes,Yes,Yes,No,Yes,No,One year,Yes,Electronic check,108.25,5206.1,No,Established_25-48m,4,0,0,0.020788922816923044,0
Male,0,Yes,Yes,71,Yes,No,No,No internet service,No internet service,No internet service,No internet service,No internet service,No internet service,One year,No,Mailed check,34.73,2474.11,Yes,Loyal_49-72m,0,0,0,0.014031699601229842,0
Female,1,Yes,Yes,54,Yes,Yes,DSL,No,No,No,Yes,Yes,Yes,One year,No,Mailed check,103.91,5593.67,No,Loyal_49-72m,3,0,1,0.018573034691947873,0
Male,0,Yes,Yes,25,Yes,No,DSL,Yes,No,No,Yes,Yes,Yes,One year,No,Electronic check,98.71,2470.44,No,Established_25-48m,4,1,1,0.03994027773281973,0
Female,0,No,No,61,Yes,Yes,Fiber optic,No,Yes,Yes,No,Yes,No,Two year,Yes,Mailed check,112.62,6894.52,No,Loyal_49-72m,3,0,0,0.016332343318560455,0
Female,0,Yes,Yes,25,Yes,No,Fiber optic,No,Yes,Yes,No,Yes,No,Month-to-month,No,Mailed check,103.22,2582.6,Yes,Established_25-48m,3,0,0,0.0399520049543273,1
Male,0,No,Yes,26,Yes,No,Fiber optic,No,No,Yes,Yes,Yes,Yes,Month-to-month,Yes,Electronic check,117.43,3022.97,Yes,Established_25-48m,4,0,1,0.03883305720625536,0
Female,0,No,No,41,Yes,No,Fiber optic,Yes,Yes,Yes,Yes,No,No,Two year,No,Credit card (automatic),104.75,4286.19,No,Established_25-48m,4,1,0,0.02443325348305067,0
Female,0,Yes,Yes,13,Yes,No,Fiber optic,No,Yes,Yes,No,Yes,Yes,Two year,No,Electronic check,116.41,1515.23,Yes,Developing_13-24m,4,0,1,0.07677595087816493,0
Male,0,No,No,62,Yes,Yes,No,No internet service,No internet service,No internet service,No internet service,No internet service,No internet service,One year,Yes,Bank transfer (automatic),48.28,3025.1,No,Loyal_49-72m,0,0,0,0.01595452893162817,0
Female,0,Yes,Yes,28,Yes,No,DSL,No,Yes,No,No,No,No,One year,No,Mailed check,65.16,1806.34,No,Established_25-48m,1,0,0,0.03605298394325362,0
Male,0,No,No,68,Yes,Yes,Fiber optic,Yes,No,Yes,Yes,No,Yes,One year,No,Electronic check,124.89,8490.31,No,Loyal_49-72m,4,1,0,0.014707977920956837,0
Female,0,No,No,14,Yes,No,DSL,Yes,No,No,Yes,No,No,Month-to-month,Yes,Electronic check,73.99,1019.85,Yes,Developing_13-24m,2,1,0,0.07247881667238085,0
Male,0,Yes,Yes,21,Yes,No,No,No internet service,No internet service,No internet service,No internet service,No internet service,No internet service,One year,No,Credit card (automatic),35.48,758.27,No,Developing_13-24m,0,0,0,0.04672909505182609,0
Male,0,Yes,No,72,No,No phone service,No,No internet service,No internet service,No internet service,No internet service,No internet service,No internet service,One year,Yes,Mailed check,20.39,1462.59,No,Loyal_49-72m,0,0,0,0.013931497208917799,0
Female,0,Yes,No,61,Yes,No,DSL,No,Yes,No,No,Yes,No,One year,No,Mailed check,75.46,4562.09,No,Loyal_49-72m,2,0,0,0.016537039593784036,0
Female,0,No,No,48,Yes,Yes,DSL,Yes,Yes,No,No,Yes,Yes,Month-to-month,Yes,Bank transfer (automatic),106.68,5114.74,No,Established_25-48m,4,0,1,0.020853288087353934,0
Female,0,Yes,No,32,Yes,No,DSL,Yes,No,Yes,No,Yes,No,Two year,Yes,Electronic check,80.35,2569.52,Yes,Established_25-48m,3,0,0,0.03125826680982836,0
Female,0,No,No,2,Yes,Yes,Fiber optic,Yes,No,No,No,No,No,One year,Yes,Bank transfer (automatic),96.31,198.44,Yes,New_0-12m,1,0,0,0.48290212595266746,0
Female,0,Yes,Yes,36,Yes,No,DSL,No,No,No,Yes,Yes,No,Month-to-month,No,Mailed check,80.24,2891.37,Yes,Established_25-48m,2,0,0,0.027741955558936097,0
Male,0,No,No,44,Yes,No,Fiber optic,No,No,No,No,No,Yes,Two year,No,Mailed check,89.7,3956.66,No,Established_25-48m,1,0,0,0.022664908051727536,0
Female,0,Yes,No,9,Yes,Yes,Fiber optic,Yes,No,Yes,No,No,Yes,Month-to-month,Yes,Bank transfer (automatic),114.1,1025.05,Yes,New_0-12m,3,0,0,0.11120315774085084,1
Male,0,No,No,33,Yes,No,Fiber optic,No,Yes,No,Yes,No,Yes,One year,Yes,Mailed check,105.56,3484.75,No,Established_25-48m,3,0,0,0.030283296277702074,0
Male,0,No,Yes,21,Yes,No,No,No internet service,No internet service,No internet service,No internet service,No internet service,No internet service,Two year,No,Electronic check,34.77,730.35,No,Developing_13-24m,0,0,0,0.047542216449032615,0
Female,0,No,No,35,Yes,Yes,Fiber optic,No,No,Yes,Yes,Yes,No,Month-to-month,Yes,Bank transfer (automatic),115.78,4046.07,Yes,Established_25-48m,3,0,0,0.02860835122693702,0
Male,0,Yes,No,6,Yes,No,No,No internet service,No internet service,No internet service,No internet service,No internet service,No internet service,Month-to-month,No,Bank transfer (automatic),34.12,213.24,No,New_0-12m,0,0,0,0.159260642270351,0
Male,0,Yes,Yes,32,Yes,No,DSL,No,No,No,Yes,Yes,Yes,One year,No,Mailed check,92.11,2960.22,Yes,Established_25-48m,3,0,1,0.03110542276494148,0
Male,0,Yes,Yes,53,Yes,No,DSL,No,No,Yes,Yes,Yes,Yes,Two year,No,Mailed check,99.3,5262.24,No,Loyal_49-72m,4,0,1,0.018866705679391402,0
Male,0,No,No,69,Yes,No,Fiber optic,Yes,No,Yes,No,Yes,Yes,One year,No,Electronic check,115.64,7971.78,No,Loyal_49-72m,4,0,1,0.01450435105446281,0
Female,0,Yes,No,16,Yes,No,Fiber optic,No,Yes,No,No,No,No,One year,No,Bank transfer (automatic),85.92,1358.48,No,Developing_13-24m,1,0,0,0.06320063553711713,0
Male,0,No,No,57,Yes,No,DSL,No,No,No,No,No,Yes,Two year,Yes,Credit card (automatic),72.97,4164.61,No,Loyal_49-72m,1,0,0,0.01751724237266571,0
Female,0,Yes,No,72,Yes,Yes,Fiber optic,Yes,Yes,No,Yes,No,No,One year,Yes,Bank transfer (automatic),113.4,8149.75,No,Loyal_49-72m,3,1,0,0.013912830107658805,0
Female,0,No,No,52,Yes,No,DSL,No,No,No,Yes,Yes,Yes,Month-to-month,Yes,Bank transfer (automatic),91.71,4771.31,No,Loyal_49-72m,3,0,1,0.01921710869578883,0
Male,0,No,No,65,Yes,Yes,No,No internet service,No internet service,No internet service,No internet service,No internet service,No internet service,One year,No,Credit card (automatic),42.45,2761.22,No,Loyal_49-72m,0,0,0,0.015368073506092927,0
Female,0,No,No,55,Yes,No,Fiber optic,Yes,Yes,No,Yes,Yes,No,Two year,No,Electronic check,110.65,6101.76,No,Loyal_49-72m,4,1,0,0.018131140664224055,0
Female,1,Yes,Yes,55,Yes,No,Fiber optic,Yes,No,Yes,Yes,Yes,Yes,Month-to-month,Yes,Mailed check,124.9,6890.31,Yes,Loyal_49-72m,5,1,1,0.018124275355483936,0
Female,0,Yes,No,6,Yes,No,No,No internet service,No internet service,No internet service,No internet service,No internet service,No internet service,Month-to-month,Yes,Mailed check,37.27,178.05,Yes,New_0-12m,0,0,0,0.2081541468863446,0
Male,1,Yes,Yes,51,No,No phone service,Fiber optic,Yes,No,No,No,Yes,No,One year,Yes,Mailed check,81.58,4157.56,No,Loyal_49-72m,2,0,0,0.019617367550305874,0
Female,0,Yes,Yes,69,Yes,Yes,Fiber optic,Yes,No,Yes,No,No,No,Month-to-month,No,Electronic check,101.93,7001.66,Yes,Loyal_49-72m,2,0,0,0.014555897330443004,1
Female,0,No,No,34,Yes,Yes,Fiber optic,No,No,Yes,No,Yes,Yes,One year,Yes,Bank transfer (automatic),120.03,4098.44,Yes,Established_25-48m,3,0,1,0.029279608922194254,0
Female,0,No,Yes,65,Yes,No,Fiber optic,Yes,No,Yes,No,No,No,Month-to-month,Yes,Electronic check,90.85,5904.9,Yes,Loyal_49-72m,2,0,0,0.01538292216258318,1
Male,1,No,No,56,Yes,No,DSL,No,Yes,No,No,No,No,Two year,Yes,Credit card (automatic),68.3,3842.07,No,Loyal_49-72m,1,0,0,0.017772249789881525,0
Female,0,Yes,Yes,32,Yes,Yes,DSL,No,No,No,No,Yes,No,Month-to-month,Yes,Credit card (automatic),83.75,2683.87,No,Established_25-48m,1,0,0,0.0311933166224063,0
Male,0,No,No,67,Yes,Yes,DSL,Yes,No,Yes,No,Yes,No,Two year,Yes,Electronic check,94.52,6312.59,No,Loyal_49-72m,3,0,0,0.014970880275722687,0
Male,0,No,Yes,71,Yes,Yes,Fiber optic,No,No,No,Yes,Yes,No,One year,Yes,Mailed check,109.37,7750.76,No,Loyal_49-72m,2,0,0,0.014109053943878552,0
Male,0,No,No,46,Yes,No,DSL,No,No,No,No,No,Yes,Month-to-month,No,Credit card (automatic),73.43,3375.77,Yes,Established_25-48m,1,0,0,0.021745632660797154,0
Male,0,Yes,No,6,Yes,Yes,DSL,No,Yes,Yes,No,No,Yes,Month-to-month,Yes,Electronic check,94.77,577.16,Yes,New_0-12m,3,0,0,0.16391656288916562,0
Male,0,Yes,No,68,Yes,Yes,DSL,No,No,Yes,No,Yes,No,One year,Yes,Electronic check,87.34,5939.97,No,Loyal_49-72m,2,0,0,0.014701302985876043,0
Male,0,Yes,Yes,28,Yes,No,Fiber optic,Yes,Yes,No,Yes,Yes,No,One year,Yes,Bank transfer (automatic),113.46,3179.54,Yes,Established_25-48m,4,1,0,0.03567318757192175,0
Female,0,No,No,12,Yes,No,Fiber optic,Yes,No,Yes,No,No,No,Two year,No,Bank transfer (automatic),92.55,1105.24,Yes,New_0-12m,2,0,0,0.08366177321376916,0
Male,0,No,No,61,No,No phone service,Fiber optic,No,Yes,No,No,No,No,One year,Yes,Mailed check,68.51,4196.06,No,Loyal_49-72m,1,0,0,0.016323331093670332,0
Female,0,Yes,Yes,22,No,No phone service,DSL,No,No,Yes,No,Yes,Yes,One year,Yes,Credit card (automatic),73.51,1619.41,Yes,Developing_13-24m,3,0,1,0.045365061928771114,0
Female,0,Yes,Yes,22,Yes,No,No,No internet service,No internet service,No internet service,No internet service,No internet service,No internet service,Month-to-month,Yes,Credit card (automatic),33.01,726.95,No,Developing_13-24m,0,0,0,0.04534652105227007,0
Male,1,No,No,32,Yes,No,Fiber optic,No,Yes,No,No,No,Yes,One year,Yes,Credit card (automatic),99.55,3190.03,Yes,Established_25-48m,2,0,0,0.031196823596142936,0
Female,0,No,No,42,Yes,Yes,Fiber optic,No,Yes,Yes,Yes,No,Yes,Month-to-month,Yes,Electronic check,120.95,5073.67,Yes,Established_25-48m,4,0,0,0.023834062116354363,0
Female,0,Yes,No,65,Yes,Yes,No,No internet service,No internet service,No internet service,No internet service,No internet service,No internet service,Two year,Yes,Electronic check,45.94,2980.85,No,Loyal_49-72m,0,0,0,0.015406542917987156,0
Female,0,No,No,59,Yes,No,No,No internet service,No internet service,No internet service,No internet service,No internet service,No internet service,Month-to-month,Yes,Credit card (automatic),38.26,2264.56,No,Loyal_49-72m,0,0,0,0.01688765691484666,0
Female,0,No,No,54,Yes,No,Fiber optic,Yes,No,No,No,No,Yes,One year,Yes,Bank transfer (automatic),99.19,5367.9,Yes,Loyal_49-72m,2,0,0,0.018474920374750882,0
Male,0,No,No,16,Yes,Yes,No,No internet service,No internet service,No internet service,No internet service,No internet service,No internet service,Two year,No,Mailed check,44.37,723.13,No,Developing_13-24m,0,0,0,0.06127352823388065,0
Female,0,Yes,No,4,Yes,No,Fiber optic,Yes,No,Yes,Yes,Yes,No,Month-to-month,No,Mailed check,110.88,440.59,Yes,New_0-12m,4,1,0,0.25109264249643337,0
Male,0,No,No,5,Yes,No,DSL,No,No,Yes,Yes,No,No,Month-to-month,Yes,Credit card (automatic),73.54,369.55,Yes,New_0-12m,2,0,0,0.19846174605316422,0
Female,0,No,No,46,Yes,No,DSL,Yes,No,No,No,No,No,One year,Yes,Electronic check,64.46,2956.06,No,Established_25-48m,1,0,0,0.02179867841707642,0
Female,0,Yes,Yes,31,Yes,No,Fiber optic,No,Yes,Yes,No,No,No,Two year,Yes,Credit card (automatic),90.28,2810.48,No,Established_25-48m,2,0,0,0.0321112012178639,0
Male,0,No,No,18,Yes,No,Fiber optic,No,Yes,No,No,Yes,Yes,One year,Yes,Bank transfer (automatic),108.79,1944.05,No,Developing_13-24m,3,0,1,0.05593172412020257,0
Female,0,No,Yes,28,Yes,No,Fiber optic,No,No,No,No,No,Yes,Month-to-month,Yes,Credit card (automatic),92.8,2601.73,Yes,Established_25-48m,1,0,0,0.03565487007872503,1
Female,1,No,No,36,No,No phone service,No,No internet service,No internet service,No internet service,No internet service,No internet service,No internet service,Two year,Yes,Mailed check,19.22,705.1,No,Established_25-48m,0,0,0,0.027219940518340174,0
Female,0,Yes,No,11,Yes,No,Fiber optic,No,Yes,Yes,No,Yes,Yes,Month-to-month,No,Bank transfer (automatic),115.66,1274.15,Yes,New_0-12m,4,0,1,0.09070305454260282,1
Male,0,No,No,47,Yes,Yes,DSL,No,No,No,Yes,No,No,Two year,No,Bank transfer (automatic),78.7,3703.4,No,Established_25-48m,1,0,0,0.02124500593888349,0
Female,0,No,No,61,Yes,Yes,DSL,Yes,Yes,Yes,Yes,No,Yes,Two year,No,Mailed check,109.09,6650.4,Yes,Loyal_49-72m,5,1,0,0.01640105842379048,0
Male,0,Yes,Yes,52,No,No phone service,No,No internet service,No internet service,No internet service,No internet service,No internet service,No internet service,One year,Yes,Mailed check,18.5,934.19,No,Loyal_49-72m,0,0,0,0.0197820763695078,0
Female,0,No,No,58,Yes,Yes,No,No internet service,No internet service,No internet service,No internet service,No internet service,No internet service,One year,No,Bank transfer (automatic),42.42,2450.26,No,Loyal_49-72m,0,0,0,0.017305385801587754,0
Male,0,No,No,52,Yes,No,Fiber optic,No,Yes,No,Yes,Yes,Yes,Two year,No,Electronic check,117.42,6106.51,No,Loyal_49-72m,4,0,1,0.019225510887415656,0
Male,0,No,No,71,Yes,No,No,No internet service,No internet service,No internet service,No internet service,No internet service,No internet service,Two year,No,Credit card (automatic),33.33,2356.09,No,Loyal_49-72m,0,0,0,0.014140317085898288,0
Female,0,Yes,No,59,Yes,Yes,No,No internet service,No internet service,No internet service,No internet service,No internet service,No internet service,Month-to-month,Yes,Credit card (automatic),46.28,2737.8,No,Loyal_49-72m,0,0,0,0.016897911494085,0
Female,0,No,No,1,Yes,Yes,No,No internet service,No internet service,No internet service,No internet service,No internet service,No internet service,Month-to-month,No,Electronic check,44.3,44.3,Yes,New_0-12m,0,0,0,0.977924944812362,0
Male,0,Yes,No,66,Yes,No,Fiber optic,Yes,Yes,No,No,Yes,Yes,One year,Yes,Credit card (automatic),118.7,7805.14,Yes,Loyal_49-72m,4,0,1,0.015205978883289308,0
Male,0,Yes,Yes,39,Yes,No,Fiber optic,No,No,Yes,No,Yes,No,One year,Yes,Bank transfer (automatic),97.27,3803.96,No,Established_25-48m,2,0,0,0.02556400067280602,0
Female,0,No,No,41,Yes,No,DSL,No,Yes,No,No,Yes,No,One year,Yes,Mailed check,78.46,3212.19,No,Established_25-48m,2,0,0,0.024418101637313696,0
Male,0,Yes,Yes,1,Yes,No,No,No internet service,No internet service,No internet service,No internet service,No internet service,No internet service,Month-to-month,No,Electronic check,34.0,39.2,Yes,New_0-12m,0,0,0,0.8457711442786069,0
Female,0,No,No,26,Yes,No,No,No internet service,No internet service,No internet service,No internet service,No internet service,No internet service,Two year,No,Mailed check,35.73,921.16,No,Established_25-48m,0,0,0,0.03874598768109656,0
Female,0,Yes,Yes,41,Yes,Yes,No,No internet service,No internet service,No internet service,No internet service,No internet service,No internet service,Month-to-month,No,Mailed check,45.76,1884.63,No,Established_25-48m,0,0,0,0.02426775136161389,0
Female,0,Yes,Yes,39,Yes,No,Fiber optic,Yes,No,Yes,Yes,No,Yes,Two year,No,Mailed check,113.33,4440.23,No,Established_25-48m,4,1,0,0.02551770568063352,0
Female,0,Yes,No,39,Yes,No,Fiber optic,No,Yes,No,No,Yes,No,Two year,Yes,Mailed check,97.8,3835.63,No,Established_25-48m,2,0,0,0.02549112111410274,0
Male,0,No,Yes,59,Yes,Yes,Fiber optic,No,No,Yes,No,No,Yes,Two year,No,Electronic check,109.91,6474.97,Yes,Loyal_49-72m,2,0,0,0.016971974854732185,0
Female,0,No,No,51,Yes,No,DSL,No,No,Yes,No,Yes,Yes,Month-to-month,Yes,Bank transfer (automatic),90.45,4606.62,Yes,Loyal_49-72m,3,0,1,0.0196305250867042,0
Male,0,No,No,39,Yes,Yes,Fiber optic,No,Yes,No,No,No,Yes,Month-to-month,Yes,Bank transfer (automatic),107.04,4177.11,Yes,Established_25-48m,2,0,0,0.025619239321128456,1
Female,1,Yes,Yes,42,Yes,No,DSL,No,Yes,Yes,Yes,No,Yes,Two year,No,Credit card (automatic),91.05,3852.16,No,Established_25-48m,4,0,0,0.023629955672746526,0
Male,0,Yes,Yes,71,Yes,Yes,No,No internet service,No internet service,No internet service,No internet service,No internet service,No internet service,Two year,No,Electronic check,46.09,3255.1,No,Loyal_49-72m,0,0,0,0.014154970670433956,0
Female,0,No,No,57,Yes,No,Fiber optic,No,No,No,No,Yes,Yes,Two year,No,Electronic check,105.9,6019.11,No,Loyal_49-72m,2,0,1,0.01759104069526969,0
Male,0,Yes,No,1,Yes,Yes,No,No internet service,No internet service,No internet service,No internet service,No internet service,No internet service,Two year,No,Mailed check,43.32,56.35,No,New_0-12m,0,0,0,0.7553618134263296,0
Male,0,Yes,Yes,48,Yes,No,Fiber optic,No,No,Yes,No,Yes,Yes,Month-to-month,Yes,Electronic check,111.13,5324.25,Yes,Established_25-48m,3,0,1,0.02086850382611145,1
Female,0,No,No,17,Yes,No,DSL,No,Yes,Yes,Yes,No,Yes,One year,Yes,Bank transfer (automatic),89.77,1535.98,Yes,Developing_13-24m,4,0,0,0.05840674569610534,0
Female,1,Yes,Yes,56,Yes,No,DSL,No,Yes,No,No,Yes,No,Two year,No,Electronic check,77.07,4307.14,No,Loyal_49-72m,2,0,0,0.017889390781172382,0
Female,1,No,No,9,Yes,No,No,No internet service,No internet service,No internet service,No internet service,No internet service,No internet service,Month-to-month,Yes,Mailed check,35.73,326.85,No,New_0-12m,0,0,0,0.10898276650907425,0
Female,0,No,No,29,Yes,No,Fiber optic,No,No,No,No,No,No,Month-to-month,Yes,Bank transfer (automatic),78.73,2275.52,Yes,Established_25-48m,0,0,0,0.0345834870767663,1
Male,1,Yes,No,59,Yes,Yes,DSL,No,No,No,No,No,Yes,One year,Yes,Mailed check,84.2,4952.73,No,Loyal_49-72m,1,0,0,0.016997292948949583,0
Female,1,Yes,Yes,11,Yes,No,DSL,No,Yes,Yes,No,No,Yes,Month-to-month,Yes,Electronic check,84.91,936.2,Yes,New_0-12m,3,0,0,0.09059965855740502,0
Male,0,Yes,No,15,Yes,Yes,Fiber optic,No,No,Yes,No,No,Yes,Month-to-month,Yes,Bank transfer (automatic),106.23,1575.26,Yes,Developing_13-24m,2,0,0,0.06739370408435157,1
Male,1,No,No,25,Yes,No,DSL,Yes,No,No,Yes,No,Yes,Month-to-month,Yes,Credit card (automatic),86.98,2181.34,Yes,Established_25-48m,3,1,0,0.03985630103466921,0
Female,0,No,No,6,Yes,Yes,DSL,No,No,No,Yes,Yes,Yes,Month-to-month,No,Electronic check,100.02,596.61,Yes,New_0-12m,3,0,1,0.16736667726443666,0
Male,0,Yes,Yes,11,Yes,No,Fiber optic,No,No,Yes,No,Yes,Yes,Month-to-month,No,Credit card (automatic),110.01,1189.69,Yes,New_0-12m,3,0,1,0.09239180643156489,1
Male,0,Yes,Yes,66,No,No phone service,Fiber optic,No,Yes,Yes,No,Yes,Yes,One year,Yes,Mailed check,102.32,6757.62,No,Loyal_49-72m,4,0,1,0.015139185218284204,0
Male,0,No,No,62,Yes,Yes,Fiber optic,Yes,No,No,Yes,Yes,Yes,Two year,No,Mailed check,129.06,8005.9,No,Loyal_49-72m,4,1,1,0.016118597709475577,0
Male,1,No,No,30,Yes,No,No,No internet service,No internet service,No internet service,No internet service,No internet service,No internet service,Two year,Yes,Electronic check,34.87,1010.82,No,Established_25-48m,0,0,0,0.0344626514597458,0
Female,0,Yes,Yes,71,Yes,No,Fiber optic,No,No,Yes,No,Yes,No,Month-to-month,No,Bank transfer (automatic),97.48,6920.32,No,Loyal_49-72m,2,0,0,0.014084018655400994,1
Female,0,Yes,No,21,Yes,No,No,No internet service,No internet service,No internet service,No internet service,No internet service,No internet service,Month-to-month,Yes,Electronic check,33.26,698.61,No,Developing_13-24m,0,0,0,0.04754077271622761,0
Female,0,Yes,No,57,No,No phone service,DSL,No,No,No,Yes,Yes,No,One year,No,Bank transfer (automatic),65.27,3721.78,No,Loyal_49-72m,2,0,0,0.017532596607911292,0
Female,1,No,No,11,Yes,Yes,DSL,No,Yes,Yes,No,No,No,Month-to-month,No,Credit card (automatic),83.21,888.03,Yes,New_0-12m,2,0,0,0.0935963915728378,0
Male,1,No,No,56,Yes,Yes,DSL,Yes,No,Yes,No,Yes,No,One year,Yes,Bank transfer (automatic),97.1,5442.91,No,Loyal_49-72m,3,0,0,0.017836444761210234,0
Male,0,Yes,Yes,38,Yes,Yes,DSL,No,Yes,Yes,No,Yes,Yes,One year,No,Credit card (automatic),105.32,4009.86,No,Established_25-48m,4,0,1,0.02625870760884199,0
Female,0,No,No,9,Yes,No,No,No internet service,No internet service,No internet service,No internet service,No internet service,No internet service,Month-to-month,Yes,Mailed check,36.27,312.36,Yes,New_0-12m,0,0,0,0.11574546847076846,0
Female,0,Yes,Yes,66,Yes,Yes,No,No internet service,No internet service,No internet service,No internet service,No internet service,No internet service,One year,No,Electronic check,46.15,3024.91,No,Loyal_49-72m,0,0,0,0.015251610259393042,0
Female,0,Yes,Yes,29,Yes,Yes,Fiber optic,No,Yes,Yes,Yes,Yes,Yes,Two year,Yes,Electronic check,133.29,3850.72,No,Established_25-48m,5,0,1,0.034605319182079694,0
Male,0,Yes,Yes,6,Yes,No,Fiber optic,No,Yes,Yes,No,No,Yes,Month-to-month,No,Electronic check,105.08,632.41,Yes,New_0-12m,3,0,0,0.16589570736174042,1
Female,0,No,No,67,Yes,No,No,No internet service,No internet service,No internet service,No internet service,No internet service,No internet service,One year,Yes,Mailed check,33.78,2244.69,No,Loyal_49-72m,0,0,0,0.015042147402357405,0
Female,0,No,No,65,No,No phone service,Fiber optic,No,Yes,No,Yes,No,Yes,Month-to-month,No,Bank transfer (automatic),91.39,5920.05,No,Loyal_49-72m,3,0,0,0.015434762415449962,0
Female,0,No,No,53,Yes,Yes,DSL,No,Yes,No,Yes,Yes,No,Month-to-month,No,Mailed check,95.68,5102.53,No,Loyal_49-72m,3,0,0,0.01874780788983312,0
Male,0,Yes,No,58,Yes,No,Fiber optic,No,Yes,Yes,No,Yes,Yes,One year,Yes,Mailed check,116.67,6766.78,Yes,Loyal_49-72m,4,0,1,0.017239035547845824,0
Male,0,Yes,Yes,54,Yes,Yes,Fiber optic,No,Yes,No,No,Yes,No,Two year,No,Electronic check,108.78,5869.45,No,Loyal_49-72m,2,0,0,0.018530095648544832,0
Male,0,Yes,No,1,Yes,No,DSL,No,Yes,Yes,No,No,Yes,Month-to-month,Yes,Electronic check,83.21,83.21,Yes,New_0-12m,3,0,0,0.9881249257807861,0
Male,0,No,No,8,Yes,Yes,DSL,Yes,Yes,No,Yes,No,Yes,Month-to-month,No,Mailed check,101.99,809.57,Yes,New_0-12m,4,1,0,0.1258250367025673,0
Male,0,Yes,No,14,Yes,Yes,DSL,No,Yes,No,Yes,No,Yes,One year,Yes,Mailed check,95.81,1368.37,Yes,Developing_13-24m,3,0,0,0.06996648093648905,0
Male,0,No,No,68,Yes,Yes,Fiber optic,Yes,No,No,No,No,No,Month-to-month,Yes,Credit card (automatic),94.37,6429.4,No,Loyal_49-72m,1,0,0,0.014675603383926351,1
Male,0,Yes,No,41,Yes,No,DSL,No,Yes,Yes,No,No,Yes,Two year,Yes,Electronic check,83.45,3457.25,No,Established_25-48m,3,0,0,0.024130701944625174,0
Male,0,Yes,Yes,11,Yes,No,Fiber optic,No,No,No,No,No,Yes,One year,No,Bank transfer (automatic),91.13,1008.31,Yes,New_0-12m,1,0,0,0.09028940563355163,0
Female,1,Yes,No,30,No,No phone service,Fiber optic,No,Yes,Yes,Yes,No,No,Month-to-month,Yes,Credit card (automatic),83.31,2484.96,Yes,Established_25-48m,3,0,0,0.03351220454070057,0
Female,0,Yes,Yes,16,No,No phone service,Fiber optic,No,No,Yes,No,Yes,Yes,Month-to-month,Yes,Electronic check,93.79,1504.71,Yes,Developing_13-24m,3,0,1,0.06228955110877925,1
Male,0,Yes,Yes,68,Yes,Yes,No,No internet service,No internet service,No internet service,No internet service,No internet service,No internet service,Two year,Yes,Credit card (automatic),44.61,3041.71,No,Loyal_49-72m,0,0,0,0.014661272352606721,0
Male,0,Yes,No,8,Yes,Yes,Fiber optic,Yes,No,Yes,Yes,No,No,Month-to-month,Yes,Electronic check,110.08,889.85,Yes,New_0-12m,3,1,0,0.12356737946904642,0
Female,1,No,No,14,Yes,Yes,Fiber optic,No,No,No,No,No,Yes,Two year,Yes,Credit card (automatic),100.13,1395.19,No,Developing_13-24m,1,0,0,0.07171660017619377,0
Male,0,No,No,24,Yes,No,No,No internet service,No internet service,No internet service,No internet service,No internet service,No internet service,One year,Yes,Electronic check,36.8,910.26,No,Developing_13-24m,0,0,0,0.04038364462392731,0
Male,0,Yes,Yes,21,Yes,No,Fiber optic,No,Yes,No,Yes,No,Yes,Month-to-month,No,Bank transfer (automatic),106.92,2226.28,Yes,Developing_13-24m,3,0,0,0.04800474120900829,0
Male,1,Yes,No,57,No,No phone service,No,No internet service,No internet service,No internet service,No internet service,No internet service,No internet service,Two year,Yes,Bank transfer (automatic),19.87,1137.68,No,Loyal_49-72m,0,0,0,0.01745002985913514,0
Female,0,Yes,No,29,Yes,No,Fiber optic,No,No,Yes,Yes,No,Yes,Month-to-month,No,Electronic check,104.17,3016.54,Yes,Established_25-48m,3,0,0,0.03452149764377606,0
Female,0,Yes,Yes,50,Yes,No,DSL,No,No,Yes,No,No,No,One year,Yes,Electronic check,65.68,3272.35,No,Loyal_49-72m,1,0,0,0.020065070951777234,0
Female,0,Yes,No,26,No,No phone service,Fiber optic,No,No,No,Yes,No,No,One year,No,Electronic check,72.59,1891.05,No,Established_25-48m,1,0,0,0.0383657937158109,0
Female,0,No,Yes,30,Yes,Yes,DSL,Yes,No,No,Yes,Yes,No,One year,Yes,Electronic check,94.38,2850.25,No,Established_25-48m,3,1,0,0.03310127137220517,0
Female,0,Yes,Yes,10,Yes,Yes,DSL,Yes,Yes,Yes,No,No,No,Month-to-month,Yes,Mailed check,86.26,868.66,Yes,New_0-12m,3,0,0,0.09918818848745488,0
Male,0,Yes,No,19,No,No phone service,DSL,Yes,Yes,Yes,No,No,Yes,One year,Yes,Credit card (automatic),76.15,1450.95,No,Developing_13-24m,4,0,0,0.052446709597437934,0
Female,1,Yes,No,21,Yes,No,DSL,Yes,No,Yes,Yes,No,No,Month-to-month,Yes,Electronic check,79.51,1639.42,No,Developing_13-24m,3,1,0,0.048469294448982576,0
Male,1,Yes,No,5,Yes,Yes,Fiber optic,No,Yes,No,No,Yes,No,Month-to-month,Yes,Electronic check,109.33,560.47,Yes,New_0-12m,2,0,0,0.19472100023153507,1
Male,0,No,No,57,Yes,Yes,No,No internet service,No internet service,No internet service,No internet service,No internet service,No internet service,Month-to-month,Yes,Electronic check,44.98,2557.77,No,Loyal_49-72m,0,0,0,0.017578758544144257,0
Female,0,Yes,Yes,68,Yes,Yes,No,No internet service,No internet service,No internet service,No internet service,No internet service,No internet service,Two year,Yes,Electronic check,46.13,3144.85,No,Loyal_49-72m,0,0,0,0.01466376337079009,0
Female,0,Yes,Yes,6,Yes,No,DSL,No,Yes,Yes,No,No,Yes,Month-to-month,Yes,Credit card (automatic),85.08,524.28,Yes,New_0-12m,3,0,0,0.16197075845263478,0
Male,1,No,No,62,Yes,No,Fiber optic,Yes,No,Yes,Yes,No,Yes,Month-to-month,No,Electronic check,112.7,6990.29,No,Loyal_49-72m,4,1,0,0.016120057957830388,0
Male,1,Yes,Yes,9,Yes,Yes,DSL,Yes,No,Yes,Yes,Yes,No,Month-to-month,Yes,Mailed check,103.77,903.91,Yes,New_0-12m,4,1,0,0.11467438750814998,0
Male,0,No,No,2,Yes,No,Fiber optic,Yes,No,No,No,Yes,No,Month-to-month,No,Electronic check,98.15,217.55,Yes,New_0-12m,2,0,0,0.44909631663234956,1
Female,0,No,No,62,Yes,Yes,No,No internet service,No internet service,No internet service,No internet service,No internet service,No internet service,One year,Yes,Electronic check,42.76,2678.2,No,Loyal_49-72m,0,0,0,0.01595998805613616,0
Female,0,Yes,Yes,58,No,No phone service,DSL,Yes,No,Yes,No,No,Yes,Month-to-month,Yes,Electronic check,67.0,3898.2,No,Loyal_49-72m,3,0,0,0.0171830118998769,0
Female,0,No,No,57,Yes,Yes,No,No internet service,No internet service,No internet service,No internet service,No internet service,No internet service,One year,Yes,Electronic check,44.02,2509.1400000000003,No,Loyal_49-72m,0,0,0,0.017536870453440843,0
Female,0,Yes,No,24,Yes,Yes,No,No internet service,No internet service,No internet service,No internet service,No internet service,No internet service,One year,No,Electronic check,46.11,1125.09,No,Developing_13-24m,0,0,0,0.04094699357955404,0
Female,0,No,No,67,Yes,Yes,Fiber optic,No,No,Yes,Yes,No,Yes,Two year,No,Credit card (automatic),115.4,7727.57,No,Loyal_49-72m,3,0,0,0.01493161089308889,0
Male,0,Yes,No,17,No,No phone service,Fiber optic,Yes,No,No,No,No,No,Month-to-month,No,Mailed check,71.31,1211.27,No,Developing_13-24m,1,0,0,0.05882352941176471,1
Female,0,Yes,Yes,27,Yes,Yes,Fiber optic,No,No,No,No,No,Yes,One year,Yes,Mailed check,102.8,2793.56,Yes,Established_25-48m,1,0,0,0.036785755181495475,0
Male,0,No,No,14,No,No phone service,No,No internet service,No internet service,No internet service,No internet service,No internet service,No internet service,Month-to-month,No,Mailed check,20.25,293.21,Yes,Developing_13-24m,0,0,0,0.06882838788620374,0
Male,1,No,No,65,Yes,No,Fiber optic,Yes,No,No,Yes,Yes,No,Two year,Yes,Electronic check,102.56,6631.11,No,Loyal_49-72m,3,1,0,0.01546415846540543,0
Male,0,No,No,41,Yes,No,Fiber optic,No,No,Yes,Yes,Yes,Yes,Two year,Yes,Electronic check,116.22,4768.14,No,Established_25-48m,4,0,1,0.0243691734778178,0
Female,0,No,No,2,Yes,No,Fiber optic,Yes,No,Yes,No,No,No,Month-to-month,Yes,Electronic check,94.65,207.08,Yes,New_0-12m,2,0,0,0.45487312572087657,1
Female,0,Yes,Yes,32,Yes,No,DSL,Yes,Yes,Yes,No,No,No,Month-to-month,Yes,Electronic check,78.49,2491.23,Yes,Established_25-48m,3,0,0,0.03149388298832772,0
Female,0,Yes,No,16,Yes,No,No,No internet service,No internet service,No internet service,No internet service,No internet service,No internet service,One year,Yes,Credit card (automatic),30.95,509.86,No,Developing_13-24m,0,0,0,0.060584113064244605,0
Male,0,Yes,No,5,Yes,No,No,No internet service,No internet service,No internet service,No internet service,No internet service,No internet service,Month-to-month,No,Electronic check,35.1,150.45,Yes,New_0-12m,0,0,0,0.23175965665236054,0
Male,0,Yes,Yes,5,Yes,No,Fiber optic,No,No,No,Yes,Yes,No,One year,Yes,Mailed check,102.7,510.28,Yes,New_0-12m,2,0,0,0.20086840869973402,0
Male,0,Yes,Yes,48,Yes,No,No,No internet service,No internet service,No internet service,No internet service,No internet service,No internet service,Two year,Yes,Bank transfer (automatic),35.41,1707.8,No,Established_25-48m,0,0,0,0.020722144194756553,0
Male,0,No,No,35,Yes,Yes,No,No internet service,No internet service,No internet service,No internet service,No internet service,No internet service,One year,Yes,Mailed check,45.07,1573.65,No,Established_25-48m,0,0,0,0.02862223351220906,0
Male,0,Yes,Yes,58,Yes,Yes,DSL,No,No,No,Yes,Yes,No,Two year,Yes,Bank transfer (automatic),87.26,5078.74,No,Loyal_49-72m,2,0,0,0.017178044545586982,0
Male,0,Yes,No,18,Yes,Yes,Fiber optic,Yes,Yes,No,Yes,No,Yes,Month-to-month,Yes,Electronic check,121.59,2167.4,Yes,Developing_13-24m,4,1,0,0.05607360265633647,0
Female,0,Yes,Yes,49,Yes,No,Fiber optic,Yes,Yes,No,No,Yes,No,Two year,Yes,Mailed check,101.54,4987.69,Yes,Loyal_49-72m,3,0,0,0.020354040840380946,0
Female,0,No,No,35,Yes,No,Fiber optic,Yes,No,No,No,Yes,No,Two year,Yes,Bank transfer (automatic),96.17,3366.74,No,Established_25-48m,2,0,0,0.02855624246527345,0
Female,0,No,No,23,Yes,No,Fiber optic,No,No,No,No,No,No,One year,Yes,Mailed check,77.82,1777.07,No,Developing_13-24m,0,0,0,0.043766555872378474,0
Female,1,No,No,21,Yes,No,Fiber optic,No,Yes,No,No,No,No,One year,No,Credit card (automatic),88.61,1867.39,Yes,Developing_13-24m,1,0,0,0.04742585862694619,0
Male,0,Yes,No,68,Yes,No,Fiber optic,Yes,Yes,No,Yes,Yes,Yes,Two year,No,Bank transfer (automatic),125.09,8505.06,No,Loyal_49-72m,5,1,1,0.014705986085214543,0
Male,0,No,Yes,65,Yes,No,DSL,Yes,No,Yes,Yes,Yes,Yes,Two year,Yes,Bank transfer (automatic),106.1,6918.69,No,Loyal_49-72m,5,1,1,0.015333056827690258,0
Female,0,Yes,Yes,48,Yes,No,DSL,Yes,No,Yes,No,No,Yes,One year,No,Mailed check,82.01,3945.23,No,Established_25-48m,3,0,0,0.020781860155135407,0
Male,0,No,No,33,Yes,Yes,DSL,Yes,No,Yes,No,Yes,Yes,Month-to-month,Yes,Credit card (automatic),106.29,3513.76,Yes,Established_25-48m,4,0,1,0.030241040640043702,0
Female,0,No,Yes,66,Yes,Yes,DSL,No,No,Yes,Yes,No,Yes,Two year,Yes,Mailed check,94.49,6226.25,No,Loyal_49-72m,3,0,0,0.01517363202055482,0
Female,1,Yes,No,33,Yes,No,Fiber optic,Yes,No,No,Yes,Yes,Yes,One year,No,Credit card (automatic),116.65,3851.65,No,Established_25-48m,4,1,1,0.030277860693289034,0
Female,0,No,Yes,71,Yes,No,Fiber optic,No,Yes,Yes,Yes,Yes,No,One year,Yes,Electronic check,112.7,7993.07,No,Loyal_49-72m,4,0,0,0.014097950105515714,0
Male,1,No,No,66,No,No phone service,DSL,No,No,No,Yes,Yes,No,One year,No,Credit card (automatic),65.27,4306.89,No,Loyal_49-72m,2,0,0,0.015151268950692796,0
Female,0,Yes,No,26,Yes,No,Fiber optic,No,No,No,No,Yes,Yes,Two year,Yes,Bank transfer (automatic),104.43,2733.86,No,Established_25-48m,2,0,1,0.03818476996994362,0
Female,0,No,No,36,Yes,No,Fiber optic,No,Yes,No,Yes,Yes,Yes,One year,No,Credit card (automatic),116.12,4176.03,Yes,Established_25-48m,4,0,1,0.027799656693871008,0
Female,0,Yes,No,56,Yes,Yes,DSL,No,No,No,Yes,No,No,Two year,Yes,Electronic check,78.19,4356.95,No,Loyal_49-72m,1,0,0,0.01794192223407795,0
Male,0,Yes,No,63,Yes,Yes,Fiber optic,No,No,No,No,Yes,No,One year,No,Electronic check,102.52,6466.18,No,Loyal_49-72m,1,0,0,0.015852349865010714,0
Male,0,Yes,Yes,26,Yes,No,Fiber optic,Yes,Yes,No,No,Yes,Yes,Month-to-month,Yes,Credit card (automatic),114.99,3001.54,Yes,Established_25-48m,4,0,1,0.03829757472007034,1
Female,0,Yes,No,51,Yes,No,DSL,No,No,Yes,Yes,Yes,Yes,Two year,Yes,Electronic check,97.59,5000.92,No,Loyal_49-72m,4,0,1,0.019510507964941463,0
Male,1,No,No,24,Yes,Yes,DSL,No,Yes,No,No,Yes,Yes,One year,No,Bank transfer (automatic),97.53,2353.69,Yes,Developing_13-24m,3,0,1,0.041419464982651644,0
Male,0,Yes,Yes,69,Yes,No,No,No internet service,No internet service,No internet service,No internet service,No internet service,No internet service,Two year,No,Credit card (automatic),31.77,2188.05,No,Loyal_49-72m,0,0,0,0.014513144971563006,0
Male,0,No,No,52,Yes,Yes,Fiber optic,Yes,No,Yes,No,No,Yes,Month-to-month,No,Electronic check,117.01,6088.43,Yes,Loyal_49-72m,3,0,0,0.01921526316913077,1
Male,0,Yes,Yes,34,Yes,Yes,Fiber optic,Yes,Yes,Yes,No,No,Yes,Two year,Yes,Mailed check,120.31,4096.38,No,Established_25-48m,4,0,0,0.02936266589869624,0
Male,0,No,Yes,2,Yes,No,Fiber optic,No,Yes,No,No,Yes,No,Month-to-month,No,Electronic check,97.46,201.43,Yes,New_0-12m,2,0,0,0.4814503779084127,1
Male,0,No,No,13,Yes,No,No,No internet service,No internet service,No internet service,No internet service,No internet service,No internet service,Month-to-month,No,Electronic check,36.2,433.49,Yes,Developing_13-24m,0,0,0,0.08331607171626505,0
Male,0,No,No,59,Yes,Yes,No,No internet service,No internet service,No internet service,No internet service,No internet service,No internet service,Two year,Yes,Bank transfer (automatic),43.69,2569.11,No,Loyal_49-72m,0,0,0,0.016999272404683068,0
Male,0,Yes,No,29,Yes,No,DSL,No,No,No,Yes,No,Yes,Month-to-month,Yes,Electronic check,80.17,2332.09,Yes,Established_25-48m,2,0,0,0.03436215491044066,0
Male,0,Yes,Yes,10,Yes,Yes,Fiber optic,No,Yes,Yes,Yes,No,Yes,One year,Yes,Mailed check,123.66,1253.09,Yes,New_0-12m,4,0,0,0.09860536325144129,0
Male,1,Yes,Yes,28,Yes,No,Fiber optic,No,Yes,No,No,Yes,No,Month-to-month,Yes,Credit card (automatic),96.35,2688.29,Yes,Established_25-48m,2,0,0,0.03582730014241677,1
Female,1,No,No,24,Yes,No,DSL,Yes,No,Yes,No,No,No,One year,No,Electronic check,71.26,1704.02,No,Developing_13-24m,2,0,0,0.04179423115271375,0
Female,0,No,No,41,Yes,Yes,No,No internet service,No internet service,No internet service,No internet service,No internet service,No internet service,One year,Yes,Credit card (automatic),42.93,1756.55,No,Established_25-48m,0,0,0,0.024426047623111718,0
Male,0,Yes,Yes,38,Yes,No,Fiber optic,No,No,No,No,No,No,One year,Yes,Mailed check,81.25,3085.48,Yes,Established_25-48m,0,0,0,0.02632448614603043,0
Female,1,Yes,Yes,50,Yes,No,Fiber optic,No,Yes,No,Yes,Yes,Yes,Month-to-month,Yes,Electronic check,118.31,5928.32,Yes,Loyal_49-72m,4,0,1,0.01995338419919991,0
Female,1,No,Yes,12,Yes,No,No,No internet service,No internet service,No internet service,No internet service,No internet service,No internet service,Month-to-month,No,Electronic check,36.76,430.04,Yes,New_0-12m,0,0,0,0.08528210838901261,0
Male,0,Yes,Yes,57,Yes,Yes,DSL,No,Yes,No,Yes,Yes,Yes,One year,Yes,Electronic check,109.26,6240.79,No,Loyal_49-72m,4,0,1,0.017504594034724014,0
Male,0,No,No,53,Yes,Yes,DSL,Yes,Yes,No,Yes,No,Yes,Month-to-month,Yes,Bank transfer (automatic),101.61,5406.61,Yes,Loyal_49-72m,4,1,0,0.018790186422467596,0
Male,0,No,No,44,Yes,No,Fiber optic,No,No,No,No,Yes,Yes,Month-to-month,No,Mailed check,104.62,4597.37,Yes,Established_25-48m,2,0,1,0.022751540219686544,1
Female,0,No,No,34,Yes,Yes,Fiber optic,Yes,No,Yes,Yes,No,Yes,Month-to-month,No,Bank transfer (automatic),122.63,4162.97,Yes,Established_25-48m,4,1,0,0.029450260208406877,0
Female,1,Yes,No,6,Yes,No,Fiber optic,No,No,No,Yes,No,No,Month-to-month,Yes,Electronic check,89.1,536.96,Yes,New_0-12m,1,0,0,0.16562569707784963,0
Male,0,Yes,Yes,71,Yes,No,DSL,No,No,Yes,No,No,No,Two year,No,Bank transfer (automatic),68.2,4833.4,No,Loyal_49-72m,1,0,0,0.014107231507529374,0
Male,1,No,No,7,Yes,Yes,Fiber optic,No,Yes,Yes,Yes,No,Yes,Month-to-month,No,Electronic check,120.36,841.2,Yes,New_0-12m,4,0,0,0.14291142246497268,0
Male,0,No,No,63,Yes,Yes,DSL,Yes,Yes,Yes,No,No,Yes,One year,No,Bank transfer (automatic),97.19,6100.93,No,Loyal_49-72m,4,0,0,0.01592774745039684,0
Female,1,Yes,No,40,Yes,No,Fiber optic,No,No,No,No,No,Yes,Two year,No,Electronic check,90.42,3629.64,Yes,Established_25-48m,1,0,0,0.024904699997796532,0
Female,0,Yes,Yes,49,Yes,No,DSL,No,Yes,No,No,No,Yes,Two year,Yes,Mailed check,78.71,3881.74,No,Loyal_49-72m,2,0,0,0.020271766845063023,0
Female,1,No,No,21,Yes,No,Fiber optic,No,Yes,Yes,No,No,No,Month-to-month,Yes,Bank transfer (automatic),92.62,1934.92,Yes,Developing_13-24m,2,0,0,0.047842886069672304,1
Female,0,No,No,67,Yes,Yes,No,No internet service,No internet service,No internet service,No internet service,No internet service,No internet service,One year,No,Credit card (automatic),44.15,2933.36,No,Loyal_49-72m,0,0,0,0.015045870309028203,0
Male,0,No,No,43,Yes,No,No,No internet service,No internet service,No internet service,No internet service,No internet service,No internet service,Two year,Yes,Credit card (automatic),34.59,1501.18,No,Established_25-48m,0,0,0,0.023026534769468372,0
Male,0,No,No,24,No,No phone service,Fiber optic,No,Yes,Yes,No,Yes,No,One year,No,Mailed check,87.75,2099.72,Yes,Developing_13-24m,3,0,0,0.04177139266537187,0
Male,1,Yes,No,49,Yes,No,Fiber optic,No,Yes,No,Yes,No,No,Two year,Yes,Credit card (automatic),93.84,4588.14,No,Loyal_49-72m,2,0,0,0.020448275711789136,0
Male,0,Yes,Yes,43,No,No phone service,Fiber optic,No,No,No,Yes,Yes,Yes,One year,Yes,Mailed check,95.96,4124.45,Yes,Established_25-48m,3,0,1,0.023260492794725425,0
Female,1,No,No,43,No,No phone service,Fiber optic,No,No,Yes,Yes,Yes,No,One year,Yes,Mailed check,93.46,4000.47,Yes,Established_25-48m,3,0,0,0.023356416516930028,0
Female,1,No,Yes,1,Yes,No,No,No internet service,No internet service,No internet service,No internet service,No internet service,No internet service,Month-to-month,No,Bank transfer (automatic),36.98,44.21,No,New_0-12m,0,0,0,0.8179606281796062,0
Male,0,Yes,Yes,41,Yes,No,No,No internet service,No internet service,No internet service,No internet service,No internet service,No internet service,Month-to-month,No,Credit card (automatic),36.09,1460.72,No,Established_25-48m,0,0,0,0.024690091125523356,0
Male,0,Yes,Yes,19,Yes,Yes,No,No internet service,No internet service,No internet service,No internet service,No internet service,No internet service,Month-to-month,Yes,Bank transfer (automatic),45.05,838.18,No,Developing_13-24m,0,0,0,0.053683357563335636,0
Female,0,No,No,68,Yes,No,No,No internet service,No internet service,No internet service,No internet service,No internet service,No internet service,One year,Yes,Credit card (automatic),36.71,2478.31,No,Loyal_49-72m,0,0,0,0.014806538916069392,0
Male,0,Yes,No,49,Yes,No,DSL,No,No,No,Yes,Yes,No,Two year,Yes,Electronic check,80.15,3929.81,No,Loyal_49-72m,2,0,0,0.020390199475426186,0
Female,0,Yes,No,58,Yes,No,Fiber optic,No,No,No,Yes,No,Yes,One year,No,Credit card (automatic),100.24,5786.71,No,Loyal_49-72m,2,0,0,0.017319457954873343,0
Male,0,No,No,43,Yes,No,No,No internet service,No internet service,No internet service,No internet service,No internet service,No internet service,One year,Yes,Electronic check,32.41,1424.95,Yes,Established_25-48m,0,0,0,0.022728707177671024,0
Male,0,No,No,47,Yes,No,No,No internet service,No internet service,No internet service,No internet service,No internet service,No internet service,One year,Yes,Mailed check,35.39,1657.7,No,Established_25-48m,0,0,0,0.02133598601314282,0
Male,0,No,No,17,Yes,No,No,No internet service,No internet service,No internet service,No internet service,No internet service,No internet service,One year,Yes,Credit card (automatic),33.06,530.28,No,Developing_13-24m,0,0,0,0.06222707423580787,0
Male,0,Yes,No,4,Yes,No,Fiber optic,No,Yes,Yes,No,No,Yes,Month-to-month,Yes,Credit card (automatic),103.4,397.69,Yes,New_0-12m,3,0,0,0.25934936918407786,1
Male,0,No,No,69,Yes,Yes,Fiber optic,No,Yes,No,Yes,No,No,Two year,No,Electronic check,104.25,7202.23,Yes,Loyal_49-72m,2,0,0,0.014472674064273945,0
Male,1,No,No,10,Yes,Yes,DSL,Yes,No,Yes,Yes,No,Yes,Month-to-month,Yes,Credit card (automatic),100.65,1026.73,Yes,New_0-12m,4,1,0,0.09793428235042279,0
Male,0,No,No,55,No,No phone service,Fiber optic,No,Yes,Yes,No,No,Yes,One year,Yes,Electronic check,89.72,4937.05,Yes,Loyal_49-72m,3,0,0,0.01816911533905084,0
Female,1,No,No,66,Yes,No,Fiber optic,No,Yes,No,Yes,No,Yes,Month-to-month,No,Electronic check,107.58,7101.56,Yes,Loyal_49-72m,3,0,0,0.015146651348246266,0
Female,0,Yes,No,41,No,No phone service,No,No internet service,No internet service,No internet service,No internet service,No internet service,No internet service,Two year,No,Credit card (automatic),18.67,742.52,No,Established_25-48m,0,0,0,0.025110286206154513,0
Female,0,Yes,No,68,Yes,No,No,No internet service,No internet service,No internet service,No internet service,No internet service,No internet service,One year,No,Credit card (automatic),35.18,2414.57,No,Loyal_49-72m,0,0,0,0.014563850354160714,0
Female,0,Yes,Yes,49,Yes,No,No,No internet service,No internet service,No internet service,No internet service,No internet service,No internet service,Two year,Yes,Bank transfer (automatic),33.13,1631.71,No,Loyal_49-72m,0,0,0,0.02029141733682038,0
Female,0,Yes,No,12,Yes,No,DSL,No,No,Yes,No,Yes,Yes,Month-to-month,Yes,Credit card (automatic),88.25,1063.82,Yes,New_0-12m,3,0,1,0.08287785729043406,0
Male,0,No,Yes,39,Yes,Yes,Fiber optic,Yes,No,No,No,No,No,One year,Yes,Electronic check,96.47,3762.58,No,Established_25-48m,1,0,0,0.02563250947236408,0
Male,0,No,No,30,Yes,Yes,Fiber optic,Yes,Yes,No,Yes,No,Yes,Month-to-month,Yes,Electronic check,123.07,3700.07,Yes,Established_25-48m,4,1,0,0.03325254588537909,0
Female,0,No,No,12,Yes,Yes,DSL,No,No,Yes,Yes,No,Yes,One year,No,Credit card (automatic),93.74,1112.88,No,New_0-12m,3,0,0,0.08415628254390059,0
Male,0,No,No,72,Yes,No,DSL,No,Yes,Yes,Yes,No,No,Two year,No,Bank transfer (automatic),83.07,5995.13,No,Loyal_49-72m,3,0,0,0.013853935788583635,0
Female,0,Yes,Yes,34,Yes,Yes,No,No internet service,No internet service,No internet service,No internet service,No internet service,No internet service,Month-to-month,No,Credit card (automatic),44.25,1516.55,No,Established_25-48m,0,0,0,0.029158841553820303,0
Female,0,Yes,No,15,Yes,No,DSL,No,No,No,No,Yes,No,Month-to-month,Yes,Credit card (automatic),72.31,1083.18,Yes,Developing_13-24m,1,0,0,0.06669556715674518,0
Male,0,Yes,No,46,Yes,Yes,DSL,Yes,No,Yes,Yes,No,Yes,Month-to-month,No,Bank transfer (automatic),101.2,4651.12,No,Established_25-48m,4,1,0,0.021753523124940888,0
Male,0,Yes,No,30,Yes,No,Fiber optic,Yes,No,Yes,No,No,Yes,One year,Yes,Bank transfer (automatic),103.57,3074.72,No,Established_25-48m,3,0,0,0.033673416305775555,0
Male,0,Yes,Yes,4,Yes,No,No,No internet service,No internet service,No internet service,No internet service,No internet service,No internet service,One year,Yes,Mailed check,37.28,123.14,Yes,New_0-12m,0,0,0,0.3003061060093443,0
Female,0,No,Yes,29,Yes,No,No,No internet service,No internet service,No internet service,No internet service,No internet service,No internet service,One year,No,Electronic check,37.26,1088.73,No,Established_25-48m,0,0,0,0.03419195580556651,0
Male,0,No,No,50,Yes,No,No,No internet service,No internet service,No internet service,No internet service,No internet service,No internet service,Two year,Yes,Bank transfer (automatic),32.52,1639.57,No,Loyal_49-72m,0,0,0,0.019822378807365735,0
Female,1,Yes,Yes,45,Yes,Yes,Fiber optic,No,No,Yes,Yes,Yes,Yes,Two year,Yes,Credit card (automatic),127.15,5737.8,No,Established_25-48m,4,0,1,0.022156199902418624,0
Female,0,Yes,Yes,10,Yes,Yes,Fiber optic,Yes,No,Yes,No,Yes,Yes,Month-to-month,No,Mailed check,130.43,1284.09,Yes,New_0-12m,4,0,1,0.10149483693749077,1
Female,0,No,No,28,Yes,Yes,No,No internet service,No internet service,No internet service,No internet service,No internet service,No internet service,One year,No,Electronic check,44.35,1276.2,No,Established_25-48m,0,0,0,0.034724397118697146,0
Male,0,Yes,No,45,Yes,Yes,Fiber optic,Yes,Yes,Yes,Yes,Yes,Yes,One year,No,Electronic check,140.63,6343.35,No,Established_25-48m,6,1,1,0.02216617935643525,0
Male,0,No,Yes,25,Yes,No,Fiber optic,No,Yes,No,Yes,No,Yes,Two year,Yes,Electronic check,107.7,2683.9,No,Established_25-48m,3,0,0,0.040113225818466235,0
Female,0,No,No,38,Yes,No,Fiber optic,No,No,Yes,No,No,Yes,One year,Yes,Bank transfer (automatic),99.28,3775.09,No,Established_25-48m,2,0,0,0.026291746224269018,0
Male,0,No,No,5,No,No phone service,No,No internet service,No internet service,No internet service,No internet service,No internet service,No internet service,Month-to-month,No,Mailed check,18.5,67.04,Yes,New_0-12m,0,0,0,0.2718988830099941,0
Male,0,Yes,No,63,Yes,No,No,No internet service,No internet service,No internet service,No internet service,No internet service,No internet service,Month-to-month,Yes,Mailed check,35.5,2227.25,No,Loyal_49-72m,0,0,0,0.015931785033097723,0
Male,0,No,No,46,Yes,Yes,Fiber optic,No,No,Yes,Yes,No,No,One year,Yes,Mailed check,106.62,4912.59,No,Established_25-48m,2,0,0,0.021699002155246977,0
Female,0,Yes,No,24,Yes,No,Fiber optic,No,No,No,No,Yes,Yes,One year,Yes,Electronic check,104.04,2497.9,No,Developing_13-24m,2,0,1,0.04163431910040418,0
Female,0,No,No,27,Yes,No,No,No internet service,No internet service,No internet service,No internet service,No internet service,No internet service,Month-to-month,No,Credit card (automatic),33.44,929.03,No,Established_25-48m,0,0,0,0.035955829381847895,0
Male,0,Yes,No,46,No,No phone service,DSL,No,No,Yes,No,Yes,No,Month-to-month,Yes,Electronic check,61.47,2805.43,Yes,Established_25-48m,2,0,0,0.021903272128647427,0
Female,0,Yes,No,5,No,No phone service,No,No internet service,No internet service,No internet service,No internet service,No internet service,No internet service,Month-to-month,No,Bank transfer (automatic),19.7,96.74,Yes,New_0-12m,0,0,0,0.20155514630652752,0
Male,0,No,No,66,Yes,No,Fiber optic,No,No,No,Yes,Yes,Yes,One year,No,Mailed check,113.01,7441.61,No,Loyal_49-72m,3,0,1,0.015184189417422115,0
Male,0,No,No,71,Yes,Yes,Fiber optic,No,No,Yes,No,No,No,One year,No,Electronic check,100.33,7146.46,No,Loyal_49-72m,1,0,0,0.014037154457667478,0
Male,0,No,No,70,Yes,Yes,Fiber optic,No,No,Yes,Yes,Yes,No,One year,Yes,Electronic check,115.57,8093.88,No,Loyal_49-72m,3,0,0,0.014276925661652796,0
Male,0,No,No,2,Yes,No,Fiber optic,No,No,Yes,No,No,Yes,Month-to-month,Yes,Credit card (automatic),98.84,197.81,Yes,New_0-12m,2,0,0,0.4971580906393039,1
Female,0,No,No,12,Yes,Yes,Fiber optic,No,No,No,No,Yes,No,Month-to-month,No,Electronic check,99.68,1194.16,Yes,New_0-12m,1,0,0,0.0834030590046521,1
Female,0,Yes,No,13,Yes,No,No,No internet service,No internet service,No internet service,No internet service,No internet service,No internet service,Two year,No,Electronic check,32.47,408.95,No,Developing_13-24m,0,0,0,0.0792047810708623,0
Female,0,No,No,5,Yes,No,Fiber optic,No,No,No,Yes,No,No,Month-to-month,Yes,Electronic check,87.25,454.23,Yes,New_0-12m,1,0,0,0.19166135799485973,0
Male,0,No,No,66,Yes,Yes,No,No internet service,No internet service,No internet service,No internet service,No internet service,No internet service,One year,Yes,Credit card (automatic),45.67,3016.78,No,Loyal_49-72m,0,0,0,0.015133641285978433,0
Male,0,No,No,69,Yes,No,Fiber optic,Yes,No,Yes,No,Yes,Yes,Month-to-month,Yes,Electronic check,115.87,7998.7,Yes,Loyal_49-72m,4,0,1,0.014484293160993538,1
Male,0,No,No,51,Yes,No,DSL,Yes,Yes,No,Yes,No,No,Month-to-month,Yes,Mailed check,80.08,4092.81,Yes,Loyal_49-72m,3,1,0,0.019561240018466906,0
Female,0,Yes,Yes,57,Yes,Yes,Fiber optic,No,No,Yes,No,Yes,No,One year,Yes,Electronic check,107.59,6119.7,Yes,Loyal_49-72m,2,0,0,0.017578054797653866,0
Male,0,No,No,57,Yes,Yes,Fiber optic,Yes,Yes,Yes,No,Yes,No,One year,Yes,Credit card (automatic),119.96,6867.65,No,Loyal_49-72m,4,0,0,0.017464858451078452,0
Female,1,Yes,No,36,Yes,Yes,DSL,No,Yes,Yes,No,No,No,One year,No,Credit card (automatic),81.56,2959.7,No,Established_25-48m,2,0,0,0.02754753943324214,0
Female,0,Yes,Yes,57,Yes,No,Fiber optic,No,Yes,No,Yes,Yes,No,Two year,Yes,Mailed check,103.98,5926.32,No,Loyal_49-72m,3,0,0,0.01754249812731555,0
Female,0,No,No,34,Yes,No,No,No internet service,No internet service,No internet service,No internet service,No internet service,No internet service,One year,Yes,Bank transfer (automatic),32.76,1109.32,No,Established_25-48m,0,0,0,0.029505007565386557,0
Female,1,Yes,Yes,53,Yes,No,Fiber optic,No,No,Yes,No,No,No,One year,Yes,Electronic check,88.04,4675.71,No,Loyal_49-72m,1,0,0,0.018825199766502522,0
Female,1,No,No,22,Yes,Yes,DSL,No,No,No,No,Yes,No,One year,Yes,Mailed check,80.77,1793.74,No,Developing_13-24m,1,0,0,0.04500373313126135,0
Female,1,Yes,No,19,Yes,No,DSL,Yes,Yes,Yes,No,No,Yes,Two year,No,Bank transfer (automatic),89.64,1729.41,No,Developing_13-24m,4,0,0,0.05180275194896007,0
Male,0,Yes,Yes,33,Yes,No,DSL,Yes,No,No,Yes,No,Yes,One year,Yes,Electronic check,87.78,2906.41,No,Established_25-48m,3,1,0,0.030191820211115737,0
Male,0,No,No,65,Yes,No,Fiber optic,Yes,No,Yes,No,Yes,No,Month-to-month,No,Electronic check,103.6,6736.05,Yes,Loyal_49-72m,3,0,0,0.01537765045531798,1
Female,0,No,No,5,Yes,Yes,DSL,No,Yes,No,Yes,No,No,Month-to-month,Yes,Credit card (automatic),85.32,428.66,Yes,New_0-12m,2,0,0,0.1985756179304566,0
Female,0,No,No,23,Yes,No,DSL,No,Yes,No,Yes,No,No,One year,Yes,Electronic check,72.67,1643.2,Yes,Developing_13-24m,2,0,0,0.044197786157401775,0
Male,0,No,No,69,Yes,No,Fiber optic,Yes,No,No,Yes,Yes,Yes,Month-to-month,Yes,Electronic check,120.33,8296.32,Yes,Loyal_49-72m,4,1,1,0.014502273023096614,0
Female,0,No,No,26,Yes,No,Fiber optic,Yes,No,Yes,Yes,Yes,No,Month-to-month,Yes,Bank transfer (automatic),112.34,2926.26,Yes,Established_25-48m,4,1,0,0.03837718549086859,0
Female,1,Yes,Yes,19,Yes,No,DSL,Yes,Yes,No,No,No,Yes,Two year,No,Electronic check,83.96,1561.37,No,Developing_13-24m,3,0,0,0.053738871074073366,0
Male,0,Yes,No,5,Yes,No,DSL,Yes,No,Yes,No,No,No,Month-to-month,Yes,Mailed check,71.75,361.45,Yes,New_0-12m,2,0,0,0.1979583390812526,0
Female,1,Yes,No,42,Yes,No,DSL,No,Yes,Yes,No,No,Yes,Month-to-month,No,Electronic check,85.15,3564.12,No,Established_25-48m,3,0,0,0.023884189031505253,0
Female,0,No,No,63,Yes,Yes,DSL,Yes,Yes,No,Yes,No,No,One year,Yes,Electronic check,90.35,5715.71,Yes,Loyal_49-72m,3,1,0,0.015804544921816918,0
Female,0,No,No,3,Yes,No,DSL,Yes,No,Yes,Yes,No,Yes,Month-to-month,Yes,Mailed check,87.2,257.33,Yes,New_0-12m,4,1,0,0.3375527426160338,0
Male,0,Yes,Yes,1,Yes,No,Fiber optic,No,No,Yes,Yes,No,Yes,Month-to-month,No,Electronic check,105.33,105.33,Yes,New_0-12m,3,0,0,0.9905953164676009,0
Male,0,No,No,53,No,No phone service,Fiber optic,No,No,Yes,No,Yes,Yes,One year,No,Mailed check,95.48,5058.38,No,Loyal_49-72m,3,0,1,0.01887187758183809,0
Male,0,No,No,15,Yes,No,DSL,Yes,Yes,Yes,Yes,Yes,Yes,One year,Yes,Credit card (automatic),108.55,1628.18,No,Developing_13-24m,6,1,1,0.0666286107121374,0
Female,0,Yes,No,59,Yes,Yes,No,No internet service,No internet service,No internet service,No internet service,No internet service,No internet service,Two year,Yes,Mailed check,44.24,2622.05,No,Loyal_49-72m,0,0,0,0.01686586225958331,0
Female,1,Yes,Yes,10,Yes,No,Fiber optic,No,No,No,Yes,No,No,Month-to-month,No,Bank transfer (automatic),87.42,869.04,Yes,New_0-12m,1,0,0,0.10047813893614087,0
Male,0,No,No,58,Yes,Yes,DSL,No,No,No,Yes,No,Yes,Month-to-month,No,Electronic check,92.39,5358.97,Yes,Loyal_49-72m,2,0,0,0.017237036774459556,0
Female,0,No,No,50,Yes,Yes,DSL,No,No,Yes,No,No,Yes,One year,No,Credit card (automatic),88.9,4456.98,No,Loyal_49-72m,2,0,0,0.01994176734754306,0
Female,0,No,No,29,Yes,No,No,No internet service,No internet service,No internet service,No internet service,No internet service,No internet service,One year,Yes,Credit card (automatic),35.49,1029.34,No,Established_25-48m,0,0,0,0.034444940505076,0
Female,0,Yes,No,61,Yes,No,No,No internet service,No internet service,No internet service,No internet service,No internet service,No internet service,Month-to-month,No,Mailed check,33.25,2038.08,No,Loyal_49-72m,0,0,0,0.01630637346254193,0
Female,0,No,No,3,Yes,Yes,DSL,No,No,No,No,No,Yes,One year,No,Electronic check,80.97,236.23,No,New_0-12m,1,0,0,0.3413143362981073,0
Female,0,Yes,Yes,37,No,No phone service,DSL,No,No,Yes,No,No,Yes,Month-to-month,No,Mailed check,64.28,2383.63,Yes,Established_25-48m,2,0,0,0.026955963818286275,0
Male,0,Yes,Yes,41,Yes,Yes,Fiber optic,No,No,Yes,Yes,No,Yes,One year,Yes,Electronic check,116.99,4816.22,Yes,Established_25-48m,3,0,0,0.024285791390054844,0
Female,0,No,No,15,Yes,Yes,Fiber optic,No,No,No,No,No,Yes,One year,Yes,Credit card (automatic),99.87,1507.09,Yes,Developing_13-24m,1,0,0,0.0662228381595263,0
Male,0,Yes,No,46,Yes,Yes,Fiber optic,Yes,Yes,No,No,Yes,No,Month-to-month,No,Mailed check,116.1,5312.53,No,Established_25-48m,3,0,0,0.02184988134065301,1
Female,0,No,No,6,Yes,No,Fiber optic,No,No,No,No,Yes,No,Month-to-month,No,Mailed check,90.71,552.59,Yes,New_0-12m,1,0,0,0.16385772864394224,1
Male,0,Yes,No,54,Yes,Yes,DSL,No,Yes,No,Yes,No,Yes,Two year,Yes,Electronic check,96.54,5195.85,No,Loyal_49-72m,3,0,0,0.018576637770957406,0
Female,0,No,No,16,Yes,No,DSL,No,No,No,No,No,Yes,One year,Yes,Electronic check,76.1,1203.73,No,Developing_13-24m,1,0,0,0.06316768072514173,0
Male,0,No,No,54,Yes,No,Fiber optic,No,Yes,No,Yes,No,No,Two year,Yes,Bank transfer (automatic),93.37,5049.36,No,Loyal_49-72m,2,0,0,0.01848779096935664,0
Female,0,Yes,Yes,68,Yes,Yes,No,No internet service,No internet service,No internet service,No internet service,No internet service,No internet service,One year,Yes,Mailed check,45.25,3062.46,No,Loyal_49-72m,0,0,0,0.014770879985376012,0
Male,0,No,No,9,Yes,No,DSL,No,Yes,Yes,No,Yes,No,Month-to-month,Yes,Mailed check,83.16,731.79,Yes,New_0-12m,3,0,0,0.11348408138757352,0
Female,0,Yes,Yes,44,Yes,No,Fiber optic,No,Yes,No,No,Yes,Yes,One year,Yes,Electronic check,110.26,4851.39,Yes,Established_25-48m,3,0,1,0.022722823186100045,0
Male,0,No,No,22,Yes,No,Fiber optic,No,No,No,No,No,Yes,One year,No,Electronic check,94.14,2061.88,No,Developing_13-24m,1,0,0,0.045635228418521676,0
Female,1,Yes,Yes,1,Yes,No,DSL,No,Yes,Yes,Yes,No,Yes,Month-to-month,No,Electronic check,91.71,91.71,Yes,New_0-12m,4,0,0,0.9892136770574911,0
Male,1,Yes,Yes,20,Yes,Yes,No,No internet service,No internet service,No internet service,No internet service,No internet service,No internet service,Month-to-month,No,Credit card (automatic),44.56,899.53,No,Developing_13-24m,0,0,0,0.049481971727760324,0
Male,0,Yes,No,1,No,No phone service,Fiber optic,Yes,No,No,No,Yes,No,Month-to-month,No,Bank transfer (automatic),84.66,99.44,Yes,New_0-12m,2,0,0,0.8428912783751493,1
Female,0,Yes,Yes,53,Yes,No,Fiber optic,Yes,Yes,No,Yes,No,Yes,Two year,Yes,Credit card (automatic),110.11,5849.4,No,Loyal_49-72m,4,1,0,0.018820935320661838,0
Female,0,No,No,15,Yes,Yes,Fiber optic,Yes,Yes,No,No,No,No,One year,Yes,Mailed check,102.12,1518.33,Yes,Developing_13-24m,2,0,0,0.06721383767845038,0
Male,0,Yes,No,53,Yes,No,DSL,No,No,No,No,No,Yes,Month-to-month,Yes,Credit card (automatic),70.91,3764.39,No,Loyal_49-72m,1,0,0,0.018832046614029357,0
Female,0,Yes,Yes,38,Yes,No,Fiber optic,No,No,No,No,Yes,Yes,Two year,Yes,Electronic check,103.64,3930.91,No,Established_25-48m,2,0,1,0.02635869081438792,0
Male,0,Yes,No,22,Yes,No,Fiber optic,Yes,No,Yes,No,No,Yes,Two year,Yes,Mailed check,102.67,2239.73,Yes,Developing_13-24m,3,0,0,0.04581988905401365,0
Male,0,Yes,Yes,53,Yes,No,DSL,No,Yes,Yes,No,No,No,Month-to-month,No,Electronic check,69.86,3691.37,No,Loyal_49-72m,2,0,0,0.018920097390023212,0
Male,1,No,No,21,Yes,No,Fiber optic,No,No,Yes,Yes,Yes,Yes,Month-to-month,Yes,Bank transfer (automatic),114.69,2366.2,Yes,Developing_13-24m,4,0,1,0.048449645150388645,0
Female,0,No,No,27,Yes,Yes,DSL,No,Yes,No,No,No,Yes,Two year,Yes,Mailed check,87.32,2341.78,Yes,Established_25-48m,2,0,0,0.03727195895474607,0
Male,0,Yes,Yes,66,Yes,No,DSL,No,No,Yes,Yes,No,No,One year,Yes,Mailed check,74.34,4884.44,Yes,Loyal_49-72m,2,0,0,0.015216643741403028,0
Male,0,No,No,64,Yes,No,No,No internet service,No internet service,No internet service,No internet service,No internet service,No internet service,Two year,Yes,Credit card (automatic),36.22,2321.12,No,Loyal_49-72m,0,0,0,0.015597815789020378,0
Female,0,No,No,33,Yes,No,DSL,Yes,No,Yes,No,Yes,Yes,Month-to-month,No,Bank transfer (automatic),94.0,3106.37,No,Established_25-48m,4,0,1,0.030250662135503658,0
Female,0,Yes,Yes,3,No,No phone service,Fiber optic,Yes,No,No,Yes,No,Yes,Month-to-month,Yes,Credit card (automatic),91.23,248.34,Yes,New_0-12m,3,1,0,0.3658859388786396,0
Female,1,No,No,25,Yes,No,No,No internet service,No internet service,No internet service,No internet service,No internet service,No internet service,Month-to-month,Yes,Mailed check,35.84,908.42,Yes,Established_25-48m,0,0,0,0.039409733676409146,0
Female,0,No,No,49,Yes,No,DSL,Yes,No,Yes,No,Yes,Yes,Two year,Yes,Mailed check,96.54,4721.34,No,Loyal_49-72m,4,0,1,0.020443254827056077,0
Male,0,No,No,14,No,No phone service,Fiber optic,No,Yes,Yes,No,No,Yes,Month-to-month,Yes,Bank transfer (automatic),89.39,1235.42,Yes,Developing_13-24m,3,0,0,0.07229743938143995,1
Male,0,No,No,2,No,No phone service,Fiber optic,No,No,No,No,Yes,Yes,One year,Yes,Mailed check,85.76,144.67,Yes,New_0-12m,2,0,1,0.5887279467289079,0
Male,1,Yes,Yes,65,Yes,Yes,Fiber optic,Yes,No,Yes,No,No,Yes,One year,Yes,Mailed check,113.82,7386.29,No,Loyal_49-72m,3,0,0,0.01540754457994745,0
Male,0,No,No,20,Yes,No,Fiber optic,No,No,No,Yes,Yes,No,Month-to-month,No,Electronic check,99.88,1995.51,Yes,Developing_13-24m,2,0,0,0.05002729763437198,0
Female,0,No,No,64,Yes,No,Fiber optic,No,No,No,Yes,Yes,Yes,Month-to-month,Yes,Credit card (automatic),112.82,7235.42,No,Loyal_49-72m,3,0,1,0.015590582083405882,0
Male,0,No,No,23,Yes,Yes,DSL,Yes,Yes,Yes,Yes,Yes,No,One year,No,Mailed check,110.08,2530.26,No,Developing_13-24m,5,1,0,0.04348822325640195,0
Male,0,No,No,29,Yes,No,DSL,No,Yes,Yes,No,Yes,Yes,Month-to-month,No,Bank transfer (automatic),95.61,2767.97,Yes,Established_25-48m,4,0,1,0.03452908482215409,0
Female,0,Yes,No,60,Yes,No,Fiber optic,No,No,Yes,No,No,Yes,Two year,Yes,Electronic check,97.48,5857.51,No,Loyal_49-72m,2,0,0,0.01663904303312617,0
Male,0,No,No,33,Yes,Yes,DSL,No,No,No,Yes,Yes,No,Two year,Yes,Electronic check,90.2,2978.7,No,Established_25-48m,2,0,0,0.030271503842668728,0
Male,0,No,No,42,Yes,Yes,No,No internet service,No internet service,No internet service,No internet service,No internet service,No internet service,Month-to-month,Yes,Electronic check,45.03,1868.68,No,Established_25-48m,0,0,0,0.024084335287321894,0
Male,0,Yes,Yes,14,No,No phone service,Fiber optic,Yes,Yes,Yes,Yes,Yes,Yes,One year,Yes,Mailed check,115.65,1612.55,No,Developing_13-24m,6,1,1,0.07167425862229247,0
Male,1,Yes,No,3,Yes,No,DSL,No,No,No,Yes,No,No,Month-to-month,Yes,Electronic check,68.79,197.74,Yes,New_0-12m,1,0,0,0.34613062292442387,0
Male,0,No,Yes,66,Yes,Yes,DSL,No,No,No,Yes,Yes,Yes,Two year,Yes,Credit card (automatic),101.74,6712.59,No,Loyal_49-72m,3,0,1,0.015154336204623755,0
Male,0,Yes,Yes,47,Yes,No,DSL,Yes,Yes,No,No,No,Yes,Month-to-month,Yes,Credit card (automatic),84.75,3976.12,Yes,Established_25-48m,3,0,0,0.02130938970913626,0
Female,0,Yes,Yes,63,Yes,Yes,Fiber optic,No,Yes,Yes,No,No,Yes,One year,Yes,Bank transfer (automatic),113.67,7149.11,No,Loyal_49-72m,3,0,0,0.01589765751855566,0
Female,0,Yes,No,31,Yes,Yes,No,No internet service,No internet service,No internet service,No internet service,No internet service,No internet service,Month-to-month,No,Electronic check,42.82,1349.39,No,Established_25-48m,0,0,0,0.03170935803730774,0
Male,1,Yes,No,26,Yes,No,DSL,Yes,No,Yes,Yes,Yes,No,One year,Yes,Mailed check,90.27,2346.34,Yes,Established_25-48m,4,1,0,0.03845629521074918,0
Male,0,Yes,Yes,69,Yes,No,DSL,No,No,Yes,Yes,Yes,Yes,Month-to-month,No,Bank transfer (automatic),94.5,6527.65,Yes,Loyal_49-72m,4,0,1,0.014474661683502716,0
Female,0,Yes,No,53,Yes,No,Fiber optic,Yes,Yes,No,No,Yes,Yes,Two year,No,Electronic check,118.49,6278.21,No,Loyal_49-72m,4,0,1,0.01887020819497994,0
Male,0,Yes,Yes,2,Yes,No,DSL,No,No,No,No,Yes,No,One year,No,Bank transfer (automatic),73.93,160.09,No,New_0-12m,1,0,0,0.45893599851014966,0
Male,0,No,No,40,Yes,No,Fiber optic,No,Yes,No,No,No,Yes,One year,No,Credit card (automatic),99.55,3980.64,Yes,Established_25-48m,2,0,0,0.02500226037512181,0
Male,0,No,No,26,Yes,Yes,Fiber optic,No,Yes,No,Yes,No,Yes,Month-to-month,Yes,Mailed check,115.68,3022.27,Yes,Established_25-48m,3,0,0,0.03826320507265312,0
Female,0,Yes,Yes,70,Yes,No,DSL,Yes,No,Yes,No,Yes,Yes,One year,Yes,Bank transfer (automatic),97.47,6779.85,No,Loyal_49-72m,4,0,1,0.014374304106417336,0
Male,0,Yes,Yes,49,Yes,No,Fiber optic,Yes,Yes,Yes,Yes,Yes,No,One year,Yes,Credit card (automatic),119.35,5849.65,No,Loyal_49-72m,5,1,0,0.020399442796954183,0
Female,1,No,No,32,Yes,Yes,Fiber optic,No,No,No,No,Yes,Yes,Month-to-month,Yes,Electronic check,111.82,3582.16,No,Established_25-48m,2,0,1,0.03120709094765514,1
Male,0,Yes,Yes,5,Yes,Yes,Fiber optic,Yes,No,Yes,Yes,No,Yes,Month-to-month,Yes,Bank transfer (automatic),120.82,608.67,Yes,New_0-12m,4,1,0,0.19817278199681795,0
Female,0,Yes,No,4,Yes,No,DSL,No,Yes,No,No,Yes,Yes,Two year,Yes,Bank transfer (automatic),90.81,346.98,Yes,New_0-12m,3,0,1,0.260963273751365,0
Female,0,Yes,Yes,50,Yes,Yes,Fiber optic,No,Yes,No,No,No,No,Month-to-month,No,Credit card (automatic),95.27,4752.66,No,Loyal_49-72m,1,0,0,0.020041399679404923,1
Male,0,No,No,18,Yes,Yes,Fiber optic,Yes,Yes,No,Yes,No,No,Month-to-month,Yes,Credit card (automatic),108.94,1945.27,Yes,Developing_13-24m,3,1,0,0.055973734373956335,0
Female,0,No,No,34,Yes,No,DSL,Yes,No,No,Yes,Yes,Yes,Month-to-month,Yes,Bank transfer (automatic),99.24,3381.47,Yes,Established_25-48m,4,1,1,0.02933950633708503,0
Male,0,No,No,60,Yes,No,DSL,No,No,Yes,Yes,Yes,Yes,One year,Yes,Bank transfer (automatic),96.76,5819.16,No,Loyal_49-72m,4,0,1,0.016624972509346823,0
Female,0,No,No,58,Yes,Yes,DSL,Yes,Yes,No,Yes,Yes,No,Month-to-month,Yes,Electronic check,105.72,6107.1,Yes,Loyal_49-72m,4,1,0,0.017308164568360044,0
Male,0,No,No,60,Yes,Yes,DSL,No,No,Yes,No,Yes,No,Two year,No,Bank transfer (automatic),90.39,5426.48,No,Loyal_49-72m,2,0,0,0.016654137831922,0
Male,0,Yes,Yes,25,Yes,No,Fiber optic,Yes,No,Yes,No,No,No,One year,No,Electronic check,91.68,2279.03,No,Established_25-48m,2,0,0,0.04020999723687846,0
Female,1,No,No,64,Yes,No,DSL,No,Yes,Yes,No,No,Yes,Two year,Yes,Mailed check,85.87,5521.89,No,Loyal_49-72m,3,0,0,0.015548019243548214,0
Male,0,Yes,No,34,No,No phone service,Fiber optic,Yes,No,No,No,No,Yes,Month-to-month,Yes,Bank transfer (automatic),83.28,2839.96,Yes,Established_25-48m,2,0,0,0.02931403469249831,1
Male,0,No,No,49,Yes,Yes,DSL,Yes,No,No,Yes,No,No,Month-to-month,Yes,Bank transfer (automatic),83.38,4080.34,No,Loyal_49-72m,2,1,0,0.020429564799796143,0
Female,0,No,No,43,Yes,Yes,Fiber optic,Yes,No,Yes,Yes,Yes,No,Month-to-month,Yes,Mailed check,124.97,5371.69,Yes,Established_25-48m,4,1,0,0.02326022904727427,0
Male,0,No,No,31,No,No phone service,Fiber optic,Yes,Yes,No,No,No,Yes,Month-to-month,Yes,Electronic check,89.59,2796.75,Yes,Established_25-48m,3,0,0,0.03202216066481994,1
Male,0,Yes,No,4,Yes,Yes,Fiber optic,No,No,Yes,No,No,Yes,Month-to-month,No,Mailed check,106.66,427.5,Yes,New_0-12m,2,0,0,0.24891481913652275,1
Female,0,Yes,Yes,63,Yes,Yes,DSL,Yes,Yes,Yes,No,Yes,No,Two year,Yes,Electronic check,100.69,6316.64,No,Loyal_49-72m,4,0,0,0.015937913524670604,0
Female,1,No,No,21,Yes,Yes,DSL,No,Yes,Yes,Yes,No,No,One year,Yes,Electronic check,92.52,1965.68,No,Developing_13-24m,3,0,0,0.047043748855939954,0
Male,0,No,Yes,66,Yes,Yes,DSL,No,No,Yes,Yes,Yes,No,Two year,No,Electronic check,96.0,6348.19,No,Loyal_49-72m,3,0,0,0.015120038934100256,0
Male,0,No,No,64,Yes,Yes,Fiber optic,No,Yes,Yes,Yes,Yes,Yes,Two year,Yes,Bank transfer (automatic),134.31,8587.78,No,Loyal_49-72m,5,0,1,0.015637843791551302,0
Female,0,Yes,Yes,34,No,No phone service,DSL,No,Yes,No,No,No,No,One year,No,Mailed check,50.55,1727.71,No,Established_25-48m,1,0,0,0.02924145750299356,0
Female,0,No,No,16,Yes,Yes,DSL,No,Yes,No,Yes,Yes,Yes,Month-to-month,No,Mailed check,108.53,1727.28,Yes,Developing_13-24m,4,0,1,0.06279653759807438,0
Male,0,No,No,25,Yes,No,No,No internet service,No internet service,No internet service,No internet service,No internet service,No internet service,One year,No,Credit card (automatic),33.53,828.65,No,Established_25-48m,0,0,0,0.04041463267642982,0
Female,0,No,No,47,Yes,Yes,DSL,Yes,Yes,No,No,Yes,Yes,Month-to-month,Yes,Bank transfer (automatic),104.81,4924.25,Yes,Established_25-48m,4,0,1,0.021280138064057662,0
Male,0,No,No,57,Yes,No,No,No internet service,No internet service,No internet service,No internet service,No internet service,No internet service,One year,Yes,Mailed check,34.49,1974.93,No,Loyal_49-72m,0,0,0,0.01745507178898038,0
Male,0,No,No,51,Yes,No,No,No internet service,No internet service,No internet service,No internet service,No internet service,No internet service,One year,Yes,Mailed check,35.25,1804.81,No,Loyal_49-72m,0,0,0,0.019520326058666194,0
Male,0,No,No,32,Yes,No,No,No internet service,No internet service,No internet service,No internet service,No internet service,No internet service,One year,Yes,Credit card (automatic),36.67,1187.52,No,Established_25-48m,0,0,0,0.030853498468683745,0
Male,0,No,No,57,Yes,No,No,No internet service,No internet service,No internet service,No internet service,No internet service,No internet service,One year,Yes,Electronic check,34.78,1989.58,No,Loyal_49-72m,0,0,0,0.017472294507128578,0
Male,0,No,No,45,Yes,No,DSL,Yes,Yes,No,Yes,Yes,No,Month-to-month,Yes,Bank transfer (automatic),93.24,4217.6,Yes,Established_25-48m,4,1,0,0.02210211918645996,0
Female,0,Yes,Yes,14,Yes,Yes,DSL,Yes,Yes,No,Yes,No,No,One year,No,Electronic check,89.34,1276.63,Yes,Developing_13-24m,3,1,0,0.06992634800372564,0
Female,0,Yes,Yes,17,Yes,Yes,DSL,No,Yes,No,No,Yes,No,One year,Yes,Electronic check,88.88,1515.49,No,Developing_13-24m,2,0,0,0.05860902478750272,0
Female,0,No,No,24,Yes,Yes,DSL,No,Yes,No,Yes,No,Yes,Two year,No,Credit card (automatic),97.8,2342.15,No,Developing_13-24m,3,0,0,0.041738685103386464,0
Female,0,No,Yes,11,Yes,Yes,DSL,No,Yes,No,No,Yes,Yes,Month-to-month,Yes,Mailed check,99.83,1095.44,No,New_0-12m,3,0,1,0.09104921381926963,0
Male,0,No,Yes,30,Yes,No,No,No internet service,No internet service,No internet service,No internet service,No internet service,No internet service,One year,No,Electronic check,35.53,1037.02,No,Established_25-48m,0,0,0,0.03422862757943007,0
Male,0,No,No,32,Yes,No,DSL,Yes,No,No,No,No,Yes,One year,No,Credit card (automatic),77.12,2468.15,No,Established_25-48m,2,0,0,0.031233420407832654,0
Male,0,Yes,No,23,Yes,No,DSL,Yes,No,No,No,Yes,Yes,Month-to-month,Yes,Credit card (automatic),90.88,2080.99,Yes,Developing_13-24m,3,0,1,0.04365054587197825,0
Male,0,No,No,20,Yes,No,Fiber optic,No,Yes,No,No,No,No,One year,No,Electronic check,81.8,1625.43,Yes,Developing_13-24m,1,0,0,0.050294202640138216,0
Female,1,No,No,61,Yes,Yes,DSL,No,No,No,No,No,No,Month-to-month,No,Electronic check,67.56,4120.59,Yes,Loyal_49-72m,0,0,0,0.01639173231689712,0
Male,0,Yes,No,44,No,No phone service,Fiber optic,No,No,No,Yes,Yes,Yes,Two year,No,Credit card (automatic),97.86,4274.36,No,Established_25-48m,3,0,1,0.022889300550129114,0
Male,0,Yes,Yes,30,Yes,No,DSL,Yes,Yes,Yes,Yes,Yes,Yes,One year,No,Mailed check,107.55,3223.82,No,Established_25-48m,6,1,1,0.033350698643645225,0
Female,0,No,No,39,Yes,No,No,No internet service,No internet service,No internet service,No internet service,No internet service,No internet service,Two year,Yes,Credit card (automatic),34.27,1339.59,Yes,Established_25-48m,0,0,0,0.0255633713514199,0
Female,0,Yes,Yes,22,Yes,No,Fiber optic,No,No,No,Yes,No,Yes,Month-to-month,Yes,Bank transfer (automatic),102.11,2223.39,Yes,Developing_13-24m,2,0,0,0.04590471994569298,0
Female,0,No,No,2,Yes,No,Fiber optic,No,No,No,No,Yes,No,One year,No,Mailed check,93.3,206.92,No,New_0-12m,1,0,0,0.4487302808772605,0
Female,0,Yes,No,66,No,No phone service,DSL,Yes,No,No,No,Yes,Yes,Two year,No,Electronic check,78.59,5193.58,Yes,Loyal_49-72m,3,0,1,0.015129230852157442,0
Male,0,No,Yes,68,Yes,No,No,No internet service,No internet service,No internet service,No internet service,No internet service,No internet service,Two year,No,Mailed check,35.11,2406.84,No,Loyal_49-72m,0,0,0,0.014581533656721376,0
Male,0,No,No,22,Yes,Yes,DSL,No,No,Yes,No,No,No,Month-to-month,Yes,Bank transfer (automatic),75.88,1675.87,Yes,Developing_13-24m,1,0,0,0.04525097353998819,0
Female,0,No,No,20,Yes,No,Fiber optic,No,Yes,No,Yes,Yes,Yes,Month-to-month,No,Electronic check,118.02,2365.81,No,Developing_13-24m,4,0,1,0.04986458566593854,0
Male,1,Yes,Yes,69,Yes,No,No,No internet service,No internet service,No internet service,No internet service,No internet service,No internet service,Month-to-month,Yes,Bank transfer (automatic),33.61,2341.92,Yes,Loyal_49-72m,0,0,0,0.01434534683215816,0
Male,0,No,No,38,Yes,No,Fiber optic,No,No,Yes,Yes,Yes,No,Month-to-month,Yes,Electronic check,105.68,4035.57,Yes,Established_25-48m,3,0,0,0.02618064346710202,0
Male,1,Yes,No,17,No,No phone service,Fiber optic,No,Yes,Yes,Yes,Yes,Yes,Month-to-month,Yes,Mailed check,107.11,1849.99,No,Developing_13-24m,5,0,1,0.05786633099044295,0
Female,0,Yes,Yes,62,Yes,Yes,DSL,No,Yes,Yes,No,No,Yes,One year,No,Electronic check,95.76,5935.26,No,Loyal_49-72m,3,0,0,0.016131368909043743,0
Male,0,No,No,33,Yes,No,Fiber optic,Yes,Yes,Yes,No,Yes,Yes,Month-to-month,Yes,Mailed check,123.11,4050.71,Yes,Established_25-48m,5,0,1,0.03038470176789553,1
Female,0,No,No,2,Yes,No,No,No internet service,No internet service,No internet service,No internet service,No internet service,No internet service,Month-to-month,Yes,Bank transfer (automatic),33.26,49.15,No,New_0-12m,0,0,0,0.66321036889332,0
Male,0,No,No,60,Yes,No,DSL,No,No,No,No,Yes,No,One year,No,Mailed check,71.0,4245.34,No,Loyal_49-72m,1,0,0,0.01672028146592124,0
Male,1,Yes,Yes,56,Yes,Yes,No,No internet service,No internet service,No internet service,No internet service,No internet service,No internet service,Two year,Yes,Mailed check,45.59,2563.22,No,Loyal_49-72m,0,0,0,0.017779285708714544,0
Male,1,Yes,Yes,15,Yes,Yes,Fiber optic,No,No,Yes,No,No,No,Two year,Yes,Mailed check,96.41,1487.05,No,Developing_13-24m,1,0,0,0.06478948960048385,0
Female,1,Yes,No,16,Yes,No,Fiber optic,No,No,Yes,No,No,No,One year,Yes,Electronic check,84.43,1373.51,Yes,Developing_13-24m,1,0,0,0.0614255261875141,0
Male,0,No,No,21,Yes,Yes,Fiber optic,Yes,No,Yes,Yes,No,Yes,One year,Yes,Bank transfer (automatic),122.1,2561.41,No,Developing_13-24m,4,1,0,0.04765045406472813,0
Female,0,No,Yes,9,Yes,No,DSL,No,Yes,Yes,Yes,No,Yes,Month-to-month,Yes,Bank transfer (automatic),92.86,847.24,Yes,New_0-12m,4,0,0,0.10947373384891068,0
Female,0,No,No,56,No,No phone service,DSL,Yes,No,Yes,No,Yes,Yes,Month-to-month,No,Mailed check,81.9,4578.1,No,Loyal_49-72m,4,0,1,0.01788561070952807,0
Female,1,No,No,47,Yes,No,DSL,Yes,Yes,Yes,No,Yes,No,One year,No,Mailed check,92.53,4341.54,No,Established_25-48m,4,0,0,0.02130780603057197,0
Male,0,Yes,No,52,Yes,No,Fiber optic,No,Yes,No,No,Yes,No,Two year,Yes,Bank transfer (automatic),98.38,5100.24,Yes,Loyal_49-72m,2,0,0,0.01928550705318707,0
Male,0,Yes,Yes,23,Yes,No,No,No internet service,No internet service,No internet service,No internet service,No internet service,No internet service,One year,Yes,Mailed check,33.14,747.7,No,Developing_13-24m,0,0,0,0.044263389875784695,0
Male,0,Yes,No,50,Yes,Yes,Fiber optic,No,Yes,Yes,No,Yes,Yes,One year,Yes,Bank transfer (automatic),124.4,6228.33,Yes,Loyal_49-72m,4,0,1,0.0199700449326011,0
Male,0,Yes,Yes,53,Yes,Yes,Fiber optic,Yes,Yes,No,No,Yes,No,Two year,Yes,Electronic check,115.88,6163.88,No,Loyal_49-72m,3,0,0,0.018796797342365137,0
Female,1,Yes,Yes,37,Yes,No,DSL,Yes,No,Yes,No,No,Yes,Two year,Yes,Bank transfer (automatic),86.42,3213.16,No,Established_25-48m,3,0,0,0.026887273813375814,0
Female,0,No,No,16,Yes,No,Fiber optic,Yes,Yes,No,Yes,Yes,No,Month-to-month,Yes,Electronic check,111.95,1813.06,Yes,Developing_13-24m,4,1,0,0.061712402015368845,0
Female,0,Yes,Yes,45,Yes,No,Fiber optic,No,Yes,No,Yes,No,Yes,One year,No,Mailed check,106.57,4807.41,Yes,Established_25-48m,3,0,0,0.022163251469820584,0
Male,0,No,No,36,Yes,No,Fiber optic,No,No,No,No,No,No,Two year,Yes,Electronic check,80.14,2884.53,Yes,Established_25-48m,0,0,0,0.027773060754869988,0
Female,0,Yes,Yes,15,Yes,Yes,No,No internet service,No internet service,No internet service,No internet service,No internet service,No internet service,Month-to-month,No,Credit card (automatic),44.55,660.37,Yes,Developing_13-24m,0,0,0,0.06736017660311172,0
Male,0,No,No,71,Yes,Yes,No,No internet service,No internet service,No internet service,No internet service,No internet service,No internet service,One year,Yes,Bank transfer (automatic),42.76,3044.61,No,Loyal_49-72m,0,0,0,0.014039880352376041,0
Female,0,No,No,45,Yes,Yes,Fiber optic,No,No,No,No,Yes,No,One year,Yes,Electronic check,102.72,4597.21,Yes,Established_25-48m,1,0,0,0.022339127617050984,0
Male,1,No,Yes,37,Yes,No,No,No internet service,No internet service,No internet service,No internet service,No internet service,No internet service,One year,No,Credit card (automatic),37.67,1384.72,No,Established_25-48m,0,0,0,0.027184423981756776,0
Male,1,Yes,Yes,6,No,No phone service,Fiber optic,No,No,No,No,No,No,Month-to-month,Yes,Bank transfer (automatic),65.26,379.75,Yes,New_0-12m,0,0,0,0.17139855548260013,1
Female,0,No,Yes,14,Yes,Yes,No,No internet service,No internet service,No internet service,No internet service,No internet service,No internet service,Month-to-month,No,Mailed check,44.55,642.36,Yes,Developing_13-24m,0,0,0,0.0692458343695598,0
Female,0,No,No,3,Yes,No,Fiber optic,Yes,Yes,Yes,No,Yes,No,One year,Yes,Credit card (automatic),109.35,307.39,Yes,New_0-12m,4,0,0,0.35458348195466777,0
Female,1,Yes,Yes,6,Yes,Yes,DSL,Yes,No,No,No,Yes,Yes,One year,No,Electronic check,100.75,618.44,No,New_0-12m,3,0,1,0.1626469068836368,0
Female,0,Yes,Yes,44,Yes,No,No,No internet service,No internet service,No internet service,No internet service,No internet service,No internet service,Two year,Yes,Electronic check,36.73,1621.93,No,Established_25-48m,0,0,0,0.022631906490113558,0
Male,0,Yes,No,37,Yes,No,DSL,No,Yes,Yes,No,No,Yes,Two year,No,Bank transfer (automatic),84.8,3143.59,No,Established_25-48m,3,0,0,0.02696694958643257,0
Female,0,No,No,68,Yes,No,DSL,No,Yes,No,Yes,Yes,No,Month-to-month,Yes,Bank transfer (automatic),83.2,5650.59,Yes,Loyal_49-72m,3,0,0,0.014721520846345896,0
Female,0,No,No,3,Yes,No,DSL,No,No,No,No,Yes,Yes,Month-to-month,Yes,Electronic check,86.61,237.88,Yes,New_0-12m,2,0,1,0.3625669792364367,0
Female,0,No,No,46,Yes,Yes,DSL,Yes,No,Yes,No,No,Yes,Month-to-month,No,Credit card (automatic),95.25,4389.0,No,Established_25-48m,3,0,0,0.021697038724373577,0
Male,1,Yes,Yes,37,Yes,Yes,DSL,Yes,No,Yes,No,No,No,Two year,No,Bank transfer (automatic),81.73,3037.3,No,Established_25-48m,2,0,0,0.02689991113451601,0
Male,0,Yes,Yes,59,Yes,Yes,Fiber optic,No,Yes,Yes,No,Yes,Yes,Two year,No,Credit card (automatic),125.2,7394.26,No,Loyal_49-72m,4,0,1,0.01692976311853809,0
Female,0,No,No,44,Yes,Yes,No,No internet service,No internet service,No internet service,No internet service,No internet service,No internet service,One year,Yes,Electronic check,44.33,1948.36,No,Established_25-48m,0,0,0,0.022740796979521485,0
Male,0,Yes,Yes,55,Yes,No,DSL,No,Yes,Yes,No,Yes,Yes,One year,No,Bank transfer (automatic),97.29,5333.88,No,Loyal_49-72m,4,0,1,0.018236586389946918,0
Female,0,No,No,52,Yes,Yes,Fiber optic,No,Yes,Yes,Yes,No,Yes,One year,Yes,Electronic check,119.04,6180.73,Yes,Loyal_49-72m,4,0,0,0.019256745280042967,0
Male,0,No,No,64,Yes,Yes,DSL,No,No,No,No,Yes,Yes,One year,Yes,Mailed check,94.77,6072.03,Yes,Loyal_49-72m,2,0,1,0.01560506040641986,0
Male,0,Yes,No,58,Yes,No,DSL,Yes,No,Yes,No,No,Yes,One year,Yes,Electronic check,84.42,4884.51,Yes,Loyal_49-72m,3,0,0,0.01727966988093362,0
Male,0,No,No,20,Yes,Yes,Fiber optic,No,No,Yes,Yes,Yes,Yes,One year,Yes,Mailed check,128.4,2553.57,Yes,Developing_13-24m,4,0,1,0.05026286224296066,0
Male,0,Yes,Yes,15,No,No phone service,No,No internet service,No internet service,No internet service,No internet service,No internet service,No internet service,Month-to-month,No,Electronic check,18.5,255.8,Yes,Developing_13-24m,0,0,0,0.0720404984423676,0
Female,1,No,No,10,Yes,Yes,DSL,No,No,Yes,No,Yes,No,Month-to-month,No,Electronic check,85.44,862.43,No,New_0-12m,2,0,0,0.09895417115458115,0
Female,0,Yes,Yes,24,Yes,Yes,Fiber optic,Yes,No,No,Yes,No,Yes,Month-to-month,Yes,Electronic check,119.37,2872.59,Yes,Developing_13-24m,3,1,0,0.041540372843725096,0
Female,0,No,No,19,Yes,No,DSL,Yes,Yes,No,Yes,Yes,Yes,Month-to-month,Yes,Mailed check,104.2,1997.11,Yes,Developing_13-24m,5,1,1,0.05214928107061173,0
Male,0,Yes,No,39,Yes,Yes,No,No internet service,No internet service,No internet service,No internet service,No internet service,No internet service,Two year,Yes,Electronic check,47.9,1835.94,No,Established_25-48m,0,0,0,0.02607597417444228,0
Female,0,Yes,No,22,Yes,No,DSL,Yes,Yes,Yes,No,Yes,No,Month-to-month,Yes,Bank transfer (automatic),91.36,2027.5,Yes,Developing_13-24m,4,0,0,0.04503820557061868,0
Female,0,No,No,8,Yes,Yes,Fiber optic,Yes,No,No,Yes,No,No,Month-to-month,Yes,Mailed check,104.17,850.06,Yes,New_0-12m,2,1,0,0.12240030080135361,0
Female,0,Yes,Yes,39,Yes,No,No,No internet service,No internet service,No internet service,No internet service,No internet service,No internet service,Two year,No,Electronic check,35.35,1396.78,No,Established_25-48m,0,0,0,0.02529010287741991,0
Male,0,No,Yes,17,Yes,Yes,Fiber optic,Yes,Yes,No,No,No,No,Month-to-month,No,Electronic check,103.62,1763.33,No,Developing_13-24m,2,0,0,0.05873050959854449,1
Male,0,Yes,Yes,3,No,No phone service,No,No internet service,No internet service,No internet service,No internet service,No internet service,No internet service,One year,Yes,Bank transfer (automatic),21.79,68.7,No,New_0-12m,0,0,0,0.3126255380200861,0
Male,1,No,Yes,43,Yes,Yes,No,No internet service,No internet service,No internet service,No internet service,No internet service,No internet service,Two year,No,Bank transfer (automatic),45.71,1968.79,Yes,Established_25-48m,0,0,0,0.023205519370085137,0
Female,1,Yes,Yes,62,Yes,No,Fiber optic,No,No,No,Yes,Yes,Yes,One year,No,Electronic check,113.64,7031.98,No,Loyal_49-72m,3,0,1,0.016158157708396726,0
Female,1,No,No,2,Yes,Yes,Fiber optic,No,Yes,Yes,No,No,Yes,Month-to-month,Yes,Credit card (automatic),115.71,218.36,Yes,New_0-12m,3,0,0,0.5274890590809628,1
Female,0,Yes,No,11,Yes,No,DSL,Yes,Yes,Yes,No,No,Yes,One year,Yes,Bank transfer (automatic),90.49,998.78,No,New_0-12m,4,0,0,0.09050991218067975,0
Male,0,Yes,Yes,43,No,No phone service,No,No internet service,No internet service,No internet service,No internet service,No internet service,No internet service,One year,Yes,Electronic check,19.09,817.13,No,Established_25-48m,0,0,0,0.023333700023223693,0
Male,0,Yes,Yes,36,Yes,No,DSL,No,No,No,Yes,Yes,No,One year,Yes,Credit card (automatic),80.75,2917.74,No,Established_25-48m,2,0,0,0.02766604767810768,0
Female,0,No,No,30,Yes,No,No,No internet service,No internet service,No internet service,No internet service,No internet service,No internet service,One year,Yes,Credit card (automatic),33.88,1011.05,No,Established_25-48m,0,0,0,0.03347660688701151,0
Male,0,Yes,No,16,Yes,No,DSL,Yes,No,No,No,Yes,No,Month-to-month,No,Bank transfer (automatic),77.43,1216.85,No,Developing_13-24m,2,0,0,0.06357925852937554,0
Male,0,No,No,4,Yes,Yes,DSL,No,No,No,Yes,No,No,Month-to-month,No,Credit card (automatic),78.6,293.07,Yes,New_0-12m,1,0,0,0.2672832998945829,0
Male,0,No,No,43,Yes,No,DSL,No,No,No,No,No,No,Two year,No,Electronic check,59.88,2563.42,Yes,Established_25-48m,0,0,0,0.023350309231717114,0
Male,1,Yes,Yes,40,Yes,Yes,Fiber optic,No,No,Yes,No,Yes,Yes,Two year,No,Credit card (automatic),121.97,4889.69,No,Established_25-48m,3,0,1,0.02493922125507853,0
Female,0,No,No,36,Yes,No,DSL,No,Yes,Yes,Yes,Yes,No,Two year,No,Electronic check,91.01,3268.57,No,Established_25-48m,4,0,0,0.027835464602378908,0
Male,0,Yes,Yes,17,No,No phone service,DSL,No,No,No,No,Yes,Yes,Month-to-month,Yes,Bank transfer (automatic),65.81,1123.25,No,Developing_13-24m,2,0,1,0.05853680231265288,0
Male,0,Yes,No,47,Yes,Yes,DSL,No,No,No,No,Yes,Yes,Two year,Yes,Electronic check,95.97,4485.51,No,Established_25-48m,2,0,1,0.02139079150609271,0
Male,0,No,Yes,23,Yes,No,DSL,No,No,Yes,Yes,Yes,Yes,Month-to-month,Yes,Electronic check,98.07,2258.04,Yes,Developing_13-24m,4,0,1,0.04341224590976698,0
Male,0,No,No,68,Yes,No,Fiber optic,No,Yes,No,Yes,Yes,Yes,One year,Yes,Credit card (automatic),118.14,8034.09,No,Loyal_49-72m,4,0,1,0.014703008927093536,0
Female,0,No,No,67,Yes,Yes,Fiber optic,No,Yes,Yes,No,Yes,Yes,Month-to-month,No,Electronic check,124.82,8380.79,Yes,Loyal_49-72m,4,0,1,0.01489180711995886,1
Female,0,Yes,Yes,69,Yes,No,DSL,Yes,No,Yes,No,Yes,Yes,Month-to-month,Yes,Credit card (automatic),93.17,6431.04,No,Loyal_49-72m,4,0,1,0.014485295489455912,0
Male,0,Yes,Yes,6,No,No phone service,Fiber optic,Yes,Yes,No,Yes,Yes,No,Month-to-month,Yes,Electronic check,95.77,586.06,Yes,New_0-12m,4,1,0,0.16313494361734746,0
Male,0,Yes,Yes,18,Yes,Yes,No,No internet service,No internet service,No internet service,No internet service,No internet service,No internet service,Month-to-month,No,Bank transfer (automatic),45.86,854.67,No,Developing_13-24m,0,0,0,0.05359542814402749,0
Male,0,No,No,67,Yes,No,Fiber optic,No,No,No,No,Yes,Yes,One year,No,Electronic check,103.7,6948.5,Yes,Loyal_49-72m,2,0,1,0.01492193682998777,0
Male,0,No,No,67,Yes,No,No,No internet service,No internet service,No internet service,No internet service,No internet service,No internet service,One year,Yes,Bank transfer (automatic),34.5,2334.51,No,Loyal_49-72m,0,0,0,0.01477193418139935,0
Male,1,No,Yes,28,No,No phone service,DSL,No,Yes,Yes,Yes,No,Yes,Month-to-month,Yes,Credit card (automatic),74.45,2086.46,Yes,Established_25-48m,4,0,0,0.03566535406666475,0
Male,0,Yes,Yes,63,Yes,Yes,No,No internet service,No internet service,No internet service,No internet service,No internet service,No internet service,Two year,Yes,Mailed check,47.72,2998.35,No,Loyal_49-72m,0,0,0,0.01591011385800257,0
Female,0,Yes,Yes,66,Yes,Yes,Fiber optic,No,Yes,No,No,No,No,Two year,Yes,Electronic check,95.91,6328.43,No,Loyal_49-72m,1,0,0,0.015153023258018494,0
Male,0,Yes,No,4,Yes,No,Fiber optic,Yes,Yes,Yes,No,Yes,Yes,Month-to-month,No,Electronic check,125.51,494.44,Yes,New_0-12m,5,0,1,0.2533303730017762,1
Female,1,Yes,Yes,6,Yes,Yes,Fiber optic,Yes,No,Yes,No,No,No,Month-to-month,No,Electronic check,102.55,608.24,Yes,New_0-12m,2,0,0,0.16832446983126517,1
Female,0,Yes,Yes,20,Yes,No,DSL,No,No,Yes,No,No,No,Month-to-month,Yes,Credit card (automatic),68.33,1358.0,Yes,Developing_13-24m,1,0,0,0.05027961736571008,0
Male,0,No,No,20,Yes,No,DSL,No,No,No,No,No,Yes,Two year,Yes,Bank transfer (automatic),70.92,1413.85,No,Developing_13-24m,1,0,0,0.050125454995229184,0
Female,0,No,Yes,25,No,No phone service,Fiber optic,No,Yes,Yes,Yes,No,Yes,Month-to-month,Yes,Mailed check,94.73,2378.91,Yes,Established_25-48m,4,0,0,0.03980402620267153,0
Female,1,No,No,39,No,No phone service,DSL,Yes,No,No,No,No,Yes,Two year,No,Electronic check,62.72,2420.56,No,Established_25-48m,2,0,0,0.025900659079271214,0
Female,0,Yes,Yes,4,Yes,No,Fiber optic,Yes,No,No,No,No,No,Two year,Yes,Mailed check,86.84,351.67,Yes,New_0-12m,1,0,0,0.24623585788414099,0
Female,0,Yes,No,22,Yes,Yes,Fiber optic,No,No,Yes,Yes,Yes,Yes,Month-to-month,No,Bank transfer (automatic),129.0,2839.8,Yes,Developing_13-24m,4,0,1,0.04540974373415939,0
Female,0,No,No,1,Yes,No,Fiber optic,No,Yes,No,No,No,No,Month-to-month,Yes,Electronic check,86.59,107.36,No,New_0-12m,1,0,0,0.7990956072351422,1
Female,0,Yes,No,58,Yes,No,DSL,No,No,No,No,Yes,No,One year,Yes,Mailed check,75.44,4370.03,No,Loyal_49-72m,1,0,0,0.01725908996277765,0
Male,0,No,No,43,Yes,Yes,DSL,No,Yes,No,Yes,Yes,Yes,Two year,Yes,Electronic check,108.59,4686.35,No,Established_25-48m,4,0,1,0.023166607998122604,0
Female,0,No,No,17,Yes,No,DSL,No,No,Yes,No,No,No,Month-to-month,No,Bank transfer (automatic),65.53,1101.11,No,Developing_13-24m,1,0,0,0.059458674723938634,0
Female,0,Yes,No,21,Yes,No,DSL,Yes,No,Yes,No,Yes,No,One year,Yes,Bank transfer (automatic),83.65,1749.83,Yes,Developing_13-24m,3,0,0,0.0477773398902235,0
Female,0,No,No,12,Yes,No,DSL,No,No,No,No,No,Yes,Month-to-month,No,Electronic check,70.79,855.73,Yes,New_0-12m,1,0,0,0.08262813255051184,0
Male,0,Yes,Yes,71,Yes,No,DSL,Yes,Yes,Yes,No,No,Yes,Two year,Yes,Electronic check,90.44,6430.36,No,Loyal_49-72m,4,0,0,0.014062344511891731,0
Female,1,No,No,6,Yes,No,DSL,Yes,Yes,Yes,Yes,Yes,Yes,Month-to-month,Yes,Electronic check,111.62,665.74,Yes,New_0-12m,6,1,1,0.16741158472568018,0
Male,0,No,No,19,Yes,No,DSL,No,No,Yes,Yes,No,Yes,One year,Yes,Electronic check,88.11,1677.43,Yes,Developing_13-24m,3,0,0,0.05249548685378597,0
Female,0,Yes,Yes,51,Yes,No,No,No internet service,No internet service,No internet service,No internet service,No internet service,No internet service,One year,No,Mailed check,34.55,1759.58,No,Loyal_49-72m,0,0,0,0.019624214747412782,0
Male,0,Yes,No,18,Yes,Yes,No,No internet service,No internet service,No internet service,No internet service,No internet service,No internet service,Month-to-month,No,Electronic check,44.92,820.43,No,Developing_13-24m,0,0,0,0.054685122286743854,0
Male,0,No,No,70,No,No phone service,DSL,Yes,No,No,No,Yes,No,One year,Yes,Mailed check,62.04,4340.6,No,Loyal_49-72m,2,0,0,0.014289662797125482,0
Female,0,No,No,41,Yes,Yes,DSL,No,Yes,No,No,Yes,Yes,One year,Yes,Bank transfer (automatic),101.45,4156.11,No,Established_25-48m,3,0,1,0.024403972952363545,0
Female,0,Yes,No,54,Yes,Yes,Fiber optic,No,Yes,Yes,Yes,No,No,Two year,No,Credit card (automatic),108.15,5854.97,No,Loyal_49-72m,3,0,0,0.018468332317276216,0
Male,0,No,No,13,Yes,Yes,DSL,Yes,No,No,No,Yes,No,One year,Yes,Electronic check,86.92,1133.11,No,Developing_13-24m,2,0,0,0.07664159561241855,0
Female,0,Yes,Yes,53,Yes,No,Fiber optic,No,Yes,No,No,Yes,No,One year,Yes,Electronic check,91.76,4873.3,Yes,Loyal_49-72m,2,0,0,0.018825267217856923,0
Male,0,Yes,Yes,65,Yes,No,Fiber optic,Yes,No,No,No,Yes,No,One year,Yes,Electronic check,96.23,6292.43,Yes,Loyal_49-72m,2,0,0,0.01529054903288032,0
Male,0,Yes,Yes,71,Yes,Yes,DSL,Yes,No,No,No,Yes,No,Two year,No,Mailed check,87.11,6155.03,No,Loyal_49-72m,2,0,0,0.014150353393339539,0
Male,0,Yes,Yes,65,Yes,Yes,No,No internet service,No internet service,No internet service,No internet service,No internet service,No internet service,Two year,No,Bank transfer (automatic),44.23,2859.54,No,Loyal_49-72m,0,0,0,0.015462115544617449,0
Male,1,Yes,Yes,37,Yes,No,No,No internet service,No internet service,No internet service,No internet service,No internet service,No internet service,One year,Yes,Bank transfer (automatic),33.06,1209.3,No,Established_25-48m,0,0,0,0.02731554160125589,0
Male,0,No,No,32,Yes,No,No,No internet service,No internet service,No internet service,No internet service,No internet service,No internet service,One year,Yes,Electronic check,33.31,1053.12,No,Established_25-48m,0,0,0,0.03159981785754943,0
Female,1,Yes,No,24,Yes,Yes,DSL,No,Yes,No,No,No,Yes,Month-to-month,Yes,Electronic check,89.89,2178.71,Yes,Developing_13-24m,2,0,0,0.0412394309334728,0
Male,0,Yes,No,64,Yes,No,No,No internet service,No internet service,No internet service,No internet service,No internet service,No internet service,Month-to-month,Yes,Mailed check,33.83,2125.11,No,Loyal_49-72m,0,0,0,0.015911688482721963,0
Male,1,Yes,Yes,3,No,No phone service,Fiber optic,No,Yes,No,No,Yes,Yes,Month-to-month,Yes,Electronic check,92.29,284.1,Yes,New_0-12m,3,0,1,0.3237109786039986,1
Female,0,No,No,63,Yes,Yes,Fiber optic,No,No,No,Yes,Yes,No,Two year,Yes,Credit card (automatic),108.44,6808.73,No,Loyal_49-72m,2,0,0,0.015924273062221262,0
Male,0,No,No,3,Yes,No,No,No internet service,No internet service,No internet service,No internet service,No internet service,No internet service,Month-to-month,No,Electronic check,33.46,100.76,No,New_0-12m,0,0,0,0.328812893081761,0
Female,0,Yes,Yes,64,Yes,Yes,No,No internet service,No internet service,No internet service,No internet service,No internet service,No internet service,Two year,No,Bank transfer (automatic),44.89,2876.85,No,Loyal_49-72m,0,0,0,0.015598450231943986,0
Female,0,Yes,Yes,31,Yes,Yes,Fiber optic,Yes,No,No,No,Yes,No,Month-to-month,Yes,Electronic check,108.54,3378.33,Yes,Established_25-48m,2,0,0,0.032118792778450166,1
Female,0,Yes,No,9,Yes,Yes,Fiber optic,No,Yes,Yes,Yes,No,Yes,Month-to-month,No,Credit card (automatic),119.97,1075.75,Yes,New_0-12m,4,0,0,0.11141862084977942,0
Male,0,Yes,No,6,Yes,Yes,Fiber optic,No,Yes,No,No,No,No,Month-to-month,No,Bank transfer (automatic),96.45,576.1,Yes,New_0-12m,1,0,0,0.16712874718419685,1
Male,0,Yes,Yes,57,No,No phone service,Fiber optic,No,Yes,Yes,Yes,No,No,Two year,Yes,Electronic check,87.1,4933.96,No,Loyal_49-72m,3,0,0,0.01764958581224569,0
Male,0,Yes,Yes,60,Yes,No,No,No internet service,No internet service,No internet service,No internet service,No internet service,No internet service,Month-to-month,Yes,Mailed check,36.52,2225.4,No,Loyal_49-72m,0,0,0,0.01640316205533597,0
Female,0,Yes,Yes,58,Yes,Yes,Fiber optic,Yes,No,No,No,Yes,No,One year,Yes,Bank transfer (automatic),108.87,6319.06,No,Loyal_49-72m,2,0,0,0.017226102283839077,0
Male,0,No,No,68,Yes,No,Fiber optic,No,Yes,No,Yes,No,Yes,Two year,No,Electronic check,106.61,7256.06,No,Loyal_49-72m,3,0,0,0.014690522057141596,0
Female,0,Yes,No,22,Yes,No,Fiber optic,No,No,Yes,Yes,Yes,Yes,One year,Yes,Credit card (automatic),117.52,2601.54,Yes,Developing_13-24m,4,0,1,0.04515588617273894,0
Male,0,No,No,33,No,No phone service,DSL,No,No,Yes,No,No,Yes,Month-to-month,No,Mailed check,65.13,2148.28,Yes,Established_25-48m,2,0,0,0.03030317129457306,0
Female,0,No,Yes,54,Yes,Yes,No,No internet service,No internet service,No internet service,No internet service,No internet service,No internet service,Month-to-month,No,Bank transfer (automatic),45.64,2470.92,Yes,Loyal_49-72m,0,0,0,0.018463380691931777,0
Male,0,No,No,36,Yes,No,DSL,Yes,No,Yes,Yes,Yes,Yes,Month-to-month,Yes,Mailed check,102.79,3711.17,Yes,Established_25-48m,5,1,1,0.027690003421179527,0
Male,0,Yes,No,49,Yes,Yes,Fiber optic,No,Yes,No,Yes,Yes,Yes,One year,No,Mailed check,127.77,6238.61,No,Loyal_49-72m,4,0,1,0.020477241366046915,0
Male,0,Yes,No,30,Yes,Yes,No,No internet service,No internet service,No internet service,No internet service,No internet service,No internet service,Month-to-month,No,Mailed check,43.99,1327.66,Yes,Established_25-48m,0,0,0,0.03310854545180859,0
Female,0,Yes,Yes,22,Yes,Yes,Fiber optic,Yes,No,Yes,Yes,No,No,Month-to-month,Yes,Mailed check,109.79,2446.51,Yes,Developing_13-24m,3,1,0,0.04485783510588312,0
Female,0,No,No,67,Yes,Yes,No,No internet service,No internet service,No internet service,No internet service,No internet service,No internet service,Two year,No,Bank transfer (automatic),46.82,3163.14,No,Loyal_49-72m,0,0,0,0.014797069661898652,0
Male,0,Yes,No,68,Yes,No,No,No internet service,No internet service,No internet service,No internet service,No internet service,No internet service,One year,Yes,Credit card (automatic),34.74,2385.3,No,Loyal_49-72m,0,0,0,0.014558102501781,0
Male,0,No,No,48,No,No phone service,DSL,No,Yes,Yes,Yes,No,No,One year,No,Credit card (automatic),63.81,3091.54,No,Established_25-48m,3,0,0,0.020633524546165936,0
Female,0,No,No,29,Yes,No,Fiber optic,Yes,Yes,No,Yes,Yes,Yes,Month-to-month,Yes,Electronic check,125.56,3622.35,Yes,Established_25-48m,5,1,1,0.03465301447555439,0
Female,0,Yes,No,33,Yes,Yes,Fiber optic,Yes,Yes,No,Yes,No,Yes,One year,No,Bank transfer (automatic),123.91,4081.16,No,Established_25-48m,4,1,0,0.030354028259548867,0
Female,1,No,No,70,Yes,No,Fiber optic,No,Yes,Yes,No,Yes,No,One year,Yes,Electronic check,102.82,7183.73,Yes,Loyal_49-72m,3,0,0,0.014310906603310075,0
Male,0,Yes,Yes,59,Yes,Yes,Fiber optic,No,Yes,Yes,No,Yes,Yes,One year,Yes,Electronic check,128.22,7617.41,No,Loyal_49-72m,4,0,1,0.016830283484349097,0
Female,0,Yes,Yes,57,Yes,No,Fiber optic,No,Yes,No,No,Yes,Yes,One year,Yes,Electronic check,111.44,6355.74,No,Loyal_49-72m,3,0,1,0.017530998593618743,0
Male,0,Yes,No,28,Yes,No,DSL,Yes,Yes,Yes,No,Yes,No,Two year,Yes,Electronic check,89.17,2475.55,No,Established_25-48m,4,0,0,0.036005733782883444,0
Female,0,Yes,No,6,Yes,No,Fiber optic,No,Yes,Yes,No,Yes,Yes,Month-to-month,No,Credit card (automatic),117.83,690.45,Yes,New_0-12m,4,0,1,0.17041000795429892,1
Male,0,No,No,68,Yes,No,DSL,No,Yes,Yes,Yes,Yes,No,One year,Yes,Bank transfer (automatic),90.15,6131.81,No,Loyal_49-72m,4,0,0,0.014699623826598248,0
Female,0,Yes,Yes,36,Yes,Yes,DSL,Yes,No,No,Yes,Yes,Yes,One year,No,Electronic check,107.28,3841.64,No,Established_25-48m,4,1,1,0.0279183061645119,0
Female,0,Yes,Yes,25,Yes,Yes,Fiber optic,No,No,No,Yes,Yes,Yes,Month-to-month,No,Electronic check,120.36,3037.03,Yes,Established_25-48m,3,0,1,0.039617778626280846,0
Female,1,No,No,32,Yes,No,Fiber optic,No,Yes,Yes,Yes,Yes,Yes,Month-to-month,No,Electronic check,122.54,3933.14,Yes,Established_25-48m,5,0,1,0.031147849339372775,0
Female,0,No,No,63,Yes,No,DSL,No,Yes,No,Yes,Yes,Yes,Two year,No,Bank transfer (automatic),99.28,6259.34,No,Loyal_49-72m,4,0,1,0.015858563592392745,0
Female,1,Yes,Yes,41,Yes,Yes,Fiber optic,No,No,No,Yes,No,Yes,Month-to-month,Yes,Mailed check,109.98,4493.38,Yes,Established_25-48m,2,0,0,0.024470561011752455,0
Male,0,No,No,19,Yes,No,Fiber optic,Yes,No,Yes,No,No,Yes,Month-to-month,Yes,Bank transfer (automatic),102.33,1924.45,Yes,Developing_13-24m,3,0,0,0.0531460178140175,1
Female,0,No,No,40,Yes,Yes,No,No internet service,No internet service,No internet service,No internet service,No internet service,No internet service,One year,Yes,Credit card (automatic),44.12,1770.04,No,Established_25-48m,0,0,0,0.024911916162254945,0
Female,0,Yes,No,72,Yes,No,Fiber optic,Yes,No,No,Yes,No,No,One year,Yes,Mailed check,93.0,6698.06,No,Loyal_49-72m,2,1,0,0.013882544715228703,0
Female,0,Yes,No,55,Yes,No,DSL,Yes,Yes,Yes,No,Yes,Yes,One year,Yes,Bank transfer (automatic),102.38,5611.65,No,Loyal_49-72m,5,0,1,0.018240937881392926,0
Male,0,Yes,No,8,No,No phone service,Fiber optic,No,Yes,Yes,Yes,No,No,Month-to-month,No,Credit card (automatic),88.41,706.47,Yes,New_0-12m,3,0,0,0.12496642967192954,0
Female,0,No,Yes,45,Yes,No,Fiber optic,No,Yes,Yes,No,No,Yes,One year,Yes,Mailed check,104.31,4693.18,Yes,Established_25-48m,3,0,0,0.02222113340349113,0
Male,0,No,No,38,Yes,No,Fiber optic,Yes,Yes,Yes,Yes,No,Yes,Month-to-month,Yes,Electronic check,118.41,4510.65,Yes,Established_25-48m,5,1,0,0.026245386942692808,0
Female,1,No,No,65,Yes,No,Fiber optic,No,Yes,Yes,No,No,No,Month-to-month,No,Mailed check,94.31,6161.75,No,Loyal_49-72m,2,0,0,0.015303233134558437,1
Female,0,No,No,7,Yes,Yes,DSL,No,No,Yes,No,Yes,No,Month-to-month,No,Bank transfer (automatic),87.19,579.14,Yes,New_0-12m,2,0,0,0.15029130899438067,0
Male,0,Yes,Yes,42,Yes,No,Fiber optic,Yes,Yes,No,Yes,Yes,Yes,Two year,No,Bank transfer (automatic),126.0,5304.02,No,Established_25-48m,5,1,1,0.023751088591560443,0
Female,0,Yes,No,17,Yes,No,DSL,No,No,Yes,Yes,Yes,Yes,One year,No,Bank transfer (automatic),97.36,1655.12,No,Developing_13-24m,4,0,1,0.05878801053063788,0
Male,0,Yes,Yes,69,Yes,No,Fiber optic,Yes,Yes,No,Yes,Yes,No,Two year,Yes,Bank transfer (automatic),111.46,7697.06,No,Loyal_49-72m,4,1,0,0.014478972624271568,0
Male,0,No,No,57,Yes,Yes,No,No internet service,No internet service,No internet service,No internet service,No internet service,No internet service,Two year,Yes,Credit card (automatic),44.51,2539.03,No,Loyal_49-72m,0,0,0,0.01752341507777467,0
Female,0,No,No,47,Yes,Yes,No,No internet service,No internet service,No internet service,No internet service,No internet service,No internet service,Month-to-month,Yes,Bank transfer (automatic),44.84,2114.98,No,Established_25-48m,0,0,0,0.021191126570194427,0
Male,1,Yes,No,23,No,No phone service,DSL,No,No,Yes,Yes,Yes,Yes,One year,Yes,Credit card (automatic),82.74,1884.37,No,Developing_13-24m,4,0,1,0.04388528511644929,0
Female,0,No,No,56,Yes,Yes,No,No internet service,No internet service,No internet service,No internet service,No internet service,No internet service,Month-to-month,Yes,Bank transfer (automatic),45.54,2564.78,No,Loyal_49-72m,0,0,0,0.017748988611650255,0
Female,0,Yes,Yes,45,Yes,No,Fiber optic,No,Yes,No,Yes,No,No,Two year,No,Bank transfer (automatic),93.36,4201.81,No,Established_25-48m,2,0,0,0.022213709399187685,0
Male,0,Yes,Yes,56,Yes,Yes,DSL,No,No,Yes,No,No,Yes,One year,Yes,Credit card (automatic),88.15,4957.28,No,Loyal_49-72m,2,0,0,0.017778342489734346,0
Male,0,Yes,Yes,64,No,No phone service,Fiber optic,No,Yes,Yes,No,No,Yes,Two year,Yes,Credit card (automatic),86.58,5565.01,No,Loyal_49-72m,3,0,0,0.01555512835945318,0
Male,0,Yes,No,57,Yes,Yes,DSL,Yes,No,No,Yes,Yes,No,Two year,No,Bank transfer (automatic),97.17,5542.24,No,Loyal_49-72m,3,1,0,0.017529459305388184,0
Male,1,Yes,No,39,Yes,No,DSL,Yes,Yes,No,No,Yes,No,One year,Yes,Bank transfer (automatic),85.7,3357.15,Yes,Established_25-48m,3,0,0,0.025520003573396066,0
Female,0,Yes,No,61,Yes,No,DSL,No,Yes,Yes,No,Yes,No,One year,Yes,Mailed check,84.33,5157.68,No,Loyal_49-72m,3,0,0,0.016347205098978808,0
Female,0,Yes,Yes,70,No,No phone service,Fiber optic,No,No,No,No,Yes,No,Month-to-month,No,Mailed check,78.12,5488.48,Yes,Loyal_49-72m,1,0,0,0.014230856110232665,1
Male,0,Yes,No,5,Yes,Yes,DSL,No,No,Yes,No,No,No,Month-to-month,No,Electronic check,74.74,392.69,No,New_0-12m,1,0,0,0.18984480174756788,0
Female,0,No,No,2,Yes,No,No,No internet service,No internet service,No internet service,No internet service,No internet service,No internet service,Month-to-month,Yes,Mailed check,37.28,57.1,No,New_0-12m,0,0,0,0.6416523235800344,0
Female,0,Yes,No,3,Yes,No,Fiber optic,No,No,No,Yes,Yes,No,Month-to-month,Yes,Electronic check,100.29,305.04,Yes,New_0-12m,2,0,0,0.32770226114233436,0
Female,0,No,Yes,55,Yes,No,Fiber optic,No,No,Yes,No,Yes,No,Two year,No,Bank transfer (automatic),95.59,5236.63,No,Loyal_49-72m,2,0,0,0.018250620986973116,0
Female,0,Yes,Yes,2,Yes,No,DSL,No,No,No,No,No,No,Two year,Yes,Credit card (automatic),61.82,115.81,No,New_0-12m,0,0,0,0.5292355106583341,0
Male,0,Yes,Yes,13,No,No phone service,No,No internet service,No internet service,No internet service,No internet service,No internet service,No internet service,Month-to-month,No,Electronic check,21.08,266.82,Yes,Developing_13-24m,0,0,0,0.07870958106190724,0
Male,0,Yes,No,34,Yes,No,Fiber optic,Yes,Yes,No,No,No,Yes,One year,No,Electronic check,106.81,3640.32,No,Established_25-48m,3,0,0,0.02933276943525974,0
Female,0,Yes,No,66,Yes,Yes,Fiber optic,No,Yes,Yes,No,Yes,Yes,Month-to-month,No,Credit card (automatic),128.5,8477.55,Yes,Loyal_49-72m,4,0,1,0.015155893401583999,1
Male,0,No,No,71,Yes,Yes,Fiber optic,Yes,Yes,No,Yes,Yes,Yes,Two year,No,Bank transfer (automatic),136.01,9654.32,No,Loyal_49-72m,5,1,1,0.014086534677255647,0
Male,0,Yes,Yes,14,Yes,Yes,DSL,Yes,No,No,Yes,No,No,One year,No,Bank transfer (automatic),84.71,1200.93,No,Developing_13-24m,2,1,0,0.07047831404491109,0
Male,0,No,No,8,Yes,No,Fiber optic,No,No,No,No,No,Yes,One year,Yes,Mailed check,93.07,757.75,Yes,New_0-12m,1,0,0,0.12266227347611201,0
Female,0,No,No,69,No,No phone service,Fiber optic,No,Yes,No,Yes,Yes,No,One year,No,Electronic check,89.38,6171.36,No,Loyal_49-72m,3,0,0,0.014480684859599894,0
Female,0,No,No,14,Yes,Yes,Fiber optic,No,Yes,Yes,Yes,No,Yes,Two year,Yes,Electronic check,121.58,1713.36,No,Developing_13-24m,4,0,0,0.0709185935276138,0
Female,0,No,No,47,Yes,Yes,DSL,No,No,No,No,Yes,Yes,Two year,No,Credit card (automatic),98.48,4638.25,No,Established_25-48m,2,0,1,0.02122756911138654,0
Male,0,No,No,55,Yes,No,DSL,Yes,Yes,No,Yes,Yes,Yes,Two year,No,Bank transfer (automatic),101.41,5607.02,No,Loyal_49-72m,5,1,1,0.01808303108762094,0
Female,1,Yes,Yes,57,Yes,Yes,DSL,Yes,No,No,No,Yes,Yes,One year,Yes,Electronic check,100.47,5723.66,No,Loyal_49-72m,3,0,1,0.01755038727190785,0
Female,0,No,Yes,34,Yes,Yes,No,No internet service,No internet service,No internet service,No internet service,No internet service,No internet service,One year,No,Electronic check,44.94,1516.68,No,Established_25-48m,0,0,0,0.0296109851879184,0
Male,0,Yes,No,55,Yes,No,DSL,Yes,No,No,Yes,No,Yes,Two year,Yes,Bank transfer (automatic),87.28,4803.46,No,Loyal_49-72m,3,1,0,0.0181664536701315,0
Female,0,Yes,Yes,10,Yes,No,DSL,Yes,Yes,Yes,No,Yes,No,Two year,No,Electronic check,90.3,888.74,Yes,New_0-12m,4,0,0,0.10149032301571245,0
Female,0,Yes,Yes,59,Yes,No,No,No internet service,No internet service,No internet service,No internet service,No internet service,No internet service,Month-to-month,Yes,Electronic check,36.82,2166.86,No,Loyal_49-72m,0,0,0,0.016984491618462445,0
Male,1,No,No,43,Yes,Yes,Fiber optic,Yes,No,Yes,Yes,Yes,No,One year,Yes,Electronic check,122.02,5253.61,Yes,Established_25-48m,4,1,0,0.023221514060986447,0
Male,0,No,No,14,Yes,No,Fiber optic,No,No,No,No,Yes,No,One year,Yes,Electronic check,93.16,1296.63,Yes,Developing_13-24m,1,0,0,0.0717924215685519,0
Male,1,Yes,No,57,Yes,No,Fiber optic,No,Yes,No,No,Yes,Yes,One year,Yes,Bank transfer (automatic),110.55,6297.93,Yes,Loyal_49-72m,3,0,1,0.017550599863786386,0
Female,1,No,No,31,Yes,No,Fiber optic,Yes,No,No,No,No,No,One year,Yes,Credit card (automatic),85.56,2648.27,Yes,Established_25-48m,1,0,0,0.032295689001121064,0
Female,1,Yes,Yes,6,Yes,Yes,Fiber optic,Yes,No,No,No,No,No,Month-to-month,Yes,Mailed check,95.35,565.6,Yes,New_0-12m,1,0,0,0.16828450405930107,1
Female,0,Yes,Yes,67,Yes,No,DSL,No,No,Yes,Yes,Yes,No,Two year,Yes,Electronic check,87.92,5874.19,No,Loyal_49-72m,3,0,0,0.014964622420721715,0
Male,0,Yes,No,34,Yes,Yes,No,No internet service,No internet service,No internet service,No internet service,No internet service,No internet service,One year,Yes,Electronic check,45.94,1577.14,Yes,Established_25-48m,0,0,0,0.02911021835832055,0
Male,0,Yes,Yes,11,Yes,Yes,DSL,No,Yes,No,No,Yes,Yes,Month-to-month,No,Credit card (automatic),101.49,1136.94,Yes,New_0-12m,3,0,1,0.08918747912895231,0
Female,0,Yes,No,58,Yes,Yes,DSL,No,No,Yes,Yes,Yes,No,Two year,Yes,Mailed check,97.88,5691.31,No,Loyal_49-72m,3,0,0,0.01719512816413723,0
Female,0,No,No,15,No,No phone service,DSL,Yes,Yes,Yes,No,Yes,Yes,Two year,Yes,Mailed check,86.22,1307.44,No,Developing_13-24m,5,0,1,0.06589526458989331,0
Male,0,No,No,18,Yes,Yes,Fiber optic,Yes,Yes,Yes,Yes,No,No,One year,Yes,Credit card (automatic),115.59,2074.38,No,Developing_13-24m,4,1,0,0.05569582437914984,0
Male,0,Yes,Yes,70,Yes,No,Fiber optic,No,No,Yes,No,No,No,Month-to-month,No,Mailed check,85.49,5986.93,Yes,Loyal_49-72m,1,0,0,0.014277054006977367,1
Male,0,No,No,46,Yes,Yes,Fiber optic,No,Yes,Yes,Yes,No,No,Two year,No,Mailed check,111.55,5119.61,No,Established_25-48m,3,0,0,0.021784513954392154,0
Male,0,No,No,1,Yes,Yes,Fiber optic,Yes,No,Yes,Yes,No,Yes,Month-to-month,No,Credit card (automatic),122.14,122.14,No,New_0-12m,4,1,0,0.9918791619295111,0
Female,0,No,No,27,Yes,Yes,DSL,No,Yes,No,No,Yes,No,Month-to-month,Yes,Mailed check,88.27,2382.6,Yes,Established_25-48m,2,0,0,0.03703222017116966,0
Male,1,No,No,24,Yes,Yes,DSL,Yes,No,No,No,No,No,Two year,No,Mailed check,74.42,1765.3,No,Developing_13-24m,1,0,0,0.042133272943441095,0
Female,0,Yes,No,66,Yes,Yes,Fiber optic,No,Yes,No,No,No,Yes,One year,Yes,Bank transfer (automatic),109.24,7211.82,No,Loyal_49-72m,2,0,0,0.01514525525383969,0
Female,1,No,Yes,63,Yes,No,DSL,Yes,Yes,No,No,No,No,One year,Yes,Credit card (automatic),73.29,4609.31,No,Loyal_49-72m,2,0,0,0.01589697872811156,0
Female,0,No,No,42,Yes,No,DSL,Yes,Yes,No,Yes,Yes,Yes,Two year,Yes,Credit card (automatic),104.84,4407.26,No,Established_25-48m,5,1,1,0.023782626251627626,0
Male,0,Yes,No,29,Yes,No,No,No internet service,No internet service,No internet service,No internet service,No internet service,No internet service,One year,Yes,Bank transfer (automatic),35.24,1018.43,No,Established_25-48m,0,0,0,0.03456833720804764,0
Male,1,Yes,No,12,Yes,No,Fiber optic,No,No,No,No,No,Yes,Two year,Yes,Mailed check,93.56,1127.92,No,New_0-12m,1,0,0,0.08287566878078163,0
Male,0,No,No,72,Yes,Yes,Fiber optic,No,Yes,Yes,No,No,Yes,Month-to-month,No,Credit card (automatic),113.93,8213.43,Yes,Loyal_49-72m,3,0,0,0.013869495509731046,1
Male,1,Yes,No,11,No,No phone service,Fiber optic,Yes,Yes,Yes,Yes,Yes,No,Month-to-month,No,Mailed check,105.13,1137.63,Yes,New_0-12m,5,1,0,0.09233025653636387,0
Female,0,No,No,11,Yes,No,Fiber optic,Yes,Yes,No,No,Yes,Yes,Month-to-month,Yes,Bank transfer (automatic),117.07,1282.98,Yes,New_0-12m,4,0,1,0.09117743267029081,1
Male,0,Yes,No,6,Yes,No,DSL,No,Yes,Yes,Yes,Yes,Yes,Month-to-month,Yes,Electronic check,102.11,602.94,Yes,New_0-12m,5,0,1,0.1690730867304699,0
Male,0,No,No,24,Yes,Yes,Fiber optic,No,No,No,No,No,No,Month-to-month,Yes,Bank transfer (automatic),89.8,2172.87,No,Developing_13-24m,0,0,0,0.04130881791459471,1
Female,0,Yes,Yes,42,Yes,Yes,DSL,Yes,No,Yes,No,No,No,Month-to-month,Yes,Electronic check,82.49,3490.05,Yes,Established_25-48m,2,0,0,0.02362899414216353,0
Male,0,No,No,53,Yes,Yes,DSL,No,No,No,No,No,No,Two year,No,Bank transfer (automatic),68.96,3655.52,No,Loyal_49-72m,0,0,0,0.018859462002122233,0
Female,0,No,No,64,Yes,Yes,DSL,No,Yes,No,No,No,Yes,Two year,No,Mailed check,89.62,5741.75,No,Loyal_49-72m,2,0,0,0.01560576378912542,0
Female,0,Yes,No,29,Yes,Yes,No,No internet service,No internet service,No internet service,No internet service,No internet service,No internet service,Month-to-month,Yes,Mailed check,42.04,1197.05,Yes,Established_25-48m,0,0,0,0.03509035516046909,0
Female,0,No,No,5,Yes,Yes,Fiber optic,No,No,Yes,No,No,No,Month-to-month,Yes,Bank transfer (automatic),97.21,490.6,Yes,New_0-12m,1,0,0,0.1977420667209113,1
Female,1,Yes,No,28,Yes,No,No,No internet service,No internet service,No internet service,No internet service,No internet service,No internet service,Month-to-month,No,Mailed check,36.04,1005.24,No,Established_25-48m,0,0,0,0.035816505008745426,0
Female,1,Yes,No,10,No,No phone service,DSL,Yes,No,No,No,Yes,No,Month-to-month,Yes,Bank transfer (automatic),60.02,620.58,No,New_0-12m,2,0,0,0.0965603783905531,0
Female,0,Yes,No,7,Yes,Yes,DSL,No,No,No,Yes,No,No,Month-to-month,Yes,Credit card (automatic),78.16,543.71,Yes,New_0-12m,1,0,0,0.1434891960859907,0
Female,0,No,No,17,Yes,No,No,No internet service,No internet service,No internet service,No internet service,No internet service,No internet service,Month-to-month,No,Electronic check,34.35,571.64,Yes,Developing_13-24m,0,0,0,0.05998533109807209,0
Female,0,Yes,No,26,Yes,Yes,Fiber optic,No,Yes,No,Yes,No,Yes,One year,No,Mailed check,118.13,3051.24,No,Established_25-48m,3,0,0,0.03870272324587844,0
Male,0,Yes,Yes,71,Yes,Yes,No,No internet service,No internet service,No internet service,No internet service,No internet service,No internet service,Two year,No,Credit card (automatic),43.74,3108.26,No,Loyal_49-72m,0,0,0,0.014067655969587619,0
Male,0,Yes,No,1,No,No phone service,DSL,No,No,No,No,Yes,Yes,Month-to-month,Yes,Credit card (automatic),70.2,70.2,No,New_0-12m,2,0,1,0.9859550561797753,0
Male,1,No,No,53,Yes,Yes,No,No internet service,No internet service,No internet service,No internet service,No internet service,No internet service,One year,Yes,Credit card (automatic),46.5,2482.76,No,Loyal_49-72m,0,0,0,0.018721615615035266,0
Male,0,No,No,69,Yes,Yes,Fiber optic,Yes,No,No,No,No,No,Two year,No,Credit card (automatic),95.41,6592.79,No,Loyal_49-72m,1,0,0,0.014469675255050584,0
Female,0,Yes,Yes,20,Yes,Yes,DSL,No,Yes,Yes,No,Yes,No,Two year,Yes,Electronic check,95.95,1917.49,Yes,Developing_13-24m,3,0,0,0.050013291703370884,0
Male,0,Yes,No,20,Yes,Yes,Fiber optic,Yes,No,No,Yes,No,Yes,Month-to-month,Yes,Electronic check,115.38,2317.01,Yes,Developing_13-24m,3,1,0,0.04977545394541007,0
Female,1,No,Yes,62,Yes,No,No,No internet service,No internet service,No internet service,No internet service,No internet service,No internet service,Two year,Yes,Electronic check,37.0,2320.15,No,Loyal_49-72m,0,0,0,0.015940374383387544,0
Male,0,Yes,No,11,Yes,No,DSL,Yes,Yes,Yes,No,Yes,No,Month-to-month,Yes,Electronic check,93.91,1015.61,Yes,New_0-12m,4,0,0,0.09237564060947659,0
Male,0,No,No,34,Yes,No,No,No internet service,No internet service,No internet service,No internet service,No internet service,No internet service,One year,Yes,Electronic check,36.4,1228.07,No,Established_25-48m,0,0,0,0.029615888435971915,0
Male,0,No,No,53,Yes,No,Fiber optic,Yes,No,No,Yes,Yes,Yes,Month-to-month,Yes,Credit card (automatic),118.92,6331.88,Yes,Loyal_49-72m,4,1,1,0.018778186228066852,0
Female,0,No,No,67,Yes,No,DSL,No,No,Yes,No,Yes,Yes,Two year,No,Mailed check,89.29,5971.11,No,Loyal_49-72m,3,0,1,0.014951164663745312,0
Male,0,Yes,Yes,16,Yes,Yes,DSL,Yes,Yes,Yes,No,Yes,No,Month-to-month,Yes,Electronic check,102.79,1654.57,Yes,Developing_13-24m,4,0,0,0.062087377761133634,0
Female,1,No,Yes,66,Yes,No,Fiber optic,No,No,Yes,Yes,No,Yes,Two year,No,Bank transfer (automatic),107.33,7101.59,No,Loyal_49-72m,3,0,0,0.015111388944033091,0
Female,0,No,No,28,Yes,Yes,DSL,Yes,Yes,No,No,Yes,Yes,Month-to-month,No,Electronic check,105.31,2948.44,No,Established_25-48m,4,0,1,0.03570508299880655,0
Male,0,No,No,12,Yes,No,Fiber optic,No,No,No,No,No,Yes,Month-to-month,No,Electronic check,94.25,1141.34,Yes,New_0-12m,1,0,0,0.08250608400301136,1
Male,0,Yes,Yes,61,Yes,No,No,No internet service,No internet service,No internet service,No internet service,No internet service,No internet service,Two year,No,Electronic check,35.16,2140.35,No,Loyal_49-72m,0,0,0,0.016419548415719055,0
Male,0,Yes,Yes,40,No,No phone service,Fiber optic,Yes,No,No,No,No,Yes,Two year,Yes,Bank transfer (automatic),84.02,3388.05,Yes,Established_25-48m,2,0,0,0.02479160826780366,0
Female,0,Yes,Yes,34,Yes,No,Fiber optic,No,Yes,No,No,Yes,No,Two year,Yes,Credit card (automatic),97.38,3304.29,Yes,Established_25-48m,2,0,0,0.029461862650478475,0
Male,0,No,No,54,No,No phone service,DSL,Yes,No,No,Yes,Yes,Yes,Two year,No,Electronic check,81.59,4391.54,Yes,Loyal_49-72m,4,1,1,0.0185746743342121,0
Female,0,No,No,64,Yes,Yes,No,No internet service,No internet service,No internet service,No internet service,No internet service,No internet service,Two year,No,Bank transfer (automatic),43.67,2808.21,No,Loyal_49-72m,0,0,0,0.015545295652514408,0
Female,0,Yes,Yes,31,Yes,Yes,DSL,No,No,No,No,No,Yes,Two year,Yes,Electronic check,81.43,2534.98,No,Established_25-48m,1,0,0,0.032109874683554286,0
Male,0,Yes,Yes,4,No,No phone service,DSL,Yes,Yes,Yes,No,No,No,Month-to-month,No,Electronic check,63.77,257.32,Yes,New_0-12m,3,0,0,0.24686435428925366,0
Male,0,Yes,Yes,56,Yes,No,Fiber optic,No,Yes,Yes,No,No,Yes,Month-to-month,Yes,Electronic check,103.55,5799.3,Yes,Loyal_49-72m,3,0,0,0.017852524869403304,1
Female,1,No,No,55,Yes,No,Fiber optic,No,Yes,Yes,No,No,Yes,Month-to-month,Yes,Electronic check,102.81,5647.11,Yes,Loyal_49-72m,3,0,0,0.018202549171315717,1
Female,0,No,No,72,Yes,No,No,No internet service,No internet service,No internet service,No internet service,No internet service,No internet service,One year,Yes,Mailed check,33.57,2406.02,No,Loyal_49-72m,0,0,0,0.01394670588528554,0
Female,0,Yes,No,62,Yes,Yes,No,No internet service,No internet service,No internet service,No internet service,No internet service,No internet service,Two year,Yes,Bank transfer (automatic),46.9,2898.71,No,Loyal_49-72m,0,0,0,0.01617403119622307,0
Male,0,Yes,No,26,Yes,Yes,No,No internet service,No internet service,No internet service,No internet service,No internet service,No internet service,One year,No,Electronic check,44.82,1170.01,No,Established_25-48m,0,0,0,0.038274651796312585,0
Female,0,Yes,No,18,Yes,Yes,Fiber optic,Yes,No,No,Yes,No,No,One year,Yes,Electronic check,101.06,1815.98,Yes,Developing_13-24m,2,1,0,0.0556197646644432,0
Male,0,No,No,14,Yes,No,DSL,No,No,No,No,No,No,One year,Yes,Credit card (automatic),59.99,817.49,No,Developing_13-24m,0,0,0,0.07329350389131205,0
Female,0,No,No,21,Yes,No,Fiber optic,Yes,Yes,No,No,No,Yes,Two year,Yes,Electronic check,103.38,2164.67,Yes,Developing_13-24m,3,0,0,0.04773580462397318,0
Female,0,No,No,66,No,No phone service,DSL,No,No,Yes,Yes,No,Yes,Two year,Yes,Bank transfer (automatic),71.31,4703.27,No,Loyal_49-72m,3,0,0,0.015158568704602414,0
Male,0,Yes,No,65,Yes,No,DSL,Yes,Yes,No,Yes,Yes,Yes,Two year,No,Bank transfer (automatic),103.15,6712.4,No,Loyal_49-72m,5,1,1,0.015364792802454794,0
Female,0,No,No,44,No,No phone service,DSL,No,No,No,No,No,No,Month-to-month,Yes,Electronic check,46.93,2069.3,Yes,Established_25-48m,0,0,0,0.022668212336376368,0
Male,1,Yes,Yes,13,Yes,No,DSL,Yes,Yes,No,Yes,Yes,No,One year,No,Electronic check,91.77,1219.34,No,Developing_13-24m,4,1,0,0.075200353999705,0
Male,1,No,No,59,No,No phone service,Fiber optic,Yes,Yes,No,No,No,Yes,One year,Yes,Electronic check,88.68,5217.43,Yes,Loyal_49-72m,3,0,0,0.016993616854111295,0
Female,0,Yes,No,32,Yes,No,Fiber optic,No,Yes,No,Yes,Yes,Yes,Month-to-month,No,Mailed check,117.53,3769.26,No,Established_25-48m,4,0,1,0.031172916456689986,0
Male,0,No,No,37,Yes,No,Fiber optic,Yes,No,Yes,Yes,Yes,Yes,Month-to-month,Yes,Mailed check,124.71,4623.79,Yes,Established_25-48m,5,1,1,0.0269655487059953,0
Male,1,No,No,3,Yes,No,No,No internet service,No internet service,No internet service,No internet service,No internet service,No internet service,One year,Yes,Mailed check,35.59,110.96,Yes,New_0-12m,0,0,0,0.3178813862093605,0
Female,1,No,No,33,No,No phone service,Fiber optic,No,Yes,No,No,Yes,No,Month-to-month,Yes,Credit card (automatic),82.41,2715.07,Yes,Established_25-48m,2,0,0,0.030341633315783465,1
Male,0,No,No,27,Yes,No,No,No internet service,No internet service,No internet service,No internet service,No internet service,No internet service,One year,Yes,Mailed check,35.04,935.83,No,Established_25-48m,0,0,0,0.037402730484719746,0
Male,0,Yes,Yes,26,Yes,No,Fiber optic,Yes,Yes,Yes,Yes,Yes,Yes,Month-to-month,Yes,Credit card (automatic),129.62,3369.51,Yes,Established_25-48m,6,1,1,0.03845708809646018,0
Male,0,Yes,No,20,Yes,Yes,DSL,Yes,No,No,Yes,Yes,Yes,Two year,Yes,Bank transfer (automatic),109.27,2158.58,No,Developing_13-24m,4,1,1,0.05059780142435103,0
Female,0,No,No,55,Yes,Yes,DSL,Yes,Yes,No,No,Yes,No,Two year,No,Electronic check,92.07,5049.99,No,Loyal_49-72m,3,0,0,0.018228109736903062,0
Male,0,Yes,No,63,Yes,Yes,Fiber optic,Yes,Yes,No,No,Yes,No,Month-to-month,No,Mailed check,113.49,7135.25,Yes,Loyal_49-72m,3,0,0,0.0159033105622701,1
Female,0,Yes,Yes,65,Yes,No,No,No internet service,No internet service,No internet service,No internet service,No internet service,No internet service,One year,Yes,Credit card (automatic),34.71,2263.71,No,Loyal_49-72m,0,0,0,0.015326465640192343,0
Female,0,Yes,Yes,46,Yes,Yes,DSL,No,No,Yes,Yes,No,Yes,Two year,No,Electronic check,98.09,4521.52,Yes,Established_25-48m,3,0,0,0.02168923520515111,0
Male,0,No,No,60,No,No phone service,No,No internet service,No internet service,No internet service,No internet service,No internet service,No internet service,Two year,Yes,Bank transfer (automatic),21.76,1289.52,No,Loyal_49-72m,0,0,0,0.016861420202708987,0
Male,0,Yes,Yes,52,Yes,Yes,Fiber optic,Yes,Yes,No,Yes,No,Yes,One year,No,Electronic check,122.59,6355.07,No,Loyal_49-72m,4,1,0,0.019287075189543226,0
Male,0,Yes,No,71,Yes,No,DSL,No,No,No,Yes,No,Yes,One year,No,Credit card (automatic),78.51,5552.26,No,Loyal_49-72m,2,0,0,0.014137641673539507,0
Female,0,Yes,Yes,72,Yes,No,Fiber optic,Yes,No,Yes,No,Yes,No,Two year,Yes,Bank transfer (automatic),104.09,7509.15,No,Loyal_49-72m,3,0,0,0.013859909589022857,0
Male,0,Yes,Yes,47,No,No phone service,Fiber optic,No,No,No,No,Yes,Yes,Two year,No,Electronic check,91.82,4329.27,No,Established_25-48m,2,0,1,0.021204220522045965,0
Male,0,No,No,40,Yes,Yes,DSL,Yes,Yes,Yes,No,No,Yes,Two year,Yes,Credit card (automatic),99.78,4000.94,No,Established_25-48m,4,0,0,0.024932907539843174,0
Male,1,No,No,71,Yes,Yes,Fiber optic,No,No,Yes,No,No,No,One year,No,Electronic check,96.19,6852.04,Yes,Loyal_49-72m,1,0,0,0.014036106603784598,0
Male,0,No,Yes,69,Yes,No,No,No internet service,No internet service,No internet service,No internet service,No internet service,No internet service,Two year,Yes,Mailed check,35.28,2460.99,No,Loyal_49-72m,0,0,0,0.014329871364221628,0
Male,0,Yes,Yes,61,Yes,No,Fiber optic,Yes,Yes,Yes,Yes,No,No,One year,No,Bank transfer (automatic),104.73,6373.63,No,Loyal_49-72m,4,1,0,0.01642918883135178,0
Female,0,No,No,67,Yes,Yes,DSL,No,No,No,No,Yes,No,Two year,Yes,Credit card (automatic),80.79,5407.01,No,Loyal_49-72m,1,0,0,0.014938951666139672,0
Female,0,No,No,36,Yes,No,No,No internet service,No internet service,No internet service,No internet service,No internet service,No internet service,Month-to-month,Yes,Electronic check,33.78,1227.78,No,Established_25-48m,0,0,0,0.027490681814482658,0
Male,1,Yes,No,40,Yes,Yes,DSL,No,Yes,No,No,No,Yes,Two year,Yes,Credit card (automatic),87.55,3460.59,No,Established_25-48m,2,0,0,0.025291845654742472,0
Male,0,No,No,8,Yes,No,DSL,No,Yes,No,No,No,No,Month-to-month,Yes,Electronic check,66.66,529.52,Yes,New_0-12m,1,0,0,0.1256503053607781,0
Male,0,No,No,3,No,No phone service,Fiber optic,No,Yes,No,Yes,No,No,Month-to-month,Yes,Electronic check,79.25,252.19,No,New_0-12m,2,0,0,0.3130060428926893,0
Male,0,No,No,50,Yes,Yes,No,No internet service,No internet service,No internet service,No internet service,No internet service,No internet service,One year,Yes,Electronic check,45.76,2282.77,No,Loyal_49-72m,0,0,0,0.020037044010561483,0
Female,0,No,No,52,Yes,No,Fiber optic,No,Yes,No,No,No,No,One year,Yes,Bank transfer (automatic),89.24,4651.46,Yes,Loyal_49-72m,1,0,0,0.019181250349277586,0
Male,1,Yes,Yes,42,Yes,No,Fiber optic,No,No,Yes,Yes,No,Yes,Two year,Yes,Electronic check,109.89,4585.37,No,Established_25-48m,3,0,0,0.02396012532787368,0
Female,0,Yes,Yes,4,Yes,Yes,No,No internet service,No internet service,No internet service,No internet service,No internet service,No internet service,Month-to-month,Yes,Electronic check,45.14,184.82,Yes,New_0-12m,0,0,0,0.2429232590679152,0
Female,0,No,No,28,Yes,No,No,No internet service,No internet service,No internet service,No internet service,No internet service,No internet service,Month-to-month,Yes,Credit card (automatic),36.38,1011.73,No,Established_25-48m,0,0,0,0.035922703978355536,0
Male,0,Yes,Yes,28,No,No phone service,DSL,No,Yes,Yes,No,Yes,No,Month-to-month,Yes,Electronic check,69.99,1956.34,Yes,Established_25-48m,3,0,0,0.035757711996893746,0
Female,0,Yes,Yes,12,Yes,No,No,No internet service,No internet service,No internet service,No internet service,No internet service,No internet service,One year,Yes,Mailed check,36.62,425.22,No,New_0-12m,0,0,0,0.08591807048003378,0
Female,1,No,No,71,Yes,Yes,Fiber optic,No,Yes,No,No,No,Yes,One year,No,Bank transfer (automatic),109.56,7802.75,No,Loyal_49-72m,2,0,0,0.014039404132628544,0
Female,0,No,No,59,Yes,No,DSL,No,No,No,No,Yes,No,Month-to-month,No,Electronic check,71.21,4202.42,No,Loyal_49-72m,1,0,0,0.01694096711725214,0
Female,0,Yes,Yes,3,Yes,No,DSL,Yes,Yes,No,No,Yes,Yes,Month-to-month,No,Mailed check,98.97,299.1,Yes,New_0-12m,4,0,1,0.3297900699766744,0
Male,0,No,No,59,Yes,No,Fiber optic,Yes,Yes,Yes,Yes,Yes,No,Two year,Yes,Bank transfer (automatic),120.3,7128.62,No,Loyal_49-72m,5,1,0,0.016873269543117304,0
Male,1,No,No,26,Yes,Yes,DSL,No,No,No,No,No,No,Two year,No,Bank transfer (automatic),71.45,1843.83,No,Established_25-48m,0,0,0,0.038729855867478305,0
Female,0,No,No,53,Yes,Yes,DSL,No,No,No,Yes,No,Yes,Month-to-month,Yes,Credit card (automatic),91.03,4826.69,No,Loyal_49-72m,2,0,0,0.018855808885823243,0
Male,0,Yes,Yes,40,Yes,Yes,Fiber optic,Yes,Yes,No,Yes,No,Yes,Month-to-month,Yes,Mailed check,122.6,4893.78,Yes,Established_25-48m,4,1,0,0.02504709098263865,0
Male,0,Yes,No,48,No,No phone service,No,No internet service,No internet service,No internet service,No internet service,No internet service,No internet service,Month-to-month,Yes,Credit card (automatic),20.31,963.94,No,Established_25-48m,0,0,0,0.02104794080460961,0
Male,0,Yes,Yes,52,Yes,No,DSL,No,Yes,Yes,No,Yes,No,Two year,Yes,Bank transfer (automatic),85.18,4433.98,No,Loyal_49-72m,3,0,0,0.019206400028861464,0
Male,0,Yes,No,5,Yes,No,Fiber optic,No,No,No,No,No,No,Month-to-month,Yes,Mailed check,80.38,397.67,Yes,New_0-12m,0,0,0,0.20162038778939972,1
Male,0,Yes,Yes,36,No,No phone service,Fiber optic,Yes,Yes,No,No,Yes,Yes,Month-to-month,Yes,Electronic check,101.57,3686.19,Yes,Established_25-48m,4,0,1,0.02754672257193147,1
Female,0,Yes,No,53,Yes,No,Fiber optic,No,No,Yes,No,No,Yes,Month-to-month,No,Bank transfer (automatic),98.04,5222.85,Yes,Loyal_49-72m,2,0,0,0.018767767068349973,1
Male,0,Yes,Yes,40,Yes,Yes,No,No internet service,No internet service,No internet service,No internet service,No internet service,No internet service,Two year,Yes,Bank transfer (automatic),44.8,1789.56,No,Established_25-48m,0,0,0,0.02502010544187293,0
Male,0,No,No,60,Yes,Yes,Fiber optic,No,Yes,No,No,No,Yes,Two year,Yes,Bank transfer (automatic),110.87,6629.08,No,Loyal_49-72m,2,0,0,0.016722271827790916,0
Male,0,Yes,Yes,49,Yes,Yes,Fiber optic,Yes,No,Yes,No,No,Yes,Two year,No,Bank transfer (automatic),114.32,5597.31,Yes,Loyal_49-72m,3,0,0,0.020420448313866146,0
Male,0,No,Yes,52,Yes,Yes,No,No internet service,No internet service,No internet service,No internet service,No internet service,No internet service,Two year,Yes,Mailed check,44.57,2333.35,No,Loyal_49-72m,0,0,0,0.019093109430890827,0
Female,0,No,Yes,67,Yes,No,DSL,No,No,No,No,No,Yes,Two year,No,Bank transfer (automatic),72.44,4840.18,No,Loyal_49-72m,1,0,0,0.01496329407293263,0
Female,0,Yes,Yes,2,Yes,No,DSL,Yes,Yes,Yes,Yes,Yes,No,Month-to-month,Yes,Bank transfer (automatic),96.38,216.83,No,New_0-12m,5,1,0,0.4424551255566267,0
Female,0,No,Yes,64,Yes,Yes,Fiber optic,Yes,No,No,No,Yes,Yes,Month-to-month,Yes,Mailed check,121.6,7791.12,Yes,Loyal_49-72m,3,0,1,0.01560550915540315,1
Female,0,No,No,39,Yes,No,Fiber optic,Yes,No,No,No,Yes,Yes,One year,No,Electronic check,110.21,4280.63,No,Established_25-48m,3,0,1,0.02574019707447864,0
Male,0,Yes,No,1,Yes,No,DSL,Yes,No,No,No,No,No,Month-to-month,No,Credit card (automatic),65.7,65.7,Yes,New_0-12m,1,0,0,0.9850074962518741,0
Female,0,No,No,71,Yes,Yes,DSL,No,Yes,Yes,Yes,No,No,One year,No,Credit card (automatic),89.54,6349.56,No,Loyal_49-72m,3,0,0,0.014099543977224056,0
Male,0,Yes,No,1,Yes,No,Fiber optic,No,No,Yes,No,No,No,Month-to-month,Yes,Mailed check,83.82,83.82,Yes,New_0-12m,1,0,0,0.9882103277528884,1
Male,0,No,No,35,Yes,No,No,No internet service,No internet service,No internet service,No internet service,No internet service,No internet service,Month-to-month,No,Credit card (automatic),37.93,1310.37,Yes,Established_25-48m,0,0,0,0.02892394976246216,0
Male,0,Yes,No,43,Yes,No,DSL,Yes,Yes,Yes,No,No,Yes,Two year,Yes,Electronic check,90.49,3882.44,No,Established_25-48m,4,0,0,0.023301505881383515,0
Male,0,No,Yes,67,Yes,Yes,Fiber optic,No,No,No,No,No,Yes,Two year,No,Electronic check,104.91,7023.26,Yes,Loyal_49-72m,1,0,0,0.014935381093524441,0
Male,0,Yes,Yes,31,Yes,No,DSL,No,Yes,Yes,No,No,Yes,One year,No,Bank transfer (automatic),83.81,2617.6,Yes,Established_25-48m,3,0,0,0.03200565187504774,0
Female,0,No,No,9,Yes,Yes,Fiber optic,Yes,No,Yes,Yes,Yes,Yes,Month-to-month,No,Credit card (automatic),134.88,1220.5,No,New_0-12m,5,1,1,0.11042161277118297,0
Female,0,Yes,No,32,Yes,No,Fiber optic,No,No,No,No,Yes,Yes,Month-to-month,Yes,Bank transfer (automatic),105.3,3377.07,Yes,Established_25-48m,2,0,1,0.031171645347787345,1
Female,0,No,No,14,Yes,Yes,No,No internet service,No internet service,No internet service,No internet service,No internet service,No internet service,Month-to-month,Yes,Electronic check,45.94,648.4,Yes,Developing_13-24m,0,0,0,0.07074222359100708,0
Female,0,No,No,7,Yes,No,DSL,Yes,No,No,No,No,No,Month-to-month,Yes,Electronic check,65.52,446.7,Yes,New_0-12m,1,0,0,0.14634800089345543,0
Male,1,Yes,Yes,72,Yes,Yes,Fiber optic,Yes,Yes,Yes,No,Yes,Yes,One year,No,Bank transfer (automatic),129.54,9344.09,No,Loyal_49-72m,5,0,1,0.013861824765732592,0
Female,1,No,No,60,Yes,No,DSL,No,Yes,No,Yes,Yes,No,Two year,No,Credit card (automatic),89.59,5368.88,No,Loyal_49-72m,3,0,0,0.016683799265532935,0
Male,0,Yes,Yes,18,Yes,Yes,Fiber optic,Yes,No,Yes,Yes,Yes,Yes,Month-to-month,Yes,Electronic check,133.1,2390.76,Yes,Developing_13-24m,5,1,1,0.05564939626049436,0
Female,0,No,No,66,No,No phone service,No,No internet service,No internet service,No internet service,No internet service,No internet service,No internet service,One year,Yes,Mailed check,24.01,1590.35,No,Loyal_49-72m,0,0,0,0.01508781851886763,0
Male,0,No,No,71,Yes,Yes,No,No internet service,No internet service,No internet service,No internet service,No internet service,No internet service,Month-to-month,No,Credit card (automatic),44.29,3182.09,No,Loyal_49-72m,0,0,0,0.013914152600146397,0
Male,0,No,No,11,No,No phone service,Fiber optic,No,No,Yes,No,Yes,No,Month-to-month,No,Mailed check,85.27,929.49,Yes,New_0-12m,2,0,0,0.09163988866081312,1
Female,0,No,No,15,Yes,Yes,No,No internet service,No internet service,No internet service,No internet service,No internet service,No internet service,Month-to-month,Yes,Electronic check,46.08,666.76,Yes,Developing_13-24m,0,0,0,0.06900682880076674,0
Male,0,Yes,No,37,Yes,No,DSL,Yes,Yes,Yes,Yes,No,No,One year,No,Credit card (automatic),87.15,3228.89,No,Established_25-48m,4,1,0,0.026982343051930563,0
Male,0,Yes,Yes,60,Yes,No,DSL,No,No,No,Yes,Yes,Yes,One year,Yes,Mailed check,91.26,5485.86,No,Loyal_49-72m,3,0,1,0.016632463740645836,0
Female,0,Yes,Yes,27,Yes,Yes,No,No internet service,No internet service,No internet service,No internet service,No internet service,No internet service,Month-to-month,No,Electronic check,44.59,1197.41,No,Established_25-48m,0,0,0,0.037207633447651475,0
Male,0,No,No,52,Yes,Yes,DSL,Yes,No,No,No,Yes,No,One year,Yes,Electronic check,87.61,4546.81,Yes,Loyal_49-72m,2,0,0,0.019264217282604152,0
Female,0,Yes,No,64,Yes,No,DSL,Yes,No,No,No,Yes,Yes,One year,Yes,Mailed check,90.41,5767.17,No,Loyal_49-72m,3,0,1,0.01567394858334619,0
Female,0,No,No,49,Yes,Yes,Fiber optic,Yes,Yes,No,Yes,No,No,One year,Yes,Bank transfer (automatic),109.87,5388.69,No,Loyal_49-72m,3,1,0,0.020385216960530198,0
Female,0,No,No,2,Yes,Yes,Fiber optic,No,No,No,No,Yes,Yes,Month-to-month,No,Bank transfer (automatic),113.39,255.94,Yes,New_0-12m,2,0,1,0.44130925507900676,1
Male,0,Yes,Yes,26,Yes,No,DSL,No,Yes,Yes,Yes,Yes,No,Month-to-month,Yes,Mailed check,90.78,2385.97,No,Established_25-48m,4,0,0,0.03803147923937042,0
Male,0,No,No,54,Yes,No,No,No internet service,No internet service,No internet service,No internet service,No internet service,No internet service,Two year,Yes,Bank transfer (automatic),33.92,1836.19,No,Loyal_49-72m,0,0,0,0.018462978788258155,0
Male,0,Yes,No,29,Yes,No,Fiber optic,No,No,Yes,Yes,No,Yes,Month-to-month,No,Mailed check,106.8,3090.96,No,Established_25-48m,3,0,0,0.03454119716943298,0
Female,1,Yes,Yes,15,No,No phone service,Fiber optic,No,Yes,No,Yes,No,No,Two year,No,Bank transfer (automatic),77.95,1174.98,Yes,Developing_13-24m,2,0,0,0.06628514090375687,0
Male,0,No,No,54,Yes,No,DSL,Yes,No,Yes,No,Yes,Yes,One year,Yes,Electronic check,94.35,5090.03,No,Loyal_49-72m,4,0,1,0.01853259556514104,0
Female,1,Yes,Yes,30,Yes,No,Fiber optic,No,Yes,No,Yes,No,No,Month-to-month,Yes,Electronic check,94.21,2816.69,Yes,Established_25-48m,2,0,0,0.033435189818610274,0
Female,1,Yes,Yes,2,Yes,Yes,Fiber optic,Yes,No,Yes,No,Yes,No,Month-to-month,Yes,Credit card (automatic),110.73,223.9,Yes,New_0-12m,3,0,0,0.4923521565140062,1
Male,0,No,No,3,Yes,No,No,No internet service,No internet service,No internet service,No internet service,No internet service,No internet service,Month-to-month,Yes,Electronic check,34.99,124.14,Yes,New_0-12m,0,0,0,0.27960684033882055,0
Female,0,Yes,No,28,Yes,No,No,No internet service,No internet service,No internet service,No internet service,No internet service,No internet service,One year,Yes,Electronic check,35.12,980.52,No,Established_25-48m,0,0,0,0.035781237264650746,0
Male,0,No,No,42,Yes,No,Fiber optic,No,No,No,Yes,Yes,Yes,One year,Yes,Electronic check,112.84,4736.26,Yes,Established_25-48m,3,0,1,0.023819676352997303,0
Male,1,No,No,7,Yes,Yes,No,No internet service,No internet service,No internet service,No internet service,No internet service,No internet service,Month-to-month,No,Mailed check,45.51,314.6,Yes,New_0-12m,0,0,0,0.1442015209125475,0
Male,0,Yes,Yes,25,Yes,No,DSL,No,No,Yes,Yes,Yes,No,One year,Yes,Electronic check,84.08,2113.89,No,Established_25-48m,3,0,0,0.039756204814434794,0
Male,0,Yes,No,34,Yes,Yes,DSL,Yes,No,Yes,Yes,Yes,No,Month-to-month,Yes,Mailed check,101.72,3471.26,Yes,Established_25-48m,4,1,0,0.02929504126995098,0
Male,0,No,No,41,Yes,No,Fiber optic,No,Yes,No,No,Yes,No,One year,No,Credit card (automatic),98.98,4042.03,No,Established_25-48m,2,0,0,0.02448163877092181,0
Female,0,Yes,No,64,Yes,No,DSL,No,No,Yes,Yes,Yes,No,Two year,No,Bank transfer (automatic),86.63,5541.67,No,Loyal_49-72m,3,0,0,0.015629651413488443,0
Female,0,Yes,Yes,69,Yes,Yes,DSL,Yes,No,Yes,Yes,Yes,No,One year,Yes,Electronic check,100.83,6973.86,No,Loyal_49-72m,4,1,0,0.014456204138864436,0
Female,0,No,No,66,Yes,No,No,No internet service,No internet service,No internet service,No internet service,No internet service,No internet service,Month-to-month,Yes,Electronic check,35.62,2345.9,No,Loyal_49-72m,0,0,0,0.015177468149473771,0
Male,0,Yes,No,5,Yes,Yes,No,No internet service,No internet service,No internet service,No internet service,No internet service,No internet service,Month-to-month,No,Electronic check,46.37,252.74,Yes,New_0-12m,0,0,0,0.18274611807361865,0
Male,1,No,No,37,Yes,Yes,DSL,No,Yes,Yes,No,No,Yes,Month-to-month,No,Electronic check,92.54,3434.28,Yes,Established_25-48m,3,0,0,0.02693812440325097,0
Male,0,Yes,Yes,51,Yes,No,Fiber optic,No,Yes,Yes,No,Yes,No,One year,No,Electronic check,101.06,5180.41,No,Loyal_49-72m,3,0,0,0.01950434341231441,0
Female,1,Yes,Yes,50,Yes,Yes,No,No internet service,No internet service,No internet service,No internet service,No internet service,No internet service,One year,Yes,Credit card (automatic),47.66,2378.33,No,Loyal_49-72m,0,0,0,0.020030849020522584,0
Male,0,Yes,Yes,55,Yes,Yes,No,No internet service,No internet service,No internet service,No internet service,No internet service,No internet service,One year,Yes,Electronic check,45.47,2511.38,Yes,Loyal_49-72m,0,0,0,0.018098376837898725,0
Female,0,No,No,7,Yes,Yes,Fiber optic,No,No,No,Yes,No,Yes,Month-to-month,No,Mailed check,109.31,776.16,No,New_0-12m,2,0,0,0.1406531473570436,0
Female,0,No,No,46,Yes,No,Fiber optic,No,Yes,Yes,Yes,No,No,Month-to-month,Yes,Mailed check,99.26,4582.12,Yes,Established_25-48m,3,0,0,0.021657735341863188,0
Male,0,No,No,68,Yes,No,Fiber optic,No,No,No,No,No,Yes,Month-to-month,No,Bank transfer (automatic),92.22,6276.26,Yes,Loyal_49-72m,1,0,0,0.014691123197063687,1
Male,0,Yes,Yes,34,Yes,No,Fiber optic,Yes,Yes,No,No,Yes,Yes,Month-to-month,Yes,Credit card (automatic),117.56,4013.74,No,Established_25-48m,4,0,1,0.029282095478162972,1
Female,0,Yes,No,67,Yes,Yes,Fiber optic,No,No,No,No,No,Yes,One year,No,Credit card (automatic),99.74,6673.12,Yes,Loyal_49-72m,1,0,0,0.014944292281229584,0
Male,0,Yes,Yes,68,Yes,No,Fiber optic,No,No,Yes,No,No,No,One year,Yes,Electronic check,85.4,5806.36,No,Loyal_49-72m,1,0,0,0.01470547718756888,0
Female,1,No,No,4,Yes,No,Fiber optic,Yes,No,No,No,Yes,Yes,Month-to-month,Yes,Electronic check,112.48,427.6,Yes,New_0-12m,3,0,1,0.26243583761082595,1
Male,1,No,Yes,17,Yes,No,No,No internet service,No internet service,No internet service,No internet service,No internet service,No internet service,Month-to-month,Yes,Electronic check,36.24,612.03,Yes,Developing_13-24m,0,0,0,0.05911619333474708,0
Male,0,No,No,45,Yes,Yes,DSL,Yes,Yes,No,Yes,No,No,One year,No,Mailed check,91.11,4087.18,No,Established_25-48m,3,1,0,0.02228620070544839,0
Female,0,Yes,No,29,Yes,No,DSL,Yes,Yes,No,Yes,Yes,No,Month-to-month,Yes,Credit card (automatic),92.61,2690.66,Yes,Established_25-48m,4,1,0,0.03440627716724995,0
Male,0,No,No,17,Yes,No,Fiber optic,No,No,Yes,Yes,Yes,Yes,Month-to-month,Yes,Electronic check,118.47,2028.78,Yes,Developing_13-24m,4,0,1,0.05836593128319325,0
Female,0,Yes,No,21,Yes,Yes,DSL,Yes,Yes,No,Yes,Yes,Yes,Month-to-month,Yes,Bank transfer (automatic),113.3,2387.77,Yes,Developing_13-24m,5,1,1,0.04743026745982242,0
Male,1,No,Yes,71,Yes,No,Fiber optic,Yes,No,No,No,Yes,No,Month-to-month,No,Electronic check,97.16,6910.06,Yes,Loyal_49-72m,2,0,0,0.014058624870859172,1
Female,0,Yes,Yes,21,No,No phone service,DSL,Yes,Yes,No,Yes,No,No,One year,Yes,Bank transfer (automatic),66.21,1391.84,Yes,Developing_13-24m,3,1,0,0.0475359696734729,0
Female,0,No,Yes,6,No,No phone service,Fiber optic,No,Yes,Yes,Yes,No,No,Month-to-month,Yes,Credit card (automatic),84.19,503.03,Yes,New_0-12m,3,0,0,0.16703370831101325,0
Male,1,Yes,No,23,No,No phone service,No,No internet service,No internet service,No internet service,No internet service,No internet service,No internet service,Month-to-month,Yes,Credit card (automatic),20.43,452.3,Yes,Developing_13-24m,0,0,0,0.045069490403706156,0
Female,0,Yes,No,34,Yes,No,Fiber optic,Yes,No,Yes,No,No,No,Month-to-month,No,Mailed check,92.23,3106.95,Yes,Established_25-48m,2,0,0,0.029675509580269956,1
Male,1,No,Yes,48,Yes,No,DSL,Yes,No,No,No,No,Yes,Month-to-month,No,Electronic check,81.29,3879.3,Yes,Established_25-48m,2,0,0,0.020949411128005566,0
Male,0,Yes,Yes,69,Yes,No,No,No internet service,No internet service,No internet service,No internet service,No internet service,No internet service,Month-to-month,Yes,Bank transfer (automatic),34.76,2388.49,Yes,Loyal_49-72m,0,0,0,0.01454703723388673,0
Male,0,Yes,Yes,63,Yes,No,DSL,No,No,No,No,No,No,Month-to-month,No,Electronic check,61.75,3903.94,Yes,Loyal_49-72m,0,0,0,0.015813303149344163,0
Female,0,No,No,8,Yes,No,Fiber optic,Yes,No,Yes,Yes,Yes,Yes,Month-to-month,No,Electronic check,125.06,982.05,Yes,New_0-12m,5,1,1,0.12721631656579016,0
Female,0,No,No,56,Yes,No,Fiber optic,Yes,Yes,No,Yes,No,No,Month-to-month,No,Credit card (automatic),99.82,5577.59,Yes,Loyal_49-72m,3,1,0,0.017893410342039832,0
Male,0,No,No,51,Yes,Yes,No,No internet service,No internet service,No internet service,No internet service,No internet service,No internet service,Two year,No,Mailed check,43.13,2192.57,No,Loyal_49-72m,0,0,0,0.01966201215370378,0
Male,0,Yes,No,41,No,No phone service,DSL,Yes,Yes,Yes,Yes,No,No,Two year,No,Bank transfer (automatic),70.92,2927.04,No,Established_25-48m,4,1,0,0.02422098058769689,0
Female,0,No,No,24,Yes,No,Fiber optic,Yes,Yes,No,No,No,Yes,One year,No,Credit card (automatic),105.35,2527.83,Yes,Developing_13-24m,3,0,0,0.04165958170379187,0
Male,0,No,Yes,48,Yes,Yes,Fiber optic,No,No,No,No,No,Yes,Two year,Yes,Electronic check,100.16,4809.7,No,Established_25-48m,1,0,0,0.020820254848566738,0
Male,0,Yes,Yes,53,Yes,No,DSL,Yes,No,Yes,No,Yes,No,One year,No,Mailed check,85.25,4524.41,No,Loyal_49-72m,3,0,0,0.018838072130480995,0
Female,0,No,Yes,9,Yes,No,No,No internet service,No internet service,No internet service,No internet service,No internet service,No internet service,Month-to-month,Yes,Mailed check,37.01,354.01,Yes,New_0-12m,0,0,0,0.10425058449057772,0
Male,0,Yes,No,70,No,No phone service,Fiber optic,Yes,No,No,No,Yes,Yes,Month-to-month,No,Credit card (automatic),95.14,6661.06,Yes,Loyal_49-72m,3,0,1,0.01428086807984317,1
Female,0,Yes,No,6,Yes,Yes,Fiber optic,Yes,No,Yes,No,No,Yes,Two year,Yes,Electronic check,115.37,665.74,Yes,New_0-12m,3,0,0,0.1730359660437352,0
Male,0,Yes,Yes,72,Yes,No,DSL,Yes,Yes,Yes,Yes,Yes,No,Two year,Yes,Mailed check,98.21,7073.02,No,Loyal_49-72m,5,1,0,0.013883195128088412,0
Female,0,Yes,Yes,43,No,No phone service,Fiber optic,Yes,No,No,No,Yes,No,One year,No,Mailed check,83.86,3627.59,Yes,Established_25-48m,2,0,0,0.023110905337886064,0
Male,0,No,No,24,Yes,No,No,No internet service,No internet service,No internet service,No internet service,No internet service,No internet service,One year,Yes,Electronic check,37.24,903.38,No,Developing_13-24m,0,0,0,0.04117738118932308,0
Male,0,No,No,3,Yes,Yes,Fiber optic,No,Yes,No,Yes,No,No,Month-to-month,No,Mailed check,101.67,308.24,Yes,New_0-12m,2,0,0,0.32877376794722546,0
Female,0,No,No,1,Yes,Yes,Fiber optic,No,No,No,No,No,Yes,Month-to-month,No,Mailed check,100.85,106.16,Yes,New_0-12m,1,0,0,0.9411160880925719,1
Male,0,No,No,43,Yes,Yes,No,No internet service,No internet service,No internet service,No internet service,No internet service,No internet service,Two year,Yes,Electronic check,46.88,1988.28,No,Established_25-48m,0,0,0,0.023566315450816378,0
Female,1,Yes,No,57,Yes,Yes,No,No internet service,No internet service,No internet service,No internet service,No internet service,No internet service,One year,Yes,Credit card (automatic),47.15,2657.9,No,Loyal_49-72m,0,0,0,0.0177328970626951,0
Male,0,No,No,31,Yes,No,Fiber optic,No,No,No,No,No,No,One year,No,Mailed check,77.89,2428.0,Yes,Established_25-48m,0,0,0,0.03206669411280362,0
Female,0,No,No,9,No,No phone service,Fiber optic,No,Yes,Yes,No,No,Yes,Month-to-month,No,Electronic check,91.34,841.35,Yes,New_0-12m,3,0,0,0.108434736154805,1
Female,0,Yes,Yes,1,Yes,Yes,No,No internet service,No internet service,No internet service,No internet service,No internet service,No internet service,Month-to-month,Yes,Electronic check,41.14,41.14,Yes,New_0-12m,0,0,0,0.9762695775984812,0
Female,0,No,No,62,Yes,Yes,DSL,Yes,Yes,No,Yes,Yes,Yes,Two year,No,Electronic check,114.94,7129.18,No,Loyal_49-72m,5,1,1,0.016120210148972396,0
Female,1,No,No,37,Yes,No,Fiber optic,Yes,Yes,No,Yes,Yes,Yes,Two year,No,Credit card (automatic),124.33,4609.52,No,Established_25-48m,5,1,1,0.02696658945194902,0
Male,0,No,No,56,Yes,Yes,No,No internet service,No internet service,No internet service,No internet service,No internet service,No internet service,Month-to-month,Yes,Credit card (automatic),43.9,2483.3,Yes,Loyal_49-72m,0,0,0,0.017670973714929757,0
Male,0,No,No,26,No,No phone service,No,No internet service,No internet service,No internet service,No internet service,No internet service,No internet service,Month-to-month,No,Credit card (automatic),18.99,492.54,No,Established_25-48m,0,0,0,0.03847712444786643,0
Female,0,Yes,Yes,60,Yes,No,No,No internet service,No internet service,No internet service,No internet service,No internet service,No internet service,One year,No,Mailed check,34.05,2054.07,No,Loyal_49-72m,0,0,0,0.016568778679071756,0
Female,0,Yes,No,58,Yes,Yes,DSL,Yes,No,No,No,Yes,No,Two year,Yes,Credit card (automatic),87.69,5115.92,No,Loyal_49-72m,2,0,0,0.017137262259327875,0
Female,0,Yes,No,71,Yes,No,No,No internet service,No internet service,No internet service,No internet service,No internet service,No internet service,One year,No,Credit card (automatic),37.98,2692.37,No,Loyal_49-72m,0,0,0,0.014101293175464194,0
Male,0,No,No,42,Yes,No,Fiber optic,No,No,No,No,Yes,No,Two year,Yes,Electronic check,93.23,3916.63,Yes,Established_25-48m,1,0,0,0.023797551070417575,0
Male,0,No,No,6,Yes,No,DSL,Yes,Yes,No,No,Yes,No,Month-to-month,No,Bank transfer (automatic),86.15,500.32,No,New_0-12m,3,0,0,0.17184632570015163,0
Male,0,No,Yes,30,Yes,No,Fiber optic,No,Yes,Yes,No,Yes,No,Month-to-month,Yes,Credit card (automatic),103.52,3089.77,Yes,Established_25-48m,3,0,0,0.033493271903117995,1
Male,0,Yes,No,26,Yes,No,No,No internet service,No internet service,No internet service,No internet service,No internet service,No internet service,Month-to-month,Yes,Electronic check,35.35,932.23,No,Established_25-48m,0,0,0,0.037879193767881444,0
Female,0,Yes,No,40,Yes,No,DSL,No,No,No,No,Yes,No,Month-to-month,Yes,Bank transfer (automatic),70.39,2833.51,No,Established_25-48m,1,0,0,0.024833216323103462,0
Female,0,No,No,47,Yes,Yes,No,No internet service,No internet service,No internet service,No internet service,No internet service,No internet service,One year,Yes,Bank transfer (automatic),44.58,2112.71,No,Established_25-48m,0,0,0,0.021090878124245992,0
Female,0,No,No,3,Yes,Yes,No,No internet service,No internet service,No internet service,No internet service,No internet service,No internet service,One year,No,Mailed check,44.17,117.01,No,New_0-12m,0,0,0,0.37429031438013727,0
Male,1,Yes,No,38,Yes,No,DSL,Yes,Yes,No,No,No,Yes,One year,Yes,Mailed check,84.73,3216.65,Yes,Established_25-48m,3,0,0,0.026332882693891505,0
Male,0,No,No,56,No,No phone service,No,No internet service,No internet service,No internet service,No internet service,No internet service,No internet service,One year,Yes,Mailed check,18.94,1067.82,No,Loyal_49-72m,0,0,0,0.017720476787485267,0
Male,1,No,Yes,71,Yes,Yes,No,No internet service,No internet service,No internet service,No internet service,No internet service,No internet service,Two year,No,Mailed check,43.74,3071.4,No,Loyal_49-72m,0,0,0,0.01423642754849629,0
Female,0,No,No,44,Yes,No,DSL,Yes,No,No,Yes,Yes,Yes,Month-to-month,Yes,Electronic check,98.59,4344.81,Yes,Established_25-48m,4,1,1,0.02268621960002853,0
Female,0,No,No,71,Yes,Yes,DSL,Yes,Yes,No,Yes,No,Yes,Month-to-month,No,Credit card (automatic),101.92,7264.53,Yes,Loyal_49-72m,4,1,0,0.014027882343063755,0
Male,0,Yes,No,18,Yes,No,Fiber optic,Yes,No,No,No,No,Yes,Month-to-month,Yes,Bank transfer (automatic),96.95,1762.15,No,Developing_13-24m,2,0,0,0.05498681337379122,1
Female,0,No,No,28,Yes,Yes,Fiber optic,Yes,No,No,No,No,Yes,Two year,Yes,Credit card (automatic),106.73,2952.29,No,Established_25-48m,2,0,0,0.03613935644653928,0
Male,0,No,No,27,Yes,Yes,Fiber optic,No,Yes,Yes,Yes,No,Yes,Two year,No,Electronic check,120.95,3271.61,Yes,Established_25-48m,4,0,0,0.03695826878240915,0
Male,0,Yes,No,17,Yes,No,Fiber optic,Yes,Yes,No,No,Yes,No,One year,No,Electronic check,105.22,1791.98,Yes,Developing_13-24m,3,0,0,0.05868442481232362,0
Female,0,Yes,Yes,58,Yes,No,No,No internet service,No internet service,No internet service,No internet service,No internet service,No internet service,One year,Yes,Electronic check,35.63,2070.61,No,Loyal_49-72m,0,0,0,0.017199183243950356,0
Male,1,No,No,13,Yes,Yes,No,No internet service,No internet service,No internet service,No internet service,No internet service,No internet service,One year,No,Mailed check,43.87,571.92,No,Developing_13-24m,0,0,0,0.0765726453955177,0
Female,0,Yes,No,16,Yes,Yes,DSL,No,Yes,Yes,No,No,No,Month-to-month,Yes,Electronic check,80.93,1289.98,Yes,Developing_13-24m,2,0,0,0.06268881005127888,0
Male,0,Yes,No,19,Yes,No,Fiber optic,No,Yes,No,Yes,No,Yes,One year,No,Mailed check,104.28,1946.44,Yes,Developing_13-24m,3,0,0,0.0535472209670131,0
Female,0,No,No,18,Yes,No,Fiber optic,No,No,Yes,No,No,No,Month-to-month,No,Bank transfer (automatic),85.41,1542.04,Yes,Developing_13-24m,1,0,0,0.0553517731231854,1
Female,0,Yes,Yes,29,Yes,Yes,Fiber optic,No,Yes,Yes,No,Yes,No,Month-to-month,Yes,Electronic check,114.18,3320.63,Yes,Established_25-48m,3,0,0,0.03437468953495724,1
Female,0,No,No,37,Yes,Yes,Fiber optic,No,No,Yes,No,Yes,No,Month-to-month,No,Bank transfer (automatic),106.68,3938.83,Yes,Established_25-48m,2,0,0,0.027077310442328733,1
Male,0,Yes,No,21,Yes,No,DSL,Yes,Yes,No,Yes,No,No,One year,No,Credit card (automatic),83.28,1767.76,Yes,Developing_13-24m,3,1,0,0.04708383274158168,0
Male,1,No,No,4,Yes,Yes,DSL,No,No,No,No,No,No,Month-to-month,Yes,Electronic check,70.94,259.16,Yes,New_0-12m,0,0,0,0.2726783517835178,0
Female,0,Yes,Yes,49,Yes,No,DSL,Yes,Yes,No,Yes,Yes,No,Month-to-month,Yes,Bank transfer (automatic),91.95,4479.67,Yes,Loyal_49-72m,4,1,0,0.020521484510129067,0
Female,0,Yes,No,20,Yes,Yes,No,No internet service,No internet service,No internet service,No internet service,No internet service,No internet service,One year,No,Mailed check,45.13,903.87,No,Developing_13-24m,0,0,0,0.04987456761744781,0
Male,0,Yes,Yes,70,Yes,Yes,DSL,No,Yes,Yes,Yes,Yes,Yes,Two year,No,Bank transfer (automatic),111.91,7823.47,No,Loyal_49-72m,5,0,1,0.014302566180201343,0
Male,1,No,No,59,Yes,No,DSL,No,Yes,Yes,No,Yes,Yes,Two year,Yes,Bank transfer (automatic),94.2,5572.38,No,Loyal_49-72m,4,0,1,0.01690177235358077,0
Male,0,No,No,11,Yes,No,Fiber optic,No,No,Yes,Yes,Yes,No,Month-to-month,Yes,Electronic check,107.98,1181.37,Yes,New_0-12m,3,0,0,0.09132505053409679,0
Female,0,Yes,Yes,29,Yes,Yes,DSL,No,No,Yes,Yes,Yes,Yes,Month-to-month,No,Bank transfer (automatic),110.45,3223.42,Yes,Established_25-48m,4,0,1,0.034254222464815375,0
Male,0,No,No,24,No,No phone service,DSL,No,No,Yes,Yes,No,No,Two year,Yes,Electronic check,55.68,1325.49,Yes,Developing_13-24m,2,0,0,0.041975438940361404,0
Male,0,No,No,21,Yes,Yes,Fiber optic,No,Yes,No,No,Yes,No,Month-to-month,Yes,Credit card (automatic),108.71,2285.07,No,Developing_13-24m,2,0,0,0.0475532245294326,1
Female,0,No,No,22,Yes,Yes,Fiber optic,Yes,No,No,No,No,No,Month-to-month,Yes,Electronic check,98.07,2127.77,Yes,Developing_13-24m,1,0,0,0.046068856663707206,1
Male,0,Yes,Yes,48,Yes,Yes,DSL,No,No,No,No,No,Yes,Two year,Yes,Electronic check,81.49,3910.72,No,Established_25-48m,1,0,0,0.020832268158252634,0
Male,0,No,No,48,Yes,No,Fiber optic,Yes,No,Yes,No,No,No,One year,Yes,Electronic check,94.28,4526.53,Yes,Established_25-48m,2,0,0,0.020823716242631192,0
Male,0,Yes,Yes,2,Yes,Yes,Fiber optic,Yes,Yes,No,No,Yes,Yes,One year,Yes,Credit card (automatic),127.15,272.44,No,New_0-12m,4,0,1,0.4650014628437683,0
Female,0,Yes,No,28,Yes,Yes,Fiber optic,Yes,No,Yes,Yes,Yes,No,Month-to-month,Yes,Bank transfer (automatic),122.68,3412.37,No,Established_25-48m,4,1,0,0.03594102016482245,0
Female,0,No,No,7,No,No phone service,Fiber optic,No,Yes,Yes,No,No,No,Month-to-month,No,Credit card (automatic),76.63,532.17,Yes,New_0-12m,2,0,0,0.14372526586267045,1
Female,0,No,No,32,Yes,Yes,DSL,No,No,No,No,No,Yes,Two year,Yes,Bank transfer (automatic),82.14,2650.27,No,Established_25-48m,1,0,0,0.030981378735473943,0
Female,0,Yes,No,61,Yes,Yes,Fiber optic,No,Yes,No,No,Yes,Yes,One year,Yes,Electronic check,119.33,7302.91,Yes,Loyal_49-72m,3,0,1,0.01633782453507779,0
Female,0,Yes,No,22,Yes,Yes,No,No internet service,No internet service,No internet service,No internet service,No internet service,No internet service,One year,No,Credit card (automatic),45.44,987.16,No,Developing_13-24m,0,0,0,0.04598445595854922,0
Female,0,No,No,41,Yes,No,No,No internet service,No internet service,No internet service,No internet service,No internet service,No internet service,One year,Yes,Electronic check,35.38,1440.29,No,Established_25-48m,0,0,0,0.02454745401688765,0
Female,0,No,No,63,Yes,Yes,No,No internet service,No internet service,No internet service,No internet service,No internet service,No internet service,Two year,Yes,Electronic check,44.35,2768.55,No,Loyal_49-72m,0,0,0,0.016013431784947012,0
Male,1,Yes,Yes,65,Yes,No,Fiber optic,Yes,No,No,No,Yes,No,One year,No,Electronic check,95.08,6148.35,Yes,Loyal_49-72m,2,0,0,0.01546179677526893,0
Male,1,No,No,58,Yes,No,Fiber optic,Yes,Yes,Yes,Yes,Yes,Yes,Month-to-month,Yes,Electronic check,129.71,7517.35,No,Loyal_49-72m,6,1,1,0.0172524556584889,0
Female,0,Yes,No,22,Yes,No,Fiber optic,Yes,No,No,No,Yes,Yes,Month-to-month,Yes,Electronic check,108.47,2376.66,Yes,Developing_13-24m,3,0,1,0.045620484005282506,1
Male,0,Yes,Yes,9,Yes,Yes,No,No internet service,No internet service,No internet service,No internet service,No internet service,No internet service,One year,Yes,Electronic check,43.32,420.8,No,New_0-12m,0,0,0,0.1027027027027027,0
Male,0,No,No,14,Yes,No,No,No internet service,No internet service,No internet service,No internet service,No internet service,No internet service,Month-to-month,Yes,Mailed check,33.97,480.8,No,Developing_13-24m,0,0,0,0.07050643420506433,0
Female,0,Yes,Yes,35,Yes,No,DSL,No,Yes,No,No,No,No,Month-to-month,No,Bank transfer (automatic),67.24,2350.27,No,Established_25-48m,1,0,0,0.028597311240308426,0
Male,0,Yes,Yes,25,No,No phone service,DSL,No,Yes,No,No,No,Yes,One year,Yes,Electronic check,61.33,1543.09,Yes,Established_25-48m,2,0,0,0.0397191873530688,0
Male,0,No,No,7,Yes,No,Fiber optic,Yes,Yes,No,No,No,No,Month-to-month,Yes,Bank transfer (automatic),90.67,650.12,Yes,New_0-12m,2,0,0,0.1392523651554245,1
Male,0,No,No,3,Yes,No,DSL,Yes,No,Yes,Yes,No,Yes,Month-to-month,Yes,Electronic check,93.06,297.39,Yes,New_0-12m,4,1,0,0.3118737223097289,0
Male,0,Yes,Yes,38,Yes,Yes,No,No internet service,No internet service,No internet service,No internet service,No internet service,No internet service,Two year,No,Credit card (automatic),43.85,1670.19,No,Established_25-48m,0,0,0,0.026238787929559176,0
Male,0,No,No,34,Yes,No,DSL,No,Yes,Yes,No,Yes,No,Month-to-month,No,Electronic check,82.31,2798.19,Yes,Established_25-48m,3,0,0,0.0294049349990533,0
Female,0,No,No,58,No,No phone service,DSL,No,Yes,No,No,No,No,One year,Yes,Credit card (automatic),52.21,3030.55,No,Loyal_49-72m,1,0,0,0.017222213059326086,0
Female,0,Yes,Yes,30,Yes,No,No,No internet service,No internet service,No internet service,No internet service,No internet service,No internet service,Month-to-month,Yes,Mailed check,34.81,1043.42,No,Established_25-48m,0,0,0,0.03332950345646388,0
Female,0,No,No,67,Yes,No,DSL,Yes,Yes,No,No,No,No,One year,No,Bank transfer (automatic),72.1,4822.76,No,Loyal_49-72m,2,0,0,0.014946846443438312,0
Male,1,Yes,Yes,9,Yes,No,DSL,No,Yes,Yes,Yes,No,No,Month-to-month,Yes,Electronic check,79.66,732.59,Yes,New_0-12m,3,0,0,0.10858926648400331,0
Female,1,Yes,Yes,45,Yes,No,Fiber optic,No,No,Yes,No,No,No,One year,No,Electronic check,86.63,3895.46,Yes,Established_25-48m,1,0,0,0.022233001237020267,0
Male,0,No,No,29,Yes,Yes,Fiber optic,Yes,No,Yes,No,Yes,No,Month-to-month,No,Credit card (automatic),115.03,3320.65,Yes,Established_25-48m,3,0,0,0.034630379480077675,1
Male,0,No,No,29,Yes,Yes,DSL,Yes,Yes,No,No,No,Yes,One year,No,Mailed check,93.82,2721.09,No,Established_25-48m,3,0,0,0.03446616386673475,0
Male,0,Yes,No,61,Yes,No,Fiber optic,Yes,Yes,Yes,No,Yes,No,Two year,Yes,Mailed check,107.75,6583.5,No,Loyal_49-72m,4,0,0,0.016364188624800668,0
Male,0,Yes,Yes,2,No,No phone service,DSL,No,No,Yes,Yes,Yes,No,Month-to-month,Yes,Credit card (automatic),71.45,121.06,Yes,New_0-12m,3,0,0,0.5853678518761265,0
Female,0,No,No,45,Yes,No,Fiber optic,No,No,No,No,No,No,One year,Yes,Electronic check,79.49,3573.02,Yes,Established_25-48m,0,0,0,0.022241061885495884,0
Female,0,Yes,Yes,43,Yes,Yes,Fiber optic,Yes,No,Yes,Yes,Yes,No,One year,Yes,Electronic check,123.29,5289.44,Yes,Established_25-48m,4,1,0,0.02330429983139399,0
Male,0,Yes,No,43,Yes,No,No,No internet service,No internet service,No internet service,No internet service,No internet service,No internet service,Two year,No,Bank transfer (automatic),33.66,1480.12,No,Established_25-48m,0,0,0,0.022726045155017825,0
Female,0,Yes,No,25,Yes,Yes,Fiber optic,No,Yes,No,Yes,No,Yes,One year,No,Mailed check,115.53,2889.63,Yes,Established_25-48m,3,0,0,0.03996706600291286,0
Male,0,No,No,36,Yes,Yes,Fiber optic,No,No,Yes,No,Yes,No,Two year,No,Bank transfer (automatic),105.78,3831.36,No,Established_25-48m,2,0,0,0.02760179106347003,0
Female,0,Yes,No,46,Yes,Yes,Fiber optic,Yes,Yes,No,No,No,No,Month-to-month,Yes,Credit card (automatic),103.17,4749.48,Yes,Established_25-48m,2,0,0,0.021717805358616393,1
Female,0,Yes,Yes,4,Yes,Yes,DSL,Yes,No,No,No,No,No,Month-to-month,No,Electronic check,77.84,316.36,Yes,New_0-12m,1,0,0,0.24527350642803125,0
Male,0,No,Yes,51,Yes,No,DSL,No,No,Yes,No,Yes,No,Month-to-month,Yes,Bank transfer (automatic),77.27,3939.85,No,Loyal_49-72m,2,0,0,0.01960744509433244,0
Female,1,No,No,27,Yes,No,No,No internet service,No internet service,No internet service,No internet service,No internet service,No internet service,Month-to-month,Yes,Mailed check,34.71,933.82,Yes,Established_25-48m,0,0,0,0.037130142701268694,0
Male,0,No,No,4,Yes,Yes,DSL,No,Yes,No,No,No,Yes,Month-to-month,Yes,Bank transfer (automatic),86.79,346.05,Yes,New_0-12m,2,0,0,0.25007923930269416,0
Female,0,Yes,No,57,Yes,Yes,Fiber optic,No,Yes,No,No,Yes,No,Two year,Yes,Electronic check,106.93,6085.15,No,Loyal_49-72m,2,0,0,0.017569399373988485,0
Male,1,No,No,72,Yes,Yes,DSL,No,Yes,Yes,Yes,No,Yes,Two year,Yes,Mailed check,103.04,7418.71,No,Loyal_49-72m,4,0,0,0.013887335219301024,0
Male,1,Yes,No,29,Yes,Yes,No,No internet service,No internet service,No internet service,No internet service,No internet service,No internet service,Two year,Yes,Electronic check,44.24,1258.6,No,Established_25-48m,0,0,0,0.03512226103524929,0
Female,0,Yes,Yes,24,Yes,Yes,No,No internet service,No internet service,No internet service,No internet service,No internet service,No internet service,Month-to-month,No,Mailed check,45.71,1099.64,No,Developing_13-24m,0,0,0,0.041530382323012066,0
Female,0,No,No,70,Yes,No,Fiber optic,No,Yes,No,Yes,No,Yes,Two year,Yes,Electronic check,105.98,7400.53,No,Loyal_49-72m,3,0,0,0.014318661141682868,0
Male,0,Yes,Yes,38,Yes,No,Fiber optic,Yes,Yes,Yes,No,No,No,Two year,Yes,Credit card (automatic),99.13,3768.36,No,Established_25-48m,3,0,0,0.026298894241993335,0
Female,0,Yes,Yes,56,Yes,No,Fiber optic,Yes,Yes,No,No,No,Yes,Month-to-month,No,Mailed check,103.41,5795.77,No,Loyal_49-72m,3,0,0,0.01783924495883052,1
Female,0,Yes,Yes,33,Yes,No,No,No internet service,No internet service,No internet service,No internet service,No internet service,No internet service,One year,Yes,Mailed check,36.63,1230.05,No,Established_25-48m,0,0,0,0.029755087120750583,0
Male,0,Yes,No,22,Yes,Yes,DSL,Yes,No,Yes,Yes,No,Yes,One year,Yes,Credit card (automatic),104.81,2310.57,No,Developing_13-24m,4,1,0,0.045341477870019076,0
Male,0,Yes,Yes,44,Yes,Yes,Fiber optic,No,Yes,Yes,No,No,No,One year,No,Mailed check,99.45,4371.8,No,Established_25-48m,2,0,0,0.022742864983534578,0
Female,0,No,No,37,Yes,Yes,Fiber optic,No,Yes,No,Yes,No,No,Month-to-month,No,Bank transfer (automatic),103.86,3833.39,Yes,Established_25-48m,2,0,0,0.02708644660558785,0
Male,0,Yes,Yes,1,Yes,Yes,Fiber optic,Yes,No,No,Yes,Yes,No,Month-to-month,Yes,Electronic check,115.86,126.6,Yes,New_0-12m,3,1,0,0.9079937304075235,0
Male,0,Yes,No,30,Yes,No,DSL,No,Yes,Yes,No,Yes,No,Month-to-month,Yes,Bank transfer (automatic),82.93,2486.41,No,Established_25-48m,3,0,0,0.0333398997350658,0
Male,0,Yes,No,66,Yes,Yes,DSL,Yes,No,No,No,No,No,Month-to-month,Yes,Electronic check,76.61,5044.97,No,Loyal_49-72m,1,0,0,0.015182412895835686,0
Female,0,No,No,10,Yes,No,No,No internet service,No internet service,No internet service,No internet service,No internet service,No internet service,One year,Yes,Bank transfer (automatic),36.68,369.1,No,New_0-12m,0,0,0,0.09910834909483923,0
Female,0,No,No,62,No,No phone service,DSL,No,No,No,Yes,No,Yes,One year,No,Credit card (automatic),62.04,3818.63,No,Loyal_49-72m,2,0,0,0.016242410914146133,0
Male,0,Yes,Yes,36,Yes,Yes,Fiber optic,Yes,Yes,Yes,Yes,Yes,Yes,One year,Yes,Electronic check,136.93,4930.68,Yes,Established_25-48m,6,1,1,0.027765386237549882,0
Female,0,No,No,8,Yes,No,DSL,Yes,No,Yes,No,No,No,Month-to-month,Yes,Credit card (automatic),74.49,584.21,Yes,New_0-12m,2,0,0,0.12728764033423898,0
Male,1,Yes,Yes,13,Yes,Yes,DSL,No,No,No,No,Yes,Yes,Two year,Yes,Mailed check,93.64,1212.42,No,Developing_13-24m,2,0,1,0.07717031201068056,0
Female,0,Yes,No,5,Yes,No,Fiber optic,No,No,No,Yes,Yes,Yes,Month-to-month,Yes,Bank transfer (automatic),112.13,590.56,Yes,New_0-12m,3,0,1,0.18954966529177092,0
Male,0,Yes,No,72,No,No phone service,No,No internet service,No internet service,No internet service,No internet service,No internet service,No internet service,One year,Yes,Mailed check,18.5,1324.72,Yes,Loyal_49-72m,0,0,0,0.013954681229822284,0
Male,0,Yes,Yes,56,Yes,No,Fiber optic,No,No,Yes,No,No,No,Two year,Yes,Mailed check,86.07,4831.77,No,Loyal_49-72m,1,0,0,0.017809661953703565,0
Female,0,Yes,Yes,6,Yes,No,No,No internet service,No internet service,No internet service,No internet service,No internet service,No internet service,Month-to-month,Yes,Credit card (automatic),37.05,238.04,Yes,New_0-12m,0,0,0,0.1549949799196787,0
Male,0,No,No,39,Yes,No,Fiber optic,Yes,No,Yes,No,Yes,No,Two year,No,Credit card (automatic),104.74,4097.67,No,Established_25-48m,3,0,0,0.02555463113644182,0
Female,0,Yes,Yes,26,Yes,No,Fiber optic,No,Yes,No,Yes,Yes,No,Month-to-month,Yes,Mailed check,106.29,2769.11,Yes,Established_25-48m,3,0,0,0.038370317424217815,0
Female,0,No,No,60,Yes,Yes,Fiber optic,No,Yes,Yes,Yes,No,Yes,One year,Yes,Mailed check,119.35,7144.39,No,Loyal_49-72m,4,0,0,0.016703077088864288,0
Male,0,Yes,No,7,Yes,Yes,No,No internet service,No internet service,No internet service,No internet service,No internet service,No internet service,Month-to-month,Yes,Electronic check,46.11,313.01,No,New_0-12m,0,0,0,0.1468424572465845,0
Male,1,Yes,Yes,54,Yes,Yes,Fiber optic,No,No,Yes,Yes,No,Yes,Two year,No,Electronic check,116.01,6247.05,No,Loyal_49-72m,3,0,0,0.01856739302662431,0
Female,0,Yes,No,46,Yes,Yes,Fiber optic,No,No,Yes,No,No,Yes,Two year,No,Mailed check,107.09,4920.86,No,Established_25-48m,2,0,0,0.021758034564168832,0
Male,0,No,No,50,Yes,No,Fiber optic,Yes,Yes,Yes,No,Yes,Yes,Month-to-month,Yes,Electronic check,122.96,6142.9,Yes,Loyal_49-72m,5,0,1,0.02001334657139602,1
Male,1,Yes,No,70,Yes,Yes,DSL,No,Yes,Yes,Yes,Yes,No,Month-to-month,No,Bank transfer (automatic),100.73,7037.39,No,Loyal_49-72m,4,0,0,0.014311511581483834,0
Male,0,No,No,3,Yes,No,DSL,Yes,Yes,Yes,No,Yes,No,Month-to-month,No,Bank transfer (automatic),90.84,280.73,No,New_0-12m,4,0,0,0.3224363752529017,0
Male,0,Yes,Yes,42,Yes,No,DSL,Yes,No,Yes,No,Yes,No,Two year,Yes,Bank transfer (automatic),85.83,3597.46,No,Established_25-48m,3,0,0,0.02385186996659682,0
Male,0,Yes,No,38,Yes,Yes,Fiber optic,Yes,Yes,No,No,Yes,Yes,One year,Yes,Mailed check,126.23,4791.3,Yes,Established_25-48m,4,0,1,0.02634017069048265,0
Female,0,Yes,No,52,Yes,No,DSL,Yes,Yes,No,No,Yes,Yes,Two year,No,Bank transfer (automatic),95.36,4935.19,No,Loyal_49-72m,4,0,1,0.019318543248943013,0
Female,0,Yes,Yes,23,Yes,No,Fiber optic,No,No,Yes,Yes,No,Yes,Month-to-month,Yes,Electronic check,105.14,2419.26,Yes,Developing_13-24m,3,0,0,0.043441613710923616,0
Male,0,Yes,Yes,69,Yes,Yes,No,No internet service,No internet service,No internet service,No internet service,No internet service,No internet service,One year,Yes,Mailed check,45.57,3142.92,No,Loyal_49-72m,0,0,0,0.014494643629608896,0
Male,0,Yes,No,9,Yes,Yes,Fiber optic,No,No,No,Yes,Yes,No,Month-to-month,Yes,Electronic check,109.35,975.16,Yes,New_0-12m,2,0,0,0.11202057039829535,0
Male,0,No,No,16,Yes,Yes,DSL,No,Yes,Yes,Yes,Yes,No,One year,Yes,Bank transfer (automatic),105.55,1694.52,Yes,Developing_13-24m,4,0,0,0.062252288383504766,0
Female,0,Yes,No,61,Yes,No,No,No internet service,No internet service,No internet service,No internet service,No internet service,No internet service,One year,No,Mailed check,32.88,2007.46,No,Loyal_49-72m,0,0,0,0.016370751720223457,0
Male,0,No,No,36,Yes,Yes,DSL,Yes,No,Yes,No,No,Yes,Month-to-month,Yes,Electronic check,93.81,3385.97,Yes,Established_25-48m,3,0,0,0.027697322385495004,0
Female,0,Yes,No,30,Yes,Yes,Fiber optic,No,No,No,No,No,Yes,One year,Yes,Electronic check,102.41,3081.79,No,Established_25-48m,1,0,0,0.033219907940534386,0
Female,0,No,No,53,Yes,Yes,Fiber optic,No,Yes,No,No,Yes,No,One year,Yes,Electronic check,108.23,5746.92,No,Loyal_49-72m,2,0,0,0.01882942003368175,0
Female,0,No,No,7,No,No phone service,DSL,No,Yes,No,No,Yes,No,Month-to-month,Yes,Credit card (automatic),62.16,460.15,Yes,New_0-12m,2,0,0,0.13479345115472188,0
Male,0,Yes,No,44,Yes,Yes,DSL,No,No,No,No,Yes,No,Month-to-month,Yes,Mailed check,83.85,3691.33,No,Established_25-48m,1,0,0,0.022709237798354966,0
Female,0,Yes,Yes,68,Yes,No,DSL,No,No,No,No,No,Yes,Two year,No,Bank transfer (automatic),73.0,4949.81,No,Loyal_49-72m,1,0,0,0.014745061919160701,0
Male,0,No,No,36,Yes,No,DSL,Yes,No,No,Yes,Yes,No,Two year,Yes,Credit card (automatic),87.11,3129.51,No,Established_25-48m,3,1,0,0.027826136955320376,0
Female,0,No,No,27,Yes,Yes,DSL,No,No,No,No,Yes,No,Month-to-month,No,Electronic check,81.0,2180.95,No,Established_25-48m,1,0,0,0.03712275716675451,0
Male,0,Yes,Yes,27,Yes,Yes,No,No internet service,No internet service,No internet service,No internet service,No internet service,No internet service,Month-to-month,Yes,Credit card (automatic),44.4,1185.0,Yes,Established_25-48m,0,0,0,0.037436762225969644,0
Female,1,Yes,Yes,22,Yes,No,Fiber optic,No,Yes,No,No,Yes,Yes,One year,Yes,Mailed check,110.73,2398.36,Yes,Developing_13-24m,3,0,1,0.04614980661509736,0
Male,0,No,No,27,Yes,Yes,No,No internet service,No internet service,No internet service,No internet service,No internet service,No internet service,One year,Yes,Credit card (automatic),43.35,1173.92,No,Established_25-48m,0,0,0,0.03689612909815136,0
Female,0,Yes,No,9,Yes,No,Fiber optic,Yes,No,No,Yes,No,Yes,Month-to-month,Yes,Electronic check,107.0,963.5,Yes,New_0-12m,3,1,0,0.11093831000518403,0
Male,0,No,No,61,Yes,No,Fiber optic,No,No,Yes,Yes,Yes,No,One year,No,Electronic check,105.85,6485.56,No,Loyal_49-72m,3,0,0,0.016318356725290445,0
Male,0,Yes,Yes,6,Yes,No,DSL,Yes,No,Yes,No,No,No,Month-to-month,Yes,Electronic check,73.6,469.36,Yes,New_0-12m,2,0,0,0.1564758908070414,0
Male,0,Yes,Yes,8,Yes,No,DSL,No,Yes,No,Yes,No,No,One year,Yes,Bank transfer (automatic),73.36,597.08,No,New_0-12m,2,0,0,0.12265917602996254,0
Male,0,No,Yes,17,Yes,No,Fiber optic,No,Yes,Yes,No,No,No,One year,No,Electronic check,94.72,1618.68,Yes,Developing_13-24m,2,0,0,0.05848068754321841,0
Female,0,No,No,10,Yes,Yes,No,No internet service,No internet service,No internet service,No internet service,No internet service,No internet service,Month-to-month,No,Credit card (automatic),45.62,443.76,Yes,New_0-12m,0,0,0,0.10257217375663279,0
Female,0,Yes,No,8,Yes,No,DSL,Yes,Yes,No,No,Yes,No,Month-to-month,No,Electronic check,84.78,681.07,Yes,New_0-12m,3,0,0,0.12429809257114371,0
Male,0,Yes,No,64,Yes,No,Fiber optic,Yes,No,Yes,No,Yes,Yes,Month-to-month,Yes,Electronic check,114.96,7355.69,Yes,Loyal_49-72m,4,0,1,0.015626592937856565,1
Female,0,No,No,10,Yes,Yes,DSL,No,No,No,Yes,Yes,Yes,Month-to-month,No,Electronic check,102.38,1025.99,No,New_0-12m,3,0,1,0.09968938353830124,0
Male,1,No,No,54,Yes,No,Fiber optic,No,No,Yes,Yes,No,Yes,One year,No,Bank transfer (automatic),105.18,5668.19,No,Loyal_49-72m,3,0,0,0.018552914966688365,0
Male,0,Yes,Yes,32,Yes,Yes,Fiber optic,Yes,No,No,Yes,No,No,One year,Yes,Credit card (automatic),101.69,3260.37,Yes,Established_25-48m,2,1,0,0.03118014821991985,0
Female,0,No,No,71,Yes,Yes,Fiber optic,No,Yes,Yes,No,Yes,Yes,Month-to-month,Yes,Credit card (automatic),125.71,8904.87,Yes,Loyal_49-72m,4,0,1,0.014115409275006258,1
Male,0,No,No,26,Yes,Yes,DSL,No,No,No,Yes,No,Yes,Two year,No,Electronic check,91.74,2430.77,No,Established_25-48m,2,0,0,0.037725607273714205,0
Male,0,No,No,33,Yes,Yes,DSL,No,No,No,No,No,Yes,One year,Yes,Electronic check,81.9,2724.41,Yes,Established_25-48m,1,0,0,0.03005052450823913,0
Female,0,No,No,41,Yes,Yes,Fiber optic,Yes,Yes,No,Yes,Yes,No,Month-to-month,No,Bank transfer (automatic),121.56,5003.87,Yes,Established_25-48m,4,1,0,0.02428834315376823,0
Male,0,Yes,No,43,Yes,Yes,No,No internet service,No internet service,No internet service,No internet service,No internet service,No internet service,Month-to-month,Yes,Bank transfer (automatic),44.54,1896.09,No,Established_25-48m,0,0,0,0.023478063771355077,0
Male,0,No,No,17,Yes,No,Fiber optic,No,Yes,No,No,No,Yes,Month-to-month,No,Mailed check,101.36,1698.81,Yes,Developing_13-24m,2,0,0,0.059630193962854676,1
Male,0,No,No,38,Yes,No,Fiber optic,No,No,Yes,No,No,No,Two year,Yes,Credit card (automatic),86.91,3306.7,No,Established_25-48m,1,0,0,0.026275055174290293,0
Male,0,Yes,No,10,Yes,No,Fiber optic,Yes,No,No,No,No,Yes,Month-to-month,Yes,Electronic check,95.61,951.53,Yes,New_0-12m,2,0,0,0.10037479134515448,1
Female,0,Yes,No,15,Yes,Yes,DSL,Yes,Yes,No,No,No,No,Month-to-month,Yes,Bank transfer (automatic),81.19,1245.57,Yes,Developing_13-24m,2,0,0,0.0651307186920911,0
Female,0,Yes,Yes,28,Yes,Yes,Fiber optic,Yes,No,No,No,No,Yes,Month-to-month,No,Electronic check,107.4,3016.62,Yes,Established_25-48m,2,0,0,0.03559096241408793,1
Female,1,No,No,5,No,No phone service,DSL,No,Yes,Yes,No,Yes,No,Month-to-month,Yes,Mailed check,67.92,338.98,Yes,New_0-12m,3,0,0,0.19977645743867287,0
Male,0,Yes,Yes,24,Yes,Yes,Fiber optic,No,Yes,No,No,Yes,Yes,Month-to-month,Yes,Mailed check,120.1,2904.6,Yes,Developing_13-24m,3,0,1,0.04133397577092511,1
Male,0,No,No,58,Yes,Yes,Fiber optic,No,Yes,Yes,No,Yes,Yes,Month-to-month,Yes,Credit card (automatic),125.14,7260.85,Yes,Loyal_49-72m,4,0,1,0.017232523392799355,1
Female,0,No,No,56,Yes,No,Fiber optic,Yes,No,No,Yes,No,Yes,Two year,Yes,Mailed check,105.23,5896.31,No,Loyal_49-72m,3,1,0,0.017843728750905074,0
Male,1,No,Yes,17,Yes,No,DSL,No,Yes,No,Yes,No,No,Two year,Yes,Credit card (automatic),74.23,1277.54,No,Developing_13-24m,2,0,0,0.05805841037433323,0
Male,0,No,No,35,Yes,No,No,No internet service,No internet service,No internet service,No internet service,No internet service,No internet service,Month-to-month,No,Electronic check,32.69,1133.99,Yes,Established_25-48m,0,0,0,0.028802015876791865,0
Male,0,No,No,70,Yes,Yes,DSL,Yes,No,No,Yes,Yes,Yes,One year,Yes,Bank transfer (automatic),104.77,7349.18,No,Loyal_49-72m,4,1,1,0.014254072689376314,0
Male,0,Yes,No,63,Yes,No,Fiber optic,No,Yes,No,No,Yes,Yes,One year,Yes,Bank transfer (automatic),111.86,7055.67,No,Loyal_49-72m,3,0,1,0.015851669413476894,0
Female,0,No,No,48,Yes,No,No,No internet service,No internet service,No internet service,No internet service,No internet service,No internet service,Two year,No,Credit card (automatic),36.26,1726.67,No,Established_25-48m,0,0,0,0.02098780438393906,0
Female,0,Yes,No,24,Yes,Yes,Fiber optic,Yes,Yes,Yes,No,No,No,Month-to-month,No,Bank transfer (automatic),108.55,2634.57,No,Developing_13-24m,3,0,0,0.041186536498746,1
Female,0,No,No,31,Yes,No,DSL,No,No,Yes,No,Yes,Yes,One year,No,Bank transfer (automatic),90.46,2797.4,Yes,Established_25-48m,3,0,1,0.03232561463693539,0
Male,1,Yes,Yes,54,Yes,Yes,No,No internet service,No internet service,No internet service,No internet service,No internet service,No internet service,One year,Yes,Bank transfer (automatic),44.72,2390.36,No,Loyal_49-72m,0,0,0,0.018700655693831125,0
Female,0,No,Yes,6,No,No phone service,DSL,No,Yes,No,Yes,Yes,Yes,Month-to-month,Yes,Credit card (automatic),87.52,513.46,Yes,New_0-12m,4,0,1,0.17012012595731443,0
Female,0,No,Yes,44,No,No phone service,No,No internet service,No internet service,No internet service,No internet service,No internet service,No internet service,One year,No,Electronic check,20.29,877.22,No,Established_25-48m,0,0,0,0.023103550363234724,0
Male,0,No,No,70,Yes,No,DSL,Yes,No,No,No,Yes,No,Two year,No,Electronic check,81.91,5736.64,No,Loyal_49-72m,2,0,0,0.014275904378803828,0
Male,0,Yes,No,30,Yes,Yes,Fiber optic,No,No,Yes,Yes,No,Yes,Month-to-month,Yes,Bank transfer (automatic),119.09,3597.04,No,Established_25-48m,3,0,0,0.03309857589131861,0
Female,1,Yes,Yes,62,Yes,No,DSL,No,No,No,No,No,No,Two year,No,Electronic check,60.69,3766.51,No,Loyal_49-72m,0,0,0,0.016108782723868016,0
Female,0,No,No,41,Yes,No,DSL,Yes,No,No,Yes,Yes,Yes,Two year,No,Bank transfer (automatic),97.69,4029.08,No,Established_25-48m,4,1,1,0.024240213593774814,0
Female,0,Yes,Yes,61,Yes,Yes,DSL,No,Yes,No,No,No,No,Two year,No,Electronic check,76.02,4653.22,No,Loyal_49-72m,1,0,0,0.016333563948416705,0
Female,0,No,No,36,Yes,Yes,DSL,No,Yes,No,Yes,Yes,Yes,Month-to-month,No,Electronic check,107.4,3826.4,Yes,Established_25-48m,4,0,1,0.028060824580655275,0
Male,0,Yes,Yes,22,Yes,No,No,No internet service,No internet service,No internet service,No internet service,No internet service,No internet service,Month-to-month,Yes,Bank transfer (automatic),35.69,798.67,Yes,Developing_13-24m,0,0,0,0.04463091025047832,0
Female,0,No,No,18,Yes,Yes,Fiber optic,No,No,No,Yes,No,No,Two year,No,Electronic check,99.01,1773.47,Yes,Developing_13-24m,1,0,0,0.055796942185554,0
Female,0,Yes,Yes,12,Yes,Yes,DSL,No,Yes,No,Yes,No,Yes,Two year,Yes,Electronic check,94.16,1137.61,Yes,New_0-12m,3,0,0,0.08269732393005508,0
Male,0,No,No,62,Yes,No,DSL,Yes,Yes,Yes,No,Yes,Yes,Month-to-month,No,Electronic check,105.92,6566.17,Yes,Loyal_49-72m,5,0,1,0.016128712976822588,0
Female,1,No,No,47,Yes,Yes,Fiber optic,No,No,No,Yes,No,Yes,One year,Yes,Electronic check,108.83,5156.8,Yes,Established_25-48m,2,0,0,0.021100081430067082,0
Male,0,Yes,No,7,Yes,No,Fiber optic,Yes,No,Yes,Yes,No,Yes,Month-to-month,No,Credit card (automatic),107.97,762.33,Yes,New_0-12m,4,1,0,0.1414460325154258,0
Male,1,Yes,Yes,31,Yes,No,No,No internet service,No internet service,No internet service,No internet service,No internet service,No internet service,Month-to-month,Yes,Bank transfer (automatic),34.88,1090.04,Yes,Established_25-48m,0,0,0,0.03196949699369409,0
Male,0,Yes,No,25,No,No phone service,Fiber optic,Yes,Yes,No,No,Yes,Yes,Month-to-month,No,Credit card (automatic),99.28,2498.17,Yes,Established_25-48m,4,0,1,0.03972518876266921,1
Female,0,No,No,33,Yes,No,Fiber optic,No,Yes,No,No,Yes,No,Month-to-month,Yes,Bank transfer (automatic),97.92,3209.02,No,Established_25-48m,2,0,0,0.030504482838113158,1
Female,0,No,No,62,Yes,No,Fiber optic,No,Yes,Yes,Yes,Yes,No,One year,No,Credit card (automatic),112.11,6967.07,No,Loyal_49-72m,4,0,0,0.016089103582484103,0
Male,0,No,No,6,Yes,No,Fiber optic,No,Yes,No,Yes,No,No,Month-to-month,Yes,Mailed check,94.67,564.79,Yes,New_0-12m,2,0,0,0.1673235652804044,0
Female,0,No,No,11,Yes,No,DSL,No,No,Yes,No,No,No,Two year,No,Electronic check,67.51,732.24,No,New_0-12m,1,0,0,0.09207080901205608,0
Female,0,Yes,No,6,Yes,No,Fiber optic,No,No,No,Yes,Yes,Yes,Month-to-month,Yes,Electronic check,110.49,675.24,Yes,New_0-12m,3,0,1,0.16338873772625104,0
Male,0,Yes,No,69,Yes,Yes,DSL,Yes,No,Yes,No,No,No,One year,No,Bank transfer (automatic),81.45,5597.73,Yes,Loyal_49-72m,2,0,0,0.014547942122588517,0
Male,0,Yes,Yes,50,Yes,Yes,Fiber optic,No,No,No,Yes,Yes,No,Two year,No,Electronic check,111.02,5565.08,No,Loyal_49-72m,2,0,0,0.019945814648729448,0
Female,0,Yes,Yes,32,Yes,Yes,Fiber optic,No,No,No,No,Yes,No,One year,No,Electronic check,101.01,3229.96,No,Established_25-48m,1,0,0,0.031263153985193255,0
Male,0,No,No,5,Yes,No,Fiber optic,No,Yes,No,No,No,No,Month-to-month,Yes,Electronic check,83.18,414.4,Yes,New_0-12m,1,0,0,0.20024073182474725,1
Female,0,No,No,39,Yes,Yes,DSL,Yes,Yes,No,No,Yes,No,One year,Yes,Mailed check,94.93,3668.61,No,Established_25-48m,3,0,0,0.025869234060295235,0
Female,0,Yes,Yes,16,Yes,No,Fiber optic,No,Yes,Yes,Yes,Yes,No,Month-to-month,No,Mailed check,111.15,1791.91,Yes,Developing_13-24m,4,0,0,0.061994188219152105,0
Female,0,No,No,71,Yes,No,DSL,Yes,No,No,No,No,No,Two year,Yes,Credit card (automatic),65.05,4622.26,No,Loyal_49-72m,1,0,0,0.014070158286577003,0
Female,0,No,No,49,Yes,No,Fiber optic,No,No,No,No,No,No,Two year,No,Electronic check,80.18,3921.81,No,Loyal_49-72m,0,0,0,0.020439429898465644,0
Male,1,Yes,No,56,Yes,Yes,No,No internet service,No internet service,No internet service,No internet service,No internet service,No internet service,One year,Yes,Mailed check,45.01,2506.65,No,Loyal_49-72m,0,0,0,0.017949075827966423,0
Male,0,Yes,Yes,2,Yes,No,Fiber optic,No,No,No,No,No,No,Month-to-month,Yes,Mailed check,81.5,174.72,Yes,New_0-12m,0,0,0,0.46380605508763945,1
Male,0,Yes,Yes,2,Yes,No,No,No internet service,No internet service,No internet service,No internet service,No internet service,No internet service,Month-to-month,No,Electronic check,33.13,71.48,Yes,New_0-12m,0,0,0,0.4570916114790287,0
Male,0,No,Yes,19,Yes,Yes,No,No internet service,No internet service,No internet service,No internet service,No internet service,No internet service,Month-to-month,No,Bank transfer (automatic),48.39,919.49,No,Developing_13-24m,0,0,0,0.05256982693999935,0
Female,0,No,No,61,Yes,No,Fiber optic,Yes,No,Yes,Yes,No,Yes,Month-to-month,Yes,Mailed check,109.88,6687.86,Yes,Loyal_49-72m,4,1,0,0.016427313473446895,0
Female,0,No,No,24,Yes,No,DSL,Yes,No,Yes,Yes,No,No,Two year,Yes,Mailed check,79.42,1910.62,Yes,Developing_13-24m,3,1,0,0.0415459139368703,0
Male,0,Yes,No,36,Yes,Yes,DSL,No,No,No,No,No,Yes,Two year,No,Bank transfer (automatic),80.7,2908.85,No,Established_25-48m,1,0,0,0.027733388318985516,0
Female,1,Yes,Yes,54,Yes,No,Fiber optic,Yes,No,No,No,Yes,No,One year,Yes,Electronic check,98.08,5316.06,Yes,Loyal_49-72m,2,0,0,0.01844628422474074,0
Female,0,No,No,12,Yes,Yes,No,No internet service,No internet service,No internet service,No internet service,No internet service,No internet service,One year,Yes,Electronic check,45.03,522.4,No,New_0-12m,0,0,0,0.08603362628964464,0
Female,0,No,No,41,No,No phone service,Fiber optic,No,Yes,No,No,Yes,No,Month-to-month,No,Electronic check,83.25,3402.51,Yes,Established_25-48m,2,0,0,0.02446004272060314,1
Male,0,No,No,41,Yes,No,DSL,Yes,Yes,No,Yes,No,Yes,One year,Yes,Mailed check,92.39,3817.14,Yes,Established_25-48m,4,1,0,0.024197645974217814,0
Male,0,No,No,63,Yes,No,No,No internet service,No internet service,No internet service,No internet service,No internet service,No internet service,Two year,Yes,Mailed check,36.96,2331.35,No,Loyal_49-72m,0,0,0,0.015846678242973825,0
Male,0,Yes,Yes,24,Yes,No,Fiber optic,No,Yes,Yes,Yes,Yes,No,One year,Yes,Electronic check,112.23,2697.31,Yes,Developing_13-24m,4,0,0,0.04159270061631169,0
Female,0,No,No,72,Yes,Yes,Fiber optic,No,No,No,No,Yes,Yes,One year,No,Electronic check,116.08,8372.25,Yes,Loyal_49-72m,2,0,1,0.013863195294539157,0
Male,0,No,No,14,Yes,No,No,No internet service,No internet service,No internet service,No internet service,No internet service,No internet service,Month-to-month,No,Electronic check,32.37,480.37,No,Developing_13-24m,0,0,0,0.06724556993580821,0
Male,1,Yes,No,39,Yes,Yes,No,No internet service,No internet service,No internet service,No internet service,No internet service,No internet service,Two year,Yes,Electronic check,41.72,1609.65,No,Established_25-48m,0,0,0,0.025902585912519788,0
Male,0,No,No,66,Yes,Yes,No,No internet service,No internet service,No internet service,No internet service,No internet service,No internet service,Two year,Yes,Electronic check,45.19,3015.27,No,Loyal_49-72m,0,0,0,0.01498208051666462,0
Male,0,Yes,No,65,Yes,Yes,No,No internet service,No internet service,No internet service,No internet service,No internet service,No internet service,Two year,No,Mailed check,45.49,2956.2,No,Loyal_49-72m,0,0,0,0.0153827945353713,0
Male,0,Yes,No,53,Yes,No,Fiber optic,No,Yes,No,Yes,No,No,Month-to-month,Yes,Electronic check,93.2,4943.56,Yes,Loyal_49-72m,2,0,0,0.018848997686346205,0
Male,0,Yes,Yes,69,Yes,No,Fiber optic,Yes,No,No,Yes,No,Yes,Two year,No,Credit card (automatic),105.98,7313.52,No,Loyal_49-72m,3,1,0,0.014488989024570307,0
Female,0,Yes,Yes,71,Yes,No,Fiber optic,Yes,Yes,Yes,No,Yes,No,Two year,Yes,Mailed check,111.61,7946.78,No,Loyal_49-72m,4,0,0,0.014042915128501293,0
Female,0,Yes,No,23,Yes,No,No,No internet service,No internet service,No internet service,No internet service,No internet service,No internet service,One year,Yes,Bank transfer (automatic),36.01,842.61,No,Developing_13-24m,0,0,0,0.04268560116641576,0
Male,0,Yes,Yes,34,Yes,Yes,Fiber optic,No,No,No,No,Yes,No,One year,No,Electronic check,101.51,3449.17,No,Established_25-48m,1,0,0,0.029421738638965616,0
Male,0,No,No,43,Yes,Yes,DSL,No,No,Yes,No,No,No,Two year,Yes,Mailed check,76.3,3264.0,Yes,Established_25-48m,1,0,0,0.023369065849923428,0
Female,0,Yes,No,72,Yes,No,Fiber optic,No,No,No,No,Yes,Yes,Month-to-month,Yes,Bank transfer (automatic),105.14,7566.44,Yes,Loyal_49-72m,2,0,1,0.013893734208662375,1
Female,1,Yes,No,66,Yes,No,Fiber optic,Yes,Yes,Yes,No,No,Yes,One year,Yes,Electronic check,108.16,7118.5,No,Loyal_49-72m,4,0,0,0.015192078095371866,0
Male,0,Yes,Yes,47,Yes,Yes,DSL,Yes,No,No,Yes,No,No,Two year,Yes,Electronic check,82.79,3904.5,No,Established_25-48m,2,1,0,0.021198310075534504,0
Male,1,No,No,10,Yes,Yes,Fiber optic,No,No,Yes,No,Yes,No,Month-to-month,No,Credit card (automatic),109.39,1083.72,Yes,New_0-12m,2,0,0,0.10084630134965705,1
Male,1,Yes,No,21,Yes,No,DSL,No,No,No,Yes,No,Yes,Two year,No,Credit card (automatic),77.41,1624.07,No,Developing_13-24m,2,0,0,0.047634871113244354,0
Male,0,Yes,Yes,61,Yes,No,DSL,Yes,No,No,No,No,Yes,Month-to-month,Yes,Mailed check,76.36,4675.56,Yes,Loyal_49-72m,2,0,0,0.016328241271361853,0
Female,0,No,No,53,Yes,No,DSL,No,Yes,Yes,Yes,No,No,One year,Yes,Credit card (automatic),78.18,4155.65,No,Loyal_49-72m,3,0,0,0.018808415430695394,0
Male,0,No,No,33,No,No phone service,Fiber optic,No,Yes,No,Yes,Yes,Yes,Two year,Yes,Bank transfer (automatic),104.38,3450.29,No,Established_25-48m,4,0,1,0.030243763925952325,0
Male,0,No,No,68,Yes,Yes,DSL,No,No,No,No,No,Yes,Month-to-month,No,Electronic check,80.37,5453.23,Yes,Loyal_49-72m,1,0,0,0.014735352194535253,0
Male,0,No,No,28,Yes,No,Fiber optic,No,Yes,Yes,No,Yes,No,Month-to-month,No,Mailed check,105.19,2952.6,Yes,Established_25-48m,3,0,0,0.035614165763813654,1
Male,0,Yes,Yes,35,Yes,Yes,No,No internet service,No internet service,No internet service,No internet service,No internet service,No internet service,Month-to-month,No,Bank transfer (automatic),44.47,1544.52,No,Established_25-48m,0,0,0,0.0287734872405404,0
Female,1,No,No,14,No,No phone service,No,No internet service,No internet service,No internet service,No internet service,No internet service,No internet service,One year,Yes,Mailed check,22.67,324.8,No,Developing_13-24m,0,0,0,0.06958256599140578,0
Female,0,Yes,Yes,1,Yes,No,No,No internet service,No internet service,No internet service,No internet service,No internet service,No internet service,Month-to-month,No,Credit card (automatic),35.19,35.19,Yes,New_0-12m,0,0,0,0.9723680574744404,0
Female,0,Yes,No,12,Yes,Yes,Fiber optic,No,Yes,Yes,No,Yes,Yes,Month-to-month,No,Electronic check,127.6,1549.31,Yes,New_0-12m,4,0,1,0.08230611942127704,1
Male,0,Yes,Yes,35,Yes,No,No,No internet service,No internet service,No internet service,No internet service,No internet service,No internet service,Two year,No,Electronic check,35.69,1252.14,No,Established_25-48m,0,0,0,0.02848045709178543,0
Male,1,No,No,72,Yes,No,Fiber optic,No,No,No,No,No,Yes,One year,Yes,Bank transfer (automatic),91.32,6574.85,Yes,Loyal_49-72m,1,0,0,0.013887178083441682,0
Female,0,Yes,No,63,Yes,No,No,No internet service,No internet service,No internet service,No internet service,No internet service,No internet service,Two year,Yes,Bank transfer (automatic),34.98,2209.61,No,Loyal_49-72m,0,0,0,0.01582368667471874,0
Male,1,No,Yes,54,No,No phone service,DSL,No,Yes,No,No,No,No,One year,Yes,Bank transfer (automatic),51.01,2752.81,No,Loyal_49-72m,1,0,0,0.01852342754220516,0
Male,0,No,No,62,Yes,No,DSL,Yes,Yes,No,Yes,Yes,Yes,Month-to-month,Yes,Electronic check,103.31,6406.24,Yes,Loyal_49-72m,5,1,1,0.016123947284634257,0
Female,0,Yes,Yes,14,Yes,No,DSL,Yes,Yes,Yes,Yes,No,No,One year,Yes,Bank transfer (automatic),87.33,1241.99,Yes,Developing_13-24m,4,1,0,0.0702580069027104,0
Female,0,No,No,39,Yes,Yes,No,No internet service,No internet service,No internet service,No internet service,No internet service,No internet service,Month-to-month,No,Electronic check,48.77,1917.89,Yes,Established_25-48m,0,0,0,0.025415735138543637,0
Female,0,No,No,54,Yes,No,Fiber optic,No,Yes,Yes,Yes,No,Yes,One year,No,Bank transfer (automatic),112.17,6067.87,No,Loyal_49-72m,4,0,0,0.01848284771300094,0
Female,0,No,No,66,Yes,No,Fiber optic,Yes,No,No,Yes,Yes,Yes,Two year,Yes,Bank transfer (automatic),119.07,7862.4,No,Loyal_49-72m,4,1,1,0.015142304855406059,0
Male,0,Yes,No,34,Yes,No,Fiber optic,No,No,Yes,Yes,Yes,Yes,One year,No,Mailed check,118.79,4034.11,No,Established_25-48m,4,0,1,0.02943909831454409,0
Male,0,No,No,25,No,No phone service,No,No internet service,No internet service,No internet service,No internet service,No internet service,No internet service,One year,Yes,Mailed check,18.5,478.59,Yes,Established_25-48m,0,0,0,0.0385746158176776,0
Female,0,Yes,Yes,10,Yes,No,No,No internet service,No internet service,No internet service,No internet service,No internet service,No internet service,Month-to-month,No,Bank transfer (automatic),35.74,343.74,Yes,New_0-12m,0,0,0,0.10367233277252423,0
Male,0,No,No,18,Yes,No,Fiber optic,Yes,No,Yes,No,Yes,No,One year,Yes,Electronic check,104.66,1910.64,Yes,Developing_13-24m,3,0,0,0.05474880207570463,0
Female,1,No,No,58,Yes,No,Fiber optic,Yes,Yes,No,No,No,No,Month-to-month,No,Credit card (automatic),90.13,5238.21,Yes,Loyal_49-72m,2,0,0,0.017202975257720153,1
Female,0,Yes,No,35,Yes,Yes,DSL,No,No,Yes,Yes,No,No,One year,Yes,Electronic check,81.32,2863.93,No,Established_25-48m,2,0,0,0.02838463767003033,0
Male,0,No,No,6,Yes,No,Fiber optic,No,No,Yes,No,Yes,No,Month-to-month,Yes,Mailed check,98.64,598.86,Yes,New_0-12m,2,0,0,0.16443836895275565,1
Female,0,No,Yes,23,Yes,No,No,No internet service,No internet service,No internet service,No internet service,No internet service,No internet service,One year,Yes,Mailed check,37.47,859.97,No,Developing_13-24m,0,0,0,0.04352068016307188,0
Male,0,No,No,41,Yes,No,No,No internet service,No internet service,No internet service,No internet service,No internet service,No internet service,Month-to-month,Yes,Bank transfer (automatic),34.45,1426.68,Yes,Established_25-48m,0,0,0,0.024130057155665137,0
Male,0,Yes,Yes,28,Yes,No,Fiber optic,Yes,Yes,No,Yes,No,No,Month-to-month,Yes,Electronic check,99.5,2764.89,Yes,Established_25-48m,3,1,0,0.03597395413411235,0
Male,0,Yes,No,41,Yes,Yes,DSL,Yes,Yes,No,No,Yes,Yes,Two year,No,Electronic check,109.46,4479.03,No,Established_25-48m,4,0,1,0.024432872101302894,0
Male,0,No,No,3,Yes,No,DSL,Yes,No,Yes,No,Yes,Yes,One year,No,Bank transfer (automatic),97.34,289.15,Yes,New_0-12m,4,0,1,0.33548164742374637,0
Female,0,No,No,4,Yes,No,DSL,No,No,No,No,No,No,Month-to-month,No,Mailed check,58.18,212.01,Yes,New_0-12m,0,0,0,0.2731327167738604,0
Male,0,No,No,35,Yes,Yes,Fiber optic,No,Yes,No,No,Yes,No,One year,Yes,Electronic check,106.93,3752.11,Yes,Established_25-48m,2,0,0,0.02849103809906984,0
Female,0,Yes,No,39,Yes,No,Fiber optic,No,Yes,No,No,No,No,Month-to-month,No,Bank transfer (automatic),89.27,3500.52,Yes,Established_25-48m,1,0,0,0.02549464232676095,1
Female,0,Yes,Yes,41,Yes,No,No,No internet service,No internet service,No internet service,No internet service,No internet service,No internet service,One year,No,Electronic check,34.01,1368.78,Yes,Established_25-48m,0,0,0,0.024828804625560308,0
Female,0,No,No,12,No,No phone service,Fiber optic,Yes,No,No,No,No,No,Two year,No,Bank transfer (automatic),70.2,836.17,No,New_0-12m,1,0,0,0.08385393647646237,0
Female,0,No,Yes,14,Yes,No,DSL,No,Yes,Yes,No,Yes,Yes,Two year,Yes,Mailed check,97.01,1355.6,No,Developing_13-24m,4,0,1,0.07150965649417662,0
Male,0,Yes,No,43,Yes,Yes,DSL,Yes,No,Yes,No,Yes,Yes,One year,Yes,Electronic check,105.6,4545.64,No,Established_25-48m,4,0,1,0.02322594267415058,0
Male,0,No,Yes,2,Yes,Yes,No,No internet service,No internet service,No internet service,No internet service,No internet service,No internet service,Month-to-month,Yes,Mailed check,45.67,104.16,Yes,New_0-12m,0,0,0,0.4342906047926969,0
Female,1,No,No,1,Yes,Yes,Fiber optic,Yes,No,Yes,No,Yes,Yes,Month-to-month,Yes,Electronic check,126.43,126.43,Yes,New_0-12m,4,0,1,0.9921525543435612,1
Female,0,Yes,Yes,12,Yes,Yes,Fiber optic,No,No,No,No,Yes,Yes,Month-to-month,No,Bank transfer (automatic),113.78,1379.47,Yes,New_0-12m,2,0,1,0.08242120437242388,1
Male,0,Yes,Yes,57,Yes,Yes,Fiber optic,No,Yes,Yes,No,No,Yes,Month-to-month,No,Bank transfer (automatic),115.81,6602.5,Yes,Loyal_49-72m,3,0,0,0.01753766941773302,1
Female,0,Yes,No,59,Yes,Yes,DSL,No,No,No,Yes,No,Yes,One year,No,Mailed check,88.09,5188.27,No,Loyal_49-72m,2,0,0,0.01697541272664556,0
Male,0,No,No,14,Yes,No,DSL,Yes,No,Yes,No,Yes,Yes,Month-to-month,Yes,Electronic check,96.18,1349.98,Yes,Developing_13-24m,4,0,1,0.07119276377148441,0
Female,0,Yes,Yes,40,Yes,No,Fiber optic,No,Yes,No,No,No,Yes,One year,Yes,Credit card (automatic),97.13,3866.25,Yes,Established_25-48m,2,0,0,0.025116038528670243,0
Male,0,Yes,Yes,25,Yes,Yes,Fiber optic,No,No,Yes,Yes,Yes,No,Two year,Yes,Bank transfer (automatic),118.46,2957.68,No,Established_25-48m,3,0,0,0.040038125109846286,0
Female,0,No,No,65,Yes,Yes,Fiber optic,No,Yes,No,Yes,No,Yes,One year,No,Bank transfer (automatic),115.74,7520.47,No,Loyal_49-72m,3,0,0,0.015387949430098104,0
Female,0,Yes,Yes,52,Yes,No,Fiber optic,Yes,Yes,No,Yes,No,No,Month-to-month,Yes,Electronic check,102.88,5340.69,Yes,Loyal_49-72m,3,1,0,0.019259822265986982,0
Male,0,Yes,No,33,Yes,No,No,No internet service,No internet service,No internet service,No internet service,No internet service,No internet service,One year,Yes,Bank transfer (automatic),34.37,1172.2,No,Established_25-48m,0,0,0,0.02929594272076372,0
Female,0,Yes,Yes,53,Yes,Yes,No,No internet service,No internet service,No internet service,No internet service,No internet service,No internet service,Two year,Yes,Mailed check,45.16,2413.0,No,Loyal_49-72m,0,0,0,0.018707539353769675,0
Female,0,No,Yes,17,Yes,No,Fiber optic,No,No,No,Yes,No,No,Month-to-month,Yes,Mailed check,89.63,1526.71,No,Developing_13-24m,1,0,0,0.05866951188379993,0
Male,0,No,No,26,Yes,No,Fiber optic,Yes,No,Yes,No,No,No,One year,Yes,Credit card (automatic),90.57,2361.23,Yes,Established_25-48m,2,0,0,0.038340889752479644,0
Female,0,Yes,No,36,Yes,Yes,Fiber optic,No,Yes,Yes,Yes,No,No,Two year,No,Electronic check,112.26,4049.11,Yes,Established_25-48m,3,0,0,0.027717765690314585,0
Male,0,No,No,21,No,No phone service,DSL,No,No,Yes,No,Yes,No,Month-to-month,Yes,Electronic check,63.04,1333.21,No,Developing_13-24m,2,0,0,0.0472489338260094,0
Male,0,No,No,3,Yes,No,No,No internet service,No internet service,No internet service,No internet service,No internet service,No internet service,Month-to-month,No,Mailed check,35.62,130.29,Yes,New_0-12m,0,0,0,0.27130779191103666,0
Female,0,Yes,No,58,Yes,No,Fiber optic,No,No,No,Yes,Yes,No,One year,No,Electronic check,100.82,5861.47,No,Loyal_49-72m,2,0,0,0.017197529369020224,0
Female,0,Yes,Yes,40,Yes,Yes,No,No internet service,No internet service,No internet service,No internet service,No internet service,No internet service,Two year,Yes,Mailed check,44.89,1765.81,Yes,Established_25-48m,0,0,0,0.02540737260939207,0
Female,0,Yes,Yes,10,Yes,No,No,No internet service,No internet service,No internet service,No internet service,No internet service,No internet service,Month-to-month,No,Mailed check,33.79,350.4,No,New_0-12m,0,0,0,0.09615822424587366,0
Female,0,Yes,Yes,29,Yes,Yes,Fiber optic,No,No,No,No,Yes,Yes,Two year,Yes,Bank transfer (automatic),114.14,3297.51,Yes,Established_25-48m,2,0,1,0.03460350279368563,0
Female,0,No,No,11,Yes,Yes,DSL,No,Yes,Yes,No,No,No,Month-to-month,No,Bank transfer (automatic),78.98,860.47,Yes,New_0-12m,2,0,0,0.09168049961112981,0
Female,0,No,Yes,71,Yes,Yes,Fiber optic,No,No,No,No,Yes,Yes,Two year,No,Bank transfer (automatic),112.03,7968.85,No,Loyal_49-72m,2,0,1,0.014056726287194865,0
Female,0,Yes,No,70,Yes,Yes,Fiber optic,No,Yes,Yes,No,Yes,No,One year,No,Mailed check,113.79,7937.35,No,Loyal_49-72m,3,0,0,0.014334213029155933,0
Male,0,Yes,Yes,2,Yes,No,No,No internet service,No internet service,No internet service,No internet service,No internet service,No internet service,One year,Yes,Mailed check,37.32,100.33,No,New_0-12m,0,0,0,0.36830158886805486,0
Female,1,Yes,No,66,Yes,No,DSL,Yes,Yes,Yes,Yes,Yes,No,Two year,No,Bank transfer (automatic),100.28,6630.74,No,Loyal_49-72m,5,1,0,0.015121220071956983,0
Male,0,No,No,3,Yes,Yes,Fiber optic,No,Yes,Yes,No,Yes,No,Month-to-month,No,Electronic check,115.47,351.42,Yes,New_0-12m,3,0,0,0.32764882810283186,1
Female,0,Yes,No,66,Yes,No,No,No internet service,No internet service,No internet service,No internet service,No internet service,No internet service,Month-to-month,No,Credit card (automatic),32.69,2170.05,No,Loyal_49-72m,0,0,0,0.015057230372400449,0
Female,0,No,Yes,18,Yes,No,No,No internet service,No internet service,No internet service,No internet service,No internet service,No internet service,One year,Yes,Mailed check,35.45,655.33,No,Developing_13-24m,0,0,0,0.05401246324257614,0
Male,0,Yes,No,48,Yes,Yes,DSL,Yes,Yes,No,Yes,No,Yes,Month-to-month,Yes,Credit card (automatic),100.71,4837.42,Yes,Established_25-48m,4,1,0,0.02081464610348006,0
Female,0,No,No,44,Yes,Yes,No,No internet service,No internet service,No internet service,No internet service,No internet service,No internet service,Two year,Yes,Credit card (automatic),44.9,1987.21,No,Established_25-48m,0,0,0,0.02258312753682961,0
Female,0,No,No,62,No,No phone service,DSL,Yes,No,No,No,No,No,One year,No,Mailed check,52.43,3235.96,No,Loyal_49-72m,1,0,0,0.01619729622856013,0
Male,1,Yes,Yes,2,Yes,Yes,No,No internet service,No internet service,No internet service,No internet service,No internet service,No internet service,Month-to-month,Yes,Electronic check,45.99,104.16,Yes,New_0-12m,0,0,0,0.43733358691517693,0
Female,0,No,No,42,Yes,Yes,DSL,No,No,No,Yes,No,Yes,Month-to-month,No,Credit card (automatic),91.92,3869.76,Yes,Established_25-48m,2,0,0,0.023747274437061455,0
Female,1,No,Yes,13,Yes,Yes,No,No internet service,No internet service,No internet service,No internet service,No internet service,No internet service,Month-to-month,Yes,Electronic check,42.89,557.57,Yes,Developing_13-24m,0,0,0,0.0767853626224108,0
Female,0,Yes,Yes,30,Yes,Yes,Fiber optic,No,Yes,Yes,No,No,Yes,Month-to-month,Yes,Mailed check,112.47,3376.71,No,Established_25-48m,3,0,0,0.03329770761847524,1
Male,0,No,No,49,Yes,No,Fiber optic,No,No,No,No,Yes,Yes,Two year,Yes,Credit card (automatic),106.26,5211.34,Yes,Loyal_49-72m,2,0,1,0.02038623727538879,0
Female,0,Yes,Yes,43,Yes,No,DSL,No,No,No,Yes,Yes,No,Month-to-month,No,Credit card (automatic),82.28,3524.19,Yes,Established_25-48m,2,0,0,0.023340585897497722,0
Female,0,No,No,53,Yes,Yes,DSL,Yes,Yes,No,Yes,Yes,No,One year,Yes,Electronic check,101.98,5404.93,Yes,Loyal_49-72m,4,1,0,0.018864469203263824,0
Female,0,Yes,No,62,Yes,No,Fiber optic,No,No,Yes,Yes,No,Yes,Month-to-month,Yes,Electronic check,105.96,6578.69,No,Loyal_49-72m,3,0,0,0.01610410216894717,0
Female,0,No,No,34,Yes,Yes,No,No internet service,No internet service,No internet service,No internet service,No internet service,No internet service,Two year,Yes,Electronic check,46.76,1600.43,No,Established_25-48m,0,0,0,0.029198903480014735,0
Male,0,No,No,60,Yes,Yes,Fiber optic,No,No,Yes,No,No,No,Two year,No,Mailed check,96.8,5833.7,No,Loyal_49-72m,1,0,0,0.016590398820847688,0
Male,1,No,No,11,Yes,Yes,No,No internet service,No internet service,No internet service,No internet service,No internet service,No internet service,Month-to-month,No,Mailed check,45.91,511.93,Yes,New_0-12m,0,0,0,0.08950539059910707,0
Female,1,No,No,69,Yes,Yes,No,No internet service,No internet service,No internet service,No internet service,No internet service,No internet service,Two year,Yes,Electronic check,43.61,3007.7,No,Loyal_49-72m,0,0,0,0.014494632233190415,0
Female,0,No,No,49,Yes,Yes,No,No internet service,No internet service,No internet service,No internet service,No internet service,No internet service,Two year,Yes,Electronic check,46.72,2297.63,No,Loyal_49-72m,0,0,0,0.02032515019816151,0
Male,0,Yes,Yes,57,Yes,No,Fiber optic,No,Yes,No,Yes,Yes,Yes,Two year,Yes,Mailed check,117.7,6700.54,No,Loyal_49-72m,4,0,1,0.017563127281192085,0
Male,0,No,Yes,54,Yes,No,DSL,Yes,No,Yes,No,Yes,No,One year,Yes,Electronic check,81.91,4443.02,No,Loyal_49-72m,3,0,0,0.01843151020922498,0
Female,0,No,No,26,No,No phone service,No,No internet service,No internet service,No internet service,No internet service,No internet service,No internet service,Month-to-month,No,Credit card (automatic),18.83,479.18,No,Established_25-48m,0,0,0,0.039214461243700274,0
Male,0,No,No,43,Yes,No,DSL,No,Yes,No,Yes,Yes,No,Two year,No,Bank transfer (automatic),85.1,3653.22,No,Established_25-48m,3,0,0,0.02328814357099463,0
Female,0,No,No,34,Yes,No,No,No internet service,No internet service,No internet service,No internet service,No internet service,No internet service,Month-to-month,Yes,Credit card (automatic),37.22,1249.35,Yes,Established_25-48m,0,0,0,0.02976766505378494,0
Male,0,No,No,69,No,No phone service,Fiber optic,Yes,No,Yes,Yes,Yes,No,One year,Yes,Credit card (automatic),95.96,6622.48,Yes,Loyal_49-72m,4,1,0,0.014487852307246342,0
Male,0,No,No,46,Yes,No,DSL,Yes,No,No,No,No,No,One year,Yes,Mailed check,66.58,3072.36,No,Established_25-48m,1,0,0,0.021663586433089518,0
Male,1,Yes,No,41,Yes,Yes,DSL,Yes,Yes,Yes,Yes,Yes,No,Month-to-month,No,Mailed check,104.83,4322.83,Yes,Established_25-48m,5,1,0,0.02424470897329451,0
Male,0,Yes,Yes,41,Yes,No,Fiber optic,Yes,Yes,No,No,Yes,No,Month-to-month,Yes,Credit card (automatic),105.41,4320.95,Yes,Established_25-48m,3,0,0,0.024389453834496002,1
Female,1,Yes,Yes,21,Yes,No,DSL,Yes,No,No,Yes,Yes,No,Month-to-month,Yes,Credit card (automatic),84.81,1777.64,No,Developing_13-24m,3,1,0,0.047682498987990825,0
Male,0,Yes,Yes,13,Yes,No,No,No internet service,No internet service,No internet service,No internet service,No internet service,No internet service,One year,Yes,Credit card (automatic),35.59,422.64,No,Developing_13-24m,0,0,0,0.08401000849778115,0
Male,0,No,No,60,Yes,No,DSL,No,Yes,No,No,No,Yes,Month-to-month,Yes,Bank transfer (automatic),78.59,4718.75,No,Loyal_49-72m,2,0,0,0.01665130568356375,0
Female,0,Yes,No,69,Yes,No,DSL,Yes,Yes,Yes,Yes,Yes,Yes,Month-to-month,No,Mailed check,110.95,7655.96,Yes,Loyal_49-72m,6,1,1,0.014490084837846874,0
Male,0,Yes,No,56,Yes,No,DSL,Yes,No,No,Yes,Yes,Yes,Two year,Yes,Credit card (automatic),98.5,5516.24,No,Loyal_49-72m,4,1,1,0.017853129463282366,0
Male,0,No,No,54,No,No phone service,DSL,No,Yes,Yes,Yes,No,Yes,One year,No,Credit card (automatic),79.87,4335.57,No,Loyal_49-72m,4,0,0,0.018417781795289828,0
Female,0,Yes,Yes,8,Yes,Yes,Fiber optic,No,Yes,Yes,No,Yes,Yes,One year,No,Mailed check,126.31,1018.67,Yes,New_0-12m,4,0,1,0.12387341002481196,0
Male,0,Yes,No,21,Yes,No,Fiber optic,No,Yes,No,Yes,No,No,Month-to-month,Yes,Electronic check,97.37,2038.53,Yes,Developing_13-24m,2,0,0,0.04774139139899879,0
Female,0,Yes,Yes,44,No,No phone service,DSL,Yes,No,No,Yes,Yes,Yes,Two year,Yes,Electronic check,83.96,3680.65,No,Established_25-48m,4,1,1,0.02280499232680999,0
Female,0,Yes,Yes,12,Yes,No,DSL,Yes,Yes,No,No,No,Yes,Month-to-month,Yes,Mailed check,84.41,995.56,Yes,New_0-12m,3,0,0,0.08470137272216424,0
Female,0,No,No,71,Yes,No,DSL,No,Yes,No,Yes,Yes,No,Month-to-month,No,Electronic check,87.34,6194.46,No,Loyal_49-72m,3,0,0,0.014097419723474933,0
Female,0,No,No,38,Yes,Yes,Fiber optic,No,Yes,Yes,Yes,No,Yes,Two year,No,Electronic check,122.3,4653.01,No,Established_25-48m,4,0,0,0.026278413669072475,0
Male,0,No,No,58,Yes,Yes,Fiber optic,Yes,No,No,Yes,No,Yes,Two year,No,Electronic check,116.67,6735.21,No,Loyal_49-72m,3,1,0,0.017319828212006456,0
Female,0,Yes,Yes,69,Yes,Yes,DSL,Yes,No,Yes,No,No,Yes,Two year,No,Electronic check,94.52,6519.85,No,Loyal_49-72m,3,0,0,0.014495042824171694,0
Male,0,No,No,1,Yes,Yes,DSL,Yes,No,No,No,Yes,Yes,Month-to-month,No,Bank transfer (automatic),100.37,112.4,Yes,New_0-12m,3,0,1,0.8850970017636685,0
Male,1,Yes,Yes,4,Yes,No,Fiber optic,Yes,Yes,No,No,No,No,Month-to-month,No,Electronic check,95.18,365.19,Yes,New_0-12m,2,0,0,0.2599197138097709,1
Male,0,Yes,Yes,20,Yes,No,DSL,Yes,No,No,No,No,No,One year,No,Credit card (automatic),69.41,1385.53,Yes,Developing_13-24m,1,0,0,0.05006022228152294,0
Male,0,Yes,Yes,3,Yes,No,Fiber optic,No,No,No,No,No,Yes,Month-to-month,Yes,Electronic check,92.49,262.6,Yes,New_0-12m,1,0,0,0.3508725341426403,1
Male,0,Yes,No,13,Yes,Yes,No,No internet service,No internet service,No internet service,No internet service,No internet service,No internet service,Month-to-month,Yes,Bank transfer (automatic),46.89,568.95,No,Developing_13-24m,0,0,0,0.08227037459426265,0
Male,0,Yes,No,1,Yes,No,DSL,No,Yes,No,No,No,No,Month-to-month,No,Credit card (automatic),67.8,67.8,Yes,New_0-12m,1,0,0,0.9854651162790697,0
Male,0,Yes,Yes,3,Yes,Yes,DSL,No,No,No,Yes,No,No,Month-to-month,Yes,Credit card (automatic),79.64,222.97,Yes,New_0-12m,1,0,0,0.35558333705406975,0
Male,0,No,No,27,Yes,No,DSL,Yes,No,No,No,No,No,One year,No,Credit card (automatic),66.82,1815.77,Yes,Established_25-48m,1,0,0,0.03677955932781805,0
Male,0,Yes,Yes,44,Yes,No,Fiber optic,Yes,Yes,No,No,Yes,No,One year,Yes,Electronic check,105.0,4627.21,Yes,Established_25-48m,3,0,0,0.0226869567284112,0
Male,0,Yes,No,23,Yes,No,DSL,Yes,No,No,No,Yes,No,One year,Yes,Credit card (automatic),78.86,1798.15,No,Developing_13-24m,2,0,0,0.04383180946558097,0
Female,0,Yes,No,51,Yes,Yes,Fiber optic,Yes,Yes,No,No,No,Yes,Month-to-month,No,Electronic check,112.92,5778.31,Yes,Loyal_49-72m,3,0,0,0.019538664650278318,1
Female,0,No,No,22,Yes,No,No,No internet service,No internet service,No internet service,No internet service,No internet service,No internet service,One year,Yes,Credit card (automatic),34.9,778.68,No,Developing_13-24m,0,0,0,0.04476195362199877,0
Female,0,Yes,No,9,Yes,Yes,DSL,Yes,Yes,No,No,Yes,Yes,Month-to-month,No,Mailed check,104.2,933.95,Yes,New_0-12m,4,0,1,0.11144981015027541,0
Male,1,No,No,30,Yes,No,Fiber optic,Yes,Yes,No,No,No,Yes,Month-to-month,Yes,Electronic check,104.86,3150.75,Yes,Established_25-48m,3,0,0,0.03327040533037202,1
Female,0,No,No,57,Yes,No,Fiber optic,No,Yes,Yes,No,Yes,No,Month-to-month,No,Bank transfer (automatic),104.65,5950.87,No,Loyal_49-72m,3,0,0,0.017582709299766294,1
Female,0,Yes,No,40,Yes,No,DSL,No,Yes,Yes,Yes,Yes,Yes,Month-to-month,Yes,Bank transfer (automatic),105.05,4165.07,Yes,Established_25-48m,5,0,1,0.02521561087547737,0
Female,0,Yes,Yes,62,Yes,No,DSL,No,Yes,No,No,Yes,Yes,Month-to-month,Yes,Electronic check,88.84,5509.44,No,Loyal_49-72m,3,0,1,0.016122124549037827,0
Male,0,Yes,Yes,39,Yes,No,Fiber optic,No,No,Yes,No,Yes,Yes,Month-to-month,No,Credit card (automatic),111.45,4326.09,Yes,Established_25-48m,3,0,1,0.025756339710983595,1
Male,1,No,No,25,No,No phone service,DSL,Yes,No,No,No,Yes,No,Month-to-month,Yes,Electronic check,63.71,1589.35,No,Established_25-48m,2,0,0,0.040060364070802025,0
Male,0,Yes,Yes,14,Yes,No,No,No internet service,No internet service,No internet service,No internet service,No internet service,No internet service,Month-to-month,Yes,Electronic check,38.35,543.07,Yes,Developing_13-24m,0,0,0,0.0704872534784127,0
Male,1,Yes,No,56,Yes,No,DSL,Yes,Yes,No,Yes,No,No,Two year,Yes,Credit card (automatic),81.21,4518.61,No,Loyal_49-72m,3,1,0,0.017968364527027776,0
Female,1,Yes,No,66,Yes,Yes,Fiber optic,No,No,Yes,Yes,Yes,Yes,Month-to-month,Yes,Electronic check,127.1,8391.7,Yes,Loyal_49-72m,4,0,1,0.01514411333659013,0
Female,0,No,No,44,Yes,No,Fiber optic,Yes,Yes,Yes,No,Yes,Yes,Two year,No,Electronic check,119.97,5291.08,Yes,Established_25-48m,5,0,1,0.022669725325391906,0
Female,0,Yes,Yes,4,Yes,No,DSL,No,No,Yes,Yes,No,No,Month-to-month,Yes,Credit card (automatic),74.33,266.14,Yes,New_0-12m,2,0,0,0.2782436175787976,0
Female,0,Yes,Yes,59,No,No phone service,DSL,No,No,No,No,No,No,One year,Yes,Mailed check,43.46,2574.72,Yes,Loyal_49-72m,0,0,0,0.016872952028947247,0
Male,1,No,No,18,Yes,Yes,DSL,Yes,No,Yes,No,Yes,No,Month-to-month,No,Mailed check,92.9,1700.68,No,Developing_13-24m,3,0,0,0.05459310798740069,0
Male,0,No,No,9,Yes,Yes,No,No internet service,No internet service,No internet service,No internet service,No internet service,No internet service,Month-to-month,Yes,Mailed check,43.55,388.12,Yes,New_0-12m,0,0,0,0.11191920230263157,0
Male,0,No,No,50,Yes,No,Fiber optic,No,Yes,Yes,Yes,No,No,Two year,Yes,Bank transfer (automatic),99.13,4967.61,No,Loyal_49-72m,3,0,0,0.019951253972438972,0
Female,0,Yes,No,17,Yes,Yes,DSL,No,No,No,No,No,Yes,Month-to-month,Yes,Credit card (automatic),84.18,1415.99,No,Developing_13-24m,1,0,0,0.059407617555522624,0
Male,0,No,No,39,Yes,Yes,Fiber optic,Yes,No,Yes,Yes,No,No,One year,Yes,Bank transfer (automatic),108.55,4247.25,Yes,Established_25-48m,3,1,0,0.02555169775790031,0
Male,0,No,No,24,Yes,No,Fiber optic,No,Yes,No,No,No,Yes,One year,No,Bank transfer (automatic),97.36,2344.29,Yes,Developing_13-24m,2,0,0,0.04151298986479284,0
Female,0,Yes,No,35,Yes,No,No,No internet service,No internet service,No internet service,No internet service,No internet service,No internet service,Month-to-month,No,Electronic check,32.85,1153.02,Yes,Established_25-48m,0,0,0,0.028465711166184297,0
Female,1,No,Yes,42,Yes,No,Fiber optic,No,No,No,No,No,No,Two year,No,Mailed check,77.44,3254.89,No,Established_25-48m,0,0,0,0.023784587317139092,0
Male,0,Yes,No,64,Yes,No,No,No internet service,No internet service,No internet service,No internet service,No internet service,No internet service,Two year,No,Bank transfer (automatic),34.58,2219.04,No,Loyal_49-72m,0,0,0,0.01557629592259599,0
Male,1,No,Yes,60,Yes,Yes,Fiber optic,No,No,No,No,No,No,One year,No,Bank transfer (automatic),90.31,5417.64,No,Loyal_49-72m,0,0,0,0.01666654363456513,0
Male,0,Yes,Yes,44,Yes,No,No,No internet service,No internet service,No internet service,No internet service,No internet service,No internet service,Two year,No,Electronic check,33.27,1449.29,No,Established_25-48m,0,0,0,0.02294023953829924,0
Male,0,No,No,70,Yes,No,DSL,No,No,No,Yes,Yes,No,One year,No,Credit card (automatic),77.72,5438.18,No,Loyal_49-72m,2,0,0,0.014288918550222643,0
Male,0,Yes,Yes,26,Yes,Yes,DSL,No,Yes,No,Yes,Yes,Yes,One year,Yes,Electronic check,105.19,2734.22,No,Established_25-48m,4,0,1,0.03845760121672114,0
Male,0,No,No,60,Yes,Yes,No,No internet service,No internet service,No internet service,No internet service,No internet service,No internet service,Two year,Yes,Electronic check,45.22,2695.59,No,Loyal_49-72m,0,0,0,0.016769327187299513,0
Female,0,Yes,Yes,38,Yes,Yes,No,No internet service,No internet service,No internet service,No internet service,No internet service,No internet service,One year,Yes,Electronic check,46.4,1761.54,No,Established_25-48m,0,0,0,0.026325643673335074,0
Female,0,No,Yes,33,Yes,Yes,DSL,No,No,No,No,Yes,No,One year,Yes,Bank transfer (automatic),79.86,2634.45,No,Established_25-48m,1,0,0,0.03030222542639777,0
Female,0,No,No,60,Yes,Yes,Fiber optic,No,Yes,No,No,Yes,No,Two year,Yes,Electronic check,107.03,6413.99,No,Loyal_49-72m,2,0,0,0.016684359601495873,0
Male,1,Yes,No,11,Yes,Yes,Fiber optic,No,Yes,No,Yes,Yes,Yes,Month-to-month,No,Credit card (automatic),129.62,1431.1,Yes,New_0-12m,4,0,1,0.09051043921513861,0
Female,0,No,No,54,Yes,No,DSL,Yes,No,Yes,No,Yes,No,Two year,Yes,Credit card (automatic),83.68,4527.56,No,Loyal_49-72m,3,0,0,0.018478280071369264,0
Male,0,No,No,19,Yes,No,DSL,Yes,Yes,Yes,No,No,Yes,Month-to-month,Yes,Electronic check,89.85,1697.19,No,Developing_13-24m,4,0,0,0.052909273991720594,0
Male,0,Yes,Yes,13,Yes,No,DSL,Yes,Yes,No,Yes,No,Yes,One year,Yes,Mailed check,92.57,1205.65,No,Developing_13-24m,4,1,0,0.07671652923382918,0
Female,0,Yes,Yes,47,Yes,No,Fiber optic,No,No,Yes,Yes,No,No,Month-to-month,Yes,Electronic check,93.34,4400.62,Yes,Established_25-48m,2,0,0,0.021205828763046334,0
Male,0,No,No,30,Yes,No,DSL,Yes,Yes,Yes,No,Yes,Yes,Month-to-month,Yes,Mailed check,100.83,3009.74,Yes,Established_25-48m,5,0,1,0.03349010542258714,0
Male,1,Yes,No,54,Yes,Yes,DSL,No,No,Yes,No,No,No,One year,Yes,Mailed check,76.46,4103.89,No,Loyal_49-72m,1,0,0,0.01862656490186095,0
Female,1,Yes,No,58,Yes,No,No,No internet service,No internet service,No internet service,No internet service,No internet service,No internet service,One year,Yes,Credit card (automatic),32.93,1895.82,No,Loyal_49-72m,0,0,0,0.01736063516833437,0
Female,1,Yes,No,28,Yes,No,DSL,Yes,No,Yes,No,No,Yes,Month-to-month,Yes,Electronic check,81.58,2292.14,No,Established_25-48m,3,0,0,0.035575673530617406,0
Female,1,Yes,No,38,Yes,Yes,Fiber optic,No,No,Yes,Yes,Yes,Yes,Two year,No,Credit card (automatic),126.96,4817.63,No,Established_25-48m,4,0,1,0.0263477378424988,0
Male,0,Yes,Yes,40,Yes,No,No,No internet service,No internet service,No internet service,No internet service,No internet service,No internet service,One year,No,Credit card (automatic),36.07,1424.22,No,Established_25-48m,0,0,0,0.02530837344409986,0
Female,0,Yes,Yes,71,Yes,Yes,DSL,No,No,Yes,No,Yes,No,One year,Yes,Bank transfer (automatic),89.74,6390.58,No,Loyal_49-72m,2,0,0,0.014040346831299929,0
Female,0,No,No,61,Yes,Yes,DSL,No,No,Yes,No,No,Yes,One year,No,Mailed check,87.29,5306.98,Yes,Loyal_49-72m,2,0,0,0.016445050659572948,0
Male,0,No,No,6,Yes,Yes,Fiber optic,Yes,No,No,No,Yes,Yes,Month-to-month,No,Mailed check,121.25,724.94,Yes,New_0-12m,3,0,1,0.16702482298812574,1
Female,0,Yes,Yes,38,Yes,Yes,Fiber optic,Yes,Yes,Yes,No,No,Yes,Two year,Yes,Electronic check,122.07,4649.71,Yes,Established_25-48m,4,0,0,0.026247605204366642,0
Female,0,No,No,18,Yes,Yes,Fiber optic,No,Yes,Yes,No,No,Yes,One year,Yes,Bank transfer (automatic),114.06,2063.13,No,Developing_13-24m,3,0,0,0.05525814750039968,0
Female,0,No,No,11,Yes,Yes,Fiber optic,No,No,No,Yes,Yes,No,Month-to-month,No,Mailed check,110.95,1226.71,Yes,New_0-12m,2,0,0,0.09037150467129859,0
Male,0,No,No,62,Yes,Yes,No,No internet service,No internet service,No internet service,No internet service,No internet service,No internet service,Month-to-month,Yes,Electronic check,47.8,2953.58,No,Loyal_49-72m,0,0,0,0.016178272377122976,0
Male,0,Yes,No,68,Yes,Yes,DSL,Yes,Yes,Yes,Yes,No,No,One year,Yes,Mailed check,94.94,6464.29,No,Loyal_49-72m,4,1,0,0.01468456944700083,0
Male,0,Yes,No,68,Yes,No,Fiber optic,No,Yes,No,Yes,No,Yes,Two year,Yes,Electronic check,105.64,7183.74,No,Loyal_49-72m,3,0,0,0.014703385230363243,0
Male,0,No,Yes,21,Yes,No,DSL,Yes,Yes,No,No,No,Yes,Month-to-month,Yes,Bank transfer (automatic),86.4,1820.5,Yes,Developing_13-24m,3,0,0,0.04743343398298106,0
Female,0,No,No,59,Yes,Yes,Fiber optic,Yes,No,No,No,Yes,Yes,Month-to-month,Yes,Bank transfer (automatic),118.59,7017.37,Yes,Loyal_49-72m,3,0,1,0.016897085790575306,1
Male,0,No,No,53,Yes,Yes,DSL,Yes,Yes,No,No,No,No,Month-to-month,Yes,Mailed check,82.23,4340.28,No,Loyal_49-72m,2,0,0,0.018941418199240778,0
Male,0,No,No,68,Yes,Yes,Fiber optic,Yes,No,No,No,No,No,Two year,Yes,Electronic check,95.06,6469.86,No,Loyal_49-72m,1,0,0,0.014690473909186725,0
Female,0,Yes,Yes,12,Yes,No,No,No internet service,No internet service,No internet service,No internet service,No internet service,No internet service,One year,No,Credit card (automatic),37.05,446.73,Yes,New_0-12m,0,0,0,0.08275076496995956,0
Female,0,No,No,12,Yes,No,DSL,Yes,Yes,No,No,Yes,Yes,Two year,No,Bank transfer (automatic),94.22,1144.81,No,New_0-12m,4,0,1,0.08223003813895848,0
Female,0,Yes,Yes,72,Yes,No,DSL,Yes,Yes,No,No,Yes,Yes,Two year,No,Bank transfer (automatic),95.9,6931.47,No,Loyal_49-72m,4,0,1,0.013833453300194592,0
Male,0,Yes,No,40,Yes,Yes,Fiber optic,No,Yes,No,Yes,Yes,No,Two year,Yes,Bank transfer (automatic),114.43,4603.41,Yes,Established_25-48m,3,0,0,0.024852261201760924,0
Male,0,No,Yes,30,Yes,Yes,DSL,Yes,No,No,Yes,No,No,Month-to-month,Yes,Electronic check,81.8,2466.53,No,Established_25-48m,2,1,0,0.033150559466348935,0
Male,0,Yes,Yes,59,Yes,No,Fiber optic,No,Yes,No,No,No,Yes,One year,Yes,Electronic check,95.15,5604.87,No,Loyal_49-72m,2,0,0,0.016973279794215708,0
Female,0,Yes,Yes,19,Yes,Yes,No,No internet service,No internet service,No internet service,No internet service,No internet service,No internet service,One year,Yes,Mailed check,44.75,843.92,No,Developing_13-24m,0,0,0,0.05296359418643185,0
Female,0,No,No,52,Yes,No,No,No internet service,No internet service,No internet service,No internet service,No internet service,No internet service,One year,Yes,Credit card (automatic),35.73,1868.78,No,Loyal_49-72m,0,0,0,0.019109200012835732,0
Male,0,Yes,Yes,43,Yes,No,Fiber optic,No,Yes,Yes,No,No,No,Month-to-month,Yes,Mailed check,92.03,3937.99,Yes,Established_25-48m,2,0,0,0.02336385723243776,1
Female,0,No,No,6,Yes,No,Fiber optic,Yes,No,Yes,No,No,Yes,Month-to-month,Yes,Credit card (automatic),104.35,622.6,Yes,New_0-12m,3,0,0,0.1673348300192431,1
Female,0,No,No,58,Yes,Yes,DSL,Yes,Yes,Yes,Yes,No,No,Two year,Yes,Electronic check,95.35,5519.23,No,Loyal_49-72m,4,1,0,0.017272831023345044,0
Female,0,No,No,23,Yes,Yes,Fiber optic,No,Yes,No,No,Yes,Yes,Month-to-month,No,Bank transfer (automatic),121.48,2776.39,Yes,Developing_13-24m,3,0,1,0.0437389059512708,1
Male,0,Yes,No,32,Yes,No,Fiber optic,No,No,No,No,No,No,One year,Yes,Electronic check,81.09,2598.6,Yes,Established_25-48m,0,0,0,0.031193260501615635,0
Female,0,Yes,No,68,Yes,No,No,No internet service,No internet service,No internet service,No internet service,No internet service,No internet service,Two year,No,Mailed check,35.19,2404.76,No,Loyal_49-72m,0,0,0,0.0146273942537909,0
Female,0,Yes,No,55,Yes,Yes,No,No internet service,No internet service,No internet service,No internet service,No internet service,No internet service,Month-to-month,No,Electronic check,45.31,2501.05,Yes,Loyal_49-72m,0,0,0,0.018109150496592792,0
Male,0,Yes,Yes,23,Yes,No,No,No internet service,No internet service,No internet service,No internet service,No internet service,No internet service,Month-to-month,Yes,Bank transfer (automatic),34.3,790.67,No,Developing_13-24m,0,0,0,0.043326133363648996,0
Male,0,Yes,Yes,2,Yes,Yes,Fiber optic,Yes,Yes,Yes,No,Yes,Yes,Month-to-month,No,Mailed check,134.92,264.56,Yes,New_0-12m,5,0,1,0.5080584425365265,1
Female,0,No,No,19,Yes,Yes,Fiber optic,Yes,Yes,Yes,No,Yes,Yes,Month-to-month,No,Mailed check,133.21,2523.12,No,Developing_13-24m,5,0,1,0.05277482845506554,1
Female,0,Yes,Yes,9,Yes,No,No,No internet service,No internet service,No internet service,No internet service,No internet service,No internet service,Month-to-month,Yes,Electronic check,34.85,326.72,No,New_0-12m,0,0,0,0.10634077871353594,0
Male,0,No,No,2,Yes,No,Fiber optic,No,No,No,Yes,Yes,Yes,Month-to-month,No,Electronic check,111.74,215.81,Yes,New_0-12m,3,0,1,0.515382131820488,0
Male,0,Yes,No,71,Yes,No,Fiber optic,No,No,Yes,No,No,Yes,Two year,No,Electronic check,97.42,6908.72,No,Loyal_49-72m,2,0,0,0.014098979408716995,0
Female,0,No,No,10,No,No phone service,DSL,Yes,Yes,No,No,Yes,No,Month-to-month,Yes,Mailed check,68.55,691.67,No,New_0-12m,3,0,0,0.0989648750487245,0
Female,0,No,No,18,Yes,No,No,No internet service,No internet service,No internet service,No internet service,No internet service,No internet service,One year,No,Electronic check,35.37,621.94,No,Developing_13-24m,0,0,0,0.05677914405881786,0
Female,1,Yes,No,4,No,No phone service,Fiber optic,No,No,No,No,No,Yes,Month-to-month,Yes,Electronic check,74.44,299.04,Yes,New_0-12m,1,0,0,0.24810025329956004,1
Female,0,Yes,Yes,64,Yes,Yes,Fiber optic,No,No,Yes,No,No,No,Two year,No,Mailed check,95.63,6112.38,Yes,Loyal_49-72m,1,0,0,0.01564273773264544,0
Male,0,No,No,29,Yes,No,No,No internet service,No internet service,No internet service,No internet service,No internet service,No internet service,Month-to-month,No,Electronic check,34.8,999.13,No,Established_25-48m,0,0,0,0.03479547658804355,0
Female,0,No,No,39,Yes,Yes,Fiber optic,No,No,No,No,No,No,One year,Yes,Bank transfer (automatic),89.99,3505.86,Yes,Established_25-48m,0,0,0,0.025661132751236146,0
Female,0,No,No,65,Yes,Yes,Fiber optic,No,No,No,Yes,No,Yes,Month-to-month,No,Electronic check,110.26,7178.22,Yes,Loyal_49-72m,2,0,0,0.01535821440212168,0
Male,0,Yes,No,18,Yes,Yes,Fiber optic,Yes,No,Yes,Yes,No,No,Month-to-month,No,Credit card (automatic),110.05,1983.55,No,Developing_13-24m,3,1,0,0.05545337733995112,0
Female,0,Yes,Yes,49,Yes,No,Fiber optic,No,Yes,No,Yes,No,Yes,One year,No,Bank transfer (automatic),106.61,5228.29,No,Loyal_49-72m,3,0,0,0.020387088878222475,0
Male,0,No,No,2,Yes,Yes,DSL,No,Yes,Yes,No,Yes,No,Month-to-month,No,Mailed check,93.8,198.98,Yes,New_0-12m,3,0,0,0.46904690469046906,0
Female,1,No,No,20,Yes,Yes,Fiber optic,No,Yes,No,No,No,Yes,Month-to-month,No,Credit card (automatic),109.48,2198.96,Yes,Developing_13-24m,2,0,0,0.04976454117347588,1
Female,0,Yes,Yes,2,Yes,No,Fiber optic,No,Yes,Yes,No,No,Yes,One year,No,Credit card (automatic),104.99,207.3,No,New_0-12m,3,0,0,0.5040326452232357,0
Male,0,No,No,58,Yes,No,Fiber optic,Yes,No,No,Yes,Yes,Yes,Two year,No,Mailed check,121.37,7047.81,No,Loyal_49-72m,4,1,1,0.017218509223542698,0
Male,1,Yes,Yes,63,Yes,Yes,No,No internet service,No internet service,No internet service,No internet service,No internet service,No internet service,One year,No,Electronic check,46.05,2898.62,No,Loyal_49-72m,0,0,0,0.01588139135472924,0
Female,0,Yes,No,56,Yes,No,DSL,No,Yes,No,Yes,Yes,Yes,Month-to-month,Yes,Electronic check,96.88,5431.85,Yes,Loyal_49-72m,4,0,1,0.01783226115206567,0
Female,1,Yes,No,67,Yes,No,No,No internet service,No internet service,No internet service,No internet service,No internet service,No internet service,Two year,Yes,Electronic check,34.76,2344.54,No,Loyal_49-72m,0,0,0,0.01481961509929483,0
Female,0,Yes,Yes,63,Yes,Yes,Fiber optic,No,Yes,Yes,No,Yes,No,Month-to-month,Yes,Bank transfer (automatic),113.24,7141.93,No,Loyal_49-72m,3,0,0,0.01585343829492939,1
Male,0,No,No,2,Yes,No,Fiber optic,Yes,Yes,No,Yes,Yes,Yes,Month-to-month,Yes,Mailed check,124.01,229.32,Yes,New_0-12m,5,1,1,0.5384248002778743,0
Female,0,Yes,No,40,Yes,No,DSL,No,No,Yes,No,No,Yes,One year,No,Credit card (automatic),79.65,3178.55,No,Established_25-48m,2,0,0,0.025050714723781668,0
Male,0,Yes,Yes,67,Yes,Yes,DSL,No,No,No,Yes,No,Yes,Month-to-month,Yes,Mailed check,89.51,6006.88,No,Loyal_49-72m,2,0,0,0.014898766286943149,0
Male,1,No,No,62,Yes,Yes,Fiber optic,No,No,No,No,Yes,Yes,One year,Yes,Bank transfer (automatic),113.15,6982.97,No,Loyal_49-72m,2,0,1,0.01620138689026442,0
Female,0,No,No,21,Yes,No,DSL,Yes,No,No,No,Yes,Yes,Month-to-month,Yes,Electronic check,90.77,1911.02,Yes,Developing_13-24m,3,0,1,0.04747335278919677,0
Male,0,No,No,70,Yes,No,No,No internet service,No internet service,No internet service,No internet service,No internet service,No internet service,Two year,No,Bank transfer (automatic),33.78,2368.61,No,Loyal_49-72m,0,0,0,0.014255510400445643,0
Female,0,No,No,35,Yes,Yes,DSL,Yes,Yes,No,Yes,Yes,Yes,Month-to-month,Yes,Bank transfer (automatic),112.69,3985.06,No,Established_25-48m,5,1,1,0.02827102452045378,0
Female,0,Yes,No,7,Yes,Yes,No,No internet service,No internet service,No internet service,No internet service,No internet service,No internet service,Month-to-month,Yes,Bank transfer (automatic),45.57,325.47,Yes,New_0-12m,0,0,0,0.13958403528655006,0
Female,0,No,No,69,Yes,Yes,Fiber optic,Yes,Yes,No,No,No,Yes,Month-to-month,Yes,Credit card (automatic),111.31,7678.76,Yes,Loyal_49-72m,3,0,0,0.014493942519037054,1
Female,0,No,No,61,Yes,No,Fiber optic,Yes,No,Yes,No,No,No,Two year,Yes,Electronic check,91.28,5585.54,No,Loyal_49-72m,2,0,0,0.016339272608806167,0
Female,0,No,No,68,Yes,Yes,DSL,No,No,Yes,Yes,Yes,No,One year,Yes,Mailed check,97.28,6609.87,No,Loyal_49-72m,3,0,0,0.014715158519226668,0
Male,0,Yes,No,51,Yes,No,Fiber optic,No,No,No,Yes,No,No,Two year,No,Electronic check,85.25,4348.38,No,Loyal_49-72m,1,0,0,0.019600494783164498,0
Male,0,Yes,No,56,Yes,Yes,DSL,No,Yes,No,No,Yes,No,Two year,Yes,Bank transfer (automatic),85.36,4781.49,No,Loyal_49-72m,2,0,0,0.0178484429659027,0
Female,0,No,No,51,Yes,No,Fiber optic,Yes,No,Yes,No,No,Yes,Two year,No,Electronic check,101.85,5203.35,No,Loyal_49-72m,3,0,0,0.019570167263923445,0
Female,0,Yes,Yes,72,Yes,No,Fiber optic,Yes,No,No,No,Yes,Yes,Month-to-month,Yes,Mailed check,105.9,7610.95,No,Loyal_49-72m,3,0,1,0.013912335209768851,1
Male,0,No,No,29,Yes,No,Fiber optic,No,No,No,Yes,No,No,Month-to-month,Yes,Credit card (automatic),90.84,2646.86,Yes,Established_25-48m,1,0,0,0.034306949763205,0
Male,0,No,Yes,32,Yes,No,No,No internet service,No internet service,No internet service,No internet service,No internet service,No internet service,One year,No,Electronic check,35.18,1117.87,No,Established_25-48m,0,0,0,0.031442437459222254,0
Male,0,No,No,19,Yes,No,Fiber optic,Yes,No,No,No,No,Yes,Month-to-month,Yes,Electronic check,96.99,1873.7,Yes,Developing_13-24m,2,0,0,0.051736277804448706,1
Male,0,No,No,17,Yes,Yes,DSL,Yes,No,No,No,No,No,Two year,Yes,Bank transfer (automatic),74.06,1236.32,No,Developing_13-24m,1,0,0,0.0598551708531342,0
Female,0,No,No,11,Yes,Yes,DSL,No,No,Yes,No,Yes,No,Month-to-month,Yes,Credit card (automatic),91.3,992.94,Yes,New_0-12m,2,0,0,0.09185665130691993,0
Female,0,Yes,Yes,61,Yes,No,No,No internet service,No internet service,No internet service,No internet service,No internet service,No internet service,Month-to-month,No,Electronic check,35.98,2164.34,No,Loyal_49-72m,0,0,0,0.01661632815169904,0
Male,0,No,No,34,Yes,No,DSL,Yes,Yes,Yes,No,No,Yes,One year,Yes,Credit card (automatic),89.81,3098.01,No,Established_25-48m,4,0,0,0.028980222716286815,0
Female,0,No,No,61,Yes,Yes,Fiber optic,No,No,Yes,Yes,Yes,No,Month-to-month,No,Electronic check,117.83,7169.23,No,Loyal_49-72m,3,0,0,0.016433224596700526,0
Male,0,Yes,No,3,Yes,No,DSL,No,No,Yes,No,No,Yes,Month-to-month,Yes,Electronic check,78.58,247.14,Yes,New_0-12m,2,0,0,0.3166760699605062,0
Female,0,Yes,No,71,Yes,No,DSL,No,Yes,No,No,No,Yes,Month-to-month,Yes,Mailed check,77.25,5495.66,No,Loyal_49-72m,2,0,0,0.014053989149774591,0
Male,0,Yes,No,70,Yes,No,Fiber optic,No,Yes,No,No,Yes,No,One year,No,Bank transfer (automatic),97.09,6782.71,No,Loyal_49-72m,2,0,0,0.014312227380002977,0
Female,1,No,No,8,Yes,No,Fiber optic,No,No,Yes,Yes,Yes,No,Month-to-month,No,Credit card (automatic),105.11,852.48,Yes,New_0-12m,3,0,0,0.12315461405071003,0
Male,0,Yes,Yes,19,Yes,No,Fiber optic,No,No,Yes,No,No,Yes,Month-to-month,No,Electronic check,96.48,1817.09,No,Developing_13-24m,2,0,0,0.05306667986733331,1
Male,0,No,No,70,Yes,Yes,Fiber optic,Yes,No,Yes,No,No,Yes,Two year,No,Bank transfer (automatic),115.67,8084.7,No,Loyal_49-72m,3,0,0,0.014305502306541177,0
Female,1,Yes,No,70,Yes,No,DSL,No,Yes,No,Yes,No,Yes,Month-to-month,Yes,Electronic check,85.22,5941.97,Yes,Loyal_49-72m,3,0,0,0.014339631531035828,0
Male,0,Yes,No,48,Yes,Yes,DSL,Yes,No,No,No,Yes,Yes,Two year,No,Credit card (automatic),102.03,4907.48,No,Established_25-48m,3,0,1,0.02078647565030315,0
Female,0,No,No,58,Yes,No,Fiber optic,No,Yes,Yes,No,Yes,No,Two year,Yes,Electronic check,102.76,5930.7,Yes,Loyal_49-72m,3,0,0,0.017323870054116022,0
Female,0,Yes,No,6,Yes,No,Fiber optic,Yes,No,No,Yes,No,No,Month-to-month,Yes,Bank transfer (automatic),93.1,564.5,Yes,New_0-12m,2,1,0,0.16463306808134393,0
Male,0,No,No,51,Yes,No,DSL,Yes,Yes,No,Yes,Yes,Yes,One year,Yes,Electronic check,103.32,5267.47,No,Loyal_49-72m,5,1,1,0.01961100661102749,0
Female,1,No,No,57,Yes,Yes,Fiber optic,No,No,No,No,No,No,Month-to-month,No,Credit card (automatic),88.65,5079.2,Yes,Loyal_49-72m,0,0,0,0.017450100389748438,1
Female,1,No,No,2,Yes,No,Fiber optic,Yes,Yes,No,No,No,No,Month-to-month,No,Electronic check,91.12,182.73,Yes,New_0-12m,2,0,0,0.49594513688564745,1
Female,0,Yes,No,36,No,No phone service,DSL,Yes,No,Yes,No,Yes,Yes,One year,Yes,Electronic check,81.83,2958.6,Yes,Established_25-48m,4,0,1,0.027649006622516556,0
Female,0,No,No,28,Yes,No,Fiber optic,No,No,Yes,No,No,Yes,Month-to-month,Yes,Bank transfer (automatic),99.8,2802.07,No,Established_25-48m,2,0,0,0.035603820097250514,1
Female,1,No,No,39,Yes,No,Fiber optic,No,No,No,Yes,No,No,Two year,Yes,Credit card (automatic),88.45,3448.0,No,Established_25-48m,1,0,0,0.02564511452594955,0
Male,0,No,No,13,Yes,No,DSL,No,No,Yes,Yes,Yes,No,Month-to-month,Yes,Credit card (automatic),84.21,1111.45,Yes,Developing_13-24m,3,0,0,0.07569778417007506,0
Female,0,No,No,13,Yes,No,Fiber optic,No,No,No,No,Yes,No,One year,Yes,Electronic check,91.1,1190.0,Yes,Developing_13-24m,1,0,0,0.07649034424853064,0
Female,1,No,No,27,Yes,No,Fiber optic,No,Yes,Yes,No,No,Yes,One year,Yes,Electronic check,103.13,2797.99,Yes,Established_25-48m,3,0,0,0.036845433531380964,0
Female,0,No,No,27,Yes,No,No,No internet service,No internet service,No internet service,No internet service,No internet service,No internet service,Month-to-month,No,Credit card (automatic),37.55,999.93,No,Established_25-48m,0,0,0,0.037515110946819454,0
Female,0,No,No,41,Yes,Yes,Fiber optic,No,Yes,No,No,No,Yes,Two year,No,Electronic check,109.48,4496.6,No,Established_25-48m,2,0,0,0.02434187122020633,0
Female,0,Yes,No,24,No,No phone service,DSL,Yes,Yes,Yes,No,Yes,Yes,Month-to-month,Yes,Bank transfer (automatic),88.82,2143.71,Yes,Developing_13-24m,5,0,1,0.041413524439201564,0
Male,1,Yes,Yes,71,Yes,No,DSL,Yes,No,Yes,No,Yes,No,Month-to-month,No,Mailed check,82.94,5872.4,No,Loyal_49-72m,3,0,0,0.014121292607348384,0
Female,0,Yes,No,58,Yes,Yes,No,No internet service,No internet service,No internet service,No internet service,No internet service,No internet service,Month-to-month,Yes,Bank transfer (automatic),43.09,2498.11,No,Loyal_49-72m,0,0,0,0.017242138201199627,0
Male,0,Yes,No,31,No,No phone service,No,No internet service,No internet service,No internet service,No internet service,No internet service,No internet service,Month-to-month,Yes,Mailed check,20.86,620.58,No,Established_25-48m,0,0,0,0.03355963834100196,0
Male,0,Yes,Yes,44,Yes,No,DSL,Yes,Yes,No,No,No,Yes,Month-to-month,Yes,Bank transfer (automatic),83.31,3641.84,Yes,Established_25-48m,3,0,0,0.02286951938597358,0
Male,0,Yes,Yes,49,Yes,No,DSL,Yes,No,Yes,No,No,No,One year,Yes,Bank transfer (automatic),72.44,3548.66,No,Loyal_49-72m,2,0,0,0.020407588332403668,0
Male,0,No,No,42,Yes,Yes,Fiber optic,No,Yes,Yes,No,Yes,Yes,Two year,No,Bank transfer (automatic),126.62,5345.04,Yes,Established_25-48m,4,0,1,0.023684820914171987,0
Female,0,Yes,Yes,61,Yes,Yes,Fiber optic,No,No,Yes,Yes,No,No,Two year,Yes,Bank transfer (automatic),103.41,6336.17,No,Loyal_49-72m,2,0,0,0.01631800945848068,0
Male,0,No,No,20,Yes,Yes,DSL,Yes,No,Yes,No,No,Yes,Month-to-month,No,Mailed check,95.51,1905.63,Yes,Developing_13-24m,3,0,0,0.050093620681516605,0
Male,0,Yes,Yes,22,Yes,Yes,Fiber optic,No,No,No,Yes,No,Yes,Two year,No,Bank transfer (automatic),107.81,2357.55,No,Developing_13-24m,2,0,0,0.045710288100739856,0
Female,1,Yes,Yes,13,Yes,Yes,DSL,Yes,Yes,No,Yes,Yes,No,Two year,Yes,Bank transfer (automatic),102.16,1341.99,No,Developing_13-24m,4,1,0,0.07606906976224692,0
Female,0,Yes,Yes,32,Yes,Yes,DSL,No,No,No,Yes,Yes,Yes,Month-to-month,Yes,Bank transfer (automatic),103.02,3266.59,Yes,Established_25-48m,3,0,1,0.0315278232581199,0
Female,1,Yes,No,39,Yes,No,DSL,No,Yes,Yes,No,Yes,No,Two year,Yes,Credit card (automatic),86.55,3369.4,No,Established_25-48m,3,0,0,0.025679444576311414,0
Male,0,No,No,70,Yes,No,Fiber optic,No,Yes,Yes,No,Yes,No,Two year,Yes,Electronic check,104.2,7282.78,No,Loyal_49-72m,3,0,0,0.014305758823028702,0
Female,0,No,No,63,Yes,Yes,No,No internet service,No internet service,No internet service,No internet service,No internet service,No internet service,Two year,No,Bank transfer (automatic),46.89,2952.78,No,Loyal_49-72m,0,0,0,0.015874574274319684,0
Female,0,Yes,No,21,Yes,Yes,Fiber optic,Yes,No,Yes,Yes,No,Yes,Month-to-month,Yes,Credit card (automatic),123.79,2620.22,Yes,Developing_13-24m,4,1,0,0.04722610082328077,0
Male,0,Yes,Yes,22,No,No phone service,DSL,Yes,No,Yes,Yes,No,No,One year,No,Mailed check,68.51,1468.4,No,Developing_13-24m,3,1,0,0.04662447257383966,0
Female,1,Yes,Yes,7,Yes,Yes,No,No internet service,No internet service,No internet service,No internet service,No internet service,No internet service,Month-to-month,Yes,Bank transfer (automatic),45.49,323.09,Yes,New_0-12m,0,0,0,0.14036224505538586,0
Female,0,No,No,25,No,No phone service,DSL,No,No,No,No,Yes,Yes,Two year,Yes,Electronic check,72.08,1807.15,No,Established_25-48m,2,0,1,0.03986394934048613,0
Female,0,No,No,62,Yes,No,No,No internet service,No internet service,No internet service,No internet service,No internet service,No internet service,Month-to-month,Yes,Electronic check,36.22,2244.73,No,Loyal_49-72m,0,0,0,0.01612838587007343,0
Female,0,No,Yes,17,Yes,Yes,No,No internet service,No internet service,No internet service,No internet service,No internet service,No internet service,Two year,No,Mailed check,42.7,730.27,No,Developing_13-24m,0,0,0,0.05839156535889617,0
Male,0,No,No,5,Yes,No,DSL,Yes,Yes,No,Yes,No,Yes,Month-to-month,Yes,Credit card (automatic),92.04,467.91,Yes,New_0-12m,4,1,0,0.1962850013861935,0
Female,0,No,No,57,No,No phone service,DSL,No,No,No,No,Yes,No,Month-to-month,Yes,Electronic check,55.63,3173.28,Yes,Loyal_49-72m,1,0,0,0.017525234068828208,0
Female,0,Yes,No,70,Yes,Yes,No,No internet service,No internet service,No internet service,No internet service,No internet service,No internet service,Two year,Yes,Electronic check,47.3,3280.47,No,Loyal_49-72m,0,0,0,0.01441427165264348,0
Male,0,Yes,Yes,71,Yes,No,Fiber optic,No,Yes,No,Yes,No,No,Two year,Yes,Electronic check,94.25,6678.41,No,Loyal_49-72m,2,0,0,0.01411052772625127,0
Female,0,No,No,67,Yes,Yes,DSL,No,Yes,No,No,Yes,No,One year,Yes,Electronic check,86.02,5787.3,Yes,Loyal_49-72m,2,0,0,0.01486101273258124,0
Male,0,No,No,16,Yes,No,No,No internet service,No internet service,No internet service,No internet service,No internet service,No internet service,Two year,No,Bank transfer (automatic),36.32,563.61,No,Developing_13-24m,0,0,0,0.06432758895520801,0
Female,0,No,Yes,24,No,No phone service,Fiber optic,No,Yes,Yes,No,No,Yes,Two year,Yes,Electronic check,90.98,2184.73,Yes,Developing_13-24m,3,0,0,0.041624537339927624,0
Male,0,No,No,70,Yes,No,Fiber optic,Yes,Yes,Yes,Yes,No,No,Two year,No,Credit card (automatic),105.4,7367.18,No,Loyal_49-72m,4,1,0,0.014304753684084808,0
Male,0,Yes,Yes,69,No,No phone service,Fiber optic,Yes,No,Yes,No,No,Yes,One year,No,Electronic check,88.33,6103.69,No,Loyal_49-72m,3,0,0,0.014469203186402586,0
Male,0,No,No,38,Yes,Yes,Fiber optic,Yes,Yes,Yes,No,Yes,Yes,Two year,Yes,Mailed check,132.3,5024.36,Yes,Established_25-48m,5,0,1,0.026326472133339704,0
Male,0,No,No,26,Yes,Yes,Fiber optic,No,Yes,Yes,No,Yes,Yes,One year,Yes,Mailed check,123.28,3215.1,Yes,Established_25-48m,4,0,1,0.038332141413513265,0
Female,0,Yes,Yes,17,Yes,No,DSL,No,No,Yes,No,No,No,Two year,No,Credit card (automatic),67.06,1145.77,No,Developing_13-24m,1,0,0,0.05847728838389564,0
Male,0,No,No,43,Yes,Yes,Fiber optic,No,Yes,No,No,No,Yes,One year,Yes,Mailed check,110.54,4747.37,Yes,Established_25-48m,2,0,0,0.023279567514747166,0
Female,1,No,No,70,Yes,Yes,Fiber optic,Yes,Yes,No,Yes,No,No,One year,Yes,Mailed check,109.02,7597.96,Yes,Loyal_49-72m,3,1,0,0.01434670007474707,0
Male,0,Yes,Yes,70,Yes,No,No,No internet service,No internet service,No internet service,No internet service,No internet service,No internet service,Two year,Yes,Bank transfer (automatic),37.76,2630.2,No,Loyal_49-72m,0,0,0,0.014350866524779569,0
Male,0,Yes,No,61,Yes,No,Fiber optic,No,No,No,No,No,Yes,One year,Yes,Electronic check,93.49,5684.8,No,Loyal_49-72m,1,0,0,0.01644271694396567,0
Male,1,Yes,Yes,47,Yes,No,Fiber optic,No,Yes,No,No,No,Yes,Two year,Yes,Electronic check,97.88,4582.15,No,Established_25-48m,2,0,0,0.021356490623261296,0
Female,1,No,No,26,Yes,Yes,DSL,Yes,Yes,No,No,No,No,Two year,Yes,Mailed check,82.95,2164.25,No,Established_25-48m,2,0,0,0.03830966401108417,0
Male,0,Yes,No,25,Yes,Yes,No,No internet service,No internet service,No internet service,No internet service,No internet service,No internet service,One year,Yes,Mailed check,47.4,1215.37,No,Established_25-48m,0,0,0,0.03896840599488643,0
Female,1,No,No,22,Yes,No,DSL,Yes,No,No,No,No,Yes,Month-to-month,Yes,Electronic check,78.21,1683.64,No,Developing_13-24m,2,0,0,0.046425349035995815,0
Female,0,No,No,72,Yes,Yes,Fiber optic,No,No,Yes,No,No,Yes,Month-to-month,Yes,Mailed check,108.59,7795.89,Yes,Loyal_49-72m,2,0,0,0.01392734795540273,1
Female,0,Yes,Yes,68,Yes,Yes,No,No internet service,No internet service,No internet service,No internet service,No internet service,No internet service,One year,Yes,Bank transfer (automatic),44.2,3009.08,No,Loyal_49-72m,0,0,0,0.014683995109764526,0
Female,0,No,No,51,No,No phone service,No,No internet service,No internet service,No internet service,No internet service,No internet service,No internet service,Two year,No,Credit card (automatic),19.82,1007.02,No,Loyal_49-72m,0,0,0,0.01966230828753398,0
Female,0,No,No,4,Yes,Yes,Fiber optic,Yes,Yes,Yes,Yes,No,No,Month-to-month,Yes,Bank transfer (automatic),117.05,475.0,Yes,New_0-12m,4,1,0,0.2459033613445378,0
Female,0,Yes,Yes,24,Yes,Yes,Fiber optic,Yes,No,No,Yes,No,Yes,Month-to-month,Yes,Mailed check,115.73,2776.82,No,Developing_13-24m,3,1,0,0.04166216673506563,0
Female,0,Yes,No,71,Yes,Yes,No,No internet service,No internet service,No internet service,No internet service,No internet service,No internet service,One year,No,Electronic check,44.24,3160.8,No,Loyal_49-72m,0,0,0,0.013992029856410905,0
Female,0,No,No,18,Yes,No,No,No internet service,No internet service,No internet service,No internet service,No internet service,No internet service,Two year,Yes,Electronic check,36.73,669.7,No,Developing_13-24m,0,0,0,0.054763679737587584,0
Female,0,No,No,51,Yes,Yes,Fiber optic,Yes,Yes,No,No,No,Yes,Month-to-month,No,Mailed check,114.72,5863.87,Yes,Loyal_49-72m,3,0,0,0.01956053586865523,1
Male,1,Yes,Yes,28,Yes,Yes,Fiber optic,No,Yes,No,Yes,Yes,Yes,Month-to-month,No,Mailed check,127.28,3579.11,Yes,Established_25-48m,4,0,1,0.03555198024641701,0
Male,0,Yes,Yes,20,Yes,No,DSL,No,No,Yes,Yes,No,Yes,One year,Yes,Bank transfer (automatic),88.63,1754.71,No,Developing_13-24m,3,0,0,0.050481001987799805,0
Male,1,Yes,No,5,Yes,Yes,Fiber optic,No,Yes,No,Yes,Yes,Yes,Month-to-month,No,Bank transfer (automatic),131.17,664.66,Yes,New_0-12m,4,0,1,0.19705254934951777,0
Male,1,No,No,46,Yes,No,DSL,Yes,No,No,No,No,No,Month-to-month,Yes,Credit card (automatic),67.52,3115.56,Yes,Established_25-48m,1,0,0,0.021664912595939112,0
Male,0,Yes,No,62,Yes,No,Fiber optic,No,Yes,Yes,No,Yes,No,Month-to-month,No,Electronic check,102.21,6331.89,Yes,Loyal_49-72m,3,0,0,0.01613955082118906,1
Female,0,No,No,25,No,No phone service,Fiber optic,No,Yes,No,No,No,Yes,One year,Yes,Electronic check,83.61,2085.03,No,Established_25-48m,2,0,0,0.040080919258112295,0
Female,0,No,No,24,No,No phone service,DSL,No,No,No,Yes,No,No,Month-to-month,Yes,Electronic check,53.88,1288.32,Yes,Developing_13-24m,1,0,0,0.04178947041851519,0
Female,1,Yes,Yes,33,Yes,Yes,DSL,No,No,No,No,Yes,No,Two year,No,Credit card (automatic),79.62,2614.27,No,Established_25-48m,1,0,0,0.0304442753520669,0
Female,0,No,No,64,Yes,Yes,Fiber optic,No,Yes,No,Yes,No,Yes,Month-to-month,No,Bank transfer (automatic),117.79,7538.56,Yes,Loyal_49-72m,3,0,0,0.01562292759789696,0
Female,0,Yes,Yes,62,Yes,Yes,DSL,Yes,No,No,No,Yes,No,Two year,Yes,Electronic check,88.31,5507.4,No,Loyal_49-72m,2,0,0,0.01603187858543316,0
Female,0,No,No,35,Yes,No,Fiber optic,Yes,Yes,No,Yes,No,Yes,One year,Yes,Electronic check,113.68,3995.0,Yes,Established_25-48m,4,1,0,0.02844844844844845,0
Female,0,Yes,No,61,Yes,Yes,No,No internet service,No internet service,No internet service,No internet service,No internet service,No internet service,Two year,No,Electronic check,44.54,2717.33,No,Loyal_49-72m,0,0,0,0.016385059944892637,0
Male,0,No,No,52,Yes,Yes,Fiber optic,No,No,No,No,Yes,Yes,Month-to-month,Yes,Credit card (automatic),114.73,5943.95,Yes,Loyal_49-72m,2,0,1,0.019298732537700067,1
Male,0,No,No,17,Yes,No,DSL,Yes,Yes,Yes,No,No,No,One year,No,Electronic check,78.8,1347.79,No,Developing_13-24m,3,0,0,0.05842273445087819,0
Male,0,Yes,Yes,71,Yes,Yes,DSL,No,Yes,Yes,Yes,No,Yes,Two year,No,Mailed check,102.28,7256.42,No,Loyal_49-72m,4,0,0,0.014093162583948566,0
Male,0,Yes,Yes,70,Yes,Yes,Fiber optic,Yes,No,No,Yes,Yes,Yes,One year,Yes,Electronic check,128.74,9009.45,No,Loyal_49-72m,4,1,1,0.014287854657647509,0
Female,1,Yes,Yes,6,No,No phone service,Fiber optic,Yes,Yes,No,Yes,Yes,No,Month-to-month,No,Mailed check,96.79,614.46,Yes,New_0-12m,4,1,0,0.15726448510057517,0
Female,0,Yes,No,28,Yes,No,Fiber optic,No,No,Yes,No,No,Yes,Month-to-month,No,Credit card (automatic),96.23,2722.91,No,Established_25-48m,2,0,0,0.035327892624939884,1
Female,1,No,No,8,Yes,No,DSL,No,Yes,Yes,No,No,No,Month-to-month,Yes,Electronic check,68.94,516.04,Yes,New_0-12m,2,0,0,0.13333591211511683,0
Male,0,No,No,45,Yes,No,DSL,No,Yes,No,No,No,No,Month-to-month,Yes,Electronic check,65.07,2933.63,Yes,Established_25-48m,1,0,0,0.0221731530039562,0
Female,0,Yes,No,67,Yes,Yes,DSL,No,Yes,No,No,Yes,Yes,Two year,Yes,Mailed check,101.19,6782.21,No,Loyal_49-72m,3,0,1,0.014917715948643783,0
Female,0,No,No,19,No,No phone service,Fiber optic,No,No,No,No,Yes,No,One year,Yes,Electronic check,75.44,1438.69,Yes,Developing_13-24m,1,0,0,0.05240016948092992,0
Female,0,No,No,1,Yes,No,No,No internet service,No internet service,No internet service,No internet service,No internet service,No internet service,Month-to-month,No,Bank transfer (automatic),36.59,36.59,No,New_0-12m,0,0,0,0.9733971801010907,0
Male,1,No,No,56,Yes,No,No,No internet service,No internet service,No internet service,No internet service,No internet service,No internet service,One year,Yes,Mailed check,37.09,2077.08,No,Loyal_49-72m,0,0,0,0.01784820603634124,0
Female,0,Yes,No,13,Yes,No,Fiber optic,Yes,Yes,Yes,No,No,No,One year,Yes,Bank transfer (automatic),98.71,1266.82,Yes,Developing_13-24m,3,0,0,0.07785805555993754,0
Male,1,Yes,No,50,Yes,No,No,No internet service,No internet service,No internet service,No internet service,No internet service,No internet service,Month-to-month,Yes,Bank transfer (automatic),34.75,1753.06,No,Loyal_49-72m,0,0,0,0.019811180917414455,0
Male,0,Yes,No,15,Yes,No,No,No internet service,No internet service,No internet service,No internet service,No internet service,No internet service,One year,Yes,Electronic check,36.54,563.2,No,Developing_13-24m,0,0,0,0.06476426799007444,0
Male,0,No,No,46,Yes,No,Fiber optic,Yes,No,No,No,No,Yes,Month-to-month,Yes,Bank transfer (automatic),99.74,4612.65,Yes,Established_25-48m,2,0,0,0.021618458270566687,1
Male,0,Yes,Yes,24,No,No phone service,Fiber optic,Yes,Yes,Yes,No,No,No,Month-to-month,No,Mailed check,82.66,1972.23,Yes,Developing_13-24m,3,0,0,0.04189070711473067,1
Female,0,Yes,Yes,60,Yes,No,No,No internet service,No internet service,No internet service,No internet service,No internet service,No internet service,Two year,Yes,Electronic check,35.13,2111.85,No,Loyal_49-72m,0,0,0,0.01662683105757626,0
Male,0,Yes,Yes,4,Yes,No,DSL,No,Yes,Yes,Yes,Yes,Yes,Month-to-month,Yes,Electronic check,102.78,441.77,Yes,New_0-12m,5,0,1,0.23212954807236263,0
Male,1,No,No,4,Yes,Yes,DSL,No,Yes,Yes,No,No,No,Month-to-month,No,Mailed check,82.43,319.59,Yes,New_0-12m,2,0,0,0.25711968557971243,0
Female,0,Yes,No,6,Yes,No,No,No internet service,No internet service,No internet service,No internet service,No internet service,No internet service,One year,No,Electronic check,31.9,176.26,No,New_0-12m,0,0,0,0.17996163827146563,0
Female,0,Yes,Yes,71,Yes,Yes,Fiber optic,Yes,No,No,Yes,Yes,No,One year,Yes,Mailed check,115.56,8209.26,Yes,Loyal_49-72m,3,1,0,0.014075071922204656,0
Male,0,Yes,Yes,71,No,No phone service,No,No internet service,No internet service,No internet service,No internet service,No internet service,No internet service,Two year,Yes,Bank transfer (automatic),18.72,1346.6,No,Loyal_49-72m,0,0,0,0.013891362422083704,0
Female,0,Yes,Yes,40,Yes,Yes,No,No internet service,No internet service,No internet service,No internet service,No internet service,No internet service,Two year,Yes,Electronic check,44.87,1784.79,No,Established_25-48m,0,0,0,0.025126134651890758,0
Male,1,No,No,55,Yes,No,Fiber optic,No,Yes,No,No,Yes,Yes,Month-to-month,Yes,Bank transfer (automatic),108.81,6013.54,Yes,Loyal_49-72m,3,0,1,0.018091159091135813,1
Male,0,Yes,Yes,71,Yes,No,Fiber optic,No,Yes,No,Yes,Yes,Yes,Month-to-month,No,Credit card (automatic),115.13,8160.49,Yes,Loyal_49-72m,4,0,1,0.014106492809523752,0
Male,0,Yes,Yes,61,Yes,Yes,Fiber optic,Yes,Yes,Yes,No,Yes,No,Two year,No,Electronic check,119.02,7270.09,No,Loyal_49-72m,4,0,0,0.016368935056504594,0
Male,1,No,No,26,Yes,Yes,DSL,No,No,No,Yes,No,Yes,One year,Yes,Mailed check,89.29,2311.39,No,Established_25-48m,2,0,0,0.03861372865303864,0
Female,0,Yes,Yes,32,Yes,No,DSL,No,No,Yes,No,Yes,Yes,One year,Yes,Electronic check,91.6,2924.21,No,Established_25-48m,3,0,1,0.03131399113226059,0
Male,0,Yes,Yes,8,Yes,No,Fiber optic,No,No,No,No,Yes,Yes,Month-to-month,Yes,Mailed check,103.04,836.66,Yes,New_0-12m,2,0,1,0.12300933552992863,1
Female,0,No,Yes,34,Yes,No,DSL,No,No,No,No,No,No,One year,Yes,Bank transfer (automatic),58.73,1993.68,Yes,Established_25-48m,0,0,0,0.029443319229149535,0
Female,0,Yes,Yes,2,Yes,Yes,Fiber optic,Yes,Yes,No,Yes,Yes,Yes,Month-to-month,No,Electronic check,132.21,241.63,Yes,New_0-12m,5,1,1,0.5449037629312122,0
Female,0,Yes,No,68,Yes,Yes,DSL,No,Yes,Yes,Yes,Yes,No,Two year,No,Electronic check,103.71,7040.3,No,Loyal_49-72m,4,0,0,0.014728814281453707,0
Female,0,Yes,No,69,Yes,No,Fiber optic,No,Yes,No,No,No,Yes,Two year,Yes,Bank transfer (automatic),97.67,6750.06,No,Loyal_49-72m,2,0,0,0.014467357718639738,0
Male,0,No,No,25,Yes,No,No,No internet service,No internet service,No internet service,No internet service,No internet service,No internet service,One year,Yes,Bank transfer (automatic),35.41,891.21,No,Established_25-48m,0,0,0,0.039687965837639116,0
Female,0,No,No,10,Yes,No,Fiber optic,No,Yes,Yes,No,Yes,No,Month-to-month,No,Mailed check,101.68,1027.68,Yes,New_0-12m,3,0,0,0.09884512190379904,1
Male,0,No,No,51,Yes,Yes,Fiber optic,No,Yes,No,No,No,Yes,One year,Yes,Mailed check,105.37,5364.83,No,Loyal_49-72m,2,0,0,0.019637222945937536,0
Female,0,No,No,43,Yes,No,No,No internet service,No internet service,No internet service,No internet service,No internet service,No internet service,Month-to-month,No,Electronic check,33.65,1431.05,Yes,Established_25-48m,0,0,0,0.02349778289864181,0
Female,1,Yes,No,4,Yes,Yes,DSL,No,No,Yes,No,Yes,Yes,Month-to-month,Yes,Electronic check,102.43,397.44,Yes,New_0-12m,3,0,1,0.25707760265033636,0
Male,0,Yes,Yes,69,Yes,No,DSL,Yes,Yes,Yes,No,Yes,No,Two year,Yes,Electronic check,88.36,6085.58,No,Loyal_49-72m,4,0,0,0.014517183705792087,0
Male,0,No,No,64,Yes,Yes,DSL,No,No,Yes,No,No,No,Two year,No,Bank transfer (automatic),75.06,4803.14,No,Loyal_49-72m,1,0,0,0.01562402427905931,0
Male,0,No,No,69,No,No phone service,Fiber optic,No,Yes,No,No,Yes,Yes,Two year,Yes,Mailed check,95.02,6538.62,No,Loyal_49-72m,3,0,1,0.014529896232502806,0
Female,1,Yes,Yes,20,Yes,No,DSL,Yes,No,No,Yes,Yes,Yes,Month-to-month,Yes,Bank transfer (automatic),97.06,1957.18,Yes,Developing_13-24m,4,1,1,0.04956643413782186,0
Female,0,No,No,39,Yes,Yes,DSL,Yes,No,No,No,No,No,Two year,Yes,Bank transfer (automatic),76.72,2999.82,No,Established_25-48m,1,0,0,0.025566345198978945,0
Male,0,Yes,Yes,28,Yes,No,DSL,No,No,Yes,No,No,Yes,Month-to-month,Yes,Mailed check,76.75,2136.03,Yes,Established_25-48m,2,0,0,0.03591432970056573,0
Male,0,Yes,Yes,33,Yes,Yes,Fiber optic,No,Yes,Yes,No,No,No,Month-to-month,No,Electronic check,100.35,3308.57,Yes,Established_25-48m,2,0,0,0.030321159546406327,1
Male,1,Yes,No,41,Yes,No,Fiber optic,Yes,Yes,No,No,No,Yes,One year,Yes,Mailed check,108.08,4417.98,No,Established_25-48m,3,0,0,0.0244581328722918,0
Male,0,Yes,Yes,25,Yes,Yes,Fiber optic,No,Yes,Yes,Yes,Yes,No,Two year,Yes,Credit card (automatic),120.59,3012.51,No,Established_25-48m,4,0,0,0.04001645921201522,0
Female,1,No,No,71,Yes,No,Fiber optic,Yes,Yes,No,No,No,Yes,One year,Yes,Bank transfer (automatic),105.19,7455.97,No,Loyal_49-72m,3,0,0,0.014106265681637448,0
Male,0,No,Yes,30,Yes,No,DSL,Yes,Yes,Yes,No,Yes,Yes,Month-to-month,No,Mailed check,100.59,3049.84,Yes,Established_25-48m,5,0,1,0.03297124726304886,0
Male,0,Yes,Yes,24,Yes,No,No,No internet service,No internet service,No internet service,No internet service,No internet service,No internet service,Month-to-month,Yes,Electronic check,32.69,760.7,Yes,Developing_13-24m,0,0,0,0.04291715898647761,0
Male,0,Yes,No,11,Yes,No,Fiber optic,No,Yes,No,Yes,Yes,Yes,Month-to-month,Yes,Bank transfer (automatic),117.86,1277.42,Yes,New_0-12m,4,0,1,0.0921919244066895,0
Male,0,No,No,66,Yes,No,DSL,No,No,No,No,No,No,One year,Yes,Bank transfer (automatic),57.99,3823.77,No,Loyal_49-72m,0,0,0,0.01516169599740638,0
Female,1,Yes,Yes,11,Yes,No,DSL,Yes,No,Yes,Yes,Yes,No,One year,Yes,Bank transfer (automatic),91.41,1006.92,Yes,New_0-12m,4,1,0,0.09069172156520358,0
Male,0,No,No,44,Yes,No,No,No internet service,No internet service,No internet service,No internet service,No internet service,No internet service,One year,Yes,Electronic check,33.81,1489.14,Yes,Established_25-48m,0,0,0,0.022689143301971627,0
Female,0,Yes,Yes,10,Yes,No,Fiber optic,No,No,No,No,Yes,No,Month-to-month,Yes,Electronic check,93.88,952.57,Yes,New_0-12m,1,0,0,0.09845108382184842,1
Male,0,No,No,55,Yes,No,Fiber optic,No,No,Yes,Yes,Yes,Yes,Two year,No,Mailed check,115.69,6369.59,No,Loyal_49-72m,4,0,1,0.018160013436746045,0
Male,0,Yes,No,20,Yes,No,DSL,No,Yes,Yes,No,Yes,Yes,Month-to-month,Yes,Credit card (automatic),97.01,1926.37,Yes,Developing_13-24m,4,0,1,0.0503328369747376,0
Female,0,Yes,Yes,22,Yes,No,Fiber optic,Yes,No,No,No,Yes,No,One year,Yes,Credit card (automatic),98.43,2181.39,No,Developing_13-24m,2,0,0,0.04510192953596746,0
Male,0,Yes,No,58,Yes,No,Fiber optic,No,Yes,Yes,No,No,Yes,Two year,Yes,Mailed check,103.66,6021.7,No,Loyal_49-72m,3,0,0,0.017211549637205906,0
Female,1,Yes,Yes,41,Yes,Yes,No,No internet service,No internet service,No internet service,No internet service,No internet service,No internet service,Two year,No,Mailed check,43.86,1819.06,No,Established_25-48m,0,0,0,0.024098106655824535,0
Female,0,Yes,No,63,Yes,No,Fiber optic,Yes,Yes,Yes,No,Yes,No,Two year,No,Electronic check,110.26,6947.15,No,Loyal_49-72m,4,0,0,0.015868972316371986,0
Male,0,No,No,36,Yes,Yes,DSL,No,No,Yes,No,Yes,No,Two year,No,Electronic check,88.34,3196.59,Yes,Established_25-48m,2,0,0,0.027627056627022226,0
Female,0,Yes,Yes,68,Yes,No,DSL,Yes,No,Yes,Yes,No,Yes,Two year,No,Electronic check,92.59,6255.28,Yes,Loyal_49-72m,4,1,0,0.014799529432825897,0
Female,0,Yes,No,11,Yes,Yes,DSL,Yes,No,No,Yes,No,No,One year,Yes,Bank transfer (automatic),83.6,912.32,Yes,New_0-12m,2,1,0,0.09153418298077343,0
Female,0,No,No,25,Yes,No,Fiber optic,Yes,No,Yes,No,No,Yes,Month-to-month,Yes,Electronic check,102.28,2543.31,Yes,Established_25-48m,3,0,0,0.04019950399125893,1
Female,1,No,No,39,Yes,Yes,DSL,Yes,No,No,No,Yes,No,Two year,No,Bank transfer (automatic),89.32,3494.01,No,Established_25-48m,2,0,0,0.025556436176148275,0
Female,0,No,No,32,Yes,No,Fiber optic,No,Yes,Yes,Yes,No,No,Month-to-month,No,Mailed check,99.99,3188.59,Yes,Established_25-48m,3,0,0,0.03134885674961358,0
Female,0,No,No,35,Yes,No,Fiber optic,No,Yes,No,No,No,Yes,Month-to-month,Yes,Credit card (automatic),97.08,3412.43,Yes,Established_25-48m,2,0,0,0.028440600803297564,1
Female,0,Yes,No,5,Yes,No,DSL,Yes,Yes,No,Yes,Yes,Yes,Month-to-month,Yes,Credit card (automatic),102.5,524.31,Yes,New_0-12m,5,1,1,0.19512287982334242,0
Female,1,No,Yes,4,Yes,No,Fiber optic,Yes,No,No,Yes,No,No,Month-to-month,No,Credit card (automatic),95.38,372.41,No,New_0-12m,2,1,0,0.2554296885461021,0
Male,0,No,No,6,Yes,No,Fiber optic,Yes,No,No,Yes,No,No,Month-to-month,No,Mailed check,96.08,580.06,Yes,New_0-12m,2,1,0,0.16535297559632398,0
Male,0,No,Yes,31,Yes,No,Fiber optic,No,No,Yes,Yes,No,No,Month-to-month,Yes,Bank transfer (automatic),94.86,2937.44,Yes,Established_25-48m,2,0,0,0.032282435578061826,0
Female,0,Yes,No,45,No,No phone service,No,No internet service,No internet service,No internet service,No internet service,No internet service,No internet service,Month-to-month,Yes,Bank transfer (automatic),20.96,944.95,Yes,Established_25-48m,0,0,0,0.02215761932448861,0
Male,0,Yes,No,65,No,No phone service,Fiber optic,No,No,Yes,No,Yes,No,Month-to-month,No,Electronic check,84.76,5520.64,Yes,Loyal_49-72m,2,0,0,0.015350511804463892,1
Female,0,Yes,Yes,26,Yes,Yes,Fiber optic,Yes,No,Yes,Yes,No,Yes,Month-to-month,Yes,Mailed check,121.46,3153.07,Yes,Established_25-48m,4,1,0,0.03850897411915398,0
Female,0,No,Yes,66,Yes,No,No,No internet service,No internet service,No internet service,No internet service,No internet service,No internet service,One year,No,Credit card (automatic),38.2,2496.36,No,Loyal_49-72m,0,0,0,0.01529615273729058,0
Male,0,No,No,1,Yes,No,Fiber optic,Yes,No,No,No,No,Yes,Month-to-month,Yes,Bank transfer (automatic),96.41,105.34,Yes,New_0-12m,2,0,0,0.9066202745909346,1
Female,0,No,No,67,Yes,Yes,No,No internet service,No internet service,No internet service,No internet service,No internet service,No internet service,Two year,No,Electronic check,44.63,3006.3,No,Loyal_49-72m,0,0,0,0.014840554650350814,0
Female,0,Yes,Yes,58,Yes,Yes,Fiber optic,No,Yes,Yes,No,No,Yes,One year,Yes,Electronic check,112.84,6519.22,No,Loyal_49-72m,3,0,0,0.017306164515921242,0
Female,0,No,No,9,No,No phone service,Fiber optic,No,Yes,No,Yes,No,Yes,One year,No,Electronic check,91.1,819.35,Yes,New_0-12m,3,0,0,0.11105016151642591,0
Female,0,No,No,51,Yes,No,Fiber optic,No,No,No,No,No,No,One year,Yes,Electronic check,82.6,4198.62,No,Loyal_49-72m,0,0,0,0.019668446192750773,0
Male,0,Yes,Yes,19,No,No phone service,Fiber optic,No,Yes,Yes,Yes,No,No,Month-to-month,Yes,Credit card (automatic),84.64,1625.06,Yes,Developing_13-24m,3,0,0,0.052052199795825496,0
Female,0,No,No,63,Yes,Yes,DSL,Yes,No,Yes,Yes,No,Yes,Two year,Yes,Mailed check,102.63,6483.43,No,Loyal_49-72m,4,1,0,0.015827142863752093,0
Female,0,Yes,No,59,No,No phone service,No,No internet service,No internet service,No internet service,No internet service,No internet service,No internet service,One year,No,Mailed check,18.5,1079.35,No,Loyal_49-72m,0,0,0,0.017124080159207664,0
Female,0,No,No,62,Yes,No,Fiber optic,Yes,Yes,No,No,Yes,No,Two year,Yes,Electronic check,104.64,6467.95,No,Loyal_49-72m,3,0,0,0.016175731764815002,0
Male,0,No,No,7,Yes,No,Fiber optic,No,Yes,Yes,No,No,Yes,Month-to-month,No,Credit card (automatic),105.5,742.17,Yes,New_0-12m,3,0,0,0.1419594440033909,1
Female,0,No,No,9,Yes,No,Fiber optic,No,No,Yes,No,Yes,Yes,Month-to-month,Yes,Credit card (automatic),110.18,974.98,Yes,New_0-12m,3,0,1,0.11289165761593475,1
Male,1,No,No,32,Yes,No,Fiber optic,Yes,Yes,No,Yes,Yes,Yes,Month-to-month,No,Electronic check,122.4,3929.67,Yes,Established_25-48m,5,1,1,0.031139729359116894,0
Male,0,No,No,51,Yes,No,Fiber optic,Yes,Yes,No,No,No,No,Two year,Yes,Bank transfer (automatic),90.2,4598.23,No,Loyal_49-72m,2,0,0,0.019611978526840365,0
Female,1,No,No,1,Yes,No,Fiber optic,No,No,Yes,No,No,Yes,Month-to-month,No,Credit card (automatic),97.17,121.25,Yes,New_0-12m,2,0,0,0.7948466257668712,1
Female,0,Yes,No,4,Yes,No,DSL,No,No,No,No,Yes,Yes,Month-to-month,No,Mailed check,82.19,353.51,Yes,New_0-12m,2,0,1,0.23184113283123184,0
Male,0,No,No,10,Yes,Yes,DSL,Yes,Yes,No,Yes,Yes,Yes,Month-to-month,Yes,Mailed check,116.36,1186.88,Yes,New_0-12m,5,1,1,0.09795602249385459,0
Female,0,Yes,No,3,Yes,Yes,No,No internet service,No internet service,No internet service,No internet service,No internet service,No internet service,Month-to-month,Yes,Mailed check,45.7,143.14,Yes,New_0-12m,0,0,0,0.3170528652698766,0
Male,0,Yes,No,16,No,No phone service,No,No internet service,No internet service,No internet service,No internet service,No internet service,No internet service,Month-to-month,No,Electronic check,22.17,340.53,Yes,Developing_13-24m,0,0,0,0.06491377038620327,0
Male,0,No,No,8,Yes,Yes,DSL,No,No,No,No,Yes,No,Two year,Yes,Electronic check,81.57,630.31,Yes,New_0-12m,1,0,0,0.1292075208693035,0
Female,0,No,No,63,Yes,Yes,DSL,No,Yes,No,No,Yes,Yes,Two year,No,Bank transfer (automatic),98.85,6236.47,No,Loyal_49-72m,3,0,1,0.015847771612528795,0
Female,1,Yes,No,48,Yes,Yes,DSL,Yes,Yes,No,No,No,Yes,Two year,Yes,Credit card (automatic),92.95,4471.64,No,Established_25-48m,3,0,0,0.0207819095657151,0
Male,1,Yes,No,59,Yes,Yes,No,No internet service,No internet service,No internet service,No internet service,No internet service,No internet service,Two year,No,Mailed check,44.31,2618.22,No,Loyal_49-72m,0,0,0,0.016917250173715842,0
Male,0,Yes,No,52,No,No phone service,DSL,No,No,No,Yes,No,Yes,Two year,No,Electronic check,64.26,3321.59,No,Loyal_49-72m,2,0,0,0.019340333896147283,0
Male,0,Yes,Yes,69,Yes,Yes,DSL,No,Yes,Yes,Yes,No,No,Two year,No,Mailed check,91.83,6324.31,No,Loyal_49-72m,3,0,0,0.01451786552753936,0
Male,0,Yes,Yes,15,Yes,No,DSL,No,Yes,No,No,No,No,Two year,No,Mailed check,67.37,1011.8,Yes,Developing_13-24m,1,0,0,0.06651856240126383,0
Female,0,No,Yes,72,Yes,No,Fiber optic,No,Yes,Yes,No,Yes,No,Two year,Yes,Electronic check,104.41,7508.32,No,Loyal_49-72m,3,0,0,0.013904055227370787,0
Female,0,Yes,No,64,No,No phone service,No,No internet service,No internet service,No internet service,No internet service,No internet service,No internet service,One year,Yes,Electronic check,18.5,1172.36,No,Loyal_49-72m,0,0,0,0.015766687120747257,0
Female,1,Yes,Yes,31,Yes,No,Fiber optic,Yes,No,Yes,No,No,No,Month-to-month,Yes,Mailed check,92.44,2851.14,Yes,Established_25-48m,2,0,0,0.03241075122539567,1
Female,0,Yes,Yes,69,Yes,No,DSL,No,No,Yes,No,No,Yes,Two year,Yes,Electronic check,77.53,5347.54,No,Loyal_49-72m,2,0,0,0.014495544578520494,0
Female,0,No,No,2,Yes,No,Fiber optic,No,No,No,Yes,Yes,Yes,Month-to-month,Yes,Mailed check,114.11,225.11,Yes,New_0-12m,3,0,1,0.5046658705939586,0
Male,0,Yes,Yes,7,Yes,No,DSL,No,No,Yes,Yes,Yes,No,Month-to-month,Yes,Electronic check,87.34,598.98,Yes,New_0-12m,3,0,0,0.14557151905063503,0
Female,0,Yes,No,69,Yes,Yes,DSL,No,No,No,No,No,Yes,Two year,No,Bank transfer (automatic),82.21,5672.64,No,Loyal_49-72m,1,0,0,0.014489816061646489,0
Female,0,Yes,No,18,No,No phone service,No,No internet service,No internet service,No internet service,No internet service,No internet service,No internet service,One year,Yes,Bank transfer (automatic),18.5,336.74,No,Developing_13-24m,0,0,0,0.054775863089950846,0
Female,0,No,No,68,Yes,No,No,No internet service,No internet service,No internet service,No internet service,No internet service,No internet service,Two year,Yes,Mailed check,34.8,2371.69,No,Loyal_49-72m,0,0,0,0.014666897066199122,0
Female,0,No,No,8,Yes,No,No,No internet service,No internet service,No internet service,No internet service,No internet service,No internet service,One year,Yes,Electronic check,34.02,257.8,No,New_0-12m,0,0,0,0.13145285935085008,0
Female,0,Yes,No,71,Yes,No,Fiber optic,Yes,No,No,Yes,No,Yes,Two year,No,Electronic check,106.61,7564.7,No,Loyal_49-72m,3,1,0,0.014091227513647117,0
Male,0,Yes,Yes,36,Yes,Yes,DSL,Yes,No,Yes,No,No,Yes,One year,Yes,Electronic check,92.29,3322.68,No,Established_25-48m,3,0,0,0.02776741443219564,0
Male,1,Yes,Yes,9,Yes,No,Fiber optic,Yes,Yes,No,No,No,No,Month-to-month,Yes,Electronic check,92.39,833.39,Yes,New_0-12m,2,0,0,0.11072759740648858,1
Male,0,No,No,18,Yes,No,DSL,No,No,No,No,No,Yes,Month-to-month,Yes,Electronic check,68.67,1216.04,Yes,Developing_13-24m,1,0,0,0.05642378229146126,0
Female,0,No,No,59,Yes,Yes,DSL,No,No,No,Yes,Yes,Yes,One year,Yes,Electronic check,99.92,5890.16,No,Loyal_49-72m,3,0,1,0.016961005981843982,0
Male,0,Yes,Yes,54,Yes,Yes,DSL,Yes,No,No,Yes,No,No,Month-to-month,No,Bank transfer (automatic),82.68,4473.61,Yes,Loyal_49-72m,2,1,0,0.01847758799090871,0
Male,0,Yes,No,6,Yes,Yes,No,No internet service,No internet service,No internet service,No internet service,No internet service,No internet service,Month-to-month,No,Bank transfer (automatic),44.18,256.17,No,New_0-12m,0,0,0,0.17179297740794025,0
Female,0,Yes,Yes,47,Yes,Yes,Fiber optic,Yes,No,Yes,No,Yes,Yes,Two year,No,Electronic check,126.58,5954.59,No,Established_25-48m,4,0,1,0.021253981553464894,0
Female,0,Yes,Yes,70,Yes,No,DSL,Yes,No,Yes,No,No,Yes,Two year,No,Electronic check,81.52,5706.62,No,Loyal_49-72m,3,0,0,0.014282660723734235,0
Female,0,No,No,58,No,No phone service,DSL,No,No,No,Yes,No,Yes,Two year,No,Electronic check,64.04,3707.42,No,Loyal_49-72m,2,0,0,0.017268809897476554,0
Male,0,Yes,Yes,49,Yes,Yes,No,No internet service,No internet service,No internet service,No internet service,No internet service,No internet service,Two year,Yes,Electronic check,44.08,2178.85,No,Loyal_49-72m,0,0,0,0.020221574879005437,0
Male,0,Yes,Yes,21,Yes,No,No,No internet service,No internet service,No internet service,No internet service,No internet service,No internet service,Month-to-month,Yes,Electronic check,36.03,752.09,Yes,Developing_13-24m,0,0,0,0.047842887304306254,0
Female,0,Yes,Yes,23,Yes,Yes,Fiber optic,No,No,Yes,No,No,No,One year,Yes,Electronic check,95.71,2198.17,Yes,Developing_13-24m,1,0,0,0.04352096472760177,0
Female,1,No,No,10,No,No phone service,DSL,Yes,Yes,Yes,No,Yes,Yes,Month-to-month,Yes,Mailed check,85.55,848.23,Yes,New_0-12m,5,0,1,0.10073831588615569,0
Male,1,No,No,72,Yes,No,Fiber optic,Yes,Yes,Yes,No,No,Yes,Two year,No,Credit card (automatic),108.38,7825.57,Yes,Loyal_49-72m,4,0,0,0.013847700844686752,0
Male,0,Yes,Yes,4,Yes,No,Fiber optic,No,No,No,No,Yes,No,Month-to-month,Yes,Mailed check,91.17,385.54,Yes,New_0-12m,1,0,0,0.23586174781393904,1
Female,0,Yes,No,56,Yes,No,No,No internet service,No internet service,No internet service,No internet service,No internet service,No internet service,Month-to-month,No,Electronic check,32.53,1838.88,No,Loyal_49-72m,0,0,0,0.017680500902232756,0
Female,0,Yes,Yes,13,Yes,No,DSL,Yes,No,Yes,Yes,Yes,No,Month-to-month,Yes,Bank transfer (automatic),94.44,1240.76,No,Developing_13-24m,4,1,0,0.07605334364128334,0
Male,1,No,No,21,Yes,No,Fiber optic,No,No,No,No,Yes,Yes,One year,Yes,Mailed check,103.99,2170.53,No,Developing_13-24m,2,0,1,0.047887894710181296,0
Female,0,Yes,Yes,16,Yes,No,DSL,No,No,Yes,Yes,No,Yes,Month-to-month,No,Credit card (automatic),84.63,1347.33,No,Developing_13-24m,3,0,0,0.06276653341541018,0
Male,1,No,No,7,Yes,Yes,Fiber optic,No,Yes,Yes,No,No,No,One year,No,Mailed check,100.42,691.38,Yes,New_0-12m,2,0,0,0.14503596291054047,0
Male,0,No,No,9,Yes,No,DSL,No,No,No,No,No,No,Month-to-month,Yes,Bank transfer (automatic),58.19,539.16,Yes,New_0-12m,0,0,0,0.10772734004739337,0
Male,0,No,No,52,No,No phone service,No,No internet service,No internet service,No internet service,No internet service,No internet service,No internet service,One year,Yes,Electronic check,20.56,1104.15,No,Loyal_49-72m,0,0,0,0.018603809437632898,0
Male,0,Yes,No,70,No,No phone service,DSL,Yes,No,Yes,Yes,No,No,One year,Yes,Bank transfer (automatic),62.52,4386.59,No,Loyal_49-72m,3,1,0,0.014249280356642257,0
Female,1,No,No,49,Yes,No,Fiber optic,Yes,No,Yes,No,Yes,Yes,One year,Yes,Electronic check,115.73,5695.91,Yes,Loyal_49-72m,4,0,1,0.02031452138088894,0
Female,1,No,No,31,Yes,Yes,Fiber optic,No,Yes,No,No,No,Yes,One year,Yes,Electronic check,108.86,3381.52,No,Established_25-48m,2,0,0,0.03218310608658633,0
Male,0,Yes,No,2,Yes,Yes,No,No internet service,No internet service,No internet service,No internet service,No internet service,No internet service,Month-to-month,Yes,Credit card (automatic),44.12,92.99,Yes,New_0-12m,0,0,0,0.46941163953612086,0
Male,0,Yes,Yes,32,Yes,No,Fiber optic,Yes,No,Yes,No,No,Yes,Month-to-month,Yes,Bank transfer (automatic),102.48,3270.66,Yes,Established_25-48m,3,0,0,0.031323548290470286,1
Male,0,Yes,Yes,59,Yes,No,DSL,No,No,No,No,No,No,One year,Yes,Credit card (automatic),61.26,3623.54,No,Loyal_49-72m,0,0,0,0.01690145508119651,0
Male,0,Yes,No,53,Yes,Yes,DSL,No,No,Yes,Yes,No,Yes,One year,Yes,Mailed check,94.3,5011.59,Yes,Loyal_49-72m,3,0,0,0.018812629798168213,0
Male,0,Yes,No,4,Yes,No,Fiber optic,No,No,Yes,Yes,No,No,Month-to-month,No,Bank transfer (automatic),93.58,390.13,Yes,New_0-12m,2,0,0,0.23925549050187916,0
Female,0,No,No,69,Yes,No,Fiber optic,No,Yes,Yes,No,No,No,One year,No,Mailed check,92.17,6361.28,No,Loyal_49-72m,2,0,0,0.014486944931691156,0
Female,0,Yes,Yes,40,Yes,No,DSL,Yes,No,No,No,No,No,One year,Yes,Mailed check,65.09,2606.57,No,Established_25-48m,1,0,0,0.024961937742802687,0
Female,0,No,No,71,No,No phone service,No,No internet service,No internet service,No internet service,No internet service,No internet service,No internet service,Month-to-month,Yes,Bank transfer (automatic),18.5,1312.58,No,Loyal_49-72m,0,0,0,0.014083649263843848,0
Female,0,Yes,Yes,14,Yes,Yes,DSL,Yes,No,Yes,No,No,Yes,One year,Yes,Electronic check,93.16,1295.77,No,Developing_13-24m,3,0,0,0.07184003331354057,0
Male,0,No,No,26,Yes,No,No,No internet service,No internet service,No internet service,No internet service,No internet service,No internet service,One year,Yes,Electronic check,35.51,936.48,No,Established_25-48m,0,0,0,0.03787814140034987,0
Male,0,Yes,No,65,Yes,No,DSL,No,No,Yes,No,No,No,One year,Yes,Electronic check,64.91,4190.72,No,Loyal_49-72m,1,0,0,0.015485290047999388,0
Male,0,No,No,67,Yes,Yes,DSL,No,No,No,No,Yes,Yes,One year,Yes,Mailed check,94.68,6318.47,No,Loyal_49-72m,2,0,1,0.014982269082692061,0
Male,0,Yes,Yes,20,Yes,No,DSL,No,No,No,No,Yes,Yes,Two year,Yes,Mailed check,83.62,1664.2,No,Developing_13-24m,2,0,1,0.050216190247417726,0
Male,0,Yes,No,9,Yes,No,Fiber optic,No,No,Yes,Yes,No,No,Month-to-month,No,Bank transfer (automatic),93.09,818.71,Yes,New_0-12m,2,0,0,0.11356455331763672,0
Female,0,No,No,8,Yes,No,DSL,Yes,No,No,No,No,No,Month-to-month,No,Electronic check,64.91,535.57,Yes,New_0-12m,1,0,0,0.12097210056469797,0
Male,0,Yes,Yes,45,Yes,Yes,Fiber optic,Yes,No,Yes,No,No,Yes,One year,No,Mailed check,114.35,5139.11,No,Established_25-48m,3,0,0,0.02224660561738951,0
Female,0,No,No,3,Yes,Yes,Fiber optic,Yes,Yes,No,No,Yes,Yes,Month-to-month,No,Electronic check,127.69,396.23,Yes,New_0-12m,4,0,1,0.32145104851093825,1
Female,0,No,No,16,No,No phone service,DSL,Yes,Yes,No,Yes,No,Yes,One year,No,Mailed check,77.18,1254.45,No,Developing_13-24m,4,1,0,0.06147596479350034,0
Female,0,Yes,No,10,Yes,Yes,No,No internet service,No internet service,No internet service,No internet service,No internet service,No internet service,Month-to-month,No,Bank transfer (automatic),43.55,436.42,No,New_0-12m,0,0,0,0.09956106259430295,0
Female,1,No,No,36,Yes,No,No,No internet service,No internet service,No internet service,No internet service,No internet service,No internet service,Month-to-month,No,Bank transfer (automatic),36.64,1323.95,Yes,Established_25-48m,0,0,0,0.027653873731084192,0
Male,1,No,No,59,Yes,No,Fiber optic,Yes,No,Yes,Yes,Yes,Yes,Two year,Yes,Electronic check,122.67,7255.93,Yes,Loyal_49-72m,5,1,1,0.016903842258365453,0
Female,0,Yes,Yes,19,Yes,No,No,No internet service,No internet service,No internet service,No internet service,No internet service,No internet service,One year,No,Bank transfer (automatic),37.59,729.2,No,Developing_13-24m,0,0,0,0.051479046836483154,0
Female,0,No,No,60,Yes,No,DSL,No,Yes,No,No,No,No,One year,Yes,Bank transfer (automatic),65.76,3914.54,No,Loyal_49-72m,1,0,0,0.016794618366815308,0
Female,0,No,No,8,Yes,Yes,DSL,Yes,No,Yes,No,No,Yes,Month-to-month,Yes,Credit card (automatic),92.68,735.26,Yes,New_0-12m,3,0,0,0.12587944476136148,0
Male,1,Yes,Yes,49,No,No phone service,DSL,Yes,Yes,No,Yes,No,Yes,One year,Yes,Bank transfer (automatic),77.84,3821.85,No,Loyal_49-72m,4,1,0,0.02036177197640504,0
Male,0,Yes,No,16,Yes,Yes,No,No internet service,No internet service,No internet service,No internet service,No internet service,No internet service,One year,Yes,Bank transfer (automatic),44.53,715.72,No,Developing_13-24m,0,0,0,0.06213026007366894,0
Male,0,No,No,1,Yes,Yes,Fiber optic,Yes,Yes,Yes,No,Yes,Yes,Month-to-month,No,Credit card (automatic),132.66,132.66,Yes,New_0-12m,5,0,1,0.9925183300912763,1
Female,0,Yes,Yes,52,Yes,No,DSL,No,No,No,Yes,Yes,Yes,Two year,No,Electronic check,92.14,4765.67,No,Loyal_49-72m,3,0,1,0.019330056412547963,0
Female,0,Yes,No,56,Yes,No,Fiber optic,Yes,No,No,No,No,No,Month-to-month,No,Bank transfer (automatic),83.93,4709.25,Yes,Loyal_49-72m,1,0,0,0.0178185871238257,1
Male,0,Yes,No,23,Yes,Yes,DSL,No,Yes,No,No,Yes,Yes,One year,Yes,Electronic check,99.89,2284.82,Yes,Developing_13-24m,3,0,1,0.04369985388175797,0
Female,0,No,No,33,Yes,No,DSL,Yes,No,Yes,No,No,Yes,Month-to-month,No,Credit card (automatic),84.75,2794.73,No,Established_25-48m,3,0,0,0.030314086124196542,0
Male,0,Yes,No,34,Yes,Yes,Fiber optic,No,Yes,Yes,No,No,No,One year,No,Mailed check,102.17,3475.95,Yes,Established_25-48m,2,0,0,0.029384949452825035,0
Male,0,Yes,Yes,7,Yes,No,DSL,Yes,No,No,No,No,Yes,Month-to-month,Yes,Bank transfer (automatic),79.88,556.72,Yes,New_0-12m,2,0,0,0.14322599153697194,0
Female,0,No,No,40,Yes,Yes,DSL,Yes,No,No,No,Yes,No,One year,Yes,Electronic check,88.47,3524.82,No,Established_25-48m,2,0,0,0.025092035327952077,0
Female,0,Yes,Yes,2,Yes,Yes,DSL,No,No,No,Yes,No,No,One year,Yes,Bank transfer (automatic),77.64,154.04,Yes,New_0-12m,1,0,0,0.5007739938080495,0
Female,1,No,No,63,Yes,No,Fiber optic,Yes,Yes,No,No,Yes,No,One year,Yes,Electronic check,104.32,6563.99,No,Loyal_49-72m,3,0,0,0.015890351698936326,0
Female,0,No,No,38,Yes,No,Fiber optic,Yes,No,No,No,No,No,Month-to-month,Yes,Bank transfer (automatic),85.26,3264.72,Yes,Established_25-48m,1,0,0,0.026107565866026486,1
Male,0,No,No,5,No,No phone service,Fiber optic,Yes,No,Yes,Yes,Yes,Yes,Month-to-month,Yes,Electronic check,109.54,550.9,Yes,New_0-12m,5,1,1,0.19847798514223594,0
Male,0,No,No,11,Yes,No,Fiber optic,Yes,No,No,Yes,Yes,Yes,Month-to-month,Yes,Electronic check,118.54,1342.44,Yes,New_0-12m,4,1,1,0.08823616983266837,0
Male,0,Yes,Yes,15,No,No phone service,DSL,Yes,Yes,No,Yes,Yes,Yes,Month-to-month,No,Electronic check,87.14,1287.32,Yes,Developing_13-24m,5,1,1,0.06763847491306509,0
Male,1,No,No,42,Yes,Yes,DSL,No,Yes,Yes,Yes,No,Yes,Month-to-month,No,Electronic check,103.16,4328.21,Yes,Established_25-48m,4,0,0,0.02382882789238683,0
Male,0,Yes,Yes,16,Yes,No,No,No internet service,No internet service,No internet service,No internet service,No internet service,No internet service,Month-to-month,Yes,Mailed check,38.35,609.04,No,Developing_13-24m,0,0,0,0.06286473018162744,0
Female,1,Yes,No,65,Yes,No,DSL,No,Yes,Yes,No,Yes,No,Month-to-month,No,Electronic check,84.82,5501.65,No,Loyal_49-72m,3,0,0,0.015414391247853307,0
Male,0,Yes,Yes,32,Yes,Yes,Fiber optic,Yes,No,No,Yes,Yes,Yes,Month-to-month,Yes,Electronic check,124.95,3993.13,Yes,Established_25-48m,4,1,1,0.031283408401829686,0
Male,1,Yes,No,35,Yes,Yes,No,No internet service,No internet service,No internet service,No internet service,No internet service,No internet service,Month-to-month,Yes,Credit card (automatic),44.36,1545.4,Yes,Established_25-48m,0,0,0,0.028685980341438176,0
Male,0,No,No,5,Yes,Yes,Fiber optic,No,Yes,No,Yes,Yes,Yes,Month-to-month,No,Electronic check,126.08,615.72,Yes,New_0-12m,4,0,1,0.20443637307043713,0
Female,0,Yes,Yes,26,Yes,No,DSL,No,Yes,Yes,No,Yes,Yes,Month-to-month,Yes,Bank transfer (automatic),95.56,2511.48,No,Established_25-48m,4,0,1,0.038034133605043624,0
Female,0,No,No,58,Yes,No,No,No internet service,No internet service,No internet service,No internet service,No internet service,No internet service,One year,Yes,Electronic check,36.03,2088.49,No,Loyal_49-72m,0,0,0,0.01724344217967064,0
Female,1,No,Yes,71,Yes,Yes,DSL,No,Yes,Yes,Yes,Yes,No,One year,No,Credit card (automatic),100.92,7179.22,No,Loyal_49-72m,4,0,0,0.014055279643242128,0
Female,1,No,No,66,Yes,No,Fiber optic,No,Yes,Yes,Yes,No,Yes,Month-to-month,No,Bank transfer (automatic),114.83,7593.63,Yes,Loyal_49-72m,4,0,0,0.015119893925049673,0
Male,0,Yes,No,27,Yes,Yes,DSL,No,Yes,Yes,No,No,Yes,One year,Yes,Bank transfer (automatic),89.68,2442.78,No,Established_25-48m,3,0,0,0.03669724770642202,0
Male,1,No,No,8,No,No phone service,Fiber optic,Yes,No,No,No,No,Yes,Month-to-month,No,Mailed check,82.63,646.31,Yes,New_0-12m,2,0,0,0.1276513571549953,1
Female,0,Yes,Yes,45,Yes,Yes,Fiber optic,No,Yes,Yes,No,Yes,Yes,Month-to-month,No,Credit card (automatic),126.57,5714.65,Yes,Established_25-48m,4,0,1,0.02214446300945649,1
Female,0,Yes,Yes,32,Yes,No,Fiber optic,Yes,No,No,Yes,No,Yes,One year,No,Mailed check,104.17,3332.33,No,Established_25-48m,3,1,0,0.03125103125103125,0
Male,0,No,No,70,Yes,No,Fiber optic,No,No,Yes,No,No,No,Two year,No,Bank transfer (automatic),84.37,5936.44,No,Loyal_49-72m,1,0,0,0.014209827804575711,0
Male,0,Yes,Yes,22,Yes,No,No,No internet service,No internet service,No internet service,No internet service,No internet service,No internet service,Two year,Yes,Bank transfer (automatic),36.13,802.73,No,Developing_13-24m,0,0,0,0.04495290707078248,0
Female,0,Yes,No,58,Yes,No,DSL,No,No,Yes,Yes,No,Yes,One year,Yes,Credit card (automatic),88.89,5138.33,No,Loyal_49-72m,3,0,0,0.01729602885979301,0
Female,0,No,No,71,Yes,No,No,No internet service,No internet service,No internet service,No internet service,No internet service,No internet service,Month-to-month,Yes,Electronic check,38.07,2721.84,No,Loyal_49-72m,0,0,0,0.013981724963640904,0
Female,0,Yes,Yes,20,Yes,Yes,DSL,Yes,Yes,Yes,No,No,No,Month-to-month,No,Electronic check,87.48,1766.99,Yes,Developing_13-24m,3,0,0,0.04947991787283865,0
Female,0,No,No,21,Yes,No,DSL,Yes,Yes,Yes,Yes,No,Yes,Month-to-month,No,Mailed check,100.03,2081.25,No,Developing_13-24m,5,1,0,0.04803938047784848,0
Male,0,Yes,Yes,4,Yes,No,No,No internet service,No internet service,No internet service,No internet service,No internet service,No internet service,Month-to-month,No,Credit card (automatic),34.9,150.77,Yes,New_0-12m,0,0,0,0.22995321868616983,0
Male,0,Yes,Yes,69,Yes,No,Fiber optic,No,Yes,No,No,No,Yes,Two year,Yes,Electronic check,99.38,6881.27,No,Loyal_49-72m,2,0,0,0.014440003080379002,0
Male,0,Yes,Yes,16,Yes,No,DSL,Yes,No,No,No,No,No,Month-to-month,No,Electronic check,65.68,1058.06,No,Developing_13-24m,1,0,0,0.062017260589579445,0
Female,0,Yes,Yes,68,Yes,No,Fiber optic,Yes,Yes,Yes,No,Yes,No,One year,No,Electronic check,108.3,7349.79,Yes,Loyal_49-72m,4,0,0,0.014733110318754855,0
Female,0,Yes,Yes,21,Yes,No,DSL,No,No,Yes,Yes,Yes,No,Month-to-month,Yes,Electronic check,88.4,1871.55,No,Developing_13-24m,3,0,0,0.047208352246936,0
Male,0,No,No,44,Yes,No,Fiber optic,Yes,Yes,No,No,Yes,Yes,Month-to-month,No,Electronic check,118.79,5236.74,Yes,Established_25-48m,4,0,1,0.02267962900029402,1
Male,0,No,No,23,Yes,No,Fiber optic,Yes,No,No,Yes,Yes,No,Two year,No,Credit card (automatic),105.37,2420.05,No,Developing_13-24m,3,1,0,0.04352243861134632,0
Male,0,No,No,6,Yes,No,No,No internet service,No internet service,No internet service,No internet service,No internet service,No internet service,Month-to-month,No,Electronic check,36.4,211.5,No,New_0-12m,0,0,0,0.17129411764705882,0
Male,0,Yes,No,12,Yes,Yes,DSL,Yes,No,No,No,Yes,No,Month-to-month,Yes,Mailed check,87.78,1063.27,Yes,New_0-12m,2,0,0,0.08247907016076747,0
Female,0,No,No,49,Yes,No,DSL,Yes,Yes,Yes,No,Yes,Yes,One year,Yes,Electronic check,105.27,5144.57,No,Loyal_49-72m,5,0,1,0.020458374873920673,0
Male,0,No,No,25,Yes,No,DSL,No,No,Yes,No,No,Yes,One year,No,Credit card (automatic),75.76,1897.03,No,Established_25-48m,2,0,0,0.03991506983556636,0
Male,0,No,Yes,2,Yes,Yes,DSL,Yes,No,No,No,No,No,Month-to-month,No,Bank transfer (automatic),75.73,169.44,Yes,New_0-12m,1,0,0,0.44432058202299934,0
Male,0,Yes,Yes,39,Yes,Yes,No,No internet service,No internet service,No internet service,No internet service,No internet service,No internet service,One year,Yes,Bank transfer (automatic),42.83,1693.17,No,Established_25-48m,0,0,0,0.02528081597478411,0
Male,1,No,No,9,Yes,No,No,No internet service,No internet service,No internet service,No internet service,No internet service,No internet service,Month-to-month,Yes,Bank transfer (automatic),32.62,285.7,No,New_0-12m,0,0,0,0.11377746773630973,0
Male,1,No,No,36,Yes,No,Fiber optic,No,No,Yes,No,No,Yes,One year,No,Credit card (automatic),97.83,3498.08,Yes,Established_25-48m,2,0,0,0.027958777735861997,0
Male,0,Yes,Yes,55,Yes,Yes,Fiber optic,No,Yes,Yes,Yes,No,No,Month-to-month,Yes,Mailed check,109.32,6001.99,Yes,Loyal_49-72m,3,0,0,0.01821092488909693,0
Male,0,No,No,20,No,No phone service,No,No internet service,No internet service,No internet service,No internet service,No internet service,No internet service,One year,No,Credit card (automatic),18.5,382.25,No,Developing_13-24m,0,0,0,0.04827136333985649,0
Female,0,Yes,Yes,67,Yes,No,DSL,No,No,Yes,Yes,Yes,No,Month-to-month,Yes,Electronic check,87.26,5835.31,Yes,Loyal_49-72m,3,0,0,0.014951227744927874,0
Female,0,No,No,66,No,No phone service,DSL,Yes,No,Yes,No,Yes,No,Two year,Yes,Mailed check,70.95,4698.94,No,Loyal_49-72m,3,0,0,0.015095937394945469,0
Female,1,No,No,36,Yes,No,DSL,No,Yes,Yes,Yes,No,No,Two year,Yes,Electronic check,80.77,2896.58,No,Established_25-48m,3,0,0,0.027874985332587882,0
Female,0,No,No,50,Yes,No,No,No internet service,No internet service,No internet service,No internet service,No internet service,No internet service,Two year,Yes,Electronic check,32.18,1600.64,No,Loyal_49-72m,0,0,0,0.020091905796558528,0
Male,0,Yes,Yes,18,Yes,Yes,Fiber optic,No,Yes,No,Yes,Yes,Yes,One year,No,Mailed check,128.51,2310.59,No,Developing_13-24m,4,0,1,0.05559376879117836,0
Female,0,Yes,Yes,57,Yes,No,Fiber optic,Yes,Yes,No,No,No,No,Month-to-month,Yes,Credit card (automatic),92.49,5286.1,Yes,Loyal_49-72m,2,0,0,0.017493521968564997,1
Female,1,No,No,17,Yes,No,DSL,No,Yes,No,Yes,Yes,Yes,Month-to-month,Yes,Electronic check,96.74,1620.83,Yes,Developing_13-24m,4,0,1,0.059648668479433724,0
Male,0,Yes,Yes,9,Yes,No,Fiber optic,No,Yes,Yes,No,Yes,No,Month-to-month,Yes,Bank transfer (automatic),104.52,944.88,Yes,New_0-12m,3,0,0,0.11050027487630566,1
Male,0,Yes,No,37,Yes,No,No,No internet service,No internet service,No internet service,No internet service,No internet service,No internet service,One year,Yes,Credit card (automatic),34.24,1270.81,Yes,Established_25-48m,0,0,0,0.026922260400531528,0
Female,0,No,No,70,No,No phone service,DSL,No,No,No,Yes,No,Yes,One year,Yes,Electronic check,63.77,4449.03,No,Loyal_49-72m,2,0,0,0.014330240470288965,0
Female,0,No,No,18,Yes,No,Fiber optic,Yes,Yes,No,Yes,No,Yes,Month-to-month,Yes,Electronic check,110.23,1989.48,No,Developing_13-24m,4,1,0,0.05537860214621599,0
Male,0,Yes,Yes,34,No,No phone service,DSL,Yes,No,No,No,No,No,One year,Yes,Bank transfer (automatic),52.25,1773.8,Yes,Established_25-48m,1,0,0,0.02943993689429795,0
Female,0,Yes,No,44,Yes,Yes,No,No internet service,No internet service,No internet service,No internet service,No internet service,No internet service,Two year,Yes,Electronic check,46.94,2048.39,No,Established_25-48m,0,0,0,0.022904376424204276,0
Male,1,Yes,No,68,Yes,No,Fiber optic,No,No,No,No,Yes,Yes,One year,Yes,Bank transfer (automatic),103.79,7056.61,No,Loyal_49-72m,2,0,1,0.014706111559012188,0
Male,1,No,No,54,Yes,Yes,DSL,Yes,No,No,No,Yes,Yes,Two year,No,Electronic check,101.48,5464.29,No,Loyal_49-72m,3,0,1,0.01856809062282148,0
Male,1,No,No,30,Yes,No,Fiber optic,Yes,No,Yes,Yes,No,Yes,Month-to-month,Yes,Electronic check,114.29,3419.09,Yes,Established_25-48m,4,1,0,0.03341724925367461,0
Male,0,No,No,49,Yes,No,DSL,No,No,No,No,Yes,Yes,Month-to-month,Yes,Bank transfer (automatic),84.2,4139.0,Yes,Loyal_49-72m,2,0,1,0.02033816425120773,0
Female,0,No,No,55,Yes,No,No,No internet service,No internet service,No internet service,No internet service,No internet service,No internet service,One year,Yes,Credit card (automatic),34.88,1913.72,No,Loyal_49-72m,0,0,0,0.018216762764268406,0
Male,0,No,No,2,No,No phone service,No,No internet service,No internet service,No internet service,No internet service,No internet service,No internet service,Month-to-month,No,Electronic check,20.7,54.29,No,New_0-12m,0,0,0,0.37438958220293,0
Male,0,No,No,63,Yes,Yes,Fiber optic,No,No,No,Yes,No,Yes,Two year,Yes,Bank transfer (automatic),108.74,6848.27,No,Loyal_49-72m,2,0,0,0.01587614446503058,0
Female,0,Yes,Yes,12,Yes,No,DSL,Yes,Yes,No,No,No,No,One year,No,Mailed check,72.82,859.4,Yes,New_0-12m,2,0,0,0.08463505346350535,0
Male,0,No,No,70,Yes,Yes,Fiber optic,Yes,No,No,No,Yes,No,Month-to-month,Yes,Credit card (automatic),108.23,7583.3,No,Loyal_49-72m,2,0,0,0.014270268844850546,1
Female,0,Yes,Yes,19,Yes,No,Fiber optic,Yes,Yes,Yes,Yes,No,Yes,Month-to-month,Yes,Mailed check,116.04,2213.16,Yes,Developing_13-24m,5,1,0,0.05240813672002024,0
Female,0,No,No,62,Yes,No,DSL,Yes,Yes,No,No,No,Yes,Month-to-month,No,Credit card (automatic),82.06,5069.26,No,Loyal_49-72m,3,0,0,0.01618457436107813,0
Female,0,No,No,71,Yes,Yes,DSL,Yes,No,No,No,Yes,Yes,Two year,Yes,Electronic check,98.52,7011.96,No,Loyal_49-72m,3,0,1,0.014048276334101434,0
Male,0,Yes,No,34,Yes,No,No,No internet service,No internet service,No internet service,No internet service,No internet service,No internet service,One year,No,Credit card (automatic),35.77,1238.99,No,Established_25-48m,0,0,0,0.02884700683070025,0
Female,0,No,No,44,No,No phone service,No,No internet service,No internet service,No internet service,No internet service,No internet service,No internet service,Two year,Yes,Credit card (automatic),19.49,866.96,No,Established_25-48m,0,0,0,0.022454951841098664,0
Female,0,Yes,No,69,No,No phone service,No,No internet service,No internet service,No internet service,No internet service,No internet service,No internet service,One year,Yes,Credit card (automatic),19.96,1378.4,No,Loyal_49-72m,0,0,0,0.014470059446136,0
Male,0,No,Yes,66,Yes,No,Fiber optic,Yes,Yes,No,Yes,Yes,No,Month-to-month,Yes,Credit card (automatic),114.05,7557.48,Yes,Loyal_49-72m,4,1,0,0.015089012605709084,0
Female,0,Yes,Yes,2,Yes,No,Fiber optic,Yes,No,Yes,Yes,No,Yes,Month-to-month,Yes,Credit card (automatic),112.66,233.41,Yes,New_0-12m,4,1,0,0.4806108954396143,0
Female,0,No,No,29,Yes,No,Fiber optic,No,Yes,No,Yes,No,No,One year,Yes,Credit card (automatic),93.04,2701.12,No,Established_25-48m,2,0,0,0.03443222358740545,0
Female,0,Yes,Yes,64,Yes,Yes,Fiber optic,No,No,Yes,No,No,No,One year,No,Credit card (automatic),94.52,6074.78,No,Loyal_49-72m,1,0,0,0.015556850313869166,0
Female,0,Yes,No,25,Yes,No,No,No internet service,No internet service,No internet service,No internet service,No internet service,No internet service,Month-to-month,No,Mailed check,35.46,910.54,Yes,Established_25-48m,0,0,0,0.03890120016675078,0
Female,0,Yes,No,60,Yes,Yes,No,No internet service,No internet service,No internet service,No internet service,No internet service,No internet service,Two year,Yes,Credit card (automatic),43.54,2590.81,No,Loyal_49-72m,0,0,0,0.01679907091955043,0
Male,0,Yes,Yes,18,Yes,Yes,No,No internet service,No internet service,No internet service,No internet service,No internet service,No internet service,One year,Yes,Mailed check,46.88,836.28,No,Developing_13-24m,0,0,0,0.0559908274412383,0
Female,0,Yes,Yes,8,Yes,No,Fiber optic,No,No,Yes,No,Yes,Yes,Month-to-month,Yes,Bank transfer (automatic),110.37,891.74,Yes,New_0-12m,3,0,1,0.12363062033738827,1
Female,0,No,No,31,Yes,No,Fiber optic,Yes,Yes,Yes,No,Yes,Yes,One year,Yes,Bank transfer (automatic),122.19,3806.3,Yes,Established_25-48m,5,0,1,0.03209360964463005,0
Male,0,Yes,No,70,Yes,Yes,Fiber optic,No,Yes,No,No,Yes,No,Two year,No,Credit card (automatic),106.57,7442.42,No,Loyal_49-72m,2,0,0,0.01431734337172966,0
Male,0,Yes,No,69,Yes,Yes,No,No internet service,No internet service,No internet service,No internet service,No internet service,No internet service,One year,No,Bank transfer (automatic),45.93,3182.79,No,Loyal_49-72m,0,0,0,0.01442620273322047,0
Male,0,Yes,Yes,46,Yes,No,Fiber optic,No,Yes,No,No,Yes,Yes,Two year,No,Electronic check,111.69,5131.67,Yes,Established_25-48m,3,0,1,0.021760604130014204,0
Female,0,No,No,46,Yes,Yes,DSL,No,No,Yes,No,Yes,No,Month-to-month,Yes,Bank transfer (automatic),87.8,4049.56,Yes,Established_25-48m,2,0,0,0.021676015168273027,0
Male,1,No,No,39,Yes,Yes,Fiber optic,Yes,No,Yes,No,No,No,Two year,Yes,Electronic check,103.39,4023.71,No,Established_25-48m,2,0,0,0.025688807392333857,0
Female,0,No,No,2,Yes,No,No,No internet service,No internet service,No internet service,No internet service,No internet service,No internet service,Month-to-month,No,Mailed check,34.39,34.39,No,New_0-12m,0,0,0,0.9717434303475558,0
Female,0,No,No,41,Yes,Yes,Fiber optic,No,Yes,Yes,Yes,Yes,No,One year,Yes,Credit card (automatic),121.91,4971.74,No,Established_25-48m,4,0,0,0.02451565937491202,0
Male,0,Yes,No,42,Yes,No,No,No internet service,No internet service,No internet service,No internet service,No internet service,No internet service,Two year,No,Credit card (automatic),38.13,1584.57,No,Established_25-48m,0,0,0,0.024048134109500057,0
Male,0,Yes,No,9,Yes,No,DSL,No,No,Yes,No,Yes,Yes,Month-to-month,Yes,Credit card (automatic),89.44,796.09,Yes,New_0-12m,3,0,1,0.11220815717171209,0
Female,0,Yes,No,65,Yes,No,No,No internet service,No internet service,No internet service,No internet service,No internet service,No internet service,Two year,Yes,Bank transfer (automatic),35.81,2327.54,No,Loyal_49-72m,0,0,0,0.015378735173112766,0
Male,0,No,No,46,Yes,No,Fiber optic,Yes,No,Yes,No,Yes,Yes,One year,No,Electronic check,115.42,5301.56,Yes,Established_25-48m,4,0,1,0.021766844693883708,0
Female,0,No,Yes,5,Yes,Yes,Fiber optic,No,No,No,Yes,No,Yes,Month-to-month,Yes,Mailed check,110.42,551.39,Yes,New_0-12m,2,0,0,0.19989500171979943,0
Male,0,No,No,51,Yes,No,Fiber optic,No,Yes,No,No,Yes,Yes,Month-to-month,Yes,Mailed check,111.04,5655.59,No,Loyal_49-72m,3,0,1,0.019630201234312545,1
Male,0,Yes,Yes,5,Yes,No,No,No internet service,No internet service,No internet service,No internet service,No internet service,No internet service,Month-to-month,No,Electronic check,33.65,168.18,No,New_0-12m,0,0,0,0.1989005792646885,0
Male,0,Yes,Yes,30,Yes,Yes,No,No internet service,No internet service,No internet service,No internet service,No internet service,No internet service,Month-to-month,Yes,Mailed check,43.94,1332.16,Yes,Established_25-48m,0,0,0,0.032959284707011906,0
Female,0,Yes,Yes,41,Yes,No,No,No internet service,No internet service,No internet service,No internet service,No internet service,No internet service,Two year,Yes,Credit card (automatic),35.85,1469.63,No,Established_25-48m,0,0,0,0.02437730768446176,0
Male,0,No,No,50,Yes,No,DSL,No,Yes,No,Yes,No,No,One year,Yes,Mailed check,74.24,3720.11,No,Loyal_49-72m,2,0,0,0.019951036115567665,0
Female,0,Yes,No,70,Yes,Yes,DSL,No,No,No,No,Yes,No,One year,No,Bank transfer (automatic),83.76,5873.92,No,Loyal_49-72m,1,0,0,0.01425721541740143,0
Female,1,No,No,64,Yes,No,No,No internet service,No internet service,No internet service,No internet service,No internet service,No internet service,Month-to-month,Yes,Mailed check,35.4,2263.23,Yes,Loyal_49-72m,0,0,0,0.01563445409697778,0
Female,0,Yes,No,9,Yes,Yes,No,No internet service,No internet service,No internet service,No internet service,No internet service,No internet service,Two year,Yes,Bank transfer (automatic),47.79,403.25,No,New_0-12m,0,0,0,0.11821892393320965,0
Female,0,No,No,55,Yes,No,DSL,No,Yes,Yes,No,No,No,Two year,Yes,Electronic check,73.05,4021.54,Yes,Loyal_49-72m,2,0,0,0.01816016745638328,0
Male,0,No,No,19,No,No phone service,DSL,Yes,Yes,No,Yes,No,No,Month-to-month,No,Credit card (automatic),67.82,1278.47,Yes,Developing_13-24m,3,1,0,0.05300632293058844,0
Female,0,No,No,17,Yes,Yes,DSL,No,No,Yes,Yes,Yes,No,Two year,No,Mailed check,98.53,1687.95,No,Developing_13-24m,3,0,0,0.05833802066372598,0
Female,1,No,No,3,Yes,No,Fiber optic,No,No,No,Yes,Yes,No,One year,No,Bank transfer (automatic),99.04,317.6,Yes,New_0-12m,2,0,0,0.3108600125549278,0
Male,0,No,No,64,Yes,No,Fiber optic,Yes,Yes,Yes,Yes,Yes,No,One year,No,Bank transfer (automatic),120.22,7690.22,No,Loyal_49-72m,5,1,0,0.015630810196561793,0
Female,1,No,No,22,Yes,No,DSL,Yes,Yes,No,No,No,No,Month-to-month,No,Credit card (automatic),73.41,1617.48,Yes,Developing_13-24m,2,0,0,0.045357372349364836,0
Male,0,No,Yes,10,No,No phone service,DSL,Yes,No,Yes,Yes,Yes,No,Month-to-month,No,Electronic check,78.31,783.1,Yes,New_0-12m,4,1,0,0.09987246524677974,0
Female,0,No,No,7,Yes,No,No,No internet service,No internet service,No internet service,No internet service,No internet service,No internet service,Month-to-month,Yes,Credit card (automatic),36.78,245.27,Yes,New_0-12m,0,0,0,0.14934827628212938,0
Male,0,No,Yes,43,Yes,No,DSL,Yes,Yes,No,No,Yes,Yes,One year,Yes,Credit card (automatic),95.54,4108.36,Yes,Established_25-48m,4,0,1,0.023249362431132833,0
Female,1,No,No,63,Yes,Yes,Fiber optic,Yes,Yes,Yes,No,No,No,Two year,No,Credit card (automatic),108.49,6811.66,No,Loyal_49-72m,3,0,0,0.01592476360188238,0
Male,0,No,No,9,Yes,No,Fiber optic,No,No,No,Yes,No,Yes,Month-to-month,No,Mailed check,99.37,909.99,Yes,New_0-12m,2,0,0,0.10907913368972218,0
Female,0,No,No,70,Yes,No,Fiber optic,Yes,Yes,Yes,No,Yes,No,Two year,No,Credit card (automatic),113.46,7967.49,No,Loyal_49-72m,4,0,0,0.014238582215702096,0
Female,0,Yes,Yes,31,Yes,No,DSL,Yes,Yes,No,Yes,Yes,Yes,Two year,Yes,Bank transfer (automatic),102.87,3190.47,No,Established_25-48m,5,1,1,0.03223279554562632,0
Male,0,Yes,No,10,Yes,Yes,DSL,No,Yes,No,No,Yes,Yes,Month-to-month,No,Mailed check,98.08,969.52,Yes,New_0-12m,3,0,1,0.10105922598194782,0
Male,1,No,No,14,Yes,Yes,Fiber optic,No,No,Yes,No,No,No,One year,No,Bank transfer (automatic),94.77,1330.7,Yes,Developing_13-24m,1,0,0,0.07116467672899301,0
Male,0,No,No,16,Yes,No,No,No internet service,No internet service,No internet service,No internet service,No internet service,No internet service,One year,No,Bank transfer (automatic),34.92,539.6,No,Developing_13-24m,0,0,0,0.06459489456159823,0
Male,0,No,No,35,Yes,Yes,Fiber optic,Yes,Yes,Yes,No,Yes,Yes,One year,No,Electronic check,131.91,4610.31,No,Established_25-48m,5,0,1,0.028605754113256318,0
Female,0,Yes,Yes,11,Yes,Yes,DSL,No,No,Yes,No,Yes,Yes,Month-to-month,No,Electronic check,101.34,1108.47,Yes,New_0-12m,3,0,1,0.09134091052484519,0
Female,0,No,No,9,Yes,No,No,No internet service,No internet service,No internet service,No internet service,No internet service,No internet service,Month-to-month,Yes,Bank transfer (automatic),35.05,307.62,Yes,New_0-12m,0,0,0,0.11357008619013673,0
Male,1,No,No,8,Yes,Yes,DSL,Yes,No,No,Yes,Yes,Yes,Month-to-month,Yes,Credit card (automatic),107.26,861.37,No,New_0-12m,4,1,1,0.12437816714403331,0
Female,0,Yes,Yes,56,Yes,No,No,No internet service,No internet service,No internet service,No internet service,No internet service,No internet service,One year,No,Credit card (automatic),35.72,2006.83,No,Loyal_49-72m,0,0,0,0.017790350776709183,0
Male,0,No,No,41,Yes,Yes,DSL,No,Yes,Yes,No,Yes,No,Two year,Yes,Credit card (automatic),95.75,3925.96,No,Established_25-48m,3,0,0,0.02438272862468678,0
Male,1,No,No,8,Yes,No,Fiber optic,Yes,Yes,No,No,No,Yes,Month-to-month,No,Electronic check,104.31,847.99,Yes,New_0-12m,3,0,0,0.12286363796982297,1
Female,0,Yes,Yes,31,Yes,Yes,DSL,Yes,No,No,Yes,No,Yes,Two year,Yes,Mailed check,97.3,3022.16,No,Established_25-48m,3,1,0,0.03218486616652774,0
Female,0,No,No,16,Yes,No,Fiber optic,Yes,Yes,Yes,Yes,Yes,No,One year,No,Mailed check,118.13,1882.67,Yes,Developing_13-24m,5,1,0,0.06271268321945989,0
Female,0,No,No,65,Yes,No,Fiber optic,No,No,No,Yes,Yes,Yes,Two year,Yes,Mailed check,111.61,7253.03,No,Loyal_49-72m,3,0,1,0.01538593030356919,0
Female,0,Yes,Yes,14,Yes,Yes,Fiber optic,No,No,No,Yes,Yes,Yes,One year,No,Electronic check,123.05,1721.49,Yes,Developing_13-24m,3,0,1,0.07143727975198695,0
Female,0,Yes,No,39,Yes,Yes,DSL,Yes,No,No,No,No,Yes,Month-to-month,Yes,Electronic check,88.34,3439.51,Yes,Established_25-48m,2,0,0,0.025676425878721466,0
Female,1,No,No,55,Yes,Yes,No,No internet service,No internet service,No internet service,No internet service,No internet service,No internet service,Two year,Yes,Electronic check,46.51,2565.69,No,Loyal_49-72m,0,0,0,0.01812061448792024,0
Female,0,Yes,Yes,17,No,No phone service,No,No internet service,No internet service,No internet service,No internet service,No internet service,No internet service,One year,No,Bank transfer (automatic),22.31,347.3,No,Developing_13-24m,0,0,0,0.06405397645707722,0
Male,0,Yes,No,69,Yes,Yes,Fiber optic,No,Yes,No,Yes,No,No,Month-to-month,Yes,Mailed check,103.83,7164.75,No,Loyal_49-72m,2,0,0,0.014489760318180231,0
Male,1,Yes,Yes,57,Yes,Yes,Fiber optic,Yes,No,Yes,No,Yes,Yes,One year,No,Electronic check,126.97,7241.93,Yes,Loyal_49-72m,4,0,1,0.017530198414177686,0
Male,0,No,Yes,14,Yes,Yes,Fiber optic,Yes,No,Yes,No,Yes,No,One year,Yes,Mailed check,115.6,1627.39,No,Developing_13-24m,3,0,0,0.07099036471606923,0
Male,0,No,No,49,Yes,No,DSL,Yes,Yes,No,Yes,No,Yes,Two year,No,Electronic check,92.62,4555.01,No,Loyal_49-72m,4,1,0,0.020329191551379387,0
Male,0,No,No,2,Yes,No,No,No internet service,No internet service,No internet service,No internet service,No internet service,No internet service,Month-to-month,Yes,Bank transfer (automatic),35.77,69.43,Yes,New_0-12m,0,0,0,0.5078801647025415,0
Female,1,Yes,No,56,Yes,No,DSL,No,No,No,Yes,No,No,Month-to-month,Yes,Electronic check,68.22,3832.8,No,Loyal_49-72m,1,0,0,0.017794355469768895,0
Male,0,No,No,70,Yes,Yes,Fiber optic,Yes,No,No,Yes,Yes,Yes,Two year,No,Electronic check,128.38,8995.76,No,Loyal_49-72m,4,1,1,0.014269581493782206,0
Male,0,Yes,Yes,27,Yes,No,Fiber optic,No,No,Yes,No,No,No,One year,Yes,Bank transfer (automatic),86.78,2347.02,No,Established_25-48m,1,0,0,0.03695879932879618,0
Male,0,Yes,Yes,55,Yes,No,Fiber optic,Yes,No,Yes,No,Yes,Yes,One year,No,Electronic check,115.09,6309.08,No,Loyal_49-72m,4,0,1,0.018239071453927686,0
Male,0,Yes,Yes,55,Yes,No,No,No internet service,No internet service,No internet service,No internet service,No internet service,No internet service,Month-to-month,Yes,Bank transfer (automatic),32.45,1801.11,No,Loyal_49-72m,0,0,0,0.018006669959103497,0
Male,0,Yes,No,52,Yes,Yes,DSL,No,Yes,Yes,No,No,Yes,Month-to-month,Yes,Electronic check,93.87,4882.69,Yes,Loyal_49-72m,3,0,0,0.019221121733770982,0
Male,1,No,No,51,Yes,No,Fiber optic,No,Yes,Yes,Yes,No,No,One year,Yes,Electronic check,99.75,5083.47,No,Loyal_49-72m,3,0,0,0.019618563980119855,0
Male,0,No,No,45,Yes,No,Fiber optic,No,No,No,No,No,No,Two year,Yes,Electronic check,82.43,3692.0,No,Established_25-48m,0,0,0,0.022320606552937994,0
Female,0,Yes,Yes,25,Yes,No,DSL,No,Yes,Yes,Yes,No,Yes,Month-to-month,No,Electronic check,92.44,2274.34,Yes,Established_25-48m,4,0,0,0.04062689532113881,0
Female,1,No,No,55,Yes,No,Fiber optic,No,Yes,No,Yes,No,No,One year,Yes,Electronic check,94.84,5244.73,No,Loyal_49-72m,2,0,0,0.018079466537545778,0
Male,0,No,No,44,Yes,No,No,No internet service,No internet service,No internet service,No internet service,No internet service,No internet service,One year,Yes,Mailed check,34.38,1517.32,No,Established_25-48m,0,0,0,0.022643448021497446,0
Female,0,No,No,12,Yes,No,DSL,No,No,Yes,Yes,Yes,No,Month-to-month,Yes,Mailed check,85.11,1004.72,No,New_0-12m,3,0,0,0.08462593962534304,0
Female,0,Yes,No,47,Yes,No,Fiber optic,Yes,No,No,Yes,Yes,Yes,One year,No,Bank transfer (automatic),116.75,5468.34,No,Established_25-48m,4,1,1,0.021346268471150082,0
Female,1,No,No,55,Yes,Yes,Fiber optic,No,Yes,Yes,No,Yes,No,Two year,No,Electronic check,112.11,6161.87,No,Loyal_49-72m,3,0,0,0.018191199879277024,0
Female,0,Yes,Yes,15,Yes,Yes,Fiber optic,No,Yes,No,No,No,No,One year,Yes,Mailed check,97.09,1468.47,Yes,Developing_13-24m,1,0,0,0.06607144072352616,0
Male,0,No,Yes,24,Yes,No,No,No internet service,No internet service,No internet service,No internet service,No internet service,No internet service,One year,Yes,Credit card (automatic),35.46,860.51,No,Developing_13-24m,0,0,0,0.04116028833095379,0
Female,0,Yes,No,23,Yes,Yes,DSL,No,Yes,No,No,Yes,Yes,One year,No,Electronic check,102.22,2361.29,Yes,Developing_13-24m,3,0,1,0.04327157122961194,0
Female,0,No,No,61,Yes,Yes,Fiber optic,Yes,Yes,No,No,Yes,No,One year,Yes,Electronic check,114.82,6990.71,Yes,Loyal_49-72m,3,0,0,0.016422305845065082,0
Female,0,Yes,Yes,57,Yes,Yes,Fiber optic,Yes,No,No,No,No,No,Two year,Yes,Credit card (automatic),96.36,5489.84,No,Loyal_49-72m,1,0,0,0.01754922744061018,0
Male,0,Yes,No,15,Yes,No,DSL,No,Yes,Yes,Yes,Yes,Yes,One year,Yes,Mailed check,101.03,1517.36,Yes,Developing_13-24m,5,0,1,0.06653889723122317,0
Male,0,No,No,57,Yes,No,No,No internet service,No internet service,No internet service,No internet service,No internet service,No internet service,Two year,Yes,Credit card (automatic),37.86,2157.17,No,Loyal_49-72m,0,0,0,0.017542640292470008,0
Male,0,No,No,30,Yes,Yes,DSL,No,Yes,No,Yes,No,Yes,One year,No,Mailed check,96.06,2889.99,No,Established_25-48m,3,0,0,0.03322737193833255,0
Male,0,No,No,48,Yes,No,DSL,No,No,Yes,Yes,Yes,Yes,Two year,Yes,Electronic check,94.87,4577.37,No,Established_25-48m,4,0,1,0.020721348427497125,0
Male,0,No,No,24,Yes,No,Fiber optic,Yes,No,No,No,No,No,Month-to-month,Yes,Mailed check,86.34,2075.32,Yes,Developing_13-24m,1,0,0,0.04158318563612545,1
Male,0,Yes,Yes,30,Yes,No,DSL,No,No,No,Yes,No,No,Month-to-month,Yes,Bank transfer (automatic),66.78,1994.63,Yes,Established_25-48m,1,0,0,0.03346311691044933,0
Male,0,No,No,30,Yes,Yes,Fiber optic,No,No,Yes,Yes,No,No,One year,Yes,Mailed check,102.73,3060.11,Yes,Established_25-48m,2,0,0,0.033559721800261996,0
Female,0,Yes,No,71,Yes,No,No,No internet service,No internet service,No internet service,No internet service,No internet service,No internet service,Two year,No,Mailed check,35.4,2516.04,No,Loyal_49-72m,0,0,0,0.014064138829736516,0
Female,0,Yes,Yes,49,Yes,No,DSL,No,Yes,Yes,No,Yes,No,Two year,Yes,Credit card (automatic),83.12,4062.98,No,Loyal_49-72m,3,0,0,0.020452856559333463,0
Female,0,No,No,2,Yes,Yes,DSL,Yes,No,No,No,No,Yes,One year,No,Mailed check,89.54,185.51,Yes,New_0-12m,2,0,0,0.4800814969706719,0
Male,0,No,No,25,Yes,Yes,DSL,Yes,No,No,No,No,Yes,Month-to-month,Yes,Bank transfer (automatic),87.83,2201.22,No,Established_25-48m,2,0,0,0.03988248222248458,0
Male,1,No,No,72,Yes,No,DSL,No,Yes,Yes,No,Yes,Yes,Two year,No,Bank transfer (automatic),96.6,6978.65,No,Loyal_49-72m,4,0,1,0.0138402355418968,0
Male,0,No,No,45,Yes,No,DSL,No,Yes,Yes,Yes,No,Yes,Month-to-month,Yes,Electronic check,92.85,4181.46,Yes,Established_25-48m,4,0,0,0.022199853674631675,0
Male,1,No,No,11,Yes,Yes,No,No internet service,No internet service,No internet service,No internet service,No internet service,No internet service,One year,Yes,Mailed check,45.38,506.01,No,New_0-12m,0,0,0,0.0895051379657206,0
Male,0,Yes,Yes,22,Yes,No,Fiber optic,No,No,Yes,Yes,Yes,Yes,One year,No,Credit card (automatic),118.32,2593.21,Yes,Developing_13-24m,4,0,1,0.04560926062269438,0
Female,0,Yes,Yes,19,Yes,Yes,DSL,No,No,No,No,Yes,No,Month-to-month,Yes,Bank transfer (automatic),82.21,1540.51,Yes,Developing_13-24m,1,0,0,0.0533308249703213,0
Female,1,No,No,53,Yes,Yes,No,No internet service,No internet service,No internet service,No internet service,No internet service,No internet service,Two year,No,Electronic check,47.24,2519.84,No,Loyal_49-72m,0,0,0,0.01873978515098142,0
Male,0,Yes,No,6,Yes,No,DSL,No,Yes,No,No,Yes,Yes,Month-to-month,Yes,Mailed check,91.27,565.72,No,New_0-12m,3,0,1,0.16104954827780912,0
Male,0,Yes,Yes,56,Yes,No,Fiber optic,Yes,Yes,No,No,No,Yes,Month-to-month,Yes,Electronic check,102.96,5760.8,Yes,Loyal_49-72m,3,0,0,0.017869415807560136,1
Male,0,Yes,No,54,Yes,No,DSL,No,Yes,No,Yes,No,Yes,Month-to-month,Yes,Bank transfer (automatic),84.33,4524.81,No,Loyal_49-72m,3,0,0,0.018633128655423006,0
Male,0,No,No,70,Yes,Yes,DSL,Yes,Yes,Yes,No,Yes,No,Month-to-month,No,Electronic check,98.81,6937.11,No,Loyal_49-72m,4,0,0,0.014241630645809883,0
Female,0,Yes,Yes,9,Yes,No,Fiber optic,No,Yes,Yes,No,Yes,Yes,Month-to-month,No,Electronic check,116.64,1067.58,Yes,New_0-12m,4,0,1,0.1091542046454173,1
Male,0,No,No,14,Yes,No,Fiber optic,Yes,Yes,Yes,No,No,No,Month-to-month,No,Mailed check,96.34,1347.01,No,Developing_13-24m,3,0,0,0.07146831254961017,1
Male,0,No,Yes,10,Yes,No,Fiber optic,Yes,No,No,Yes,Yes,Yes,Two year,Yes,Mailed check,117.02,1186.23,No,New_0-12m,4,1,1,0.09856556859243785,0
Male,0,Yes,No,16,Yes,No,Fiber optic,No,No,No,Yes,No,No,Month-to-month,No,Bank transfer (automatic),85.99,1375.22,Yes,Developing_13-24m,1,0,0,0.06248274258476115,0
Male,1,No,No,20,Yes,No,DSL,Yes,No,Yes,Yes,Yes,Yes,One year,Yes,Credit card (automatic),105.4,2111.26,No,Developing_13-24m,5,1,1,0.049899160141270486,0
Female,0,No,No,12,Yes,No,Fiber optic,No,No,No,No,Yes,Yes,Two year,Yes,Electronic check,104.99,1235.49,No,New_0-12m,2,0,1,0.08490970408171518,0
Male,0,No,No,6,Yes,Yes,No,No internet service,No internet service,No internet service,No internet service,No internet service,No internet service,Month-to-month,Yes,Electronic check,46.32,296.25,Yes,New_0-12m,0,0,0,0.15582842724978974,0
Male,1,No,No,15,Yes,No,DSL,Yes,No,Yes,No,No,No,Month-to-month,No,Credit card (automatic),71.29,1043.05,No,Developing_13-24m,2,0,0,0.06828217039413823,0
Female,0,Yes,Yes,66,Yes,No,Fiber optic,No,No,No,Yes,Yes,Yes,One year,Yes,Credit card (automatic),109.36,7243.58,No,Loyal_49-72m,3,0,1,0.015095423061102231,0
Female,0,No,Yes,13,Yes,Yes,Fiber optic,No,Yes,Yes,No,Yes,Yes,Two year,Yes,Credit card (automatic),124.75,1649.09,Yes,Developing_13-24m,4,0,1,0.07560193686404984,0
Female,0,Yes,No,41,No,No phone service,Fiber optic,Yes,No,No,No,Yes,Yes,Two year,Yes,Electronic check,92.98,3773.86,No,Established_25-48m,3,0,1,0.024631377057692205,0
Male,0,No,No,46,Yes,Yes,Fiber optic,No,Yes,No,No,Yes,Yes,One year,No,Electronic check,117.96,5449.51,Yes,Established_25-48m,3,0,1,0.02164201148149439,0
Male,0,No,No,12,No,No phone service,Fiber optic,No,No,No,Yes,Yes,Yes,Month-to-month,No,Mailed check,98.71,1180.94,Yes,New_0-12m,3,0,1,0.0835152376601181,0
Female,0,No,No,23,Yes,Yes,No,No internet service,No internet service,No internet service,No internet service,No internet service,No internet service,One year,Yes,Credit card (automatic),44.63,1032.82,No,Developing_13-24m,0,0,0,0.04316999090750808,0
Female,1,Yes,No,8,Yes,No,Fiber optic,No,Yes,No,No,Yes,No,Month-to-month,No,Electronic check,98.43,766.28,Yes,New_0-12m,2,0,0,0.12828432905849235,1
Female,0,Yes,Yes,38,Yes,No,Fiber optic,No,No,Yes,No,No,No,Month-to-month,No,Credit card (automatic),87.65,3325.86,Yes,Established_25-48m,1,0,0,0.026346164250975395,1
Female,0,Yes,Yes,67,Yes,No,Fiber optic,No,Yes,Yes,No,Yes,No,Two year,Yes,Electronic check,102.47,6847.77,No,Loyal_49-72m,3,0,0,0.014961810660892392,0
Female,0,Yes,Yes,44,Yes,Yes,Fiber optic,No,Yes,Yes,No,No,Yes,Two year,No,Electronic check,114.92,5044.64,Yes,Established_25-48m,3,0,0,0.02277609976137814,0
Female,0,Yes,Yes,55,Yes,Yes,Fiber optic,Yes,Yes,Yes,Yes,Yes,Yes,Month-to-month,Yes,Electronic check,137.82,7598.43,Yes,Loyal_49-72m,6,1,1,0.018135570694117847,0
Male,1,No,No,44,Yes,Yes,Fiber optic,Yes,Yes,Yes,No,Yes,Yes,One year,Yes,Electronic check,132.38,5839.71,Yes,Established_25-48m,5,0,1,0.022665052707633148,0
Male,0,Yes,No,1,Yes,No,Fiber optic,No,No,No,Yes,Yes,No,Month-to-month,Yes,Credit card (automatic),101.6,113.91,Yes,New_0-12m,2,0,0,0.8841702201723087,0
Male,0,No,No,11,No,No phone service,Fiber optic,No,Yes,Yes,No,Yes,Yes,Month-to-month,No,Mailed check,99.29,1084.1,Yes,New_0-12m,4,0,1,0.0915030872730624,1
Female,0,Yes,Yes,36,Yes,Yes,DSL,Yes,Yes,No,No,Yes,Yes,Two year,Yes,Electronic check,107.24,3850.28,No,Established_25-48m,4,0,1,0.0278452878004196,0
Female,0,No,No,53,Yes,Yes,Fiber optic,No,Yes,Yes,Yes,Yes,No,Two year,Yes,Electronic check,122.34,6459.28,No,Loyal_49-72m,4,0,0,0.018937259685338718,0
Female,0,No,No,55,Yes,No,No,No internet service,No internet service,No internet service,No internet service,No internet service,No internet service,Month-to-month,Yes,Mailed check,34.32,1897.77,No,Loyal_49-72m,0,0,0,0.018074858987660432,0
Female,0,No,No,52,Yes,No,No,No internet service,No internet service,No internet service,No internet service,No internet service,No internet service,Two year,No,Electronic check,33.2,1755.45,No,Loyal_49-72m,0,0,0,0.01890176207691651,0
Female,1,No,No,3,Yes,No,Fiber optic,No,No,No,Yes,No,No,Month-to-month,No,Electronic check,88.36,286.92,Yes,New_0-12m,1,0,0,0.30689080300083355,0
Female,0,Yes,Yes,53,Yes,No,Fiber optic,Yes,Yes,Yes,Yes,No,No,Month-to-month,No,Electronic check,106.74,5657.68,Yes,Loyal_49-72m,4,1,0,0.018863056401846365,0
Male,1,No,No,65,Yes,No,DSL,No,No,No,No,No,No,Month-to-month,Yes,Electronic check,59.52,3876.2,Yes,Loyal_49-72m,0,0,0,0.015351284432064377,0
Male,0,Yes,No,2,Yes,Yes,Fiber optic,No,Yes,Yes,No,No,Yes,Month-to-month,Yes,Credit card (automatic),112.53,228.77,Yes,New_0-12m,3,0,0,0.4897506201854028,1
Female,0,Yes,No,28,Yes,Yes,DSL,No,Yes,No,No,Yes,No,Month-to-month,No,Mailed check,89.14,2509.56,No,Established_25-48m,2,0,0,0.035506022560703586,0
Male,1,No,No,18,Yes,Yes,No,No internet service,No internet service,No internet service,No internet service,No internet service,No internet service,One year,Yes,Bank transfer (automatic),46.78,868.17,Yes,Developing_13-24m,0,0,0,0.05382146185441283,0
Female,0,No,No,60,Yes,No,DSL,No,Yes,Yes,Yes,Yes,Yes,Month-to-month,Yes,Bank transfer (automatic),105.43,6317.26,No,Loyal_49-72m,5,0,1,0.016686556108802108,0
Male,0,No,No,7,Yes,No,Fiber optic,No,No,No,No,Yes,No,Month-to-month,Yes,Credit card (automatic),94.38,652.67,Yes,New_0-12m,1,0,0,0.14438478131167104,1
Female,0,Yes,No,48,Yes,Yes,No,No internet service,No internet service,No internet service,No internet service,No internet service,No internet service,One year,No,Electronic check,44.02,2108.65,No,Established_25-48m,0,0,0,0.020866020429929136,0
Female,0,Yes,No,37,Yes,No,No,No internet service,No internet service,No internet service,No internet service,No internet service,No internet service,Two year,Yes,Mailed check,32.88,1216.07,No,Established_25-48m,0,0,0,0.027015701644112503,0
Male,0,Yes,No,65,Yes,No,Fiber optic,No,No,No,No,No,Yes,One year,Yes,Electronic check,92.62,6031.22,Yes,Loyal_49-72m,1,0,0,0.01535421453461578,0
Male,0,Yes,Yes,69,Yes,Yes,Fiber optic,Yes,Yes,Yes,Yes,No,Yes,Two year,No,Mailed check,127.4,8789.59,No,Loyal_49-72m,5,1,0,0.014492770109856107,0
Female,0,Yes,No,53,Yes,No,Fiber optic,No,No,Yes,No,No,No,One year,No,Electronic check,87.48,4623.64,No,Loyal_49-72m,1,0,0,0.018916066980348742,0
Female,0,Yes,No,16,Yes,No,DSL,No,Yes,No,Yes,No,No,One year,Yes,Electronic check,72.44,1146.44,Yes,Developing_13-24m,2,0,0,0.06313184131632155,0
Male,0,Yes,No,60,Yes,No,DSL,No,Yes,Yes,No,Yes,Yes,One year,No,Bank transfer (automatic),94.55,5655.37,No,Loyal_49-72m,4,0,1,0.016715667468712267,0
Male,0,No,Yes,70,Yes,Yes,DSL,No,No,Yes,No,Yes,No,Two year,No,Electronic check,88.1,6165.39,Yes,Loyal_49-72m,2,0,0,0.014287127476530026,0
Female,0,Yes,Yes,66,Yes,No,DSL,No,No,Yes,Yes,Yes,Yes,Two year,Yes,Credit card (automatic),98.26,6500.67,No,Loyal_49-72m,4,0,1,0.015113040188136279,0
Male,1,No,No,22,Yes,No,No,No internet service,No internet service,No internet service,No internet service,No internet service,No internet service,One year,No,Electronic check,36.01,798.53,No,Developing_13-24m,0,0,0,0.04503896038922867,0
Female,0,Yes,No,33,Yes,Yes,DSL,No,No,Yes,No,Yes,No,One year,No,Bank transfer (automatic),87.85,2907.5,No,Established_25-48m,2,0,0,0.03020457280385078,0
Female,0,No,No,9,Yes,No,Fiber optic,No,No,Yes,Yes,Yes,Yes,Month-to-month,Yes,Bank transfer (automatic),115.12,1019.82,Yes,New_0-12m,4,0,1,0.11277208518641876,0
Female,1,No,No,49,Yes,No,DSL,No,No,No,No,Yes,Yes,Two year,No,Electronic check,89.18,4352.23,No,Loyal_49-72m,2,0,1,0.020485938027625467,0
Female,0,Yes,No,35,Yes,No,No,No internet service,No internet service,No internet service,No internet service,No internet service,No internet service,Two year,No,Credit card (automatic),35.05,1229.43,No,Established_25-48m,0,0,0,0.028485976447258272,0
Male,1,No,No,30,Yes,No,Fiber optic,No,Yes,Yes,Yes,No,Yes,One year,No,Mailed check,116.33,3508.59,No,Established_25-48m,4,0,0,0.03314632193504084,0
Male,0,Yes,Yes,1,Yes,No,Fiber optic,Yes,Yes,No,No,No,No,One year,Yes,Credit card (automatic),91.81,104.48,Yes,New_0-12m,2,0,0,0.8704019719378081,0
Male,0,No,No,15,Yes,Yes,Fiber optic,No,No,No,No,Yes,No,Month-to-month,Yes,Electronic check,100.42,1496.2,Yes,Developing_13-24m,1,0,0,0.06707186748597381,1
Male,0,Yes,Yes,71,Yes,No,No,No internet service,No internet service,No internet service,No internet service,No internet service,No internet service,Two year,Yes,Bank transfer (automatic),34.52,2485.29,No,Loyal_49-72m,0,0,0,0.013884140627199565,0
Male,0,No,No,57,Yes,Yes,DSL,No,No,No,Yes,No,Yes,Two year,Yes,Electronic check,91.65,5193.6,No,Loyal_49-72m,2,0,0,0.017643321911215492,0
Male,0,Yes,Yes,17,Yes,No,No,No internet service,No internet service,No internet service,No internet service,No internet service,No internet service,One year,No,Mailed check,35.93,611.25,No,Developing_13-24m,0,0,0,0.0586851776235198,0
Male,0,Yes,Yes,4,Yes,No,Fiber optic,No,No,Yes,Yes,No,Yes,Month-to-month,No,Mailed check,106.46,427.38,Yes,New_0-12m,3,0,0,0.24851767122648116,0
Female,0,No,No,19,Yes,No,DSL,Yes,No,Yes,Yes,No,Yes,Month-to-month,Yes,Mailed check,91.91,1743.15,Yes,Developing_13-24m,4,1,0,0.05269615572055155,0
Male,0,Yes,Yes,15,Yes,No,DSL,No,No,No,Yes,Yes,No,One year,No,Electronic check,80.19,1210.73,No,Developing_13-24m,2,0,0,0.0661781089846748,0
Male,0,No,No,68,Yes,No,Fiber optic,No,No,No,Yes,Yes,No,Two year,Yes,Bank transfer (automatic),99.78,6782.01,No,Loyal_49-72m,2,0,0,0.014710283487714157,0
Female,0,Yes,Yes,43,Yes,No,DSL,No,No,No,Yes,No,No,One year,Yes,Credit card (automatic),69.8,2978.97,No,Established_25-48m,1,0,0,0.02342305459450934,0
Male,0,No,No,18,Yes,No,No,No internet service,No internet service,No internet service,No internet service,No internet service,No internet service,Two year,Yes,Electronic check,36.37,653.33,No,Developing_13-24m,0,0,0,0.055583574037565135,0
Male,0,Yes,Yes,24,Yes,Yes,DSL,No,Yes,No,No,Yes,No,Month-to-month,Yes,Mailed check,86.59,2080.63,Yes,Developing_13-24m,2,0,0,0.041597209878796906,0
Female,1,No,No,18,Yes,No,Fiber optic,Yes,Yes,No,No,No,Yes,Month-to-month,Yes,Mailed check,101.78,1845.71,Yes,Developing_13-24m,3,0,0,0.05511423017149417,1
Male,0,No,No,44,Yes,No,Fiber optic,Yes,Yes,No,No,No,Yes,One year,Yes,Bank transfer (automatic),102.16,4516.3,No,Established_25-48m,3,0,0,0.022615279038363623,0
Male,1,Yes,No,67,Yes,Yes,Fiber optic,Yes,No,No,Yes,No,Yes,Two year,No,Electronic check,115.47,7723.66,No,Loyal_49-72m,3,1,0,0.014948230731190759,0
Male,0,Yes,Yes,69,Yes,No,DSL,No,No,No,No,No,No,Month-to-month,Yes,Credit card (automatic),60.33,4187.85,Yes,Loyal_49-72m,0,0,0,0.014402520978311469,0
Female,0,Yes,No,39,Yes,Yes,No,No internet service,No internet service,No internet service,No internet service,No internet service,No internet service,Two year,Yes,Credit card (automatic),44.92,1745.46,No,Established_25-48m,0,0,0,0.025720600529070235,0
Male,0,No,No,14,Yes,Yes,Fiber optic,No,No,No,No,Yes,Yes,One year,No,Bank transfer (automatic),114.95,1601.64,Yes,Developing_13-24m,2,0,1,0.07172540308490989,0
Male,0,Yes,No,60,Yes,Yes,Fiber optic,No,No,No,Yes,No,No,One year,Yes,Bank transfer (automatic),97.98,5872.64,No,Loyal_49-72m,1,0,0,0.016681308353933846,0
Female,0,Yes,Yes,60,Yes,No,Fiber optic,Yes,No,Yes,Yes,Yes,Yes,One year,No,Credit card (automatic),126.39,7554.13,No,Loyal_49-72m,5,1,1,0.016729030473334013,0
Male,0,Yes,No,32,Yes,Yes,Fiber optic,No,Yes,No,No,No,No,Month-to-month,Yes,Credit card (automatic),96.76,3089.98,Yes,Established_25-48m,1,0,0,0.03130398773204615,1
Female,0,Yes,Yes,46,Yes,Yes,No,No internet service,No internet service,No internet service,No internet service,No internet service,No internet service,One year,Yes,Bank transfer (automatic),45.03,2091.05,No,Established_25-48m,0,0,0,0.021524342152434213,0
Female,0,No,No,56,Yes,Yes,No,No internet service,No internet service,No internet service,No internet service,No internet service,No internet service,One year,Yes,Mailed check,42.73,2400.04,No,Loyal_49-72m,0,0,0,0.017796454869556524,0
Male,0,No,No,63,Yes,Yes,DSL,No,No,No,No,Yes,No,One year,Yes,Mailed check,82.53,5202.8,No,Loyal_49-72m,1,0,0,0.01585956416464891,0
Female,0,No,No,63,Yes,No,DSL,No,Yes,Yes,No,Yes,No,Two year,No,Mailed check,84.75,5344.51,No,Loyal_49-72m,3,0,0,0.015854427360532483,0
Female,0,No,No,52,Yes,Yes,No,No internet service,No internet service,No internet service,No internet service,No internet service,No internet service,Two year,Yes,Mailed check,43.93,2303.28,No,Loyal_49-72m,0,0,0,0.019064523408613535,0
Male,0,No,Yes,47,Yes,No,DSL,No,Yes,No,Yes,No,Yes,One year,Yes,Bank transfer (automatic),84.27,3947.52,No,Established_25-48m,3,0,0,0.0213421737765036,0
Female,0,Yes,No,40,Yes,Yes,No,No internet service,No internet service,No internet service,No internet service,No internet service,No internet service,One year,Yes,Credit card (automatic),46.64,1879.16,No,Established_25-48m,0,0,0,0.0248063994553655,0
Female,0,Yes,No,60,Yes,No,Fiber optic,No,No,Yes,Yes,Yes,No,Month-to-month,Yes,Electronic check,104.55,6274.0,Yes,Loyal_49-72m,3,0,0,0.016661354581673306,0
Male,0,No,No,66,No,No phone service,DSL,No,Yes,No,No,No,Yes,Two year,Yes,Electronic check,63.25,4162.74,No,Loyal_49-72m,2,0,0,0.015190669926556414,0
Male,0,No,Yes,41,Yes,No,DSL,No,Yes,No,No,Yes,No,Two year,Yes,Electronic check,78.04,3206.59,No,Established_25-48m,2,0,0,0.024329792772767093,0
Male,0,No,No,8,Yes,No,Fiber optic,No,No,No,Yes,No,Yes,One year,Yes,Credit card (automatic),100.67,806.62,Yes,New_0-12m,2,0,0,0.12465020678041654,0
Female,0,Yes,Yes,51,Yes,Yes,No,No internet service,No internet service,No internet service,No internet service,No internet service,No internet service,Month-to-month,Yes,Mailed check,43.56,2209.46,No,Loyal_49-72m,0,0,0,0.019706305474878533,0
Male,0,Yes,No,29,Yes,Yes,DSL,No,Yes,Yes,Yes,No,Yes,Month-to-month,No,Mailed check,101.82,2936.74,Yes,Established_25-48m,4,0,0,0.03465929592135451,0
Female,0,Yes,Yes,5,Yes,Yes,DSL,No,No,No,Yes,Yes,Yes,Two year,Yes,Mailed check,100.55,496.23,No,New_0-12m,3,0,1,0.20222030046457373,0
Female,1,No,No,66,Yes,Yes,No,No internet service,No internet service,No internet service,No internet service,No internet service,No internet service,Month-to-month,No,Credit card (automatic),45.11,2969.59,No,Loyal_49-72m,0,0,0,0.015185535533345227,0
Female,1,No,No,52,Yes,No,DSL,No,No,No,Yes,Yes,Yes,One year,No,Mailed check,92.76,4841.83,No,Loyal_49-72m,3,0,1,0.019154089654189802,0
Female,0,No,No,53,Yes,No,Fiber optic,Yes,Yes,No,No,Yes,Yes,Month-to-month,No,Bank transfer (automatic),117.34,6215.81,Yes,Loyal_49-72m,4,0,1,0.01887463184494942,1
Female,0,Yes,No,28,Yes,No,Fiber optic,Yes,No,No,No,No,Yes,One year,Yes,Electronic check,100.24,2801.12,Yes,Established_25-48m,2,0,0,0.03577291479308523,0
Female,0,No,No,19,Yes,No,DSL,No,Yes,No,No,No,No,Month-to-month,No,Bank transfer (automatic),65.6,1263.33,Yes,Developing_13-24m,1,0,0,0.05188518820244714,0
Female,0,Yes,No,44,Yes,Yes,DSL,Yes,No,No,Yes,No,No,Two year,Yes,Electronic check,83.58,3697.76,No,Established_25-48m,2,1,0,0.02259676215812867,0
Male,0,Yes,No,70,Yes,Yes,Fiber optic,No,Yes,Yes,Yes,Yes,No,Month-to-month,No,Credit card (automatic),123.91,8661.23,No,Loyal_49-72m,4,0,0,0.01430463056279965,0
Male,0,No,No,2,Yes,No,DSL,No,Yes,Yes,Yes,Yes,No,Month-to-month,No,Bank transfer (automatic),92.86,167.06,Yes,New_0-12m,4,0,0,0.5525407592526479,0
Female,1,Yes,No,46,Yes,No,Fiber optic,No,No,No,Yes,No,No,One year,No,Electronic check,89.86,4141.29,No,Established_25-48m,1,0,0,0.02169331456754597,0
Female,0,Yes,No,19,Yes,No,Fiber optic,Yes,No,No,Yes,Yes,No,Month-to-month,Yes,Electronic check,108.93,2066.56,Yes,Developing_13-24m,3,1,0,0.05268529087426726,0
Male,0,No,No,65,Yes,No,Fiber optic,Yes,No,Yes,No,No,Yes,Month-to-month,Yes,Electronic check,102.73,6669.27,Yes,Loyal_49-72m,3,0,0,0.015401175664553308,1
Female,0,No,No,68,Yes,No,Fiber optic,Yes,Yes,Yes,No,Yes,No,Month-to-month,Yes,Electronic check,111.21,7577.85,Yes,Loyal_49-72m,4,0,0,0.01467373018333916,1
Male,0,Yes,Yes,55,Yes,No,Fiber optic,No,No,No,No,Yes,No,Month-to-month,No,Bank transfer (automatic),91.1,5006.59,No,Loyal_49-72m,1,0,0,0.018192383961146977,1
Male,0,No,No,56,Yes,No,DSL,No,Yes,No,No,No,No,Two year,Yes,Credit card (automatic),68.35,3856.37,No,Loyal_49-72m,1,0,0,0.017719326898897433,0
Male,1,Yes,No,10,Yes,Yes,DSL,Yes,Yes,No,No,No,No,Month-to-month,Yes,Bank transfer (automatic),80.22,802.92,No,New_0-12m,2,0,0,0.0997860483630212,0
Female,0,No,No,30,Yes,No,Fiber optic,No,No,Yes,No,Yes,No,Two year,No,Electronic check,99.38,2983.86,Yes,Established_25-48m,2,0,0,0.03329469388849058,0
Female,0,No,No,2,Yes,Yes,No,No internet service,No internet service,No internet service,No internet service,No internet service,No internet service,Month-to-month,No,Mailed check,44.17,121.94,Yes,New_0-12m,0,0,0,0.3592809500569384,0
Male,0,No,No,47,Yes,Yes,DSL,No,No,Yes,No,No,No,Month-to-month,Yes,Credit card (automatic),76.83,3615.65,No,Established_25-48m,1,0,0,0.02124341586827589,0
Male,0,No,No,3,Yes,No,Fiber optic,No,No,No,No,No,Yes,Month-to-month,No,Credit card (automatic),93.9,271.11,Yes,New_0-12m,1,0,0,0.34508103340560803,1
Male,0,Yes,No,56,No,No phone service,Fiber optic,No,Yes,Yes,Yes,No,Yes,Month-to-month,No,Electronic check,96.03,5362.37,No,Loyal_49-72m,4,0,0,0.017904787475039017,0
Male,0,Yes,Yes,62,Yes,Yes,Fiber optic,No,No,Yes,No,No,Yes,One year,Yes,Mailed check,105.8,6552.67,Yes,Loyal_49-72m,2,0,0,0.016143626395592088,0
Male,0,Yes,Yes,42,Yes,Yes,No,No internet service,No internet service,No internet service,No internet service,No internet service,No internet service,Month-to-month,Yes,Mailed check,44.61,1877.16,No,Established_25-48m,0,0,0,0.02375197001320441,0
Female,1,Yes,Yes,1,Yes,No,DSL,No,Yes,No,Yes,Yes,Yes,Month-to-month,No,Mailed check,97.42,111.09,Yes,New_0-12m,4,0,1,0.8691230261397092,0
Male,0,No,No,38,Yes,No,DSL,Yes,No,No,No,Yes,No,Two year,Yes,Mailed check,76.07,2868.1,No,Established_25-48m,2,0,0,0.02651354083161967,0
Female,0,Yes,Yes,6,Yes,Yes,DSL,Yes,No,No,No,Yes,Yes,One year,No,Mailed check,96.99,581.99,Yes,New_0-12m,3,0,1,0.16636648999125198,0
Male,0,Yes,Yes,38,Yes,No,DSL,Yes,Yes,No,No,Yes,No,One year,Yes,Electronic check,85.82,3280.34,No,Established_25-48m,3,0,0,0.026153949301200116,0
Female,0,Yes,Yes,28,Yes,No,Fiber optic,Yes,No,No,Yes,Yes,No,One year,No,Electronic check,108.24,3030.72,Yes,Established_25-48m,3,1,0,0.03570250550842426,0
Female,0,No,No,39,Yes,No,No,No internet service,No internet service,No internet service,No internet service,No internet service,No internet service,Month-to-month,Yes,Mailed check,34.1,1350.24,Yes,Established_25-48m,0,0,0,0.025236079452946925,0
Female,0,Yes,No,57,Yes,No,Fiber optic,No,Yes,Yes,Yes,No,No,Two year,Yes,Credit card (automatic),99.56,5652.3,No,Loyal_49-72m,3,0,0,0.017610952894769428,0
Female,0,No,No,59,No,No phone service,DSL,No,No,No,No,Yes,No,Two year,No,Electronic check,58.21,3430.99,No,Loyal_49-72m,1,0,0,0.016961005131133834,0
Female,0,Yes,Yes,45,Yes,Yes,DSL,Yes,Yes,No,No,No,Yes,One year,Yes,Bank transfer (automatic),95.24,4287.61,No,Established_25-48m,3,0,0,0.022207661689918178,0
Female,0,Yes,Yes,72,Yes,Yes,No,No internet service,No internet service,No internet service,No internet service,No internet service,No internet service,Two year,No,Electronic check,47.67,3440.54,No,Loyal_49-72m,0,0,0,0.013851357241235028,0
Male,1,No,No,36,Yes,No,Fiber optic,Yes,No,Yes,No,No,Yes,Two year,No,Mailed check,104.93,3764.71,No,Established_25-48m,3,0,0,0.027864599238921744,0
Female,0,No,No,45,Yes,No,No,No internet service,No internet service,No internet service,No internet service,No internet service,No internet service,Two year,No,Credit card (automatic),33.46,1511.94,No,Established_25-48m,0,0,0,0.022115880338942722,0
Male,0,No,No,31,Yes,Yes,Fiber optic,Yes,No,No,No,No,Yes,One year,No,Bank transfer (automatic),109.19,3392.3,Yes,Established_25-48m,2,0,0,0.0321781156985825,0
Female,0,No,No,36,Yes,Yes,No,No internet service,No internet service,No internet service,No internet service,No internet service,No internet service,Month-to-month,Yes,Bank transfer (automatic),43.95,1581.1,No,Established_25-48m,0,0,0,0.027779533531382343,0
Female,1,Yes,Yes,43,Yes,Yes,No,No internet service,No internet service,No internet service,No internet service,No internet service,No internet service,Two year,No,Bank transfer (automatic),44.9,1937.75,No,Established_25-48m,0,0,0,0.023159252095422307,0
Male,0,Yes,Yes,71,Yes,No,Fiber optic,No,No,Yes,Yes,No,No,Month-to-month,Yes,Electronic check,95.67,6797.31,Yes,Loyal_49-72m,2,0,0,0.014072615105813062,0
Female,0,No,No,13,Yes,No,Fiber optic,No,Yes,Yes,No,Yes,No,One year,Yes,Bank transfer (automatic),102.64,1324.44,Yes,Developing_13-24m,3,0,0,0.07743843553838725,0
Male,0,Yes,Yes,67,Yes,Yes,Fiber optic,Yes,No,No,Yes,No,Yes,Month-to-month,Yes,Mailed check,115.89,7762.26,No,Loyal_49-72m,3,1,0,0.01492800704858526,0
Male,0,No,No,25,Yes,No,DSL,Yes,Yes,Yes,No,Yes,Yes,Two year,Yes,Credit card (automatic),100.16,2485.27,No,Established_25-48m,5,0,1,0.040285246574185425,0
Male,0,No,No,51,Yes,Yes,DSL,No,No,Yes,No,Yes,No,Two year,Yes,Bank transfer (automatic),86.52,4390.08,No,Loyal_49-72m,2,0,0,0.019703580895816062,0
Male,0,Yes,Yes,22,Yes,Yes,Fiber optic,No,Yes,No,Yes,No,Yes,One year,Yes,Bank transfer (automatic),115.18,2537.77,No,Developing_13-24m,3,0,0,0.045368426442726206,0
Female,0,No,No,30,Yes,No,DSL,Yes,No,No,No,No,Yes,Month-to-month,Yes,Credit card (automatic),80.45,2385.09,Yes,Established_25-48m,2,0,0,0.03371624708204636,0
Female,0,Yes,No,24,Yes,Yes,DSL,No,Yes,No,No,No,No,One year,Yes,Credit card (automatic),76.05,1821.57,No,Developing_13-24m,1,0,0,0.041726792386575,0
Male,0,Yes,No,24,Yes,No,Fiber optic,No,No,Yes,Yes,Yes,Yes,Two year,Yes,Mailed check,121.97,2933.48,No,Developing_13-24m,4,0,1,0.041564433903110605,0
Female,0,Yes,Yes,27,Yes,Yes,No,No internet service,No internet service,No internet service,No internet service,No internet service,No internet service,One year,Yes,Mailed check,46.43,1253.86,No,Established_25-48m,0,0,0,0.03700014344229635,0
Female,0,No,No,11,Yes,Yes,Fiber optic,Yes,Yes,No,Yes,No,No,Two year,No,Credit card (automatic),111.47,1258.95,No,New_0-12m,3,1,0,0.08847176475256954,0
Male,0,Yes,No,29,Yes,Yes,Fiber optic,No,Yes,No,No,Yes,Yes,Month-to-month,Yes,Electronic check,118.36,3438.84,Yes,Established_25-48m,3,0,1,0.03440857714312293,1
Female,1,No,No,54,Yes,Yes,DSL,No,Yes,Yes,No,No,No,Two year,Yes,Electronic check,81.77,4411.55,Yes,Loyal_49-72m,2,0,0,0.01853123477354364,0
Male,1,No,No,58,Yes,No,DSL,Yes,Yes,No,No,Yes,Yes,One year,Yes,Electronic check,94.29,5477.94,Yes,Loyal_49-72m,4,0,1,0.01720953323088043,0
Male,1,No,No,57,Yes,Yes,Fiber optic,No,No,Yes,No,Yes,Yes,Month-to-month,Yes,Electronic check,119.54,6794.1,Yes,Loyal_49-72m,3,0,1,0.017592088416653176,1
Female,0,No,No,49,Yes,Yes,No,No internet service,No internet service,No internet service,No internet service,No internet service,No internet service,Two year,No,Bank transfer (automatic),44.31,2186.19,No,Loyal_49-72m,0,0,0,0.020258870971429095,0
Female,0,Yes,Yes,37,Yes,No,Fiber optic,Yes,No,Yes,No,Yes,No,Two year,Yes,Credit card (automatic),103.94,3838.21,No,Established_25-48m,3,0,0,0.027073278096275015,0
Female,0,Yes,No,71,Yes,No,Fiber optic,No,No,Yes,Yes,Yes,No,Month-to-month,No,Electronic check,107.24,7630.64,Yes,Loyal_49-72m,3,0,0,0.014052025514830363,0
Male,0,Yes,Yes,67,Yes,Yes,Fiber optic,No,No,No,Yes,No,Yes,Two year,No,Credit card (automatic),109.61,7349.88,No,Loyal_49-72m,2,0,0,0.01491113989073417,0
Male,0,No,Yes,55,Yes,No,DSL,Yes,Yes,Yes,Yes,No,Yes,Month-to-month,No,Mailed check,99.27,5469.23,No,Loyal_49-72m,5,1,0,0.018147317388848366,0
Female,0,No,No,29,Yes,Yes,Fiber optic,No,No,No,No,Yes,No,One year,Yes,Bank transfer (automatic),99.8,2885.89,No,Established_25-48m,1,0,0,0.03457007367790252,0
Female,0,No,No,68,Yes,No,Fiber optic,Yes,Yes,Yes,Yes,Yes,No,Two year,No,Bank transfer (automatic),118.67,8052.39,No,Loyal_49-72m,5,1,0,0.014735409560445974,0
Female,0,No,No,3,Yes,No,Fiber optic,No,No,Yes,Yes,No,No,Month-to-month,Yes,Bank transfer (automatic),93.35,262.61,Yes,New_0-12m,2,0,0,0.3541216190584575,0
Female,0,No,No,23,Yes,No,DSL,No,No,Yes,No,Yes,Yes,One year,No,Electronic check,90.38,2053.0,No,Developing_13-24m,3,0,1,0.04400194741966894,0
Male,1,Yes,Yes,18,Yes,Yes,DSL,No,Yes,Yes,Yes,Yes,No,Month-to-month,No,Electronic check,103.29,1853.47,No,Developing_13-24m,4,0,0,0.05569785437348677,0
Female,0,No,No,42,Yes,Yes,Fiber optic,Yes,No,Yes,No,Yes,No,Two year,Yes,Credit card (automatic),111.84,4688.47,Yes,Established_25-48m,3,0,0,0.023849176985885397,0
Male,0,No,No,65,Yes,No,DSL,No,Yes,Yes,Yes,Yes,Yes,One year,Yes,Electronic check,106.2,6918.18,No,Loyal_49-72m,5,0,1,0.015348639578678398,0
Male,1,Yes,Yes,23,Yes,Yes,No,No internet service,No internet service,No internet service,No internet service,No internet service,No internet service,Month-to-month,Yes,Electronic check,44.71,1012.83,No,Developing_13-24m,0,0,0,0.04410009567678999,0
Female,0,No,No,17,Yes,No,DSL,Yes,No,Yes,No,Yes,No,Month-to-month,No,Mailed check,86.79,1508.34,No,Developing_13-24m,3,0,0,0.05750195449666742,0
Female,0,Yes,Yes,45,Yes,Yes,DSL,No,Yes,Yes,Yes,Yes,No,Two year,No,Credit card (automatic),102.11,4579.93,No,Established_25-48m,4,0,0,0.022290233642513636,0
Female,0,No,No,6,Yes,Yes,DSL,No,No,No,No,Yes,No,Month-to-month,Yes,Bank transfer (automatic),83.98,490.27,Yes,New_0-12m,1,0,0,0.17094469436358828,0
Male,0,No,No,50,Yes,No,No,No internet service,No internet service,No internet service,No internet service,No internet service,No internet service,Month-to-month,No,Bank transfer (automatic),35.09,1732.3,Yes,Loyal_49-72m,0,0,0,0.020244620088847864,0
Female,1,No,No,40,Yes,No,No,No internet service,No internet service,No internet service,No internet service,No internet service,No internet service,Month-to-month,No,Bank transfer (automatic),35.4,1416.15,No,Established_25-48m,0,0,0,0.02497971280386691,0
Female,0,Yes,No,5,Yes,No,No,No internet service,No internet service,No internet service,No internet service,No internet service,No internet service,Month-to-month,No,Credit card (automatic),35.17,171.02,Yes,New_0-12m,0,0,0,0.2044529705848157,0
Male,0,No,No,42,Yes,No,Fiber optic,Yes,No,No,No,No,No,Month-to-month,Yes,Electronic check,85.67,3596.52,Yes,Established_25-48m,1,0,0,0.023813627165380595,1
Female,0,No,No,26,Yes,No,No,No internet service,No internet service,No internet service,No internet service,No internet service,No internet service,Month-to-month,Yes,Electronic check,34.61,905.96,Yes,Established_25-48m,0,0,0,0.03816044809032371,0
Male,0,Yes,Yes,21,Yes,No,No,No internet service,No internet service,No internet service,No internet service,No internet service,No internet service,Month-to-month,No,Electronic check,35.34,756.88,Yes,Developing_13-24m,0,0,0,0.04663007336253761,0
Female,1,No,No,24,Yes,Yes,Fiber optic,Yes,No,No,No,No,Yes,Month-to-month,Yes,Electronic check,108.82,2594.13,Yes,Developing_13-24m,2,0,0,0.04193238874353115,1
Male,0,No,No,60,Yes,No,No,No internet service,No internet service,No internet service,No internet service,No internet service,No internet service,Month-to-month,Yes,Electronic check,35.35,2121.29,No,Loyal_49-72m,0,0,0,0.016656536100155963,0
Female,0,No,No,10,Yes,No,No,No internet service,No internet service,No internet service,No internet service,No internet service,No internet service,Month-to-month,No,Bank transfer (automatic),35.78,370.63,Yes,New_0-12m,0,0,0,0.0962785566289051,0
Female,0,Yes,Yes,54,Yes,Yes,No,No internet service,No internet service,No internet service,No internet service,No internet service,No internet service,One year,No,Credit card (automatic),42.72,2290.47,Yes,Loyal_49-72m,0,0,0,0.018643054458491713,0
Male,0,No,No,47,Yes,Yes,No,No internet service,No internet service,No internet service,No internet service,No internet service,No internet service,Two year,Yes,Bank transfer (automatic),46.36,2220.39,No,Established_25-48m,0,0,0,0.020869815745996875,0
Male,1,No,No,54,Yes,Yes,Fiber optic,No,No,No,Yes,No,No,Two year,Yes,Electronic check,96.89,5267.18,Yes,Loyal_49-72m,1,0,0,0.018391550782243582,0
Female,0,Yes,No,5,Yes,Yes,No,No internet service,No internet service,No internet service,No internet service,No internet service,No internet service,Month-to-month,No,Bank transfer (automatic),42.53,211.52,No,New_0-12m,0,0,0,0.20012234142668925,0
Male,0,Yes,Yes,37,Yes,No,Fiber optic,No,Yes,No,No,Yes,No,One year,Yes,Mailed check,100.77,3711.89,No,Established_25-48m,2,0,0,0.027140583211460616,0
Male,0,No,No,43,Yes,Yes,No,No internet service,No internet service,No internet service,No internet service,No internet service,No internet service,Two year,Yes,Credit card (automatic),47.12,2011.49,No,Established_25-48m,0,0,0,0.023413780938041927,0
Male,0,No,No,17,Yes,No,DSL,Yes,Yes,No,Yes,No,Yes,Two year,No,Credit card (automatic),91.98,1567.17,Yes,Developing_13-24m,4,1,0,0.058654355076299125,0
Male,0,No,No,40,Yes,Yes,Fiber optic,Yes,No,No,No,No,Yes,Two year,Yes,Bank transfer (automatic),109.6,4393.6,No,Established_25-48m,2,0,0,0.024939698721157783,0
Female,1,Yes,No,46,Yes,No,No,No internet service,No internet service,No internet service,No internet service,No internet service,No internet service,Month-to-month,No,Mailed check,34.5,1559.37,No,Established_25-48m,0,0,0,0.02211014054358902,0
Female,0,Yes,No,39,Yes,Yes,Fiber optic,Yes,No,Yes,No,No,Yes,One year,Yes,Mailed check,113.3,4404.51,Yes,Established_25-48m,3,0,0,0.025717794307583003,0
Male,1,Yes,No,70,Yes,No,No,No internet service,No internet service,No internet service,No internet service,No internet service,No internet service,One year,Yes,Credit card (automatic),34.11,2389.83,No,Loyal_49-72m,0,0,0,0.014267011874537295,0
Male,0,Yes,No,2,Yes,No,Fiber optic,No,No,Yes,No,Yes,No,Month-to-month,No,Electronic check,97.04,173.01,Yes,New_0-12m,2,0,0,0.5576690994770416,1
Male,0,No,No,14,Yes,Yes,Fiber optic,No,No,Yes,Yes,Yes,No,One year,No,Electronic check,115.61,1614.08,Yes,Developing_13-24m,3,0,0,0.07158159348143746,0
Male,0,No,No,64,Yes,Yes,DSL,No,No,No,No,No,No,Two year,Yes,Electronic check,68.93,4417.99,No,Loyal_49-72m,0,0,0,0.015598587007438354,0
Female,0,No,No,23,Yes,No,DSL,Yes,Yes,No,No,Yes,Yes,Month-to-month,Yes,Bank transfer (automatic),91.73,2107.36,Yes,Developing_13-24m,4,0,1,0.04350775009960348,0
Female,1,Yes,Yes,42,No,No phone service,Fiber optic,Yes,No,Yes,Yes,No,Yes,One year,Yes,Electronic check,96.72,4051.23,No,Established_25-48m,4,1,0,0.023868339161400017,0
Male,0,No,No,10,No,No phone service,Fiber optic,Yes,No,No,No,No,No,Month-to-month,Yes,Electronic check,69.55,696.81,Yes,New_0-12m,1,0,0,0.09966896433126496,1
Male,0,Yes,Yes,15,Yes,Yes,DSL,Yes,No,No,No,Yes,Yes,One year,No,Electronic check,100.45,1514.35,No,Developing_13-24m,3,0,1,0.0662883162305738,0
Male,0,Yes,Yes,47,Yes,No,DSL,No,No,No,No,Yes,No,Month-to-month,Yes,Mailed check,71.64,3353.27,Yes,Established_25-48m,1,0,0,0.02135785133576009,0
Female,0,No,No,8,Yes,Yes,Fiber optic,No,No,Yes,No,Yes,No,Month-to-month,No,Mailed check,108.95,876.77,Yes,New_0-12m,2,0,0,0.1241213529740137,1
Male,0,No,No,41,Yes,Yes,Fiber optic,No,No,No,No,No,No,Two year,Yes,Bank transfer (automatic),90.02,3695.69,Yes,Established_25-48m,0,0,0,0.024351514462938467,0
Female,0,No,No,44,Yes,No,Fiber optic,No,Yes,No,No,No,Yes,Two year,Yes,Bank transfer (automatic),96.1,4236.19,No,Established_25-48m,2,0,0,0.022680125271701292,0
Male,0,Yes,Yes,52,Yes,No,DSL,No,No,No,Yes,Yes,Yes,One year,Yes,Credit card (automatic),90.1,4689.14,No,Loyal_49-72m,3,0,1,0.019210513971864376,0
Female,0,No,No,57,Yes,No,Fiber optic,No,Yes,Yes,No,Yes,Yes,One year,No,Electronic check,114.14,6507.93,Yes,Loyal_49-72m,4,0,1,0.017535908359745764,0
Male,0,No,No,5,Yes,No,DSL,No,Yes,No,No,No,No,Month-to-month,Yes,Mailed check,64.7,321.16,No,New_0-12m,1,0,0,0.20083188477775019,0
Female,0,No,No,63,No,No phone service,Fiber optic,Yes,Yes,No,Yes,Yes,No,Two year,Yes,Mailed check,95.95,6040.36,Yes,Loyal_49-72m,4,1,0,0.01588218546817273,0
Male,0,Yes,Yes,13,Yes,Yes,DSL,No,Yes,Yes,Yes,No,Yes,One year,Yes,Electronic check,103.38,1354.78,No,Developing_13-24m,4,0,0,0.07625130920945876,0
Male,0,No,No,15,Yes,Yes,No,No internet service,No internet service,No internet service,No internet service,No internet service,No internet service,Month-to-month,No,Electronic check,45.28,677.77,Yes,Developing_13-24m,0,0,0,0.06670889992191759,0
Male,1,No,No,70,Yes,Yes,DSL,Yes,Yes,Yes,No,No,No,Two year,No,Electronic check,85.21,5972.73,No,Loyal_49-72m,3,0,0,0.01426411973758439,0
Female,0,No,No,58,Yes,No,Fiber optic,No,No,Yes,No,No,Yes,Two year,Yes,Bank transfer (automatic),96.69,5615.81,No,Loyal_49-72m,2,0,0,0.017214397496087636,0
Male,0,Yes,Yes,9,Yes,No,Fiber optic,No,No,No,Yes,No,Yes,Month-to-month,Yes,Electronic check,99.95,885.45,No,New_0-12m,2,0,0,0.11275311636302103,0
Female,0,Yes,No,39,Yes,No,DSL,No,Yes,No,Yes,Yes,Yes,Month-to-month,No,Electronic check,96.49,3758.33,Yes,Established_25-48m,4,0,1,0.025666807649235367,0
Female,0,Yes,No,67,Yes,Yes,DSL,Yes,Yes,No,No,No,No,Two year,No,Bank transfer (automatic),82.12,5501.25,No,Loyal_49-72m,2,0,0,0.014924803489481577,0
Male,0,Yes,Yes,44,Yes,No,Fiber optic,Yes,No,No,No,Yes,Yes,One year,No,Bank transfer (automatic),108.74,4785.91,Yes,Established_25-48m,3,0,1,0.022716115406389507,0
Male,0,No,No,60,Yes,Yes,No,No internet service,No internet service,No internet service,No internet service,No internet service,No internet service,Two year,Yes,Electronic check,44.8,2694.44,No,Loyal_49-72m,0,0,0,0.016620663045736502,0
Male,0,Yes,Yes,8,Yes,No,DSL,No,Yes,Yes,Yes,No,Yes,Month-to-month,No,Credit card (automatic),91.15,731.88,Yes,New_0-12m,4,0,0,0.12437233926427246,0
Female,0,Yes,No,51,No,No phone service,Fiber optic,No,Yes,No,Yes,Yes,Yes,One year,Yes,Electronic check,103.17,5262.3,Yes,Loyal_49-72m,4,0,1,0.01960177075218969,0
Male,0,Yes,Yes,68,Yes,Yes,Fiber optic,Yes,No,No,No,Yes,No,Two year,Yes,Electronic check,110.16,7484.35,No,Loyal_49-72m,2,0,0,0.014716746711910597,0
Female,0,Yes,No,68,Yes,No,DSL,Yes,Yes,Yes,No,No,Yes,Two year,No,Electronic check,91.34,6226.97,No,Loyal_49-72m,4,0,0,0.014666095051838721,0
Female,1,Yes,No,38,Yes,Yes,DSL,Yes,No,Yes,No,No,No,Month-to-month,Yes,Electronic check,80.38,3059.65,No,Established_25-48m,2,0,0,0.02626239524284057,0
Male,0,No,No,12,Yes,No,No,No internet service,No internet service,No internet service,No internet service,No internet service,No internet service,One year,No,Electronic check,38.77,463.56,No,New_0-12m,0,0,0,0.08345531255381437,0
Male,0,No,No,9,Yes,Yes,DSL,No,No,Yes,No,Yes,No,Month-to-month,Yes,Bank transfer (automatic),89.77,802.09,Yes,New_0-12m,2,0,0,0.11178074686523302,0
Male,1,Yes,Yes,68,Yes,Yes,DSL,Yes,No,Yes,No,No,Yes,Month-to-month,Yes,Credit card (automatic),92.97,6326.16,No,Loyal_49-72m,3,0,0,0.0146937962687841,0
Male,0,Yes,Yes,47,Yes,No,Fiber optic,Yes,No,No,No,Yes,Yes,Two year,Yes,Mailed check,108.7,5109.34,No,Established_25-48m,3,0,1,0.021270600390580666,0
Male,0,Yes,Yes,16,Yes,No,DSL,No,No,Yes,No,Yes,Yes,Month-to-month,No,Electronic check,90.51,1425.3,Yes,Developing_13-24m,3,0,1,0.06345789805791209,0
Male,0,Yes,Yes,17,Yes,Yes,Fiber optic,No,Yes,No,No,No,Yes,Two year,Yes,Credit card (automatic),109.06,1839.16,No,Developing_13-24m,2,0,0,0.059266585514303104,0
Female,1,No,No,55,Yes,No,DSL,No,No,No,Yes,No,No,One year,Yes,Electronic check,70.65,3905.32,No,Loyal_49-72m,1,0,0,0.018086075897519916,0
Female,0,No,No,70,Yes,Yes,No,No internet service,No internet service,No internet service,No internet service,No internet service,No internet service,Two year,Yes,Mailed check,45.76,3208.76,No,Loyal_49-72m,0,0,0,0.01425651762125517,0
Female,1,No,No,43,Yes,Yes,Fiber optic,No,No,No,No,No,Yes,One year,Yes,Electronic check,101.0,4333.4,Yes,Established_25-48m,1,0,0,0.02330195644149133,0
Male,0,No,No,27,Yes,No,No,No internet service,No internet service,No internet service,No internet service,No internet service,No internet service,Two year,Yes,Mailed check,34.24,918.89,No,Established_25-48m,0,0,0,0.03722184174194741,0
Female,0,Yes,No,62,Yes,Yes,Fiber optic,Yes,Yes,No,No,No,Yes,One year,Yes,Mailed check,114.94,7113.35,Yes,Loyal_49-72m,3,0,0,0.016156078910933534,0
Female,1,No,Yes,56,No,No phone service,Fiber optic,No,Yes,No,Yes,No,No,Month-to-month,Yes,Mailed check,76.99,4303.57,Yes,Loyal_49-72m,2,0,0,0.0178856424683534,0
Female,0,No,No,45,Yes,Yes,No,No internet service,No internet service,No internet service,No internet service,No internet service,No internet service,Two year,Yes,Mailed check,47.24,2141.17,No,Established_25-48m,0,0,0,0.022052404804473968,0
Female,0,No,No,15,Yes,Yes,DSL,Yes,No,No,No,Yes,Yes,Month-to-month,No,Credit card (automatic),99.18,1484.98,No,Developing_13-24m,3,0,1,0.06674383235305993,0
Female,0,Yes,Yes,67,Yes,Yes,Fiber optic,No,Yes,Yes,No,No,Yes,Two year,Yes,Electronic check,115.44,7746.98,Yes,Loyal_49-72m,3,0,0,0.014899367318965719,0
Male,0,No,No,69,Yes,No,DSL,No,No,Yes,No,Yes,No,Month-to-month,Yes,Bank transfer (automatic),79.8,5530.62,No,Loyal_49-72m,2,0,0,0.014426153640344058,0
Male,1,No,No,70,Yes,Yes,No,No internet service,No internet service,No internet service,No internet service,No internet service,No internet service,One year,Yes,Electronic check,49.58,3464.67,No,Loyal_49-72m,0,0,0,0.014306036062290984,0
Female,0,No,No,17,Yes,No,DSL,Yes,Yes,No,No,No,No,One year,No,Mailed check,71.54,1196.75,No,Developing_13-24m,2,0,0,0.059728657900229604,0
Female,0,Yes,No,10,Yes,Yes,Fiber optic,Yes,Yes,Yes,Yes,Yes,Yes,Month-to-month,Yes,Electronic check,139.58,1402.29,No,New_0-12m,6,1,1,0.0994662543023894,0
Female,0,No,No,60,Yes,No,Fiber optic,Yes,No,Yes,Yes,No,Yes,Two year,No,Credit card (automatic),111.51,6678.3,No,Loyal_49-72m,4,1,0,0.016694863234171246,0
Male,0,No,No,51,Yes,No,DSL,No,No,No,No,No,Yes,One year,No,Bank transfer (automatic),72.26,3685.27,No,Loyal_49-72m,1,0,0,0.01960247079025682,0
Male,0,No,Yes,64,Yes,No,DSL,Yes,Yes,Yes,No,No,Yes,One year,No,Mailed check,89.03,5700.45,No,Loyal_49-72m,4,0,0,0.015615325925860965,0
Female,0,No,No,21,Yes,No,No,No internet service,No internet service,No internet service,No internet service,No internet service,No internet service,Month-to-month,No,Credit card (automatic),36.82,801.08,No,Developing_13-24m,0,0,0,0.045905645322162375,0
Male,0,No,No,13,No,No phone service,Fiber optic,Yes,Yes,No,No,Yes,Yes,Month-to-month,Yes,Bank transfer (automatic),102.51,1337.47,Yes,Developing_13-24m,4,0,1,0.07658744686096812,1
Male,1,Yes,Yes,16,Yes,Yes,Fiber optic,No,No,No,No,No,Yes,One year,Yes,Credit card (automatic),101.61,1618.9,Yes,Developing_13-24m,1,0,0,0.06272609420334588,0
Female,0,No,No,36,Yes,No,Fiber optic,Yes,Yes,Yes,Yes,No,No,One year,Yes,Bank transfer (automatic),104.93,3786.87,No,Established_25-48m,4,1,0,0.027701584267675505,0
Male,0,Yes,No,51,No,No phone service,DSL,No,Yes,Yes,No,No,No,One year,No,Electronic check,56.35,2886.08,No,Loyal_49-72m,2,0,0,0.019517990495587237,0
Male,1,No,Yes,21,Yes,No,Fiber optic,No,No,Yes,No,Yes,No,Two year,Yes,Bank transfer (automatic),97.3,2061.37,No,Developing_13-24m,2,0,0,0.04717873126548582,0
Female,0,Yes,No,72,Yes,No,Fiber optic,No,No,Yes,No,Yes,No,One year,No,Credit card (automatic),98.74,7095.44,Yes,Loyal_49-72m,2,0,0,0.01391401886016087,0
Male,0,No,No,28,Yes,No,Fiber optic,Yes,No,No,No,No,No,Two year,Yes,Electronic check,86.29,2435.48,No,Established_25-48m,1,0,0,0.03541584581034936,0
Male,0,No,No,41,Yes,No,Fiber optic,No,Yes,Yes,No,Yes,Yes,Two year,No,Credit card (automatic),117.23,4840.72,No,Established_25-48m,4,0,1,0.024212469948695917,0
Female,1,No,No,16,Yes,No,No,No internet service,No internet service,No internet service,No internet service,No internet service,No internet service,One year,No,Electronic check,37.23,614.71,No,Developing_13-24m,0,0,0,0.06046677819103148,0
Male,0,No,No,30,No,No phone service,DSL,Yes,Yes,No,No,No,Yes,Month-to-month,Yes,Mailed check,69.45,2105.26,No,Established_25-48m,3,0,0,0.03297313721952655,0
Male,1,No,No,53,No,No phone service,DSL,No,Yes,Yes,No,Yes,No,Two year,No,Electronic check,69.89,3697.65,No,Loyal_49-72m,3,0,0,0.018896083706217134,0
Female,0,No,No,47,Yes,No,No,No internet service,No internet service,No internet service,No internet service,No internet service,No internet service,Month-to-month,Yes,Electronic check,38.68,1843.3,Yes,Established_25-48m,0,0,0,0.02097272677980806,0
Female,0,Yes,Yes,44,Yes,No,Fiber optic,No,No,No,Yes,No,Yes,One year,No,Bank transfer (automatic),100.86,4430.7,No,Established_25-48m,2,0,0,0.02275876074644042,0
Female,0,Yes,No,50,Yes,No,DSL,Yes,No,No,No,No,No,Two year,No,Electronic check,65.27,3262.92,No,Loyal_49-72m,1,0,0,0.019997426407509986,0
Male,0,Yes,Yes,16,Yes,No,Fiber optic,No,No,No,No,Yes,Yes,Month-to-month,No,Electronic check,103.9,1655.43,Yes,Developing_13-24m,2,0,1,0.06272525853794003,1
Female,0,Yes,Yes,22,Yes,Yes,Fiber optic,No,Yes,No,No,No,Yes,One year,Yes,Bank transfer (automatic),105.5,2312.28,No,Developing_13-24m,2,0,0,0.04560623876054779,0
Male,0,No,No,38,Yes,Yes,DSL,No,No,Yes,Yes,No,No,One year,Yes,Credit card (automatic),84.82,3223.08,No,Established_25-48m,2,0,0,0.02630828019155852,0
Female,0,No,No,60,Yes,Yes,Fiber optic,Yes,No,No,Yes,Yes,No,One year,No,Electronic check,115.18,6893.49,No,Loyal_49-72m,3,1,0,0.016706094286887067,0
Male,0,No,No,49,Yes,Yes,DSL,Yes,Yes,No,No,No,Yes,One year,No,Electronic check,92.66,4530.03,No,Loyal_49-72m,3,0,0,0.020450096335711748,0
Female,0,Yes,Yes,33,Yes,Yes,DSL,Yes,No,Yes,Yes,No,Yes,Two year,Yes,Electronic check,100.7,3308.51,No,Established_25-48m,4,1,0,0.03042746509301981,0
Female,0,Yes,Yes,69,Yes,No,DSL,Yes,No,Yes,No,No,Yes,One year,No,Electronic check,85.72,5937.69,No,Loyal_49-72m,3,0,0,0.014434159722093593,0
Female,0,No,No,68,Yes,No,Fiber optic,Yes,Yes,No,No,No,Yes,Month-to-month,Yes,Bank transfer (automatic),103.61,7069.78,No,Loyal_49-72m,3,0,0,0.014653263147771534,1
Female,0,No,No,55,Yes,Yes,DSL,No,Yes,No,No,No,Yes,Month-to-month,No,Credit card (automatic),89.15,4941.43,Yes,Loyal_49-72m,2,0,0,0.018037685915632595,0
Male,0,Yes,No,14,Yes,Yes,No,No internet service,No internet service,No internet service,No internet service,No internet service,No internet service,Month-to-month,No,Mailed check,45.58,637.12,Yes,Developing_13-24m,0,0,0,0.07142857142857142,0
Female,0,No,No,56,Yes,No,Fiber optic,No,No,No,Yes,Yes,Yes,One year,No,Electronic check,112.3,6289.24,No,Loyal_49-72m,3,0,1,0.01785305489138729,0
Female,0,No,No,41,Yes,No,DSL,No,No,No,Yes,No,Yes,Month-to-month,Yes,Bank transfer (automatic),79.43,3268.2,Yes,Established_25-48m,2,0,0,0.02429646396671969,0
Male,0,Yes,Yes,48,No,No phone service,Fiber optic,No,Yes,No,No,Yes,No,One year,No,Electronic check,83.74,4000.37,Yes,Established_25-48m,2,0,0,0.020927832217465518,0
Female,1,No,No,23,Yes,Yes,No,No internet service,No internet service,No internet service,No internet service,No internet service,No internet service,Month-to-month,Yes,Electronic check,44.36,1005.6,Yes,Developing_13-24m,0,0,0,0.04406914365189747,0
Male,0,Yes,Yes,57,No,No phone service,Fiber optic,Yes,Yes,No,No,No,Yes,One year,Yes,Bank transfer (automatic),89.23,5062.15,Yes,Loyal_49-72m,3,0,0,0.017623416252728046,0
Female,0,No,Yes,5,Yes,Yes,DSL,No,No,Yes,No,No,Yes,Month-to-month,Yes,Electronic check,89.66,460.85,No,New_0-12m,2,0,0,0.1941322940348598,0
Female,0,Yes,Yes,40,Yes,No,DSL,Yes,No,No,No,Yes,No,Two year,Yes,Mailed check,79.98,3186.28,No,Established_25-48m,2,0,0,0.02509349664918049,0
Female,0,Yes,Yes,64,Yes,Yes,No,No internet service,No internet service,No internet service,No internet service,No internet service,No internet service,One year,Yes,Electronic check,44.35,2853.42,No,Loyal_49-72m,0,0,0,0.015537307053622102,0
Male,0,No,No,2,Yes,Yes,DSL,Yes,No,Yes,Yes,Yes,Yes,Month-to-month,No,Credit card (automatic),114.56,222.19,Yes,New_0-12m,5,1,1,0.5132846453694162,0
Female,0,Yes,Yes,20,No,No phone service,DSL,No,No,Yes,No,No,Yes,One year,No,Electronic check,63.88,1277.66,Yes,Developing_13-24m,2,0,0,0.04995855035740541,0
Female,0,No,No,29,Yes,No,Fiber optic,No,No,Yes,Yes,Yes,Yes,Month-to-month,Yes,Mailed check,118.36,3429.87,No,Established_25-48m,4,0,1,0.034498538271633725,0
Female,0,Yes,No,18,Yes,Yes,DSL,No,Yes,Yes,No,Yes,No,One year,No,Electronic check,95.15,1715.55,No,Developing_13-24m,3,0,0,0.055430951618071135,0
Male,0,Yes,Yes,24,Yes,Yes,No,No internet service,No internet service,No internet service,No internet service,No internet service,No internet service,Month-to-month,No,Electronic check,46.16,1100.5,No,Developing_13-24m,0,0,0,0.04190649114843395,0
Male,0,Yes,No,21,Yes,No,No,No internet service,No internet service,No internet service,No internet service,No internet service,No internet service,One year,Yes,Mailed check,37.76,808.56,No,Developing_13-24m,0,0,0,0.046642620682840065,0
Female,0,No,No,15,No,No phone service,Fiber optic,No,No,Yes,No,No,Yes,Month-to-month,Yes,Credit card (automatic),86.23,1290.94,Yes,Developing_13-24m,2,0,0,0.06674458566187284,1
Male,0,No,No,70,Yes,Yes,No,No internet service,No internet service,No internet service,No internet service,No internet service,No internet service,One year,No,Mailed check,44.75,3137.96,No,Loyal_49-72m,0,0,0,0.014256314193235977,0
Female,1,Yes,Yes,16,Yes,No,Fiber optic,No,No,No,No,No,Yes,Month-to-month,No,Bank transfer (automatic),94.49,1513.48,Yes,Developing_13-24m,1,0,0,0.0623910517141197,1
Female,0,No,No,70,Yes,Yes,No,No internet service,No internet service,No internet service,No internet service,No internet service,No internet service,One year,Yes,Electronic check,45.66,3181.0,Yes,Loyal_49-72m,0,0,0,0.01434946574481458,0
Female,0,No,No,20,Yes,Yes,Fiber optic,No,Yes,Yes,Yes,Yes,Yes,One year,No,Electronic check,133.73,2694.84,Yes,Developing_13-24m,5,0,1,0.049606059706807516,0
Female,1,No,No,11,Yes,No,DSL,Yes,Yes,No,Yes,Yes,No,Month-to-month,No,Electronic check,92.91,1012.24,Yes,New_0-12m,4,1,0,0.09169594567920729,0
Female,0,No,No,16,Yes,No,No,No internet service,No internet service,No internet service,No internet service,No internet service,No internet service,One year,No,Mailed check,34.65,566.53,No,Developing_13-24m,0,0,0,0.06105404119606012,0
Female,0,No,No,48,Yes,Yes,No,No internet service,No internet service,No internet service,No internet service,No internet service,No internet service,Two year,Yes,Credit card (automatic),44.94,2168.05,No,Established_25-48m,0,0,0,0.02071874783891565,0
Female,0,No,Yes,33,Yes,Yes,No,No internet service,No internet service,No internet service,No internet service,No internet service,No internet service,One year,No,Mailed check,43.36,1408.4,No,Established_25-48m,0,0,0,0.030764864481339575,0
Male,1,Yes,Yes,19,Yes,No,Fiber optic,Yes,No,No,No,No,Yes,Month-to-month,No,Bank transfer (automatic),98.12,1861.58,Yes,Developing_13-24m,2,0,0,0.05267961644600501,1
Male,0,Yes,No,45,Yes,Yes,Fiber optic,No,No,No,Yes,No,Yes,Month-to-month,Yes,Credit card (automatic),111.4,5021.7,Yes,Established_25-48m,2,0,0,0.022179305950982543,0
Male,0,Yes,Yes,38,Yes,No,DSL,Yes,Yes,No,Yes,No,No,Two year,No,Mailed check,81.08,3076.7,No,Established_25-48m,3,1,0,0.026344348052116842,0
Male,0,Yes,No,59,Yes,No,DSL,Yes,Yes,No,No,Yes,Yes,Two year,Yes,Mailed check,96.55,5694.53,No,Loyal_49-72m,4,0,1,0.01695189034207528,0
Male,1,No,No,33,Yes,Yes,DSL,No,Yes,Yes,Yes,Yes,No,One year,Yes,Electronic check,104.61,3455.39,No,Established_25-48m,4,0,0,0.03026568182409971,0
Male,0,Yes,Yes,63,Yes,Yes,DSL,No,Yes,No,Yes,Yes,Yes,One year,No,Electronic check,111.2,6999.96,No,Loyal_49-72m,4,0,1,0.015883535972209525,0
Male,0,Yes,Yes,33,No,No phone service,Fiber optic,No,Yes,No,No,No,No,One year,Yes,Bank transfer (automatic),71.75,2373.11,Yes,Established_25-48m,1,0,0,0.030221851557004516,0
Female,1,No,No,24,Yes,Yes,Fiber optic,No,No,Yes,No,Yes,Yes,One year,Yes,Credit card (automatic),122.4,2938.24,Yes,Developing_13-24m,3,0,1,0.041643418026428604,0
Female,0,Yes,Yes,72,No,No phone service,DSL,No,No,Yes,No,No,Yes,Two year,Yes,Bank transfer (automatic),63.52,4570.49,No,Loyal_49-72m,2,0,0,0.013894813288446438,0
Female,0,Yes,Yes,63,Yes,No,Fiber optic,No,Yes,Yes,Yes,No,No,Month-to-month,Yes,Electronic check,100.13,6293.63,Yes,Loyal_49-72m,3,0,0,0.015907209796286674,0
Female,0,Yes,Yes,46,Yes,No,Fiber optic,No,Yes,Yes,Yes,Yes,Yes,Month-to-month,Yes,Electronic check,125.44,5776.32,Yes,Established_25-48m,5,0,1,0.02171248952801645,0
Male,0,No,No,19,Yes,Yes,Fiber optic,No,Yes,No,No,Yes,Yes,Two year,Yes,Bank transfer (automatic),119.89,2241.77,Yes,Developing_13-24m,3,0,1,0.05345621708868943,0
Male,1,Yes,Yes,14,Yes,No,No,No internet service,No internet service,No internet service,No internet service,No internet service,No internet service,Month-to-month,Yes,Credit card (automatic),31.46,444.37,No,Developing_13-24m,0,0,0,0.07063789658037138,0
Female,0,Yes,No,1,Yes,No,Fiber optic,No,Yes,No,No,Yes,No,Month-to-month,Yes,Bank transfer (automatic),97.61,97.83,Yes,New_0-12m,2,0,0,0.9876555701710007,1
Female,0,No,No,43,Yes,Yes,DSL,Yes,No,Yes,Yes,Yes,Yes,Two year,Yes,Electronic check,111.74,4792.62,No,Established_25-48m,5,1,1,0.02331014974069701,0
Male,0,No,No,69,Yes,Yes,Fiber optic,Yes,No,No,Yes,No,Yes,Two year,No,Electronic check,115.42,7943.14,No,Loyal_49-72m,3,1,0,0.014528948382077859,0
Female,0,No,No,32,Yes,No,Fiber optic,No,No,Yes,No,No,No,One year,No,Credit card (automatic),85.18,2732.03,Yes,Established_25-48m,1,0,0,0.031166873396925757,0
Female,1,No,No,36,Yes,No,Fiber optic,Yes,No,No,Yes,Yes,Yes,One year,Yes,Electronic check,117.19,4215.13,Yes,Established_25-48m,4,1,1,0.027795632487613048,0
Female,0,Yes,No,5,Yes,Yes,No,No internet service,No internet service,No internet service,No internet service,No internet service,No internet service,Month-to-month,Yes,Electronic check,43.42,219.18,No,New_0-12m,0,0,0,0.19720228903624307,0
Female,0,Yes,Yes,30,No,No phone service,DSL,No,No,Yes,No,No,No,One year,Yes,Bank transfer (automatic),49.2,1448.44,No,Established_25-48m,1,0,0,0.03394414394524782,0
Male,0,Yes,No,44,Yes,Yes,DSL,No,Yes,No,No,No,No,Two year,Yes,Electronic check,75.03,3308.47,No,Established_25-48m,1,0,0,0.02267130386436499,0
Female,1,Yes,No,70,Yes,No,DSL,No,Yes,No,No,No,No,Month-to-month,No,Electronic check,65.44,4594.89,Yes,Loyal_49-72m,1,0,0,0.014238809022844322,0
Female,0,Yes,No,17,Yes,No,Fiber optic,Yes,Yes,Yes,No,No,No,Month-to-month,No,Electronic check,97.55,1656.06,Yes,Developing_13-24m,3,0,0,0.05886932277648365,1
Male,0,Yes,Yes,72,Yes,No,Fiber optic,Yes,No,No,No,No,Yes,One year,Yes,Credit card (automatic),98.39,7070.63,No,Loyal_49-72m,2,0,0,0.013913341054325522,0
Male,0,No,No,39,Yes,Yes,DSL,No,No,No,Yes,No,Yes,Two year,Yes,Electronic check,91.06,3557.85,No,Established_25-48m,2,0,0,0.025586917122104053,0
Female,0,No,No,59,Yes,No,DSL,Yes,No,No,Yes,No,No,One year,No,Credit card (automatic),72.49,4272.65,No,Loyal_49-72m,2,1,0,0.016962081593017677,0
Male,0,Yes,No,17,Yes,Yes,Fiber optic,No,No,Yes,Yes,No,Yes,Month-to-month,Yes,Electronic check,114.69,1962.68,Yes,Developing_13-24m,3,0,0,0.05840564654118797,0
Female,0,No,No,33,Yes,No,No,No internet service,No internet service,No internet service,No internet service,No internet service,No internet service,Month-to-month,Yes,Credit card (automatic),37.5,1237.81,Yes,Established_25-48m,0,0,0,0.030270985865467667,0
Female,0,Yes,Yes,49,Yes,No,Fiber optic,Yes,No,No,Yes,No,No,Two year,No,Credit card (automatic),95.14,4629.73,No,Loyal_49-72m,2,1,0,0.020545356779600628,0
Male,0,Yes,Yes,5,Yes,Yes,DSL,No,No,Yes,No,Yes,No,Month-to-month,Yes,Mailed check,86.84,398.96,Yes,New_0-12m,2,0,0,0.21712171217121715,0
Female,0,No,No,69,No,No phone service,Fiber optic,Yes,No,Yes,No,No,No,One year,No,Bank transfer (automatic),75.12,5172.62,Yes,Loyal_49-72m,2,0,0,0.01451981397938001,0
Female,1,Yes,Yes,46,Yes,No,DSL,Yes,No,Yes,No,Yes,No,One year,No,Electronic check,83.25,3836.29,No,Established_25-48m,3,0,0,0.0216949982930662,0
Female,0,Yes,No,26,Yes,Yes,Fiber optic,No,No,No,Yes,No,Yes,Month-to-month,Yes,Mailed check,109.62,2842.74,Yes,Established_25-48m,2,0,0,0.03854782786049358,0
Female,1,Yes,No,9,Yes,No,Fiber optic,No,Yes,Yes,Yes,No,Yes,Month-to-month,Yes,Mailed check,113.02,1024.56,Yes,New_0-12m,4,0,0,0.11020320605327821,0
Male,0,No,No,17,Yes,No,Fiber optic,No,No,Yes,No,Yes,Yes,One year,No,Credit card (automatic),106.55,1801.42,Yes,Developing_13-24m,3,0,1,0.05911496765459771,0
Male,0,No,No,6,Yes,No,No,No internet service,No internet service,No internet service,No internet service,No internet service,No internet service,Month-to-month,Yes,Bank transfer (automatic),33.55,232.24,Yes,New_0-12m,0,0,0,0.1438432515863488,0
Female,1,Yes,Yes,66,Yes,No,DSL,Yes,No,Yes,No,No,Yes,Two year,Yes,Electronic check,86.7,5719.38,No,Loyal_49-72m,3,0,0,0.01515633576790353,0
Male,0,No,No,71,Yes,No,No,No internet service,No internet service,No internet service,No internet service,No internet service,No internet service,One year,No,Electronic check,35.02,2490.46,No,Loyal_49-72m,0,0,0,0.01405601534843024,0
Female,0,No,No,4,Yes,Yes,No,No internet service,No internet service,No internet service,No internet service,No internet service,No internet service,Month-to-month,Yes,Credit card (automatic),45.09,165.98,Yes,New_0-12m,0,0,0,0.2700323392022997,0
Female,1,No,No,33,Yes,No,Fiber optic,Yes,Yes,No,Yes,Yes,No,One year,Yes,Electronic check,111.15,3661.68,No,Established_25-48m,4,1,0,0.03034663142835301,0
Female,0,No,No,14,Yes,Yes,DSL,No,No,No,No,Yes,No,Month-to-month,Yes,Mailed check,83.18,1171.93,Yes,Developing_13-24m,1,0,0,0.07091642297494309,0
Female,0,Yes,Yes,7,Yes,No,No,No internet service,No internet service,No internet service,No internet service,No internet service,No internet service,Month-to-month,No,Mailed check,32.29,225.34,No,New_0-12m,0,0,0,0.14266148272510382,0
Female,0,Yes,Yes,55,Yes,No,Fiber optic,Yes,Yes,No,No,Yes,Yes,Two year,No,Electronic check,115.36,6303.08,No,Loyal_49-72m,4,0,1,0.018299260161673075,0
Male,0,No,No,49,No,No phone service,DSL,Yes,No,Yes,No,No,No,One year,Yes,Electronic check,53.88,2647.61,No,Loyal_49-72m,2,0,0,0.020342745817617542,0
Female,0,No,No,69,No,No phone service,Fiber optic,Yes,No,Yes,Yes,Yes,Yes,Month-to-month,Yes,Credit card (automatic),108.97,7528.07,No,Loyal_49-72m,5,1,1,0.01447323507418579,0
Male,0,No,No,8,Yes,No,Fiber optic,No,Yes,No,No,Yes,No,Month-to-month,Yes,Credit card (automatic),97.33,789.6,Yes,New_0-12m,2,0,0,0.12310903111560839,1
Male,0,No,No,59,Yes,Yes,DSL,No,Yes,No,No,Yes,Yes,Month-to-month,No,Bank transfer (automatic),97.56,5772.53,Yes,Loyal_49-72m,3,0,1,0.016897807753661974,0
Female,0,No,No,38,Yes,No,Fiber optic,No,Yes,No,No,No,No,Two year,No,Bank transfer (automatic),87.52,3328.47,No,Established_25-48m,1,0,0,0.026286466014110353,0
Female,0,No,No,45,Yes,No,Fiber optic,No,No,Yes,No,No,Yes,Month-to-month,Yes,Mailed check,99.04,4492.73,Yes,Established_25-48m,2,0,0,0.022039597394592023,1
Female,0,No,No,54,Yes,No,No,No internet service,No internet service,No internet service,No internet service,No internet service,No internet service,One year,No,Electronic check,36.54,1976.66,No,Loyal_49-72m,0,0,0,0.01847638117775553,0
Female,0,No,No,15,Yes,No,Fiber optic,No,No,Yes,No,No,Yes,Two year,No,Bank transfer (automatic),95.74,1401.56,Yes,Developing_13-24m,2,0,0,0.06826089436459046,0
Female,0,No,No,56,No,No phone service,Fiber optic,Yes,Yes,Yes,No,Yes,Yes,Month-to-month,No,Credit card (automatic),105.49,5910.8,No,Loyal_49-72m,5,0,1,0.017843973070807536,1
Male,0,Yes,Yes,32,Yes,No,Fiber optic,No,Yes,No,No,Yes,Yes,Two year,No,Electronic check,111.8,3594.41,Yes,Established_25-48m,3,0,1,0.03109520193802654,0
Female,0,Yes,Yes,59,Yes,No,DSL,Yes,No,No,No,Yes,No,Month-to-month,Yes,Credit card (automatic),79.22,4653.31,No,Loyal_49-72m,2,0,0,0.017020782887259334,0
Female,0,No,No,29,Yes,No,Fiber optic,Yes,Yes,Yes,Yes,Yes,Yes,Two year,No,Credit card (automatic),132.11,3827.13,No,Established_25-48m,6,1,1,0.034510322272232136,0
Male,0,No,Yes,34,No,No phone service,Fiber optic,No,Yes,No,No,Yes,No,Month-to-month,Yes,Electronic check,82.64,2827.95,Yes,Established_25-48m,2,0,0,0.029212251895579633,1
Male,1,No,Yes,56,Yes,No,No,No internet service,No internet service,No internet service,No internet service,No internet service,No internet service,Month-to-month,No,Credit card (automatic),34.84,1942.57,No,Loyal_49-72m,0,0,0,0.01792577576315749,0
Female,0,No,No,31,Yes,Yes,Fiber optic,Yes,No,Yes,Yes,Yes,No,Month-to-month,No,Bank transfer (automatic),122.92,3806.96,No,Established_25-48m,4,1,0,0.03227975083771888,0
Male,0,Yes,No,23,Yes,Yes,Fiber optic,No,Yes,Yes,No,Yes,No,Month-to-month,Yes,Mailed check,111.97,2587.02,Yes,Developing_13-24m,3,0,0,0.0432647352029737,1
Female,0,Yes,Yes,45,Yes,Yes,DSL,No,Yes,No,No,Yes,Yes,Month-to-month,No,Electronic check,100.29,4493.82,Yes,Established_25-48m,3,0,1,0.022312350661428046,0
Male,0,No,No,70,Yes,No,No,No internet service,No internet service,No internet service,No internet service,No internet service,No internet service,One year,Yes,Bank transfer (automatic),38.8,2715.82,No,Loyal_49-72m,0,0,0,0.014281402522066238,0
Male,1,Yes,No,26,Yes,No,Fiber optic,Yes,No,Yes,Yes,Yes,No,One year,No,Credit card (automatic),111.46,2883.38,Yes,Established_25-48m,4,1,0,0.038642619904450864,0
Female,1,Yes,Yes,62,Yes,Yes,No,No internet service,No internet service,No internet service,No internet service,No internet service,No internet service,Two year,Yes,Electronic check,42.59,2636.56,No,Loyal_49-72m,0,0,0,0.016147499962086174,0
Male,0,Yes,Yes,70,Yes,No,Fiber optic,No,Yes,No,No,No,No,Two year,Yes,Mailed check,86.62,6066.95,No,Loyal_49-72m,1,0,0,0.01427500226600417,0
Male,0,Yes,Yes,18,Yes,No,DSL,No,Yes,Yes,No,Yes,Yes,One year,No,Bank transfer (automatic),94.65,1719.6,No,Developing_13-24m,4,0,1,0.055009880274322916,0
Male,1,No,No,58,Yes,Yes,No,No internet service,No internet service,No internet service,No internet service,No internet service,No internet service,Month-to-month,Yes,Electronic check,44.84,2605.41,No,Loyal_49-72m,0,0,0,0.01720374001020561,0
Male,1,Yes,No,53,Yes,Yes,No,No internet service,No internet service,No internet service,No internet service,No internet service,No internet service,One year,Yes,Credit card (automatic),46.63,2462.91,Yes,Loyal_49-72m,0,0,0,0.018925204248531807,0
Male,0,No,No,32,Yes,Yes,No,No internet service,No internet service,No internet service,No internet service,No internet service,No internet service,Month-to-month,Yes,Credit card (automatic),45.84,1484.84,Yes,Established_25-48m,0,0,0,0.030851235664674532,0
Male,0,Yes,Yes,72,Yes,Yes,DSL,No,No,No,No,Yes,Yes,Month-to-month,No,Bank transfer (automatic),93.27,6724.67,No,Loyal_49-72m,2,0,1,0.013867763360378964,0
Female,0,No,No,48,Yes,Yes,No,No internet service,No internet service,No internet service,No internet service,No internet service,No internet service,Two year,No,Electronic check,46.26,2191.36,No,Established_25-48m,0,0,0,0.021100549179879215,0
Female,1,Yes,Yes,12,Yes,Yes,Fiber optic,No,No,No,Yes,No,Yes,One year,Yes,Credit card (automatic),107.5,1302.57,No,New_0-12m,2,0,0,0.08246584379818499,0
Male,0,No,No,28,Yes,No,Fiber optic,No,No,Yes,No,Yes,Yes,One year,No,Credit card (automatic),110.3,3089.37,Yes,Established_25-48m,3,0,1,0.035691519138485034,0
Female,0,No,No,22,Yes,Yes,No,No internet service,No internet service,No internet service,No internet service,No internet service,No internet service,Two year,No,Electronic check,44.42,976.75,No,Developing_13-24m,0,0,0,0.04543083610329839,0
Female,0,Yes,No,65,Yes,Yes,Fiber optic,Yes,Yes,Yes,No,Yes,Yes,One year,No,Bank transfer (automatic),128.46,8367.76,No,Loyal_49-72m,5,0,1,0.015349944316720758,0
Female,0,No,Yes,29,Yes,No,DSL,No,No,No,No,No,No,Two year,No,Electronic check,58.18,1684.16,Yes,Established_25-48m,0,0,0,0.034524911581096156,0
Male,0,No,No,37,Yes,No,Fiber optic,Yes,No,Yes,Yes,No,No,One year,Yes,Electronic check,99.98,3712.67,No,Established_25-48m,3,1,0,0.02692215517264593,0
Female,1,Yes,Yes,17,Yes,No,Fiber optic,No,Yes,Yes,Yes,Yes,Yes,Two year,No,Electronic check,125.12,2146.2,Yes,Developing_13-24m,5,0,1,0.05827123695976156,0
Male,0,Yes,No,65,Yes,Yes,No,No internet service,No internet service,No internet service,No internet service,No internet service,No internet service,Month-to-month,No,Mailed check,45.03,2927.88,No,Loyal_49-72m,0,0,0,0.015374477616017044,0
Female,0,No,No,24,Yes,No,DSL,No,No,Yes,No,Yes,No,Month-to-month,No,Credit card (automatic),77.56,1868.15,Yes,Developing_13-24m,2,0,0,0.041494797100286224,0
Male,0,No,No,42,Yes,No,No,No internet service,No internet service,No internet service,No internet service,No internet service,No internet service,One year,Yes,Electronic check,36.21,1531.23,No,Established_25-48m,0,0,0,0.023632222316492955,0
Male,0,Yes,Yes,68,No,No phone service,No,No internet service,No internet service,No internet service,No internet service,No internet service,No internet service,Month-to-month,Yes,Bank transfer (automatic),20.41,1394.82,No,Loyal_49-72m,0,0,0,0.014622229227264262,0
Female,0,Yes,Yes,57,Yes,No,DSL,No,Yes,Yes,No,Yes,No,Month-to-month,No,Credit card (automatic),85.5,4886.84,No,Loyal_49-72m,3,0,0,0.017492389276244722,0
Female,0,No,No,8,Yes,Yes,DSL,Yes,Yes,No,Yes,Yes,No,Month-to-month,Yes,Bank transfer (automatic),102.86,807.21,Yes,New_0-12m,4,1,0,0.12726890288415138,0
Male,0,No,No,71,Yes,Yes,Fiber optic,Yes,Yes,Yes,Yes,No,No,Two year,Yes,Credit card (automatic),114.93,8150.41,No,Loyal_49-72m,4,1,0,0.014099401207889188,0
Female,0,No,No,42,Yes,No,No,No internet service,No internet service,No internet service,No internet service,No internet service,No internet service,Two year,No,Credit card (automatic),36.01,1493.53,No,Established_25-48m,0,0,0,0.02409453139113969,0
Female,0,Yes,Yes,55,Yes,No,Fiber optic,No,Yes,Yes,No,No,No,One year,Yes,Bank transfer (automatic),93.44,5164.49,No,Loyal_49-72m,2,0,0,0.018089280978184064,0
Female,0,No,No,61,Yes,No,No,No internet service,No internet service,No internet service,No internet service,No internet service,No internet service,Two year,Yes,Bank transfer (automatic),37.1,2237.96,No,Loyal_49-72m,0,0,0,0.016570193304034017,0
Male,1,Yes,Yes,26,Yes,No,Fiber optic,No,No,Yes,No,Yes,Yes,One year,No,Electronic check,109.21,2859.27,Yes,Established_25-48m,3,0,1,0.03818171011827554,0
Male,1,Yes,No,31,Yes,Yes,Fiber optic,Yes,No,Yes,No,Yes,Yes,Month-to-month,No,Mailed check,125.46,3896.34,Yes,Established_25-48m,4,0,1,0.032191186809464915,1
Female,0,No,Yes,2,Yes,No,DSL,No,Yes,No,Yes,Yes,No,Month-to-month,Yes,Mailed check,87.32,161.5,Yes,New_0-12m,3,0,0,0.5373538461538461,0
Female,0,No,No,9,Yes,No,DSL,Yes,No,Yes,No,No,No,Two year,Yes,Mailed check,73.26,640.27,No,New_0-12m,2,0,0,0.11424205093018543,0
Female,1,Yes,Yes,31,Yes,No,Fiber optic,No,Yes,No,Yes,Yes,No,One year,No,Mailed check,105.23,3261.56,Yes,Established_25-48m,3,0,0,0.03225381295669658,0
Male,0,Yes,Yes,5,Yes,No,Fiber optic,No,Yes,Yes,No,No,Yes,Month-to-month,No,Credit card (automatic),102.99,511.58,Yes,New_0-12m,3,0,0,0.20092473370010536,1
Male,0,No,No,21,Yes,Yes,Fiber optic,No,Yes,No,No,Yes,No,Month-to-month,No,Credit card (automatic),107.35,2260.28,Yes,Developing_13-24m,2,0,0,0.04747311257340974,1
Female,1,No,No,31,Yes,No,Fiber optic,No,No,Yes,No,No,No,One year,Yes,Electronic check,86.12,2636.73,Yes,Established_25-48m,1,0,0,0.03264928555993222,0
Female,0,No,No,23,Yes,No,Fiber optic,No,No,Yes,No,Yes,No,One year,No,Mailed check,96.67,2220.58,No,Developing_13-24m,2,0,0,0.04351407556783911,0
Female,0,No,No,48,Yes,No,DSL,No,No,No,No,Yes,Yes,Month-to-month,Yes,Credit card (automatic),84.63,4049.09,No,Established_25-48m,2,0,1,0.020895831944475307,0
Female,1,Yes,No,59,Yes,No,Fiber optic,No,Yes,No,No,No,No,One year,No,Bank transfer (automatic),83.41,4940.34,Yes,Loyal_49-72m,1,0,0,0.01688003658926526,0
Female,0,No,No,3,Yes,No,Fiber optic,No,Yes,No,No,Yes,No,Month-to-month,No,Credit card (automatic),96.75,296.39,Yes,New_0-12m,2,0,0,0.32533037425602745,1
Female,0,No,No,61,Yes,No,Fiber optic,No,No,No,Yes,No,Yes,Month-to-month,Yes,Mailed check,100.28,6109.47,Yes,Loyal_49-72m,2,0,0,0.01641117622703327,0
Male,0,No,No,20,Yes,Yes,Fiber optic,No,No,No,No,No,No,One year,Yes,Mailed check,88.62,1793.72,No,Developing_13-24m,0,0,0,0.049378175982883125,0
Female,0,No,No,29,Yes,No,Fiber optic,No,No,Yes,No,Yes,Yes,One year,No,Electronic check,109.37,3165.19,No,Established_25-48m,3,0,1,0.03454309438157533,0
Male,0,No,No,62,Yes,No,DSL,No,No,No,No,No,No,One year,No,Electronic check,59.81,3706.66,No,Loyal_49-72m,0,0,0,0.016131468365491983,0
Female,0,Yes,No,46,Yes,Yes,Fiber optic,No,No,No,No,No,Yes,One year,Yes,Credit card (automatic),105.18,4842.34,No,Established_25-48m,1,0,0,0.021716418834936222,0
Female,1,Yes,Yes,53,Yes,No,Fiber optic,Yes,No,Yes,No,Yes,No,Two year,Yes,Electronic check,102.04,5421.76,No,Loyal_49-72m,3,0,0,0.018816986184157145,0
Male,0,No,No,62,Yes,Yes,Fiber optic,No,Yes,Yes,Yes,No,No,Two year,Yes,Mailed check,110.35,6841.88,No,Loyal_49-72m,3,0,0,0.01612625093527871,0
Male,0,Yes,No,19,Yes,No,Fiber optic,No,Yes,No,Yes,Yes,Yes,One year,Yes,Bank transfer (automatic),116.46,2234.05,No,Developing_13-24m,4,0,1,0.05210621686315742,0
Male,0,Yes,Yes,23,Yes,No,DSL,No,Yes,No,Yes,Yes,Yes,One year,Yes,Mailed check,96.41,2211.4,Yes,Developing_13-24m,4,0,1,0.04357711082986801,0
Male,0,No,No,11,Yes,No,No,No internet service,No internet service,No internet service,No internet service,No internet service,No internet service,Month-to-month,No,Mailed check,33.69,355.88,Yes,New_0-12m,0,0,0,0.09440147948890383,0
Female,0,No,No,19,Yes,No,Fiber optic,No,Yes,Yes,No,No,Yes,One year,No,Credit card (automatic),103.77,1995.52,Yes,Developing_13-24m,3,0,0,0.05197543726083385,0
Male,1,Yes,No,1,No,No phone service,DSL,No,No,No,No,No,No,Month-to-month,No,Credit card (automatic),47.15,47.15,Yes,New_0-12m,0,0,0,0.9792315680166147,0
Female,1,No,No,68,Yes,Yes,Fiber optic,Yes,Yes,Yes,Yes,No,No,Month-to-month,No,Credit card (automatic),117.76,8016.58,Yes,Loyal_49-72m,4,1,0,0.014687723727109678,0
Male,0,No,No,20,Yes,No,Fiber optic,No,Yes,Yes,No,No,No,Month-to-month,No,Bank transfer (automatic),91.31,1837.72,Yes,Developing_13-24m,2,0,0,0.04965954577097111,1
Female,0,No,No,20,Yes,Yes,Fiber optic,No,Yes,No,Yes,No,Yes,Month-to-month,Yes,Bank transfer (automatic),115.6,2343.24,Yes,Developing_13-24m,3,0,0,0.04931235709654302,0
Female,0,No,No,6,Yes,Yes,Fiber optic,Yes,No,No,No,No,Yes,Month-to-month,No,Electronic check,108.89,648.88,Yes,New_0-12m,2,0,0,0.1675540099710716,1
Female,0,Yes,Yes,53,Yes,No,DSL,No,Yes,No,No,Yes,No,Two year,Yes,Electronic check,78.09,4146.69,No,Loyal_49-72m,2,0,0,0.01882734727040835,0
Female,0,Yes,Yes,40,Yes,Yes,Fiber optic,No,No,Yes,Yes,No,No,Month-to-month,Yes,Electronic check,103.05,4110.26,No,Established_25-48m,2,0,0,0.025065308445586024,0
Female,0,Yes,Yes,7,Yes,No,DSL,Yes,No,Yes,Yes,Yes,Yes,Month-to-month,Yes,Bank transfer (automatic),104.99,727.71,Yes,New_0-12m,5,1,1,0.1440765187797615,0
Female,1,No,No,3,Yes,Yes,Fiber optic,No,Yes,No,No,Yes,Yes,Month-to-month,Yes,Electronic check,122.43,355.92,Yes,New_0-12m,3,0,1,0.3430180432589936,1
Male,0,No,No,60,Yes,Yes,Fiber optic,Yes,Yes,Yes,No,Yes,No,Two year,Yes,Credit card (automatic),121.59,7308.1,No,Loyal_49-72m,4,0,0,0.01663542707036434,0
Female,0,No,No,42,Yes,No,Fiber optic,No,Yes,Yes,Yes,No,Yes,One year,Yes,Bank transfer (automatic),114.03,4803.06,Yes,Established_25-48m,4,0,0,0.02373617315354096,0
Male,0,No,No,54,Yes,No,Fiber optic,Yes,No,No,No,No,No,Two year,Yes,Electronic check,85.79,4638.19,No,Loyal_49-72m,1,0,0,0.018492452346206993,0
Male,0,No,No,59,Yes,No,Fiber optic,No,Yes,No,Yes,No,No,Month-to-month,Yes,Electronic check,92.38,5438.78,Yes,Loyal_49-72m,2,0,0,0.016982304431429212,0
Female,0,No,No,4,Yes,No,DSL,No,Yes,No,No,Yes,No,One year,No,Bank transfer (automatic),75.0,290.24,No,New_0-12m,2,0,0,0.25751957148743304,0
Male,0,Yes,Yes,51,Yes,No,DSL,Yes,No,Yes,No,No,No,Month-to-month,Yes,Credit card (automatic),68.89,3502.86,No,Loyal_49-72m,2,0,0,0.019661173677030474,0
Female,0,Yes,Yes,4,Yes,Yes,DSL,No,Yes,Yes,Yes,No,Yes,Month-to-month,Yes,Credit card (automatic),101.69,412.11,No,New_0-12m,4,0,0,0.24615719784076878,0
Male,0,No,No,34,Yes,No,DSL,No,No,No,Yes,Yes,No,Month-to-month,Yes,Bank transfer (automatic),80.76,2722.12,No,Established_25-48m,2,0,0,0.02965715796586269,0
Female,0,Yes,Yes,2,Yes,No,Fiber optic,Yes,No,Yes,Yes,Yes,Yes,Month-to-month,Yes,Electronic check,125.26,244.57,No,New_0-12m,5,1,1,0.5100785926619702,0
Male,0,Yes,No,15,Yes,No,No,No internet service,No internet service,No internet service,No internet service,No internet service,No internet service,Month-to-month,No,Credit card (automatic),35.36,510.31,Yes,Developing_13-24m,0,0,0,0.0691556981087794,0
Female,0,No,No,67,Yes,No,Fiber optic,No,No,Yes,Yes,No,Yes,Month-to-month,No,Credit card (automatic),104.92,7037.24,No,Loyal_49-72m,3,0,0,0.014907135874877811,0
Female,0,Yes,No,68,Yes,No,Fiber optic,No,Yes,Yes,No,Yes,Yes,Month-to-month,Yes,Credit card (automatic),116.98,7939.77,No,Loyal_49-72m,4,0,1,0.014731568852894618,1
Female,0,No,No,45,Yes,No,DSL,No,No,No,Yes,No,Yes,One year,Yes,Electronic check,78.2,3548.37,No,Established_25-48m,2,0,0,0.022032078932317567,0
Female,0,Yes,No,56,Yes,No,Fiber optic,Yes,No,Yes,No,Yes,Yes,Month-to-month,Yes,Bank transfer (automatic),114.34,6418.72,Yes,Loyal_49-72m,4,0,1,0.01781074563999676,1
Male,0,Yes,Yes,40,Yes,No,Fiber optic,Yes,Yes,No,No,Yes,No,One year,Yes,Credit card (automatic),104.92,4195.46,Yes,Established_25-48m,3,0,0,0.025002025516745068,0
Female,0,Yes,Yes,2,Yes,Yes,DSL,Yes,Yes,No,No,No,No,Month-to-month,Yes,Electronic check,80.15,166.5,Yes,New_0-12m,2,0,0,0.4785074626865672,0
Male,0,No,No,8,Yes,Yes,No,No internet service,No internet service,No internet service,No internet service,No internet service,No internet service,Month-to-month,Yes,Bank transfer (automatic),43.85,357.83,Yes,New_0-12m,0,0,0,0.12220271437728172,0
Male,0,Yes,Yes,17,Yes,No,DSL,No,Yes,No,No,No,No,Month-to-month,Yes,Electronic check,64.53,1082.61,Yes,Developing_13-24m,1,0,0,0.0595509454508541,0
Male,0,No,No,36,Yes,Yes,Fiber optic,Yes,No,No,Yes,Yes,No,Two year,No,Electronic check,116.25,4203.57,No,Established_25-48m,3,1,0,0.027648487241263675,0
Female,0,No,No,72,Yes,No,Fiber optic,Yes,Yes,No,Yes,No,No,Month-to-month,No,Mailed check,100.88,7261.92,No,Loyal_49-72m,3,1,0,0.013889730301311317,0
Male,0,No,No,14,Yes,Yes,No,No internet service,No internet service,No internet service,No internet service,No internet service,No internet service,Month-to-month,No,Credit card (automatic),45.92,631.36,No,Developing_13-24m,0,0,0,0.0726168638117528,0
Male,1,Yes,Yes,5,Yes,No,No,No internet service,No internet service,No internet service,No internet service,No internet service,No internet service,Month-to-month,No,Electronic check,34.13,178.77,Yes,New_0-12m,0,0,0,0.18985370195249485,0
Male,0,Yes,No,2,Yes,Yes,No,No internet service,No internet service,No internet service,No internet service,No internet service,No internet service,Two year,Yes,Credit card (automatic),44.75,72.66,No,New_0-12m,0,0,0,0.6075210426282922,0
Female,1,No,No,71,Yes,Yes,Fiber optic,Yes,Yes,No,No,Yes,Yes,One year,Yes,Bank transfer (automatic),127.1,9033.94,Yes,Loyal_49-72m,4,0,1,0.014067608639349015,0
Female,0,No,No,64,Yes,Yes,Fiber optic,Yes,Yes,No,No,Yes,No,One year,Yes,Mailed check,113.2,7249.95,No,Loyal_49-72m,3,0,0,0.015611747426199326,0
Male,0,No,No,45,No,No phone service,DSL,No,No,No,No,No,No,Two year,No,Mailed check,43.63,1953.6,No,Established_25-48m,0,0,0,0.022321702650158603,0
Female,1,Yes,Yes,30,Yes,Yes,Fiber optic,Yes,No,Yes,Yes,No,No,Month-to-month,No,Mailed check,109.04,3285.55,Yes,Established_25-48m,3,1,0,0.033177648293803534,0
Female,0,No,No,27,Yes,No,No,No internet service,No internet service,No internet service,No internet service,No internet service,No internet service,Month-to-month,Yes,Credit card (automatic),34.09,931.01,No,Established_25-48m,0,0,0,0.03657686076329653,0
Male,0,Yes,Yes,17,Yes,No,Fiber optic,Yes,No,Yes,No,No,No,Month-to-month,Yes,Electronic check,92.05,1560.02,Yes,Developing_13-24m,2,0,0,0.058967854351641875,1
Male,0,Yes,Yes,61,Yes,Yes,DSL,Yes,Yes,No,No,No,Yes,Two year,No,Mailed check,93.96,5739.65,No,Loyal_49-72m,3,0,0,0.016367484518303676,0
Female,0,Yes,Yes,46,Yes,No,DSL,No,Yes,No,No,Yes,Yes,Two year,Yes,Electronic check,89.75,4108.52,No,Established_25-48m,3,0,1,0.021839533570830655,0
Male,0,Yes,Yes,71,Yes,No,Fiber optic,Yes,No,Yes,No,Yes,Yes,One year,No,Electronic check,114.8,8158.17,No,Loyal_49-72m,4,0,1,0.014070058596646472,0
Female,0,No,No,29,Yes,No,DSL,Yes,Yes,Yes,No,Yes,No,Two year,Yes,Bank transfer (automatic),88.6,2547.52,No,Established_25-48m,4,0,0,0.0347652755324659,0
Female,1,Yes,Yes,2,No,No phone service,Fiber optic,No,Yes,No,No,Yes,No,Month-to-month,Yes,Electronic check,83.97,169.87,Yes,New_0-12m,2,0,0,0.4914262304676069,1
Female,0,No,No,47,Yes,Yes,DSL,No,Yes,Yes,Yes,Yes,No,One year,No,Electronic check,102.51,4828.31,Yes,Established_25-48m,4,0,0,0.021226634860880746,0
Female,1,Yes,No,20,Yes,No,DSL,No,Yes,Yes,No,No,No,One year,Yes,Electronic check,71.35,1432.08,No,Developing_13-24m,2,0,0,0.04978786948390878,0
Female,1,No,Yes,50,Yes,Yes,DSL,Yes,Yes,No,No,No,Yes,One year,Yes,Electronic check,93.91,4718.8,No,Loyal_49-72m,3,0,0,0.019897029535149793,0
Female,0,Yes,Yes,43,Yes,Yes,No,No internet service,No internet service,No internet service,No internet service,No internet service,No internet service,One year,No,Bank transfer (automatic),46.82,2001.36,No,Established_25-48m,0,0,0,0.023382408757665955,0
Male,0,Yes,Yes,51,Yes,No,Fiber optic,Yes,Yes,No,No,No,Yes,One year,Yes,Bank transfer (automatic),103.89,5304.52,Yes,Loyal_49-72m,3,0,0,0.01958149248330041,0
Male,1,Yes,Yes,23,Yes,No,Fiber optic,No,Yes,No,No,Yes,Yes,Month-to-month,Yes,Bank transfer (automatic),109.99,2497.78,Yes,Developing_13-24m,3,0,1,0.04401748053049888,1
Female,1,Yes,No,45,No,No phone service,Fiber optic,Yes,Yes,No,No,Yes,No,Two year,Yes,Mailed check,91.29,4100.37,No,Established_25-48m,3,0,0,0.022258416090233265,0
Female,0,No,No,39,Yes,Yes,Fiber optic,No,Yes,Yes,Yes,No,Yes,Month-to-month,Yes,Electronic check,123.61,4816.25,No,Established_25-48m,4,0,0,0.025659868182054076,0
Female,0,Yes,Yes,6,Yes,Yes,No,No internet service,No internet service,No internet service,No internet service,No internet service,No internet service,Month-to-month,Yes,Credit card (automatic),44.04,287.75,Yes,New_0-12m,0,0,0,0.15251948051948053,0
Male,0,No,No,15,Yes,No,No,No internet service,No internet service,No internet service,No internet service,No internet service,No internet service,Month-to-month,Yes,Electronic check,36.61,548.8,No,Developing_13-24m,0,0,0,0.06658785012731903,0
Female,0,Yes,Yes,61,Yes,No,DSL,Yes,Yes,No,No,Yes,Yes,One year,Yes,Mailed check,95.75,5854.45,Yes,Loyal_49-72m,4,0,1,0.016352287185442623,0
Male,0,No,No,22,Yes,No,DSL,No,No,Yes,Yes,Yes,No,Month-to-month,Yes,Electronic check,84.42,1843.67,Yes,Developing_13-24m,3,0,0,0.045764283042495406,0
Female,0,No,No,3,Yes,No,Fiber optic,Yes,No,No,No,No,Yes,Two year,No,Electronic check,99.96,294.89,No,New_0-12m,2,0,0,0.33782824698367636,0
Female,0,Yes,Yes,47,Yes,No,DSL,Yes,Yes,Yes,No,No,No,One year,Yes,Bank transfer (automatic),76.94,3603.63,Yes,Established_25-48m,3,0,0,0.021344770475749245,0
Male,0,Yes,No,5,Yes,Yes,No,No internet service,No internet service,No internet service,No internet service,No internet service,No internet service,Month-to-month,No,Electronic check,44.24,206.29,No,New_0-12m,0,0,0,0.21342081142360944,0
Male,0,Yes,Yes,6,Yes,Yes,Fiber optic,Yes,No,No,No,Yes,Yes,Month-to-month,Yes,Mailed check,119.43,702.7,Yes,New_0-12m,3,0,1,0.1697172090379423,1
Female,0,No,No,70,Yes,Yes,Fiber optic,No,Yes,Yes,No,Yes,No,Two year,Yes,Bank transfer (automatic),117.06,8184.99,No,Loyal_49-72m,3,0,0,0.014300041900857442,0
Female,0,Yes,No,43,Yes,No,Fiber optic,Yes,No,No,Yes,Yes,Yes,Month-to-month,Yes,Credit card (automatic),116.57,5043.15,Yes,Established_25-48m,4,1,1,0.02310993923654134,0
Female,0,No,No,16,Yes,No,Fiber optic,No,Yes,Yes,Yes,Yes,Yes,One year,No,Mailed check,123.1,1968.72,No,Developing_13-24m,5,0,1,0.062496192352212494,0
Male,0,No,No,7,Yes,Yes,DSL,Yes,No,No,No,Yes,No,Month-to-month,Yes,Electronic check,87.49,592.14,Yes,New_0-12m,2,0,0,0.14750311899382945,0
Male,0,No,No,39,Yes,Yes,No,No internet service,No internet service,No internet service,No internet service,No internet service,No internet service,Two year,Yes,Mailed check,45.79,1777.95,No,Established_25-48m,0,0,0,0.025739902751623148,0
Male,0,No,No,21,Yes,No,DSL,No,No,Yes,No,No,No,Two year,Yes,Mailed check,65.9,1399.15,No,Developing_13-24m,1,0,0,0.04706638574438453,0
Male,1,No,No,31,Yes,Yes,No,No internet service,No internet service,No internet service,No internet service,No internet service,No internet service,One year,No,Electronic check,44.0,1353.47,No,Established_25-48m,0,0,0,0.03248503104535353,0
Male,0,Yes,No,10,Yes,Yes,DSL,No,Yes,Yes,No,Yes,Yes,One year,No,Electronic check,106.94,1091.71,Yes,New_0-12m,4,0,1,0.09786677160454282,0
Male,0,No,No,65,Yes,Yes,Fiber optic,No,No,Yes,Yes,Yes,No,Month-to-month,Yes,Mailed check,118.03,7687.39,Yes,Loyal_49-72m,3,0,0,0.015351718630298411,0
Female,0,No,Yes,32,Yes,No,DSL,Yes,Yes,Yes,No,No,No,Month-to-month,Yes,Bank transfer (automatic),75.57,2415.33,No,Established_25-48m,3,0,0,0.03127470171706679,0
Female,1,Yes,Yes,6,Yes,Yes,Fiber optic,Yes,No,Yes,No,No,No,Month-to-month,Yes,Electronic check,100.98,596.04,Yes,New_0-12m,2,0,0,0.1691343963553531,1
Male,0,No,Yes,37,Yes,No,Fiber optic,No,No,No,No,No,Yes,Two year,No,Credit card (automatic),92.77,3418.23,Yes,Established_25-48m,1,0,0,0.027131839624710826,0
Female,0,Yes,Yes,26,Yes,Yes,DSL,No,No,Yes,No,Yes,No,Month-to-month,No,Electronic check,86.15,2242.79,Yes,Established_25-48m,2,0,0,0.03839485869889785,0
Female,0,No,No,1,Yes,No,Fiber optic,Yes,No,No,No,No,Yes,Month-to-month,Yes,Bank transfer (automatic),97.77,103.99,Yes,New_0-12m,2,0,0,0.9312315458615106,1
Male,0,No,No,5,Yes,No,DSL,No,No,Yes,No,No,No,Month-to-month,Yes,Credit card (automatic),67.91,359.65,Yes,New_0-12m,1,0,0,0.18829890475530292,0
Female,0,Yes,No,36,Yes,No,Fiber optic,Yes,No,No,No,Yes,Yes,Two year,Yes,Credit card (automatic),110.93,3998.83,No,Established_25-48m,3,0,1,0.027733678681343958,0
Male,0,No,No,16,Yes,No,Fiber optic,No,No,Yes,No,No,No,Month-to-month,No,Mailed check,86.78,1383.19,Yes,Developing_13-24m,1,0,0,0.06269370534391955,1
Male,0,Yes,Yes,1,No,No phone service,No,No internet service,No internet service,No internet service,No internet service,No internet service,No internet service,Month-to-month,Yes,Electronic check,21.12,41.74,Yes,New_0-12m,0,0,0,0.4941506785212915,0
Female,0,Yes,Yes,19,Yes,Yes,DSL,No,No,Yes,No,No,Yes,One year,No,Credit card (automatic),88.49,1693.6,No,Developing_13-24m,2,0,0,0.052218812699162044,0
Male,0,Yes,No,6,Yes,No,DSL,No,No,Yes,Yes,Yes,Yes,Month-to-month,Yes,Electronic check,97.49,574.63,Yes,New_0-12m,4,0,1,0.16936226395427617,0
Male,0,No,No,67,Yes,Yes,Fiber optic,No,No,Yes,No,Yes,No,Two year,Yes,Credit card (automatic),109.45,7331.9,No,Loyal_49-72m,2,0,0,0.014925881983935416,0
Male,1,Yes,No,65,Yes,No,No,No internet service,No internet service,No internet service,No internet service,No internet service,No internet service,Month-to-month,Yes,Bank transfer (automatic),34.29,2238.76,No,Loyal_49-72m,0,0,0,0.015309676036718218,0
Male,0,Yes,No,49,Yes,No,No,No internet service,No internet service,No internet service,No internet service,No internet service,No internet service,Two year,No,Credit card (automatic),34.76,1707.81,No,Loyal_49-72m,0,0,0,0.020341641259121846,0
Male,1,No,No,33,No,No phone service,Fiber optic,Yes,Yes,Yes,Yes,No,No,Month-to-month,Yes,Bank transfer (automatic),88.52,2906.04,No,Established_25-48m,4,1,0,0.030450217403269305,0
Male,0,Yes,Yes,27,Yes,No,No,No internet service,No internet service,No internet service,No internet service,No internet service,No internet service,One year,No,Credit card (automatic),34.28,928.2,No,Established_25-48m,0,0,0,0.036891950064571674,0
Male,0,Yes,No,54,Yes,No,No,No internet service,No internet service,No internet service,No internet service,No internet service,No internet service,One year,Yes,Mailed check,35.12,1886.35,No,Loyal_49-72m,0,0,0,0.018608101306064058,0
Male,0,Yes,No,56,Yes,Yes,DSL,Yes,No,No,No,Yes,No,Month-to-month,Yes,Electronic check,88.04,4931.19,Yes,Loyal_49-72m,2,0,0,0.017850082823248903,0
Female,1,Yes,No,29,Yes,No,DSL,Yes,No,No,No,Yes,Yes,Month-to-month,No,Mailed check,91.39,2630.82,Yes,Established_25-48m,3,0,1,0.034725019188242355,0
Female,0,Yes,Yes,38,Yes,Yes,DSL,No,No,No,Yes,Yes,No,Two year,No,Mailed check,89.34,3381.56,No,Established_25-48m,2,0,0,0.02641194834681425,0
Female,0,Yes,No,9,Yes,No,DSL,Yes,No,No,No,Yes,Yes,Month-to-month,No,Mailed check,89.4,836.08,Yes,New_0-12m,3,0,1,0.10679982797343146,0
Male,0,No,No,50,Yes,No,Fiber optic,No,Yes,No,No,Yes,Yes,One year,Yes,Credit card (automatic),109.19,5453.11,No,Loyal_49-72m,3,0,1,0.020019764911232082,0
Male,0,No,No,65,Yes,No,Fiber optic,No,Yes,Yes,No,No,No,Two year,Yes,Bank transfer (automatic),92.36,6020.1,No,Loyal_49-72m,2,0,0,0.015339389812492733,0
Female,0,Yes,No,56,Yes,Yes,Fiber optic,Yes,Yes,No,No,Yes,Yes,One year,Yes,Bank transfer (automatic),128.32,7184.03,No,Loyal_49-72m,4,0,1,0.01785935479740516,0
Female,0,Yes,Yes,6,Yes,Yes,DSL,Yes,No,No,No,Yes,Yes,Month-to-month,Yes,Electronic check,96.53,561.14,Yes,New_0-12m,3,0,1,0.17171878891379372,0
Female,0,Yes,No,11,Yes,No,No,No internet service,No internet service,No internet service,No internet service,No internet service,No internet service,Month-to-month,No,Credit card (automatic),34.27,360.77,Yes,New_0-12m,0,0,0,0.09472869502722726,0
Male,0,No,No,63,Yes,No,Fiber optic,Yes,No,No,Yes,Yes,Yes,Month-to-month,Yes,Electronic check,117.47,7388.72,Yes,Loyal_49-72m,4,1,1,0.015896407441689266,0
Female,0,Yes,No,2,Yes,Yes,Fiber optic,No,No,No,No,No,No,Month-to-month,Yes,Electronic check,86.8,205.79,Yes,New_0-12m,0,0,0,0.4197495043280623,1
Female,0,Yes,Yes,1,Yes,Yes,No,No internet service,No internet service,No internet service,No internet service,No internet service,No internet service,Month-to-month,Yes,Bank transfer (automatic),44.81,44.81,No,New_0-12m,0,0,0,0.9781707050862257,0
Male,0,No,No,16,Yes,No,DSL,Yes,Yes,No,Yes,Yes,No,Month-to-month,No,Credit card (automatic),91.47,1466.24,Yes,Developing_13-24m,4,1,0,0.0623415392164881,0
Female,0,Yes,No,40,Yes,Yes,Fiber optic,Yes,No,No,Yes,No,Yes,Two year,Yes,Mailed check,115.34,4623.83,No,Established_25-48m,3,1,0,0.024939295065980804,0
Male,0,Yes,Yes,34,No,No phone service,Fiber optic,Yes,No,No,No,No,No,Month-to-month,Yes,Mailed check,69.34,2365.13,Yes,Established_25-48m,1,0,0,0.029305236821307368,1
Male,0,No,No,44,Yes,No,No,No internet service,No internet service,No internet service,No internet service,No internet service,No internet service,One year,No,Mailed check,34.87,1547.25,Yes,Established_25-48m,0,0,0,0.022522202486678505,0
Male,1,No,Yes,49,Yes,No,DSL,No,Yes,Yes,No,Yes,Yes,One year,Yes,Electronic check,94.25,4610.37,No,Loyal_49-72m,4,0,1,0.02043861151891954,0
Female,1,Yes,Yes,21,Yes,Yes,Fiber optic,No,Yes,Yes,Yes,No,No,Month-to-month,Yes,Credit card (automatic),108.74,2265.78,Yes,Developing_13-24m,3,0,0,0.047971130855221936,0
Female,0,No,No,33,Yes,Yes,No,No internet service,No internet service,No internet service,No internet service,No internet service,No internet service,Month-to-month,Yes,Bank transfer (automatic),44.7,1460.93,Yes,Established_25-48m,0,0,0,0.03057601937165254,0
Male,0,Yes,Yes,58,Yes,Yes,Fiber optic,No,No,No,No,No,Yes,One year,No,Mailed check,103.53,5981.76,Yes,Loyal_49-72m,1,0,0,0.017304722235222537,0
Female,0,No,No,65,No,No phone service,DSL,Yes,No,Yes,Yes,No,Yes,One year,No,Mailed check,77.62,5037.5,No,Loyal_49-72m,4,1,0,0.015405378584896299,0
Female,0,No,Yes,43,No,No phone service,Fiber optic,Yes,No,No,No,No,Yes,Month-to-month,Yes,Electronic check,83.92,3552.67,Yes,Established_25-48m,2,0,0,0.02361502334206609,1
Female,0,No,No,72,Yes,No,DSL,Yes,No,Yes,No,No,No,One year,Yes,Bank transfer (automatic),74.94,5406.55,No,Loyal_49-72m,2,0,0,0.013858401679133802,0
Female,0,No,No,49,Yes,No,Fiber optic,No,No,Yes,No,Yes,No,One year,Yes,Credit card (automatic),98.66,4842.92,Yes,Loyal_49-72m,2,0,0,0.020367801284909743,0
Male,0,No,No,20,No,No phone service,No,No internet service,No internet service,No internet service,No internet service,No internet service,No internet service,One year,Yes,Bank transfer (automatic),18.5,355.37,No,Developing_13-24m,0,0,0,0.05191233830008138,0
Female,1,No,Yes,50,Yes,Yes,Fiber optic,No,Yes,No,Yes,Yes,No,One year,Yes,Mailed check,115.16,5737.35,No,Loyal_49-72m,3,0,0,0.020068486585865273,0
Male,1,No,No,21,Yes,Yes,DSL,No,Yes,No,No,Yes,Yes,Month-to-month,Yes,Electronic check,98.71,2095.83,Yes,Developing_13-24m,3,0,1,0.04707582398191556,0
Male,0,Yes,Yes,54,Yes,Yes,DSL,No,Yes,Yes,No,Yes,No,Two year,No,Credit card (automatic),93.8,5079.7,No,Loyal_49-72m,3,0,0,0.01846202294959356,0
Female,0,Yes,Yes,31,Yes,No,Fiber optic,Yes,No,No,Yes,Yes,No,One year,Yes,Electronic check,105.38,3262.92,No,Established_25-48m,3,1,0,0.03228633054731733,0
Male,0,No,No,32,No,No phone service,Fiber optic,Yes,Yes,Yes,Yes,Yes,Yes,Two year,Yes,Electronic check,113.59,3624.75,No,Established_25-48m,6,1,1,0.03132869061573468,0
Female,0,No,No,18,Yes,No,Fiber optic,Yes,Yes,Yes,No,Yes,No,Month-to-month,No,Mailed check,111.39,2005.59,Yes,Developing_13-24m,4,0,0,0.05551208767112365,1
Female,0,Yes,Yes,8,Yes,No,Fiber optic,No,Yes,No,Yes,Yes,No,Month-to-month,No,Mailed check,107.49,838.31,Yes,New_0-12m,3,0,0,0.1280694856489259,0
Male,0,No,No,17,Yes,No,Fiber optic,No,Yes,No,Yes,Yes,Yes,Month-to-month,Yes,Credit card (automatic),118.27,2014.98,Yes,Developing_13-24m,4,0,1,0.058666256609688584,0
Male,0,No,Yes,67,Yes,No,No,No internet service,No internet service,No internet service,No internet service,No internet service,No internet service,One year,No,Electronic check,33.5,2226.47,No,Loyal_49-72m,0,0,0,0.015039484257924911,0
Male,0,No,No,55,Yes,No,No,No internet service,No internet service,No internet service,No internet service,No internet service,No internet service,One year,Yes,Bank transfer (automatic),35.18,1899.04,No,Loyal_49-72m,0,0,0,0.0185153996757963,0
Male,0,No,No,67,Yes,Yes,DSL,No,No,No,Yes,No,Yes,Month-to-month,Yes,Electronic check,89.08,5956.15,Yes,Loyal_49-72m,2,0,0,0.01495345928841812,0
Female,0,Yes,Yes,37,Yes,Yes,DSL,No,Yes,Yes,No,Yes,No,Two year,Yes,Electronic check,95.93,3534.18,No,Established_25-48m,3,0,0,0.027135817695280017,0
Female,0,Yes,No,41,Yes,Yes,DSL,Yes,No,Yes,No,Yes,No,One year,No,Bank transfer (automatic),92.21,3807.71,Yes,Established_25-48m,3,0,0,0.024210296924680533,0
Female,0,Yes,No,29,Yes,Yes,DSL,Yes,No,No,No,Yes,Yes,Month-to-month,No,Credit card (automatic),100.99,2953.83,Yes,Established_25-48m,3,0,1,0.0341779391707814,0
Male,0,Yes,Yes,6,Yes,No,DSL,No,Yes,Yes,No,Yes,Yes,Month-to-month,No,Mailed check,96.95,564.96,Yes,New_0-12m,4,0,1,0.17130185878860696,0
Male,0,No,No,65,Yes,Yes,Fiber optic,Yes,Yes,Yes,Yes,Yes,No,One year,Yes,Bank transfer (automatic),129.34,8405.6,No,Loyal_49-72m,5,1,0,0.015385530416577451,0
Male,0,No,No,8,No,No phone service,DSL,Yes,Yes,No,No,Yes,Yes,Month-to-month,No,Credit card (automatic),81.29,640.48,Yes,New_0-12m,4,0,1,0.1267225790359793,0
Female,0,No,No,36,No,No phone service,DSL,Yes,No,No,No,Yes,No,Month-to-month,Yes,Credit card (automatic),62.5,2277.57,No,Established_25-48m,2,0,0,0.027429484281808324,0
Male,1,No,No,5,Yes,Yes,DSL,Yes,No,No,No,Yes,No,Month-to-month,No,Electronic check,91.59,430.65,Yes,New_0-12m,2,0,0,0.21218579867948573,0
Female,0,Yes,Yes,34,Yes,Yes,DSL,No,No,Yes,Yes,No,Yes,One year,Yes,Electronic check,94.68,3226.1,No,Established_25-48m,3,0,0,0.02933903504694618,0
Male,0,Yes,No,64,No,No phone service,Fiber optic,Yes,Yes,No,No,Yes,No,One year,Yes,Bank transfer (automatic),90.08,5784.29,Yes,Loyal_49-72m,3,0,0,0.015570524554516714,0
Female,0,Yes,Yes,42,Yes,No,DSL,No,No,Yes,Yes,No,Yes,Month-to-month,No,Bank transfer (automatic),86.03,3605.07,Yes,Established_25-48m,3,0,0,0.023856996675050677,0
Female,1,Yes,Yes,63,Yes,No,No,No internet service,No internet service,No internet service,No internet service,No internet service,No internet service,One year,Yes,Mailed check,35.51,2237.48,No,Loyal_49-72m,0,0,0,0.015863443050641506,0
Male,0,No,No,28,Yes,Yes,DSL,No,Yes,No,No,Yes,Yes,Month-to-month,Yes,Electronic check,100.51,2830.08,Yes,Established_25-48m,3,0,1,0.035502352459132205,0
Male,0,Yes,Yes,37,Yes,Yes,No,No internet service,No internet service,No internet service,No internet service,No internet service,No internet service,Month-to-month,Yes,Bank transfer (automatic),43.38,1588.46,Yes,Established_25-48m,0,0,0,0.027292287946849875,0
Female,0,Yes,Yes,38,Yes,Yes,DSL,No,No,Yes,No,Yes,Yes,Two year,No,Mailed check,97.99,3733.17,No,Established_25-48m,3,0,1,0.026241440534308828,0
Female,0,Yes,Yes,22,Yes,Yes,Fiber optic,No,Yes,Yes,No,No,Yes,Two year,Yes,Electronic check,112.08,2442.53,No,Developing_13-24m,3,0,0,0.045868067918134824,0
Male,0,No,No,28,Yes,No,DSL,No,Yes,No,No,No,Yes,One year,Yes,Bank transfer (automatic),77.33,2141.31,Yes,Established_25-48m,2,0,0,0.03609654998576303,0
Male,0,Yes,Yes,6,No,No phone service,No,No internet service,No internet service,No internet service,No internet service,No internet service,No internet service,Month-to-month,Yes,Bank transfer (automatic),20.37,134.98,Yes,New_0-12m,0,0,0,0.14980144138843948,0
Female,0,No,No,45,Yes,Yes,DSL,No,Yes,No,Yes,Yes,Yes,Two year,Yes,Mailed check,106.97,4799.15,No,Established_25-48m,4,0,1,0.022284720269158256,0
Male,1,Yes,Yes,49,Yes,Yes,No,No internet service,No internet service,No internet service,No internet service,No internet service,No internet service,Two year,No,Credit card (automatic),42.85,2102.34,No,Loyal_49-72m,0,0,0,0.020372360150997935,0
Female,0,No,No,21,Yes,Yes,DSL,Yes,No,No,Yes,Yes,No,Month-to-month,No,Electronic check,97.38,2027.31,Yes,Developing_13-24m,3,1,0,0.04801041260951235,0
Female,0,Yes,No,31,Yes,Yes,DSL,Yes,No,Yes,No,Yes,Yes,Month-to-month,No,Mailed check,103.69,3218.6,No,Established_25-48m,4,0,1,0.03220586408249472,0
Male,0,No,No,11,Yes,No,Fiber optic,No,Yes,Yes,No,No,No,Month-to-month,Yes,Credit card (automatic),92.72,995.03,No,New_0-12m,2,0,0,0.09308956557533407,1
Male,0,No,No,26,Yes,Yes,Fiber optic,No,Yes,No,No,Yes,Yes,Month-to-month,No,Electronic check,118.87,3110.05,Yes,Established_25-48m,3,0,1,0.0382089648189518,1
Male,0,No,No,68,Yes,No,No,No internet service,No internet service,No internet service,No internet service,No internet service,No internet service,Month-to-month,Yes,Electronic check,36.83,2516.64,Yes,Loyal_49-72m,0,0,0,0.014628779333026167,0
Male,0,No,Yes,67,Yes,Yes,Fiber optic,No,No,Yes,Yes,Yes,Yes,One year,Yes,Mailed check,127.21,8514.05,Yes,Loyal_49-72m,4,0,1,0.014939430772573268,0
Male,0,Yes,Yes,25,Yes,Yes,Fiber optic,Yes,Yes,Yes,No,Yes,Yes,Month-to-month,No,Electronic check,129.36,3206.05,Yes,Established_25-48m,5,0,1,0.040336134453781515,1
Female,0,Yes,No,7,Yes,Yes,Fiber optic,Yes,No,No,Yes,No,No,Month-to-month,No,Electronic check,103.94,724.51,Yes,New_0-12m,2,1,0,0.14326473790850575,0
Female,0,Yes,No,38,Yes,Yes,Fiber optic,Yes,No,Yes,Yes,Yes,Yes,Month-to-month,Yes,Credit card (automatic),132.74,5038.74,Yes,Established_25-48m,5,1,1,0.02633866032771532,0
Male,0,No,No,15,Yes,No,Fiber optic,No,Yes,Yes,Yes,Yes,No,Two year,No,Electronic check,113.22,1690.13,No,Developing_13-24m,4,0,0,0.06694931791169217,0
Male,0,Yes,Yes,31,Yes,No,DSL,No,Yes,No,Yes,No,No,One year,No,Electronic check,74.49,2324.95,No,Established_25-48m,2,0,0,0.03202562393860573,0
Male,0,Yes,No,18,Yes,Yes,Fiber optic,No,No,Yes,No,Yes,Yes,Month-to-month,No,Credit card (automatic),119.06,2161.28,Yes,Developing_13-24m,3,0,1,0.05506224910742364,1
Female,0,No,No,22,Yes,No,No,No internet service,No internet service,No internet service,No internet service,No internet service,No internet service,Month-to-month,No,Mailed check,33.5,743.41,No,Developing_13-24m,0,0,0,0.04500208218589218,0
Male,1,No,No,36,Yes,No,Fiber optic,No,No,Yes,No,Yes,No,Two year,Yes,Bank transfer (automatic),96.35,3490.96,No,Established_25-48m,2,0,0,0.027591954088821175,0
Male,1,Yes,No,67,Yes,Yes,No,No internet service,No internet service,No internet service,No internet service,No internet service,No internet service,One year,No,Mailed check,44.12,2913.99,Yes,Loyal_49-72m,0,0,0,0.015135557926442287,0
Female,0,No,No,20,Yes,No,No,No internet service,No internet service,No internet service,No internet service,No internet service,No internet service,Month-to-month,Yes,Credit card (automatic),37.05,736.44,No,Developing_13-24m,0,0,0,0.05024137556953785,0
Female,0,No,No,28,Yes,No,No,No internet service,No internet service,No internet service,No internet service,No internet service,No internet service,One year,Yes,Electronic check,34.78,968.56,No,Established_25-48m,0,0,0,0.03587194191179505,0
Male,0,Yes,Yes,64,Yes,No,DSL,Yes,No,No,Yes,No,No,Month-to-month,Yes,Bank transfer (automatic),75.42,4839.51,No,Loyal_49-72m,2,1,0,0.015581002828214383,0
Male,0,Yes,Yes,24,Yes,No,DSL,No,Yes,No,No,Yes,No,Month-to-month,No,Credit card (automatic),75.78,1813.94,Yes,Developing_13-24m,2,0,0,0.04175344639492214,0
Male,0,No,No,40,Yes,No,DSL,Yes,No,Yes,No,Yes,No,Two year,No,Electronic check,81.12,3253.13,No,Established_25-48m,3,0,0,0.02492832185561118,0
Female,0,No,No,42,No,No phone service,No,No internet service,No internet service,No internet service,No internet service,No internet service,No internet service,Month-to-month,No,Credit card (automatic),18.58,773.14,No,Established_25-48m,0,0,0,0.024000826723848397,0
Male,0,Yes,Yes,69,No,No phone service,DSL,Yes,Yes,No,No,No,Yes,Two year,Yes,Credit card (automatic),69.99,4819.2,No,Loyal_49-72m,3,0,0,0.014520144392348864,0
Male,1,Yes,Yes,71,Yes,No,Fiber optic,Yes,Yes,No,Yes,No,Yes,Month-to-month,Yes,Credit card (automatic),111.57,7933.49,No,Loyal_49-72m,4,1,0,0.014061395250356355,0
Male,0,No,No,4,Yes,Yes,DSL,No,No,No,No,No,No,Two year,No,Credit card (automatic),71.33,285.29,No,New_0-12m,0,0,0,0.24915295679206398,0
Female,0,No,No,55,Yes,No,DSL,No,No,No,No,Yes,No,Two year,No,Mailed check,73.9,4069.11,No,Loyal_49-72m,1,0,0,0.018156757434074265,0
Female,0,No,No,10,Yes,No,DSL,No,No,Yes,No,No,Yes,Two year,No,Bank transfer (automatic),76.56,747.0,No,New_0-12m,2,0,0,0.10235294117647059,0
Male,0,Yes,No,53,Yes,No,DSL,No,No,No,No,No,No,Two year,Yes,Credit card (automatic),61.25,3256.42,No,Loyal_49-72m,0,0,0,0.018803224637903616,0
Male,0,Yes,No,61,Yes,Yes,Fiber optic,Yes,No,No,No,No,No,Month-to-month,No,Electronic check,98.08,5966.72,No,Loyal_49-72m,1,0,0,0.016435087437078146,1
Female,0,No,No,71,Yes,No,No,No internet service,No internet service,No internet service,No internet service,No internet service,No internet service,Two year,Yes,Bank transfer (automatic),36.55,2620.75,No,Loyal_49-72m,0,0,0,0.01394106989606179,0
Female,0,Yes,Yes,64,Yes,No,Fiber optic,Yes,No,Yes,Yes,No,Yes,Two year,No,Electronic check,109.61,7011.19,No,Loyal_49-72m,4,1,0,0.015631350548116922,0
Female,0,No,No,61,Yes,Yes,Fiber optic,No,No,No,No,No,Yes,One year,Yes,Bank transfer (automatic),99.22,6046.21,No,Loyal_49-72m,1,0,0,0.016407566464534885,0
Female,0,No,No,45,Yes,No,Fiber optic,No,Yes,No,Yes,No,No,One year,Yes,Credit card (automatic),93.33,4213.23,Yes,Established_25-48m,2,0,0,0.022146394477757503,0
Female,0,Yes,No,30,Yes,No,No,No internet service,No internet service,No internet service,No internet service,No internet service,No internet service,Month-to-month,No,Bank transfer (automatic),34.38,1030.62,Yes,Established_25-48m,0,0,0,0.033326224772687624,0
Female,0,No,No,20,Yes,Yes,No,No internet service,No internet service,No internet service,No internet service,No internet service,No internet service,One year,Yes,Credit card (automatic),46.26,935.96,No,Developing_13-24m,0,0,0,0.04937243852459016,0
Female,0,Yes,Yes,54,Yes,No,No,No internet service,No internet service,No internet service,No internet service,No internet service,No internet service,One year,Yes,Mailed check,33.55,1807.22,No,Loyal_49-72m,0,0,0,0.018554158232958376,0
Female,0,No,No,11,Yes,No,DSL,No,Yes,No,No,No,No,One year,Yes,Mailed check,66.62,743.52,No,New_0-12m,1,0,0,0.08948047063880085,0
Female,0,Yes,Yes,8,Yes,No,No,No internet service,No internet service,No internet service,No internet service,No internet service,No internet service,Month-to-month,Yes,Mailed check,33.38,265.89,Yes,New_0-12m,0,0,0,0.1250702536625576,0
Male,0,Yes,Yes,2,Yes,Yes,DSL,No,No,No,Yes,No,Yes,Month-to-month,Yes,Credit card (automatic),90.52,194.04,Yes,New_0-12m,2,0,0,0.464109926168991,0
Male,0,No,No,67,Yes,Yes,Fiber optic,Yes,No,No,Yes,No,No,Two year,Yes,Credit card (automatic),103.31,6939.03,No,Loyal_49-72m,2,1,0,0.014886102797826524,0
Male,1,No,No,50,Yes,No,Fiber optic,Yes,Yes,No,Yes,Yes,No,Month-to-month,Yes,Credit card (automatic),112.54,5603.23,Yes,Loyal_49-72m,4,1,0,0.020081260048213583,0
Female,0,Yes,No,23,Yes,No,Fiber optic,Yes,Yes,No,No,Yes,Yes,Month-to-month,Yes,Credit card (automatic),115.45,2660.72,Yes,Developing_13-24m,4,0,1,0.04337420915798807,1
Male,0,No,No,21,No,No phone service,Fiber optic,No,Yes,No,No,No,No,Month-to-month,Yes,Credit card (automatic),67.69,1448.93,Yes,Developing_13-24m,1,0,0,0.04668501237990799,1
Female,0,Yes,Yes,46,Yes,No,DSL,No,No,No,Yes,Yes,Yes,One year,Yes,Credit card (automatic),92.76,4276.23,Yes,Established_25-48m,3,0,1,0.02168693289816073,0
Female,0,Yes,No,40,Yes,Yes,No,No internet service,No internet service,No internet service,No internet service,No internet service,No internet service,One year,Yes,Electronic check,46.76,1906.98,No,Established_25-48m,0,0,0,0.02450759441922871,0
Male,1,Yes,Yes,3,Yes,No,Fiber optic,Yes,No,Yes,No,No,Yes,One year,Yes,Electronic check,102.75,294.33,Yes,New_0-12m,3,0,0,0.3479158906985406,0
Female,0,Yes,No,50,Yes,No,DSL,No,No,Yes,No,Yes,Yes,Two year,No,Credit card (automatic),91.21,4564.37,No,Loyal_49-72m,3,0,1,0.01997866547508745,0
Male,0,Yes,Yes,48,No,No phone service,Fiber optic,Yes,No,No,Yes,No,Yes,One year,No,Bank transfer (automatic),90.08,4331.15,No,Established_25-48m,3,1,0,0.020793370497328118,0
Male,0,Yes,No,27,Yes,Yes,Fiber optic,No,Yes,Yes,Yes,No,Yes,Two year,No,Credit card (automatic),119.98,3231.56,No,Established_25-48m,4,0,0,0.037116093746133096,0
Male,0,Yes,No,46,Yes,No,DSL,No,No,No,No,Yes,Yes,Month-to-month,Yes,Bank transfer (automatic),83.08,3803.15,No,Established_25-48m,2,0,1,0.0218393070725392,0
Female,0,Yes,No,29,Yes,No,DSL,No,Yes,No,Yes,Yes,No,One year,Yes,Electronic check,85.72,2518.43,Yes,Established_25-48m,3,0,0,0.034023568823106816,0
Male,0,Yes,No,45,Yes,Yes,No,No internet service,No internet service,No internet service,No internet service,No internet service,No internet service,One year,Yes,Credit card (automatic),43.02,1952.73,Yes,Established_25-48m,0,0,0,0.02201941926468857,0
Female,0,No,No,50,Yes,Yes,No,No internet service,No internet service,No internet service,No internet service,No internet service,No internet service,Month-to-month,No,Bank transfer (automatic),47.02,2359.37,No,Loyal_49-72m,0,0,0,0.01992060566775548,0
Male,0,Yes,Yes,11,No,No phone service,DSL,No,No,No,No,No,No,One year,Yes,Bank transfer (automatic),42.7,470.42,No,New_0-12m,0,0,0,0.09057740443765644,0
Male,0,No,No,68,Yes,Yes,Fiber optic,No,Yes,No,No,No,No,Two year,No,Mailed check,95.19,6475.03,No,Loyal_49-72m,1,0,0,0.014698820110468915,0
Male,1,No,No,15,Yes,Yes,Fiber optic,No,Yes,No,No,No,Yes,Two year,No,Bank transfer (automatic),106.62,1608.72,No,Developing_13-24m,2,0,0,0.06623512163606093,0
Female,0,No,No,35,Yes,No,Fiber optic,No,Yes,Yes,Yes,No,No,Two year,No,Mailed check,102.03,3592.69,Yes,Established_25-48m,3,0,0,0.028391430535188066,0
Female,1,No,No,23,Yes,No,Fiber optic,Yes,Yes,Yes,No,Yes,Yes,Month-to-month,No,Credit card (automatic),119.74,2743.42,Yes,Developing_13-24m,5,0,1,0.04363034812455819,1
Female,0,No,No,61,Yes,No,DSL,Yes,No,No,No,No,No,Two year,No,Credit card (automatic),67.24,4103.22,No,Loyal_49-72m,1,0,0,0.01638313735618461,0
Male,0,Yes,Yes,63,Yes,No,DSL,No,Yes,No,Yes,No,Yes,One year,Yes,Electronic check,86.3,5431.35,Yes,Loyal_49-72m,3,0,0,0.015886310712674993,0
Male,0,No,No,49,Yes,No,DSL,No,No,Yes,Yes,No,Yes,Two year,No,Electronic check,84.13,4106.52,No,Loyal_49-72m,3,0,0,0.020481945310065437,0
Female,0,No,No,55,No,No phone service,Fiber optic,No,No,No,Yes,No,No,Month-to-month,No,Electronic check,72.47,3976.64,No,Loyal_49-72m,1,0,0,0.01821934614495027,0
Female,0,No,No,36,Yes,No,No,No internet service,No internet service,No internet service,No internet service,No internet service,No internet service,Month-to-month,No,Bank transfer (automatic),34.73,1253.52,Yes,Established_25-48m,0,0,0,0.027683895035551444,0
Female,0,No,No,2,Yes,No,No,No internet service,No internet service,No internet service,No internet service,No internet service,No internet service,Month-to-month,Yes,Credit card (automatic),35.88,67.27,Yes,New_0-12m,0,0,0,0.5255602753771789,0
Female,1,Yes,Yes,55,No,No phone service,No,No internet service,No internet service,No internet service,No internet service,No internet service,No internet service,Month-to-month,Yes,Electronic check,19.03,1047.06,No,Loyal_49-72m,0,0,0,0.01815735740320211,0
Female,0,No,No,64,No,No phone service,No,No internet service,No internet service,No internet service,No internet service,No internet service,No internet service,One year,No,Electronic check,20.95,1351.67,No,Loyal_49-72m,0,0,0,0.015487886919943518,0
Female,0,No,Yes,29,Yes,No,DSL,Yes,No,No,Yes,No,Yes,Month-to-month,Yes,Credit card (automatic),86.07,2513.36,No,Established_25-48m,3,1,0,0.0342313749821028,0
Male,1,Yes,Yes,71,Yes,No,Fiber optic,No,Yes,No,No,No,Yes,Month-to-month,Yes,Electronic check,98.68,7046.09,Yes,Loyal_49-72m,2,0,0,0.014002943058766102,1
Female,0,Yes,Yes,21,Yes,No,DSL,Yes,No,No,No,Yes,No,Month-to-month,Yes,Electronic check,76.68,1621.85,Yes,Developing_13-24m,2,0,0,0.04725020796746465,0
Male,0,No,No,16,Yes,Yes,No,No internet service,No internet service,No internet service,No internet service,No internet service,No internet service,Month-to-month,Yes,Electronic check,44.64,704.99,Yes,Developing_13-24m,0,0,0,0.06323035737050099,0
Male,0,No,No,6,Yes,No,No,No internet service,No internet service,No internet service,No internet service,No internet service,No internet service,Month-to-month,Yes,Credit card (automatic),35.17,227.56,No,New_0-12m,0,0,0,0.15387644382219112,0
Female,1,No,No,33,Yes,No,Fiber optic,No,Yes,Yes,Yes,No,No,Month-to-month,Yes,Electronic check,100.12,3299.19,Yes,Established_25-48m,3,0,0,0.030337647226371816,0
Female,1,No,No,58,Yes,Yes,Fiber optic,No,Yes,No,No,No,Yes,Month-to-month,Yes,Electronic check,107.94,6250.03,Yes,Loyal_49-72m,2,0,0,0.0172675543070502,1
Male,1,Yes,Yes,22,Yes,Yes,DSL,Yes,No,No,No,No,Yes,One year,Yes,Credit card (automatic),91.14,2014.42,Yes,Developing_13-24m,2,0,0,0.045221343442061704,0
Female,0,Yes,Yes,38,Yes,No,DSL,Yes,Yes,Yes,No,Yes,Yes,Month-to-month,Yes,Electronic check,102.86,3929.89,Yes,Established_25-48m,5,0,1,0.026167102106647605,0
Female,0,Yes,No,46,Yes,No,No,No internet service,No internet service,No internet service,No internet service,No internet service,No internet service,Month-to-month,No,Bank transfer (automatic),36.09,1651.06,No,Established_25-48m,0,0,0,0.021845453554955634,0
Male,0,Yes,Yes,50,Yes,Yes,No,No internet service,No internet service,No internet service,No internet service,No internet service,No internet service,One year,Yes,Electronic check,45.37,2273.23,No,Loyal_49-72m,0,0,0,0.019949609318318726,0
Male,0,Yes,Yes,65,Yes,No,DSL,No,Yes,Yes,Yes,No,No,Two year,Yes,Bank transfer (automatic),80.8,5258.85,No,Loyal_49-72m,3,0,0,0.015361654800041825,0
Male,0,Yes,No,52,Yes,No,DSL,Yes,No,Yes,Yes,Yes,No,Two year,Yes,Electronic check,92.3,4785.37,No,Loyal_49-72m,4,1,0,0.019283924978637255,0
Female,0,No,Yes,47,Yes,Yes,DSL,No,Yes,No,Yes,Yes,No,Two year,Yes,Bank transfer (automatic),98.73,4618.84,No,Established_25-48m,3,0,0,0.02137086998683937,0
Male,1,No,Yes,62,No,No phone service,No,No internet service,No internet service,No internet service,No internet service,No internet service,No internet service,One year,Yes,Mailed check,19.91,1213.38,No,Loyal_49-72m,0,0,0,0.016395197549366754,0
Female,1,Yes,No,2,Yes,No,No,No internet service,No internet service,No internet service,No internet service,No internet service,No internet service,Month-to-month,No,Credit card (automatic),36.25,91.68,Yes,New_0-12m,0,0,0,0.3911307725507121,0
Male,0,Yes,No,21,Yes,No,Fiber optic,No,Yes,No,No,Yes,Yes,Two year,Yes,Bank transfer (automatic),113.13,2368.77,Yes,Developing_13-24m,3,0,1,0.0477388100954945,0
Male,0,Yes,Yes,67,Yes,No,Fiber optic,Yes,No,Yes,No,No,Yes,One year,Yes,Credit card (automatic),104.98,7024.21,No,Loyal_49-72m,3,0,0,0.014943325537599588,0
Male,0,No,No,48,Yes,No,Fiber optic,No,No,Yes,Yes,Yes,No,Month-to-month,No,Mailed check,105.57,5072.14,No,Established_25-48m,3,0,0,0.020809597211983107,0
Female,0,Yes,Yes,9,Yes,Yes,DSL,No,No,Yes,No,No,Yes,One year,No,Bank transfer (automatic),86.9,801.61,Yes,New_0-12m,2,0,0,0.10827176337199886,0
Female,0,Yes,No,2,Yes,No,No,No internet service,No internet service,No internet service,No internet service,No internet service,No internet service,Month-to-month,No,Credit card (automatic),34.26,51.05,Yes,New_0-12m,0,0,0,0.6582132564841499,0
Male,0,No,No,16,Yes,No,Fiber optic,Yes,No,Yes,No,Yes,Yes,One year,Yes,Electronic check,116.59,1865.44,Yes,Developing_13-24m,4,0,1,0.06246651379096033,0
Male,0,No,No,30,Yes,Yes,DSL,No,No,No,Yes,No,Yes,Month-to-month,Yes,Electronic check,92.68,2802.53,Yes,Established_25-48m,2,0,0,0.03305832290005814,0
Male,0,Yes,No,1,Yes,No,Fiber optic,No,No,Yes,Yes,No,No,Month-to-month,No,Bank transfer (automatic),94.91,102.62,Yes,New_0-12m,2,0,0,0.9159428681721674,0
Female,0,Yes,Yes,69,Yes,No,Fiber optic,No,Yes,No,Yes,No,No,One year,No,Mailed check,93.42,6429.89,No,Loyal_49-72m,2,0,0,0.014526760681647485,0
Male,1,Yes,Yes,21,Yes,No,Fiber optic,Yes,No,Yes,No,Yes,Yes,Month-to-month,Yes,Mailed check,115.54,2419.77,Yes,Developing_13-24m,4,0,1,0.04772861527530497,1
Female,0,No,No,35,Yes,No,Fiber optic,Yes,No,No,No,Yes,No,Two year,Yes,Mailed check,97.78,3407.26,No,Established_25-48m,2,0,0,0.0286891258296022,0
Male,0,No,No,8,Yes,Yes,No,No internet service,No internet service,No internet service,No internet service,No internet service,No internet service,Month-to-month,Yes,Credit card (automatic),42.99,353.52,No,New_0-12m,0,0,0,0.12126255218323367,0
Male,0,Yes,Yes,18,Yes,No,Fiber optic,No,Yes,No,No,Yes,Yes,Month-to-month,Yes,Electronic check,109.31,1982.92,No,Developing_13-24m,3,0,1,0.0550979878220896,1
Male,0,No,No,25,Yes,No,Fiber optic,No,Yes,No,Yes,No,No,One year,Yes,Mailed check,93.25,2341.29,Yes,Established_25-48m,2,0,0,0.03981146655623343,0
Male,1,Yes,No,12,Yes,Yes,Fiber optic,Yes,No,No,No,Yes,No,One year,Yes,Electronic check,112.17,1348.54,Yes,New_0-12m,2,0,0,0.08311721030869779,0
Male,0,Yes,Yes,66,No,No phone service,DSL,No,No,No,Yes,Yes,Yes,Two year,Yes,Credit card (automatic),78.39,5179.41,No,Loyal_49-72m,3,0,1,0.015132006926092723,0
Male,0,Yes,Yes,49,Yes,No,Fiber optic,No,Yes,No,Yes,Yes,No,One year,Yes,Electronic check,104.39,5103.98,No,Loyal_49-72m,3,0,0,0.02044865993598408,0
Female,0,No,No,42,Yes,No,DSL,No,Yes,Yes,No,No,Yes,Two year,Yes,Electronic check,81.65,3422.64,No,Established_25-48m,3,0,0,0.02384888598100268,0
Male,0,Yes,Yes,71,Yes,No,No,No internet service,No internet service,No internet service,No internet service,No internet service,No internet service,Two year,Yes,Credit card (automatic),33.04,2345.93,No,Loyal_49-72m,0,0,0,0.014077965682828207,0
Female,0,Yes,Yes,46,Yes,No,No,No internet service,No internet service,No internet service,No internet service,No internet service,No internet service,Month-to-month,No,Mailed check,37.12,1703.37,No,Established_25-48m,0,0,0,0.021779308483486567,0
Male,0,Yes,No,44,Yes,No,DSL,No,No,No,No,No,Yes,Two year,No,Credit card (automatic),69.98,3079.13,No,Established_25-48m,1,0,0,0.022719820267326378,0
Male,0,Yes,Yes,53,Yes,No,No,No internet service,No internet service,No internet service,No internet service,No internet service,No internet service,Two year,Yes,Mailed check,37.41,1958.47,No,Loyal_49-72m,0,0,0,0.019091897298759358,0
Female,0,No,No,12,Yes,No,Fiber optic,No,Yes,Yes,No,Yes,Yes,Two year,Yes,Mailed check,116.36,1409.54,No,New_0-12m,4,0,1,0.08249322954329548,0
Male,0,Yes,Yes,53,Yes,No,No,No internet service,No internet service,No internet service,No internet service,No internet service,No internet service,One year,Yes,Credit card (automatic),34.63,1819.31,No,Loyal_49-72m,0,0,0,0.019024232136284482,0
Female,0,Yes,Yes,27,Yes,No,Fiber optic,No,Yes,No,Yes,Yes,Yes,One year,No,Credit card (automatic),116.28,3107.94,No,Established_25-48m,4,0,1,0.037401815409753805,0
Female,0,No,Yes,13,Yes,Yes,Fiber optic,No,Yes,No,No,Yes,Yes,Month-to-month,Yes,Bank transfer (automatic),121.9,1573.97,Yes,Developing_13-24m,3,0,1,0.07739829965015207,1
Male,0,No,No,49,Yes,Yes,Fiber optic,No,No,No,Yes,Yes,Yes,Two year,No,Credit card (automatic),122.82,6014.95,No,Loyal_49-72m,3,0,1,0.020415728189230296,0
Female,1,No,Yes,66,Yes,No,DSL,No,No,No,No,Yes,No,One year,No,Credit card (automatic),73.35,4871.37,No,Loyal_49-72m,1,0,0,0.01505427543474736,0
Female,1,No,No,41,Yes,Yes,DSL,No,Yes,No,No,No,Yes,One year,No,Mailed check,87.59,3583.86,Yes,Established_25-48m,2,0,0,0.024433311203226903,0
Male,0,Yes,Yes,65,Yes,Yes,DSL,No,No,Yes,Yes,No,No,Two year,Yes,Credit card (automatic),85.0,5528.15,No,Loyal_49-72m,2,0,0,0.01537306819312191,0
Female,0,No,No,46,Yes,Yes,DSL,Yes,No,Yes,Yes,No,No,One year,No,Electronic check,92.22,4246.93,No,Established_25-48m,3,1,0,0.02170939728291191,0
Male,0,No,Yes,23,Yes,No,DSL,No,No,No,No,Yes,Yes,One year,Yes,Credit card (automatic),84.89,1929.75,No,Developing_13-24m,2,0,1,0.04396737019293021,0
Male,0,Yes,No,10,Yes,Yes,Fiber optic,No,Yes,No,No,No,Yes,One year,Yes,Electronic check,106.42,1062.62,Yes,New_0-12m,2,0,0,0.1000545307534646,0
Male,0,No,No,2,Yes,Yes,Fiber optic,Yes,Yes,No,No,No,No,Month-to-month,No,Electronic check,102.78,201.59,Yes,New_0-12m,2,0,0,0.5073300755219903,1
Male,0,Yes,Yes,70,Yes,No,No,No internet service,No internet service,No internet service,No internet service,No internet service,No internet service,One year,Yes,Bank transfer (automatic),36.13,2530.35,No,Loyal_49-72m,0,0,0,0.014273016374661744,0
Female,0,No,No,68,Yes,Yes,DSL,No,No,No,No,No,Yes,Two year,Yes,Credit card (automatic),84.52,5753.71,No,Loyal_49-72m,1,0,0,0.014687099784350557,0
Male,1,No,No,69,Yes,Yes,No,No internet service,No internet service,No internet service,No internet service,No internet service,No internet service,Two year,Yes,Electronic check,45.88,3178.48,No,Loyal_49-72m,0,0,0,0.014430032583944544,0
Male,1,No,No,70,Yes,No,Fiber optic,Yes,Yes,No,No,No,No,One year,Yes,Mailed check,93.65,6542.65,Yes,Loyal_49-72m,2,0,0,0.014311584513230386,0
Female,0,No,No,22,Yes,No,Fiber optic,Yes,No,Yes,Yes,Yes,Yes,Month-to-month,No,Bank transfer (automatic),124.92,2755.49,Yes,Developing_13-24m,5,1,1,0.04531850287866091,0
Male,0,No,No,32,Yes,No,Fiber optic,Yes,No,Yes,No,No,No,Two year,No,Electronic check,89.97,2868.11,No,Established_25-48m,2,0,0,0.031358156362077436,0
Male,0,Yes,Yes,45,Yes,No,Fiber optic,No,No,Yes,No,No,No,One year,No,Electronic check,87.24,3912.15,No,Established_25-48m,1,0,0,0.022294059772817294,0
Female,0,Yes,Yes,52,Yes,No,DSL,Yes,No,No,No,Yes,Yes,Month-to-month,No,Mailed check,90.18,4715.65,Yes,Loyal_49-72m,3,0,1,0.019119502189053676,0
Female,1,Yes,Yes,41,No,No phone service,Fiber optic,Yes,Yes,No,No,Yes,No,One year,Yes,Mailed check,92.0,3744.8,Yes,Established_25-48m,3,0,0,0.024560841475786212,0
Female,0,Yes,No,61,No,No phone service,Fiber optic,No,Yes,Yes,No,No,No,One year,Yes,Bank transfer (automatic),74.84,4557.49,No,Loyal_49-72m,2,0,0,0.016417717270411913,0
Female,0,No,No,18,No,No phone service,No,No internet service,No internet service,No internet service,No internet service,No internet service,No internet service,Two year,Yes,Electronic check,18.5,336.33,Yes,Developing_13-24m,0,0,0,0.054842439154537105,0
Female,0,Yes,Yes,70,Yes,No,No,No internet service,No internet service,No internet service,No internet service,No internet service,No internet service,One year,Yes,Credit card (automatic),36.09,2517.31,No,Loyal_49-72m,0,0,0,0.014331039466944103,0
Female,1,Yes,Yes,47,Yes,Yes,Fiber optic,Yes,No,No,Yes,Yes,Yes,One year,No,Mailed check,130.27,6124.95,No,Established_25-48m,4,1,1,0.0212652731413087,0
Female,0,No,No,54,Yes,Yes,Fiber optic,Yes,No,Yes,Yes,Yes,No,Two year,Yes,Credit card (automatic),121.82,6558.14,No,Loyal_49-72m,4,1,0,0.01857255676811289,0
Male,0,No,No,59,Yes,No,No,No internet service,No internet service,No internet service,No internet service,No internet service,No internet service,One year,Yes,Mailed check,34.83,2027.29,No,Loyal_49-72m,0,0,0,0.017172100636496754,0
Female,0,Yes,No,3,No,No phone service,No,No internet service,No internet service,No internet service,No internet service,No internet service,No internet service,Month-to-month,No,Mailed check,20.31,47.81,Yes,New_0-12m,0,0,0,0.4161032575291948,0
Female,0,Yes,No,57,Yes,No,No,No internet service,No internet service,No internet service,No internet service,No internet service,No internet service,Two year,No,Electronic check,34.27,1955.67,No,Loyal_49-72m,0,0,0,0.017514450571634463,0
Female,0,Yes,Yes,11,Yes,No,Fiber optic,No,No,Yes,No,Yes,No,One year,Yes,Electronic check,99.48,1091.71,Yes,New_0-12m,2,0,0,0.09103970861436246,0
Male,0,No,No,67,Yes,Yes,DSL,No,Yes,Yes,No,Yes,Yes,Month-to-month,Yes,Mailed check,105.28,7063.3,Yes,Loyal_49-72m,4,0,1,0.014903104341548349,0
Male,0,Yes,Yes,61,Yes,No,No,No internet service,No internet service,No internet service,No internet service,No internet service,No internet service,Two year,No,Mailed check,36.05,2177.68,No,Loyal_49-72m,0,0,0,0.01654671636036499,0
Female,0,No,No,22,Yes,Yes,DSL,No,Yes,No,Yes,No,No,Month-to-month,Yes,Mailed check,82.02,1795.81,No,Developing_13-24m,2,0,0,0.0456475642944997,0
Female,0,Yes,No,25,Yes,No,Fiber optic,No,No,No,No,Yes,No,Month-to-month,No,Credit card (automatic),94.58,2363.42,Yes,Established_25-48m,1,0,0,0.040001353397450534,1
Female,0,Yes,No,38,Yes,No,Fiber optic,No,No,No,No,No,Yes,Month-to-month,Yes,Mailed check,88.82,3360.63,Yes,Established_25-48m,1,0,0,0.026421706136606347,1
Male,0,No,Yes,68,Yes,No,Fiber optic,No,No,No,No,No,Yes,Month-to-month,Yes,Electronic check,90.41,6149.95,No,Loyal_49-72m,1,0,0,0.014698542501564799,1
Male,1,Yes,Yes,55,No,No phone service,DSL,No,No,No,No,No,No,One year,Yes,Credit card (automatic),48.38,2656.68,Yes,Loyal_49-72m,0,0,0,0.01820384696426959,0
Female,0,Yes,No,63,Yes,No,No,No internet service,No internet service,No internet service,No internet service,No internet service,No internet service,Month-to-month,Yes,Bank transfer (automatic),35.15,2221.75,No,Loyal_49-72m,0,0,0,0.01581374423574401,0
Male,0,Yes,No,56,Yes,Yes,Fiber optic,Yes,Yes,Yes,No,Yes,No,Month-to-month,No,Electronic check,119.01,6668.89,No,Loyal_49-72m,4,0,0,0.01784287297091856,1
Female,0,No,No,31,Yes,No,Fiber optic,Yes,No,No,No,No,Yes,One year,No,Electronic check,96.08,2950.68,Yes,Established_25-48m,2,0,0,0.032550954032957505,0
Male,0,No,No,54,Yes,No,Fiber optic,No,Yes,Yes,Yes,Yes,No,Two year,No,Electronic check,111.35,6034.99,No,Loyal_49-72m,4,0,0,0.01844767801139498,0
Male,0,Yes,No,68,Yes,Yes,No,No internet service,No internet service,No internet service,No internet service,No internet service,No internet service,Two year,No,Electronic check,45.43,3056.66,No,Loyal_49-72m,0,0,0,0.01485776705062041,0
Female,0,Yes,No,62,Yes,No,Fiber optic,No,No,No,Yes,Yes,Yes,Month-to-month,Yes,Credit card (automatic),112.73,6965.98,No,Loyal_49-72m,3,0,1,0.016180611972475882,0
Female,0,Yes,No,39,Yes,No,Fiber optic,No,Yes,No,No,Yes,No,Month-to-month,Yes,Bank transfer (automatic),98.48,3839.6,Yes,Established_25-48m,2,0,0,0.025641826797896165,1
Female,0,No,No,62,Yes,Yes,Fiber optic,Yes,Yes,Yes,No,Yes,No,One year,Yes,Credit card (automatic),117.32,7278.28,Yes,Loyal_49-72m,4,0,0,0.016116978602279345,0
Female,0,No,Yes,52,Yes,No,No,No internet service,No internet service,No internet service,No internet service,No internet service,No internet service,One year,No,Credit card (automatic),35.21,1826.69,No,Loyal_49-72m,0,0,0,0.0192647549639162,0
Male,0,No,No,22,Yes,Yes,Fiber optic,No,No,No,Yes,Yes,Yes,One year,Yes,Electronic check,122.51,2687.09,Yes,Developing_13-24m,3,0,1,0.04557511095238627,0
Male,0,No,No,1,Yes,Yes,No,No internet service,No internet service,No internet service,No internet service,No internet service,No internet service,Month-to-month,Yes,Mailed check,45.52,45.52,Yes,New_0-12m,0,0,0,0.9785038693035254,0
Male,0,Yes,No,44,Yes,No,DSL,No,No,No,No,Yes,Yes,Two year,Yes,Credit card (automatic),84.04,3705.67,No,Established_25-48m,2,0,1,0.02267264148143752,0
Female,0,Yes,Yes,41,Yes,No,DSL,No,No,Yes,No,Yes,Yes,Month-to-month,Yes,Electronic check,88.16,3597.36,Yes,Established_25-48m,3,0,1,0.024500050022788156,0
Male,0,Yes,Yes,16,Yes,No,DSL,No,No,No,No,Yes,No,Month-to-month,Yes,Electronic check,70.62,1113.21,No,Developing_13-24m,1,0,0,0.06338122975022661,0
Female,0,Yes,Yes,41,Yes,No,Fiber optic,No,Yes,No,Yes,Yes,No,One year,No,Electronic check,107.82,4407.64,Yes,Established_25-48m,3,0,0,0.024456521739130432,0
Male,0,Yes,No,6,Yes,Yes,Fiber optic,No,Yes,Yes,No,No,Yes,Month-to-month,Yes,Mailed check,112.84,696.84,Yes,New_0-12m,3,0,0,0.161698956780924,1
Female,0,No,No,46,Yes,No,Fiber optic,Yes,Yes,Yes,Yes,No,No,One year,Yes,Electronic check,104.92,4831.91,Yes,Established_25-48m,4,1,0,0.021709487658574236,0
Female,0,No,No,46,Yes,No,Fiber optic,No,Yes,Yes,No,Yes,No,Month-to-month,Yes,Mailed check,103.56,4772.35,Yes,Established_25-48m,3,0,0,0.02169545497397006,1
Male,0,No,Yes,8,No,No phone service,Fiber optic,Yes,No,Yes,No,Yes,No,Month-to-month,No,Electronic check,87.18,721.31,Yes,New_0-12m,3,0,0,0.12069610001246005,1
Female,1,Yes,Yes,50,No,No phone service,No,No internet service,No internet service,No internet service,No internet service,No internet service,No internet service,Month-to-month,Yes,Electronic check,20.95,1059.31,No,Loyal_49-72m,0,0,0,0.01975837255142364,0
Female,1,No,Yes,71,Yes,No,No,No internet service,No internet service,No internet service,No internet service,No internet service,No internet service,Two year,Yes,Electronic check,33.1,2352.45,No,Loyal_49-72m,0,0,0,0.014064458560836221,0
Male,0,No,No,12,Yes,No,Fiber optic,No,No,No,No,Yes,Yes,Month-to-month,Yes,Electronic check,105.63,1290.93,Yes,New_0-12m,2,0,1,0.08176139574125532,1
Female,0,No,No,57,Yes,Yes,No,No internet service,No internet service,No internet service,No internet service,No internet service,No internet service,One year,Yes,Electronic check,42.98,2435.28,No,Loyal_49-72m,0,0,0,0.017641650385013214,0
Female,0,Yes,Yes,29,Yes,Yes,Fiber optic,No,Yes,Yes,No,Yes,Yes,Month-to-month,Yes,Bank transfer (automatic),125.58,3637.84,Yes,Established_25-48m,4,0,1,0.03451099801035495,1
Female,0,Yes,No,69,Yes,Yes,DSL,Yes,No,Yes,Yes,No,Yes,Month-to-month,No,Credit card (automatic),102.52,7091.22,No,Loyal_49-72m,4,1,0,0.014455276345065438,0
Male,0,Yes,No,36,Yes,Yes,DSL,No,No,No,No,No,No,Two year,Yes,Credit card (automatic),71.19,2529.93,Yes,Established_25-48m,0,0,0,0.02812800037930721,0
Male,0,Yes,Yes,38,Yes,No,DSL,No,No,Yes,No,Yes,No,Two year,No,Credit card (automatic),77.66,2939.13,No,Established_25-48m,2,0,0,0.026413798029338836,0
Female,0,No,No,69,No,No phone service,Fiber optic,No,Yes,Yes,No,Yes,No,Two year,No,Bank transfer (automatic),87.95,6080.39,No,Loyal_49-72m,3,0,0,0.014462154211454947,0
Male,0,Yes,Yes,45,Yes,No,No,No internet service,No internet service,No internet service,No internet service,No internet service,No internet service,One year,Yes,Credit card (automatic),37.13,1672.45,No,Established_25-48m,0,0,0,0.022187696076966745,0
Female,1,Yes,Yes,70,Yes,No,No,No internet service,No internet service,No internet service,No internet service,No internet service,No internet service,Two year,Yes,Credit card (automatic),35.27,2476.61,No,Loyal_49-72m,0,0,0,0.014235493075988554,0
Female,0,No,No,68,Yes,Yes,DSL,Yes,No,Yes,No,Yes,Yes,One year,No,Bank transfer (automatic),105.74,7161.57,No,Loyal_49-72m,4,0,1,0.014762857465965428,0
Female,0,No,No,55,Yes,No,Fiber optic,No,No,No,No,Yes,Yes,Month-to-month,Yes,Bank transfer (automatic),101.27,5557.24,No,Loyal_49-72m,2,0,1,0.01821979619447883,1
Female,1,Yes,Yes,14,No,No phone service,Fiber optic,No,Yes,No,Yes,No,Yes,Two year,Yes,Electronic check,91.29,1287.8,No,Developing_13-24m,3,0,0,0.07083333333333335,0
Female,0,No,No,11,Yes,Yes,No,No internet service,No internet service,No internet service,No internet service,No internet service,No internet service,Two year,Yes,Electronic check,44.99,481.36,No,New_0-12m,0,0,0,0.09327058628410316,0
Male,0,Yes,Yes,64,Yes,Yes,DSL,No,Yes,No,No,No,No,One year,Yes,Electronic check,73.97,4746.45,No,Loyal_49-72m,1,0,0,0.015580996113703146,0
Female,0,Yes,Yes,42,Yes,Yes,Fiber optic,No,No,Yes,No,Yes,No,Month-to-month,No,Bank transfer (automatic),106.83,4491.17,Yes,Established_25-48m,2,0,0,0.023781379600504877,1
Male,1,Yes,No,14,Yes,No,No,No internet service,No internet service,No internet service,No internet service,No internet service,No internet service,Month-to-month,Yes,Electronic check,35.14,474.38,Yes,Developing_13-24m,0,0,0,0.0739198115192057,0
Male,0,No,No,46,Yes,No,No,No internet service,No internet service,No internet service,No internet service,No internet service,No internet service,One year,Yes,Credit card (automatic),35.7,1647.38,No,Established_25-48m,0,0,0,0.02165762748880719,0
Female,0,No,No,36,Yes,No,DSL,No,No,Yes,No,Yes,Yes,Two year,Yes,Mailed check,88.47,3196.15,No,Established_25-48m,3,0,1,0.027671519947453198,0
Female,0,Yes,No,28,Yes,No,DSL,No,No,No,No,No,Yes,Month-to-month,No,Electronic check,70.49,1979.14,Yes,Established_25-48m,1,0,0,0.035598493035845946,0
Male,0,No,No,26,Yes,Yes,Fiber optic,Yes,Yes,No,No,No,Yes,One year,Yes,Mailed check,114.17,2976.48,Yes,Established_25-48m,3,0,0,0.03834450609240028,0
Male,0,Yes,Yes,6,Yes,Yes,No,No internet service,No internet service,No internet service,No internet service,No internet service,No internet service,Month-to-month,No,Bank transfer (automatic),43.74,236.51,Yes,New_0-12m,0,0,0,0.18416066691928762,0
Male,0,No,No,59,Yes,Yes,DSL,Yes,Yes,No,No,No,Yes,Two year,Yes,Electronic check,93.7,5562.13,No,Loyal_49-72m,3,0,0,0.016843036204438867,0
Female,0,Yes,No,3,Yes,No,No,No internet service,No internet service,No internet service,No internet service,No internet service,No internet service,Month-to-month,No,Electronic check,37.66,155.29,No,New_0-12m,0,0,0,0.24096231364770618,0
Male,1,Yes,No,29,Yes,No,DSL,No,No,No,Yes,Yes,No,Two year,Yes,Bank transfer (automatic),79.94,2339.69,No,Established_25-48m,2,0,0,0.03415232260572737,0
Female,0,No,No,59,No,No phone service,Fiber optic,No,No,No,No,Yes,No,Two year,Yes,Credit card (automatic),78.53,4635.0,No,Loyal_49-72m,1,0,0,0.016939171699741157,0
Female,0,No,No,35,Yes,Yes,Fiber optic,No,No,No,No,No,No,Month-to-month,No,Bank transfer (automatic),88.13,3078.48,Yes,Established_25-48m,0,0,0,0.028618468053047914,1
Female,0,Yes,Yes,34,Yes,No,Fiber optic,No,Yes,Yes,No,No,No,Month-to-month,Yes,Mailed check,90.85,3083.14,Yes,Established_25-48m,2,0,0,0.029457158235358966,1
Male,0,Yes,No,63,No,No phone service,Fiber optic,No,No,No,No,Yes,Yes,One year,No,Bank transfer (automatic),87.82,5544.42,Yes,Loyal_49-72m,2,0,1,0.01583649209618027,0
Female,1,Yes,No,29,No,No phone service,Fiber optic,Yes,No,Yes,No,No,Yes,Month-to-month,No,Bank transfer (automatic),87.34,2548.9,No,Established_25-48m,3,0,0,0.03425232362053414,1
Female,0,Yes,Yes,46,Yes,Yes,No,No internet service,No internet service,No internet service,No internet service,No internet service,No internet service,Two year,Yes,Electronic check,42.35,1938.36,No,Established_25-48m,0,0,0,0.02183710089926574,0
Female,0,No,No,5,Yes,Yes,DSL,No,No,No,No,Yes,No,Month-to-month,No,Electronic check,82.29,411.13,Yes,New_0-12m,1,0,0,0.19967000703661467,0
Female,0,No,No,3,Yes,No,Fiber optic,Yes,No,No,No,No,No,One year,Yes,Credit card (automatic),86.58,278.59,Yes,New_0-12m,1,0,0,0.3096677277441969,0
Female,0,Yes,Yes,33,Yes,Yes,Fiber optic,Yes,No,Yes,Yes,No,Yes,Month-to-month,Yes,Credit card (automatic),120.58,3977.6,No,Established_25-48m,4,1,0,0.030307143216206707,0
Male,0,Yes,No,72,Yes,Yes,Fiber optic,Yes,Yes,No,No,Yes,No,Month-to-month,Yes,Mailed check,112.88,8129.04,Yes,Loyal_49-72m,3,0,0,0.013884310532297503,1
Female,0,No,No,23,Yes,No,No,No internet service,No internet service,No internet service,No internet service,No internet service,No internet service,Month-to-month,No,Mailed check,35.12,828.41,No,Developing_13-24m,0,0,0,0.04234335250358689,0
Female,0,Yes,No,39,Yes,No,Fiber optic,No,No,No,No,No,No,Two year,Yes,Electronic check,80.03,3139.4,No,Established_25-48m,0,0,0,0.025484014775187875,0
Male,0,No,No,24,Yes,No,Fiber optic,No,No,No,Yes,No,No,One year,No,Bank transfer (automatic),89.55,2161.27,Yes,Developing_13-24m,1,0,0,0.04141480943637936,0
Female,0,Yes,No,52,Yes,No,Fiber optic,No,Yes,No,No,Yes,No,Month-to-month,Yes,Electronic check,99.7,5168.36,Yes,Loyal_49-72m,2,0,0,0.01928672021294706,1
Male,0,No,No,5,Yes,Yes,Fiber optic,No,No,No,No,No,Yes,Month-to-month,No,Electronic check,101.0,489.15,Yes,New_0-12m,1,0,0,0.2060593695807406,1
Female,1,No,No,32,Yes,No,DSL,No,No,No,No,No,Yes,Month-to-month,No,Electronic check,71.9,2289.76,Yes,Established_25-48m,1,0,0,0.03138696327856257,0
Male,0,No,No,48,Yes,Yes,No,No internet service,No internet service,No internet service,No internet service,No internet service,No internet service,One year,Yes,Bank transfer (automatic),43.5,2080.17,No,Established_25-48m,0,0,0,0.02090170432977604,0
Male,0,No,No,28,Yes,No,DSL,Yes,No,No,No,Yes,Yes,Two year,No,Mailed check,92.25,2586.24,No,Established_25-48m,3,0,1,0.035655756713718095,0
Female,0,Yes,No,16,Yes,Yes,Fiber optic,Yes,No,Yes,No,No,Yes,One year,Yes,Electronic check,114.4,1829.0,Yes,Developing_13-24m,3,0,0,0.0625136612021858,0
Female,0,No,No,61,Yes,Yes,Fiber optic,Yes,Yes,Yes,Yes,No,Yes,Month-to-month,Yes,Bank transfer (automatic),129.49,7896.47,Yes,Loyal_49-72m,5,1,0,0.016396390236366836,0
Female,0,No,No,61,Yes,Yes,DSL,No,No,No,Yes,Yes,No,Month-to-month,No,Credit card (automatic),89.46,5453.19,No,Loyal_49-72m,2,0,0,0.016402068868154575,0
Male,1,Yes,Yes,61,Yes,No,DSL,No,No,No,No,No,No,Month-to-month,No,Credit card (automatic),61.53,3740.17,No,Loyal_49-72m,0,0,0,0.016446726558803797,0
Male,0,Yes,Yes,5,Yes,No,DSL,No,No,Yes,No,Yes,Yes,Month-to-month,Yes,Mailed check,91.12,448.68,Yes,New_0-12m,3,0,1,0.20263298345490127,0
Male,1,Yes,No,60,Yes,No,DSL,Yes,No,No,Yes,No,No,Two year,Yes,Bank transfer (automatic),75.92,4591.7,No,Loyal_49-72m,2,1,0,0.01653058113963464,0
Female,0,Yes,Yes,12,Yes,No,No,No internet service,No internet service,No internet service,No internet service,No internet service,No internet service,One year,Yes,Credit card (automatic),32.98,406.25,Yes,New_0-12m,0,0,0,0.08098219766728053,0
Male,0,Yes,No,13,No,No phone service,No,No internet service,No internet service,No internet service,No internet service,No internet service,No internet service,One year,No,Credit card (automatic),20.11,261.73,No,Developing_13-24m,0,0,0,0.07654245803676778,0
Male,1,No,No,59,No,No phone service,DSL,Yes,No,No,No,No,No,One year,No,Mailed check,52.65,3083.84,No,Loyal_49-72m,1,0,0,0.017067335745127785,0
Female,0,Yes,Yes,29,Yes,No,DSL,No,No,Yes,Yes,Yes,No,Two year,Yes,Mailed check,84.6,2438.54,No,Established_25-48m,3,0,0,0.034678668929388326,0
Male,1,No,No,41,Yes,Yes,No,No internet service,No internet service,No internet service,No internet service,No internet service,No internet service,Month-to-month,Yes,Credit card (automatic),45.78,1876.35,Yes,Established_25-48m,0,0,0,0.024385436919061445,0
Male,0,Yes,No,12,Yes,No,DSL,Yes,No,No,No,Yes,Yes,One year,No,Electronic check,90.86,1110.71,Yes,New_0-12m,3,0,1,0.0817299475582661,0
Female,1,Yes,Yes,4,Yes,No,No,No internet service,No internet service,No internet service,No internet service,No internet service,No internet service,Month-to-month,Yes,Credit card (automatic),36.05,147.64,Yes,New_0-12m,0,0,0,0.24253229278794403,0
Male,0,No,No,68,Yes,No,DSL,Yes,Yes,No,Yes,No,No,One year,Yes,Credit card (automatic),80.5,5477.23,No,Loyal_49-72m,3,1,0,0.01469452724693925,0
Female,0,No,No,35,Yes,Yes,Fiber optic,No,Yes,Yes,No,No,No,Month-to-month,Yes,Bank transfer (automatic),102.93,3619.2,Yes,Established_25-48m,2,0,0,0.02843213082150158,1
Female,0,Yes,No,44,Yes,No,Fiber optic,No,Yes,Yes,Yes,Yes,Yes,Month-to-month,No,Bank transfer (automatic),124.65,5470.03,Yes,Established_25-48m,5,0,1,0.02278364403046593,0
Female,0,Yes,No,18,Yes,No,DSL,No,No,No,Yes,No,Yes,Month-to-month,Yes,Electronic check,81.78,1493.13,Yes,Developing_13-24m,2,0,0,0.05473419314249764,0
Female,0,Yes,Yes,8,Yes,Yes,DSL,Yes,Yes,No,No,No,Yes,Month-to-month,No,Electronic check,92.92,737.61,Yes,New_0-12m,3,0,0,0.1258038748459945,0
Female,0,No,No,69,Yes,No,Fiber optic,Yes,No,No,Yes,No,Yes,Two year,No,Bank transfer (automatic),106.51,7366.56,No,Loyal_49-72m,3,1,0,0.014456617930495306,0
Male,0,No,No,6,Yes,Yes,DSL,No,Yes,No,No,No,Yes,Month-to-month,Yes,Bank transfer (automatic),89.83,564.03,Yes,New_0-12m,2,0,0,0.1589827088827142,0
Male,0,Yes,No,66,Yes,Yes,Fiber optic,No,Yes,No,Yes,No,No,Month-to-month,No,Electronic check,102.82,6772.51,Yes,Loyal_49-72m,2,0,0,0.015179722182443074,0
Female,0,No,No,13,Yes,No,DSL,No,Yes,No,No,Yes,No,Month-to-month,No,Electronic check,76.96,1000.48,Yes,Developing_13-24m,2,0,0,0.07684626752406437,0
Female,0,No,No,8,No,No phone service,Fiber optic,No,No,No,No,Yes,No,Month-to-month,Yes,Electronic check,77.79,634.16,Yes,New_0-12m,1,0,0,0.12247307764972606,1
Male,0,Yes,No,2,Yes,No,Fiber optic,Yes,No,No,Yes,No,No,Month-to-month,No,Bank transfer (automatic),96.07,187.84,Yes,New_0-12m,2,1,0,0.5087375556026266,0
Female,0,No,No,47,Yes,Yes,Fiber optic,No,Yes,No,Yes,No,No,One year,Yes,Mailed check,103.8,4874.72,Yes,Established_25-48m,2,0,0,0.02128916344662942,0
Female,0,No,No,6,Yes,No,DSL,No,No,No,Yes,Yes,Yes,Two year,Yes,Electronic check,92.14,546.86,No,New_0-12m,3,0,1,0.16818165224692438,0
Female,0,Yes,No,45,Yes,No,Fiber optic,Yes,Yes,No,No,No,No,One year,No,Electronic check,92.55,4136.84,Yes,Established_25-48m,2,0,0,0.0223667420683255,0
Male,0,Yes,Yes,28,Yes,No,Fiber optic,Yes,No,Yes,Yes,No,No,Month-to-month,Yes,Bank transfer (automatic),99.27,2795.42,Yes,Established_25-48m,3,1,0,0.03549895938378355,0
Male,1,Yes,Yes,60,Yes,No,No,No internet service,No internet service,No internet service,No internet service,No internet service,No internet service,Two year,No,Electronic check,38.29,2282.25,No,Loyal_49-72m,0,0,0,0.01676995510785065,0
Female,0,Yes,Yes,14,Yes,No,No,No internet service,No internet service,No internet service,No internet service,No internet service,No internet service,One year,Yes,Electronic check,33.61,436.2,No,Developing_13-24m,0,0,0,0.07687557182067703,0
Female,0,No,No,53,Yes,Yes,DSL,Yes,No,Yes,No,Yes,Yes,One year,No,Electronic check,106.14,5641.12,No,Loyal_49-72m,4,0,1,0.01881207772964772,0
Male,0,Yes,No,48,Yes,Yes,DSL,No,No,No,No,Yes,No,Two year,Yes,Credit card (automatic),82.16,3950.95,No,Established_25-48m,1,0,0,0.020789736712255976,0
Male,0,No,No,55,Yes,No,DSL,No,Yes,No,No,No,No,One year,Yes,Mailed check,62.72,3429.83,No,Loyal_49-72m,1,0,0,0.01828129053319459,0
Female,0,No,No,11,Yes,No,DSL,No,No,Yes,No,No,No,Month-to-month,No,Mailed check,64.74,728.43,Yes,New_0-12m,1,0,0,0.0887542327570843,0
Female,0,No,No,68,Yes,No,DSL,No,Yes,No,No,No,No,Month-to-month,Yes,Electronic check,63.97,4359.94,No,Loyal_49-72m,1,0,0,0.014668855797144654,0
Male,0,No,No,33,Yes,Yes,DSL,No,Yes,Yes,No,No,Yes,Month-to-month,No,Mailed check,95.08,3137.64,Yes,Established_25-48m,3,0,0,0.030293375474727907,0
Male,0,Yes,No,6,Yes,No,DSL,No,No,No,No,No,No,Month-to-month,No,Bank transfer (automatic),57.46,339.5,Yes,New_0-12m,0,0,0,0.1687518355359765,0
Male,0,Yes,Yes,10,Yes,No,DSL,No,No,Yes,Yes,No,No,Month-to-month,Yes,Electronic check,75.41,752.26,Yes,New_0-12m,2,0,0,0.10011151528024852,0
Female,0,No,No,32,Yes,Yes,DSL,No,Yes,Yes,Yes,Yes,Yes,One year,No,Credit card (automatic),112.23,3594.46,No,Established_25-48m,5,0,1,0.031214364782253177,0
Male,1,Yes,Yes,53,Yes,No,DSL,Yes,Yes,No,Yes,Yes,No,Month-to-month,Yes,Bank transfer (automatic),93.44,4940.49,No,Loyal_49-72m,4,1,0,0.018909276351869578,0
Female,0,Yes,Yes,39,Yes,No,DSL,No,Yes,No,No,No,Yes,Month-to-month,No,Credit card (automatic),75.91,2977.26,Yes,Established_25-48m,2,0,0,0.02548803663884281,0
Male,1,No,No,2,Yes,No,Fiber optic,No,Yes,Yes,Yes,Yes,Yes,Month-to-month,No,Mailed check,124.64,257.61,Yes,New_0-12m,5,0,1,0.4819612543985151,0
Male,1,No,No,64,Yes,Yes,DSL,No,No,No,No,No,No,Two year,Yes,Electronic check,71.4,4567.57,No,Loyal_49-72m,0,0,0,0.015628522710607478,0
Male,0,Yes,Yes,12,No,No phone service,DSL,No,Yes,Yes,Yes,No,No,One year,Yes,Bank transfer (automatic),65.86,816.47,No,New_0-12m,3,0,0,0.0805656476690276,0
Male,0,No,Yes,26,Yes,Yes,DSL,No,No,Yes,No,No,Yes,One year,No,Electronic check,86.17,2235.9,No,Established_25-48m,2,0,0,0.03852206178193035,0
Female,0,No,No,62,No,No phone service,Fiber optic,No,Yes,Yes,No,No,Yes,Month-to-month,No,Electronic check,90.69,5646.02,Yes,Loyal_49-72m,3,0,0,0.016059797911110636,1
Female,1,Yes,No,45,Yes,Yes,No,No internet service,No internet service,No internet service,No internet service,No internet service,No internet service,One year,Yes,Mailed check,45.82,2066.29,No,Established_25-48m,0,0,0,0.02216428270827992,0
Male,1,Yes,No,72,Yes,No,DSL,Yes,No,No,No,Yes,No,Two year,Yes,Mailed check,74.46,5372.48,No,Loyal_49-72m,2,0,0,0.013856941870073025,0
Female,0,No,No,8,Yes,No,Fiber optic,No,Yes,Yes,No,No,Yes,Month-to-month,Yes,Electronic check,104.17,827.85,Yes,New_0-12m,3,0,0,0.1256801592568016,1
Male,0,Yes,Yes,44,Yes,Yes,Fiber optic,No,Yes,No,Yes,No,No,One year,No,Mailed check,108.25,4734.95,No,Established_25-48m,2,0,0,0.022857082528320614,0
Male,0,Yes,Yes,32,Yes,Yes,Fiber optic,No,Yes,No,No,Yes,Yes,Month-to-month,Yes,Mailed check,121.67,3900.63,Yes,Established_25-48m,3,0,1,0.031184402416425956,1
Male,0,No,No,60,Yes,No,No,No internet service,No internet service,No internet service,No internet service,No internet service,No internet service,Two year,No,Credit card (automatic),34.25,2037.18,No,Loyal_49-72m,0,0,0,0.016804207675475177,0
Male,0,No,No,23,Yes,No,No,No internet service,No internet service,No internet service,No internet service,No internet service,No internet service,One year,Yes,Bank transfer (automatic),35.82,814.67,No,Developing_13-24m,0,0,0,0.04391481849277282,0
Female,1,Yes,Yes,71,Yes,Yes,DSL,No,No,No,No,No,No,Two year,No,Electronic check,69.41,4929.25,No,Loyal_49-72m,0,0,0,0.014078393590588711,0
Male,0,Yes,No,20,Yes,No,Fiber optic,Yes,Yes,Yes,No,Yes,Yes,Month-to-month,Yes,Credit card (automatic),123.52,2460.77,Yes,Developing_13-24m,5,0,1,0.05017528038768853,1
Male,0,Yes,Yes,58,Yes,No,Fiber optic,Yes,No,No,Yes,No,Yes,Month-to-month,No,Credit card (automatic),104.78,6076.76,No,Loyal_49-72m,3,1,0,0.01723990417522245,0
Female,0,No,No,5,Yes,No,No,No internet service,No internet service,No internet service,No internet service,No internet service,No internet service,Month-to-month,Yes,Bank transfer (automatic),36.81,187.04,No,New_0-12m,0,0,0,0.19575622208040844,0
Male,0,Yes,Yes,1,Yes,Yes,No,No internet service,No internet service,No internet service,No internet service,No internet service,No internet service,Month-to-month,Yes,Bank transfer (automatic),46.38,46.38,Yes,New_0-12m,0,0,0,0.9788940481215703,0
Male,0,No,No,17,Yes,Yes,DSL,Yes,Yes,Yes,No,No,Yes,One year,Yes,Electronic check,100.96,1720.43,No,Developing_13-24m,4,0,0,0.05864891398430374,0
Male,0,No,No,61,Yes,No,DSL,No,Yes,Yes,No,No,Yes,Two year,Yes,Credit card (automatic),87.11,5304.39,No,Loyal_49-72m,3,0,0,0.01641915108974081,0
Female,1,Yes,Yes,29,Yes,Yes,Fiber optic,No,No,No,Yes,Yes,No,Month-to-month,No,Electronic check,111.51,3217.77,No,Established_25-48m,2,0,0,0.03464366823351778,0
Male,1,No,No,71,Yes,No,Fiber optic,Yes,No,Yes,No,No,Yes,Month-to-month,No,Bank transfer (automatic),105.53,7462.61,Yes,Loyal_49-72m,3,0,0,0.014139270406679878,1
Female,0,No,No,69,Yes,No,Fiber optic,No,No,No,No,No,Yes,Month-to-month,No,Mailed check,93.69,6441.29,Yes,Loyal_49-72m,1,0,0,0.01454296531202414,1
Male,1,No,No,67,No,No phone service,Fiber optic,Yes,No,Yes,No,Yes,No,Two year,No,Mailed check,90.07,6035.05,No,Loyal_49-72m,3,0,0,0.014922010255050902,0
Male,0,Yes,Yes,27,Yes,No,DSL,No,No,Yes,Yes,No,No,Month-to-month,Yes,Electronic check,74.7,2017.54,No,Established_25-48m,2,0,0,0.03700694561415677,0
Female,0,No,Yes,15,Yes,No,No,No internet service,No internet service,No internet service,No internet service,No internet service,No internet service,Month-to-month,No,Mailed check,33.98,517.48,No,Developing_13-24m,0,0,0,0.06553772565962042,0
Male,0,No,No,65,Yes,Yes,No,No internet service,No internet service,No internet service,No internet service,No internet service,No internet service,One year,Yes,Credit card (automatic),44.0,2885.74,No,Loyal_49-72m,0,0,0,0.015242107013447696,0
Male,0,No,No,5,Yes,No,Fiber optic,Yes,Yes,Yes,No,Yes,Yes,Month-to-month,No,Credit card (automatic),122.65,633.59,Yes,New_0-12m,5,0,1,0.19327439764257237,1
Female,1,Yes,Yes,60,Yes,No,Fiber optic,No,No,No,No,Yes,Yes,Two year,Yes,Mailed check,104.91,6309.54,No,Loyal_49-72m,2,0,1,0.016624567786591955,0
Female,0,No,No,13,Yes,Yes,Fiber optic,Yes,No,No,No,Yes,No,Month-to-month,Yes,Bank transfer (automatic),108.03,1422.19,Yes,Developing_13-24m,2,0,0,0.07590694144843625,1
Female,0,Yes,No,51,Yes,No,DSL,No,No,Yes,No,Yes,No,Month-to-month,Yes,Bank transfer (automatic),77.28,3943.99,Yes,Loyal_49-72m,2,0,0,0.01958940326844935,0
Female,0,Yes,No,5,Yes,No,DSL,No,No,Yes,No,No,No,Month-to-month,No,Electronic check,65.8,331.44,Yes,New_0-12m,1,0,0,0.19793045361569003,0
Female,0,Yes,No,61,Yes,No,DSL,Yes,Yes,Yes,No,Yes,Yes,One year,No,Credit card (automatic),101.92,6240.18,No,Loyal_49-72m,5,0,1,0.01633024524208563,0
Male,0,No,No,63,Yes,Yes,No,No internet service,No internet service,No internet service,No internet service,No internet service,No internet service,One year,Yes,Electronic check,45.41,2864.08,No,Loyal_49-72m,0,0,0,0.015849470171862563,0
Female,0,Yes,No,37,Yes,No,Fiber optic,No,No,No,Yes,No,No,One year,No,Credit card (automatic),87.67,3247.36,Yes,Established_25-48m,1,0,0,0.026989003681857922,0
Male,0,No,No,49,Yes,No,DSL,No,No,No,Yes,No,No,Two year,No,Credit card (automatic),69.75,3435.24,No,Loyal_49-72m,1,0,0,0.020298349358601264,0
Male,0,No,Yes,9,Yes,Yes,Fiber optic,Yes,Yes,Yes,No,No,Yes,One year,Yes,Electronic check,119.83,1074.32,No,New_0-12m,4,0,0,0.11143659561804858,0
Male,0,Yes,No,65,Yes,Yes,DSL,No,No,No,No,Yes,No,Two year,No,Credit card (automatic),81.04,5265.58,No,Loyal_49-72m,1,0,0,0.015387594985740273,0
Female,0,No,No,13,Yes,Yes,DSL,Yes,No,No,Yes,Yes,Yes,One year,Yes,Bank transfer (automatic),107.88,1382.02,No,Developing_13-24m,4,1,1,0.07800321036572139,0
Female,0,Yes,No,71,Yes,No,Fiber optic,Yes,No,No,Yes,No,Yes,Month-to-month,No,Credit card (automatic),104.35,7401.91,No,Loyal_49-72m,3,1,0,0.014095808269991125,0
Male,0,Yes,Yes,57,Yes,Yes,Fiber optic,No,Yes,No,Yes,Yes,No,Month-to-month,Yes,Electronic check,119.02,6779.19,No,Loyal_49-72m,3,0,0,0.017554080342881247,0
Female,0,No,No,23,Yes,Yes,Fiber optic,No,Yes,Yes,No,No,No,One year,Yes,Credit card (automatic),102.98,2364.44,No,Developing_13-24m,2,0,0,0.0435352408008658,0
Female,0,No,Yes,42,Yes,Yes,Fiber optic,Yes,Yes,Yes,No,No,Yes,One year,No,Bank transfer (automatic),119.98,5051.32,Yes,Established_25-48m,4,0,0,0.023747506096209268,0
Female,0,No,No,7,Yes,Yes,Fiber optic,Yes,No,Yes,No,No,Yes,Month-to-month,Yes,Mailed check,116.12,797.71,Yes,New_0-12m,3,0,0,0.14538443239724055,1
Female,1,No,No,43,Yes,No,Fiber optic,Yes,Yes,Yes,No,No,Yes,Two year,Yes,Mailed check,109.69,4739.01,No,Established_25-48m,4,0,0,0.023141301389659513,0
Male,0,Yes,No,46,Yes,Yes,Fiber optic,No,Yes,No,Yes,Yes,Yes,Two year,No,Bank transfer (automatic),127.95,5854.8,No,Established_25-48m,4,0,1,0.02185013149356194,0
Male,0,Yes,Yes,51,Yes,Yes,DSL,Yes,Yes,No,Yes,Yes,Yes,Two year,No,Electronic check,112.94,5768.91,No,Loyal_49-72m,5,1,1,0.019573962158855165,0
Female,1,No,No,65,Yes,No,Fiber optic,No,Yes,Yes,Yes,No,No,One year,No,Credit card (automatic),98.59,6420.6,No,Loyal_49-72m,3,0,0,0.015352871558490095,0
Male,0,Yes,No,68,Yes,No,Fiber optic,No,No,No,No,Yes,Yes,Month-to-month,No,Electronic check,104.32,7104.14,No,Loyal_49-72m,2,0,1,0.014682328567769246,1
Female,0,Yes,Yes,31,Yes,No,DSL,No,No,No,No,No,No,Month-to-month,Yes,Credit card (automatic),61.6,1926.03,No,Established_25-48m,0,0,0,0.031966290094082604,0
Female,0,No,No,37,No,No phone service,DSL,No,No,No,No,Yes,Yes,Two year,Yes,Electronic check,67.68,2500.99,No,Established_25-48m,2,0,1,0.02705046782760923,0
Male,1,Yes,No,23,Yes,Yes,DSL,No,No,No,No,Yes,No,Month-to-month,No,Credit card (automatic),81.64,1896.52,Yes,Developing_13-24m,1,0,0,0.04302457945107298,0
Male,1,Yes,No,4,Yes,Yes,Fiber optic,No,No,No,Yes,Yes,Yes,Month-to-month,No,Credit card (automatic),121.69,476.4,Yes,New_0-12m,3,0,1,0.2549015500628404,0
Male,0,No,No,18,No,No phone service,Fiber optic,Yes,Yes,No,Yes,Yes,No,Two year,Yes,Electronic check,98.16,1757.78,No,Developing_13-24m,4,1,0,0.05581141473066557,0
Female,0,No,Yes,40,Yes,No,DSL,No,No,Yes,No,Yes,No,One year,No,Bank transfer (automatic),77.35,3125.04,No,Established_25-48m,2,0,0,0.024743765274916507,0
Male,0,No,No,69,Yes,Yes,No,No internet service,No internet service,No internet service,No internet service,No internet service,No internet service,Month-to-month,Yes,Mailed check,46.13,3185.62,No,Loyal_49-72m,0,0,0,0.014476153416472628,0
Female,1,No,No,2,Yes,Yes,Fiber optic,Yes,No,No,No,No,No,Month-to-month,Yes,Mailed check,97.07,208.42,Yes,New_0-12m,1,0,0,0.4635182886066278,1
Male,1,Yes,No,33,Yes,Yes,No,No internet service,No internet service,No internet service,No internet service,No internet service,No internet service,Two year,Yes,Electronic check,44.01,1459.77,No,Established_25-48m,0,0,0,0.03012794622014417,0
Male,0,No,No,14,Yes,No,Fiber optic,No,Yes,Yes,No,No,No,One year,No,Electronic check,91.56,1292.69,Yes,Developing_13-24m,2,0,0,0.07077429677898105,0
Female,0,No,No,56,Yes,No,DSL,No,Yes,Yes,No,No,No,Two year,Yes,Credit card (automatic),72.12,4008.64,No,Loyal_49-72m,2,0,0,0.01798665216827446,0
Female,0,Yes,Yes,5,Yes,Yes,No,No internet service,No internet service,No internet service,No internet service,No internet service,No internet service,Month-to-month,No,Mailed check,44.34,227.34,No,New_0-12m,0,0,0,0.19418411141280548,0
Female,0,Yes,No,61,Yes,No,No,No internet service,No internet service,No internet service,No internet service,No internet service,No internet service,Two year,No,Electronic check,33.66,2053.5,No,Loyal_49-72m,0,0,0,0.016383548308590897,0
Female,0,No,No,14,Yes,No,Fiber optic,No,Yes,No,No,Yes,Yes,Month-to-month,No,Mailed check,112.22,1585.68,Yes,Developing_13-24m,3,0,1,0.07072629641767716,1
Female,0,No,No,42,Yes,No,DSL,Yes,No,Yes,No,No,No,One year,Yes,Credit card (automatic),69.33,2899.92,No,Established_25-48m,2,0,0,0.023899314700164084,0
Female,0,No,No,58,Yes,Yes,DSL,No,No,No,Yes,No,No,Month-to-month,No,Electronic check,78.35,4562.2,No,Loyal_49-72m,1,0,0,0.017169968443197757,0
Female,0,No,No,26,Yes,No,No,No internet service,No internet service,No internet service,No internet service,No internet service,No internet service,Month-to-month,Yes,Electronic check,37.05,945.2,Yes,Established_25-48m,0,0,0,0.03915662650602409,0
Female,1,No,No,55,Yes,No,DSL,Yes,Yes,Yes,No,No,Yes,One year,No,Bank transfer (automatic),88.79,4876.67,No,Loyal_49-72m,4,0,0,0.01820336349117509,0
Male,0,No,No,59,Yes,No,Fiber optic,No,Yes,No,Yes,Yes,Yes,Two year,No,Credit card (automatic),118.04,6940.69,No,Loyal_49-72m,4,0,1,0.017004504666731014,0
Female,0,No,No,66,Yes,No,Fiber optic,No,Yes,No,No,Yes,Yes,One year,No,Credit card (automatic),111.35,7332.89,Yes,Loyal_49-72m,3,0,1,0.015182938386040694,0
Female,0,Yes,No,2,Yes,Yes,DSL,No,Yes,No,No,No,No,One year,Yes,Bank transfer (automatic),71.44,142.98,Yes,New_0-12m,1,0,0,0.49618002500347275,0
Male,1,No,No,57,Yes,No,Fiber optic,No,No,No,No,No,No,Two year,Yes,Electronic check,79.92,4575.97,No,Loyal_49-72m,0,0,0,0.017461333589689248,0
Female,0,Yes,Yes,54,Yes,No,Fiber optic,No,No,Yes,No,No,Yes,Month-to-month,No,Bank transfer (automatic),95.64,5165.08,Yes,Loyal_49-72m,2,0,0,0.018513069871159565,1
Male,0,No,No,20,Yes,No,Fiber optic,No,Yes,Yes,Yes,Yes,Yes,Two year,No,Credit card (automatic),125.45,2489.74,No,Developing_13-24m,5,0,1,0.0503665577298313,0
Male,0,No,No,11,Yes,No,Fiber optic,Yes,Yes,No,No,No,No,Month-to-month,No,Credit card (automatic),90.81,967.25,Yes,New_0-12m,2,0,0,0.09378776142525175,1
Female,0,No,No,54,Yes,Yes,No,No internet service,No internet service,No internet service,No internet service,No internet service,No internet service,One year,Yes,Mailed check,47.68,2584.82,No,Loyal_49-72m,0,0,0,0.01843902514482833,0
Male,0,No,No,30,Yes,Yes,Fiber optic,No,No,No,Yes,No,No,Month-to-month,Yes,Mailed check,96.57,2887.24,Yes,Established_25-48m,1,0,0,0.03343558707032657,0
Female,0,Yes,Yes,67,Yes,No,Fiber optic,Yes,No,Yes,No,Yes,Yes,Two year,Yes,Electronic check,116.67,7809.03,No,Loyal_49-72m,4,0,1,0.014938482950769716,0
Male,1,Yes,No,5,Yes,No,Fiber optic,Yes,No,Yes,No,No,Yes,Month-to-month,Yes,Bank transfer (automatic),102.69,529.6,Yes,New_0-12m,3,0,0,0.19353562005277045,1
Male,0,Yes,Yes,32,Yes,No,DSL,No,No,Yes,No,Yes,Yes,Month-to-month,Yes,Bank transfer (automatic),89.64,2866.46,Yes,Established_25-48m,3,0,1,0.031261116109727774,0
Male,1,No,No,65,Yes,No,No,No internet service,No internet service,No internet service,No internet service,No internet service,No internet service,Month-to-month,No,Electronic check,34.99,2269.87,No,Loyal_49-72m,0,0,0,0.015408191574154401,0
Female,0,No,No,72,Yes,Yes,Fiber optic,No,Yes,No,No,No,Yes,One year,No,Electronic check,108.04,7781.3,No,Loyal_49-72m,2,0,0,0.013882785294835718,0
Female,0,No,No,71,Yes,No,DSL,Yes,Yes,No,No,No,No,Two year,Yes,Credit card (automatic),74.48,5310.31,No,Loyal_49-72m,2,0,0,0.014022905836789794,0
Male,0,Yes,Yes,47,Yes,Yes,Fiber optic,No,Yes,No,No,Yes,No,Two year,No,Electronic check,110.14,5180.39,No,Established_25-48m,2,0,0,0.021256844205898417,0
Male,0,No,No,21,Yes,Yes,Fiber optic,No,Yes,No,Yes,No,Yes,Month-to-month,No,Bank transfer (automatic),114.88,2380.09,No,Developing_13-24m,3,0,0,0.04824681133430487,0
Female,0,No,No,12,Yes,No,DSL,No,No,No,No,Yes,No,One year,Yes,Mailed check,72.06,852.45,No,New_0-12m,1,0,0,0.08443376882066905,0
Female,0,Yes,Yes,39,Yes,Yes,No,No internet service,No internet service,No internet service,No internet service,No internet service,No internet service,One year,No,Bank transfer (automatic),43.25,1682.48,No,Established_25-48m,0,0,0,0.025690830897901966,0
Male,0,No,No,33,No,No phone service,DSL,Yes,Yes,No,Yes,Yes,Yes,Month-to-month,No,Electronic check,86.91,2880.98,Yes,Established_25-48m,5,1,1,0.030156350842129368,0
Male,0,No,No,9,Yes,Yes,Fiber optic,Yes,No,No,No,Yes,No,Month-to-month,Yes,Bank transfer (automatic),107.0,944.36,Yes,New_0-12m,2,0,0,0.11318439536261318,1
Female,0,No,No,11,Yes,Yes,Fiber optic,Yes,No,Yes,Yes,Yes,No,Month-to-month,Yes,Bank transfer (automatic),124.52,1371.95,Yes,New_0-12m,4,1,0,0.09069521832550347,0
Female,1,Yes,Yes,62,Yes,Yes,DSL,No,Yes,Yes,No,Yes,No,Two year,Yes,Credit card (automatic),91.47,5669.91,No,Loyal_49-72m,3,0,0,0.016129686417171142,0
Female,0,No,No,55,Yes,Yes,No,No internet service,No internet service,No internet service,No internet service,No internet service,No internet service,Month-to-month,Yes,Mailed check,45.86,2537.55,No,Loyal_49-72m,0,0,0,0.018065431053160268,0
Female,0,Yes,No,10,Yes,Yes,Fiber optic,Yes,Yes,Yes,No,No,Yes,Month-to-month,No,Bank transfer (automatic),120.69,1191.95,Yes,New_0-12m,4,0,0,0.10116937004903809,1
Female,0,No,No,66,Yes,Yes,Fiber optic,Yes,Yes,No,No,No,Yes,One year,Yes,Mailed check,112.89,7453.25,Yes,Loyal_49-72m,3,0,0,0.01514438072240668,0
Male,0,Yes,Yes,11,Yes,Yes,Fiber optic,No,Yes,No,No,Yes,Yes,Month-to-month,No,Credit card (automatic),120.97,1353.67,Yes,New_0-12m,3,0,1,0.08929850074187809,1
Female,0,Yes,No,71,Yes,No,No,No internet service,No internet service,No internet service,No internet service,No internet service,No internet service,Two year,No,Mailed check,35.96,2566.64,Yes,Loyal_49-72m,0,0,0,0.014005078593572308,0
Male,1,No,Yes,17,Yes,No,Fiber optic,No,No,Yes,No,Yes,No,One year,No,Bank transfer (automatic),97.94,1673.97,Yes,Developing_13-24m,2,0,0,0.058472689063087696,0
Female,0,Yes,No,71,Yes,Yes,Fiber optic,Yes,Yes,No,Yes,No,No,Month-to-month,Yes,Electronic check,109.77,7789.01,Yes,Loyal_49-72m,3,1,0,0.01409112440163748,0
Male,0,No,No,24,Yes,No,No,No internet service,No internet service,No internet service,No internet service,No internet service,No internet service,One year,No,Mailed check,34.63,833.39,No,Developing_13-24m,0,0,0,0.04150337372212035,0
Female,0,No,No,58,Yes,No,DSL,No,Yes,No,No,No,Yes,Two year,No,Electronic check,76.73,4448.65,No,Loyal_49-72m,2,0,0,0.01724405290303732,0
Female,0,No,No,15,Yes,No,DSL,Yes,No,No,No,No,Yes,Two year,Yes,Electronic check,78.25,1186.6,No,Developing_13-24m,2,0,0,0.06588918827888178,0
Male,0,No,Yes,13,Yes,No,No,No internet service,No internet service,No internet service,No internet service,No internet service,No internet service,Two year,No,Mailed check,34.24,453.02,No,Developing_13-24m,0,0,0,0.07541517994801993,0
Male,0,Yes,Yes,42,Yes,Yes,No,No internet service,No internet service,No internet service,No internet service,No internet service,No internet service,Two year,No,Mailed check,45.24,1890.67,No,Established_25-48m,0,0,0,0.02391537636057029,0
Female,0,No,No,34,Yes,No,Fiber optic,No,No,No,No,Yes,Yes,Month-to-month,Yes,Mailed check,103.08,3530.9,Yes,Established_25-48m,2,0,1,0.0291854242758855,1
Female,1,Yes,Yes,28,Yes,No,Fiber optic,No,Yes,No,Yes,No,No,Two year,No,Mailed check,93.01,2622.35,No,Established_25-48m,2,0,0,0.03545466674290507,0
Female,0,Yes,Yes,67,Yes,Yes,Fiber optic,Yes,No,Yes,Yes,Yes,Yes,Two year,Yes,Electronic check,133.18,8910.06,No,Loyal_49-72m,5,1,1,0.014945472255825909,0
Female,0,No,No,66,Yes,Yes,DSL,No,Yes,No,Yes,Yes,Yes,Month-to-month,Yes,Mailed check,109.9,7248.24,Yes,Loyal_49-72m,4,0,1,0.015160209897865156,0
Female,0,Yes,Yes,63,Yes,Yes,Fiber optic,No,No,No,Yes,Yes,Yes,Two year,Yes,Credit card (automatic),119.93,7553.21,No,Loyal_49-72m,3,0,1,0.015875915549077933,0
Male,0,No,No,28,Yes,No,Fiber optic,Yes,Yes,No,No,No,Yes,Two year,No,Credit card (automatic),106.66,2998.72,No,Established_25-48m,3,0,0,0.035556651954182394,0
Male,0,No,No,72,Yes,Yes,DSL,No,No,Yes,Yes,Yes,Yes,Two year,Yes,Mailed check,109.15,7846.66,No,Loyal_49-72m,4,0,1,0.013908604603155591,0
Female,0,No,No,72,Yes,Yes,Fiber optic,Yes,No,Yes,No,Yes,Yes,Two year,Yes,Bank transfer (automatic),123.66,8893.48,No,Loyal_49-72m,4,0,1,0.013903005009848805,0
Male,1,No,No,55,Yes,No,Fiber optic,Yes,Yes,Yes,No,Yes,Yes,One year,Yes,Bank transfer (automatic),121.13,6675.33,No,Loyal_49-72m,5,0,1,0.0181432014295279,0
Male,1,Yes,No,39,Yes,Yes,Fiber optic,Yes,Yes,Yes,Yes,No,No,Two year,No,Electronic check,113.57,4437.61,No,Established_25-48m,4,1,0,0.025586839123058796,0
Male,1,No,No,28,Yes,No,Fiber optic,Yes,No,No,Yes,Yes,No,One year,Yes,Bank transfer (automatic),106.97,2965.93,No,Established_25-48m,3,1,0,0.03605410306276185,0
Female,0,No,Yes,37,Yes,Yes,No,No internet service,No internet service,No internet service,No internet service,No internet service,No internet service,One year,No,Credit card (automatic),46.91,1745.53,No,Established_25-48m,0,0,0,0.026858971789777444,0
Male,0,No,No,3,Yes,Yes,Fiber optic,No,No,Yes,Yes,Yes,No,Month-to-month,No,Bank transfer (automatic),116.34,326.91,Yes,New_0-12m,3,0,0,0.35479247354457016,0
Female,0,Yes,Yes,52,Yes,No,Fiber optic,Yes,Yes,No,No,No,Yes,One year,Yes,Mailed check,105.83,5493.64,No,Loyal_49-72m,3,0,0,0.0192605885007935,0
Male,0,No,No,55,Yes,Yes,Fiber optic,Yes,No,No,No,No,No,One year,Yes,Mailed check,96.28,5289.93,No,Loyal_49-72m,1,0,0,0.018197178945856398,0
Female,0,Yes,Yes,48,Yes,No,DSL,No,Yes,Yes,No,No,Yes,One year,Yes,Mailed check,85.46,4095.04,Yes,Established_25-48m,3,0,0,0.02086405406197205,0
Male,0,Yes,Yes,52,No,No phone service,Fiber optic,No,No,No,No,No,Yes,One year,Yes,Bank transfer (automatic),77.44,4017.14,No,Loyal_49-72m,1,0,0,0.01927259876460253,0
Female,0,No,No,51,Yes,Yes,Fiber optic,No,No,No,No,Yes,Yes,One year,No,Bank transfer (automatic),114.02,5799.45,Yes,Loyal_49-72m,2,0,1,0.01965709557017128,0
Female,0,No,No,47,Yes,No,Fiber optic,No,Yes,Yes,Yes,No,No,Two year,Yes,Electronic check,101.16,4762.21,No,Established_25-48m,3,0,0,0.021237778724851518,0
Male,0,No,No,8,Yes,No,No,No internet service,No internet service,No internet service,No internet service,No internet service,No internet service,Month-to-month,No,Mailed check,34.77,253.96,Yes,New_0-12m,0,0,0,0.13637433322874176,0
Female,0,No,No,46,Yes,No,Fiber optic,No,No,No,Yes,Yes,No,One year,No,Mailed check,102.19,4692.76,Yes,Established_25-48m,2,0,0,0.021771458276520314,0
Female,0,No,No,33,Yes,No,DSL,Yes,Yes,No,No,No,No,One year,Yes,Mailed check,71.53,2372.36,Yes,Established_25-48m,2,0,0,0.03013870630667071,0
Female,0,Yes,No,71,Yes,Yes,Fiber optic,No,No,No,No,No,No,Month-to-month,No,Electronic check,90.85,6456.31,No,Loyal_49-72m,0,0,0,0.014069326081603639,1
Female,0,Yes,No,7,Yes,Yes,Fiber optic,No,No,Yes,No,No,Yes,Month-to-month,No,Electronic check,106.94,727.81,Yes,New_0-12m,2,0,0,0.14673234450679876,1
Female,0,Yes,Yes,13,Yes,No,Fiber optic,No,No,No,No,Yes,No,Month-to-month,Yes,Electronic check,89.64,1136.38,Yes,Developing_13-24m,1,0,0,0.07881270991225447,1
Female,0,No,No,5,Yes,No,No,No internet service,No internet service,No internet service,No internet service,No internet service,No internet service,One year,Yes,Electronic check,35.54,161.36,No,New_0-12m,0,0,0,0.21889627987188962,0
Female,0,Yes,Yes,11,Yes,No,Fiber optic,No,Yes,No,Yes,No,No,Month-to-month,Yes,Mailed check,91.29,971.52,Yes,New_0-12m,2,0,0,0.0938695348167647,0
Female,0,Yes,No,68,Yes,Yes,DSL,No,No,No,Yes,No,No,One year,No,Bank transfer (automatic),81.22,5524.34,No,Loyal_49-72m,1,0,0,0.014699547901124635,0
Male,0,No,No,49,Yes,No,DSL,No,Yes,No,No,No,No,Two year,Yes,Credit card (automatic),65.47,3201.14,No,Loyal_49-72m,1,0,0,0.020445701936829746,0
Male,0,Yes,No,32,Yes,No,Fiber optic,Yes,No,No,Yes,No,Yes,Month-to-month,Yes,Credit card (automatic),105.88,3382.42,No,Established_25-48m,3,1,0,0.03129377966672775,0
Female,0,Yes,No,71,No,No phone service,DSL,Yes,No,No,Yes,No,No,Month-to-month,No,Credit card (automatic),58.53,4163.29,No,Loyal_49-72m,2,1,0,0.014055217095831463,0
Female,0,No,No,28,Yes,No,Fiber optic,No,No,No,No,No,Yes,Month-to-month,Yes,Credit card (automatic),92.21,2594.98,Yes,Established_25-48m,1,0,0,0.03552030447075863,1
Male,0,Yes,Yes,1,Yes,No,No,No internet service,No internet service,No internet service,No internet service,No internet service,No internet service,Month-to-month,Yes,Bank transfer (automatic),35.51,39.08,Yes,New_0-12m,0,0,0,0.8859780439121756,0
Male,1,Yes,Yes,39,Yes,No,Fiber optic,No,No,No,No,No,No,One year,Yes,Electronic check,78.74,3067.52,No,Established_25-48m,0,0,0,0.02566057904136196,0
Male,0,Yes,Yes,57,Yes,No,Fiber optic,No,Yes,No,No,Yes,No,Two year,Yes,Mailed check,94.17,5357.15,No,Loyal_49-72m,2,0,0,0.01757509588197419,0
Female,0,No,No,39,Yes,No,Fiber optic,No,Yes,No,Yes,No,Yes,One year,Yes,Electronic check,104.35,4064.39,Yes,Established_25-48m,3,0,0,0.025667894101180942,0
Male,0,No,No,67,Yes,No,DSL,No,Yes,Yes,No,Yes,No,One year,Yes,Mailed check,83.27,5582.2,Yes,Loyal_49-72m,3,0,0,0.014914386015188422,0
Female,0,Yes,Yes,42,No,No phone service,Fiber optic,Yes,Yes,Yes,No,Yes,Yes,Two year,Yes,Electronic check,107.42,4525.52,No,Established_25-48m,5,0,1,0.023731254915475904,0
Female,0,No,No,50,Yes,Yes,Fiber optic,No,No,Yes,Yes,Yes,No,One year,Yes,Electronic check,116.28,5793.16,No,Loyal_49-72m,3,0,0,0.02006848274814641,0
Male,0,Yes,No,45,Yes,No,Fiber optic,No,Yes,No,No,Yes,No,Two year,Yes,Bank transfer (automatic),99.13,4443.93,Yes,Established_25-48m,2,0,0,0.02230181352687219,0
Female,1,No,No,14,Yes,No,DSL,No,No,No,Yes,Yes,Yes,Two year,Yes,Electronic check,89.54,1253.47,Yes,Developing_13-24m,3,0,1,0.07137675671797652,0
Female,0,Yes,Yes,69,No,No phone service,No,No internet service,No internet service,No internet service,No internet service,No internet service,No internet service,Two year,Yes,Mailed check,18.66,1255.87,No,Loyal_49-72m,0,0,0,0.014846404162721684,0
Female,0,No,No,6,Yes,No,Fiber optic,No,Yes,Yes,Yes,Yes,No,Month-to-month,No,Credit card (automatic),111.34,672.32,Yes,New_0-12m,4,0,0,0.16535971009326916,0
Female,0,No,No,27,Yes,Yes,DSL,Yes,No,No,No,No,Yes,Two year,Yes,Electronic check,90.29,2453.68,No,Established_25-48m,2,0,0,0.036782798572522694,0
Male,1,No,No,30,Yes,Yes,No,No internet service,No internet service,No internet service,No internet service,No internet service,No internet service,Month-to-month,Yes,Electronic check,49.08,1507.78,No,Established_25-48m,0,0,0,0.03252959344636064,0
Male,0,Yes,Yes,57,Yes,Yes,Fiber optic,Yes,No,Yes,Yes,Yes,No,Two year,No,Electronic check,119.98,6840.09,Yes,Loyal_49-72m,4,1,0,0.01753814085182332,0
Female,0,Yes,No,57,Yes,No,Fiber optic,Yes,Yes,Yes,Yes,No,No,One year,Yes,Bank transfer (automatic),107.64,6148.37,No,Loyal_49-72m,4,1,0,0.017504232140853455,0
Female,0,No,No,16,Yes,Yes,Fiber optic,No,No,Yes,No,No,No,Month-to-month,Yes,Electronic check,96.13,1538.41,Yes,Developing_13-24m,1,0,0,0.062446002039742494,1
Male,0,Yes,No,55,Yes,No,No,No internet service,No internet service,No internet service,No internet service,No internet service,No internet service,Two year,No,Credit card (automatic),35.83,1994.94,No,Loyal_49-72m,0,0,0,0.01795144142609497,0
Female,0,No,No,52,Yes,No,Fiber optic,No,No,No,No,No,Yes,Two year,Yes,Mailed check,90.01,4674.17,No,Loyal_49-72m,1,0,0,0.019252775834889428,0
Male,0,No,No,22,Yes,No,Fiber optic,Yes,No,No,Yes,No,No,Two year,Yes,Electronic check,96.03,2117.6,No,Developing_13-24m,2,1,0,0.04532710280373832,0
Female,0,No,No,68,Yes,No,Fiber optic,No,No,No,Yes,No,No,Month-to-month,Yes,Electronic check,84.67,5766.62,Yes,Loyal_49-72m,1,0,0,0.014680232054122845,0
Female,0,Yes,No,69,Yes,No,DSL,Yes,Yes,No,Yes,Yes,No,One year,Yes,Bank transfer (automatic),90.03,6217.9,No,Loyal_49-72m,4,1,0,0.014476836739616332,0
Male,1,No,No,55,Yes,No,DSL,Yes,No,No,No,No,No,Two year,Yes,Credit card (automatic),65.6,3596.43,No,Loyal_49-72m,1,0,0,0.018235240157556922,0
Male,0,No,No,67,Yes,No,DSL,Yes,No,Yes,Yes,Yes,No,Month-to-month,Yes,Mailed check,91.11,6083.76,Yes,Loyal_49-72m,4,1,0,0.01497347471387532,0
Male,1,No,No,68,Yes,Yes,DSL,No,No,Yes,No,Yes,No,One year,Yes,Electronic check,88.04,5986.72,No,Loyal_49-72m,2,0,0,0.01470342634592132,0
Male,0,Yes,Yes,5,Yes,Yes,Fiber optic,Yes,No,No,Yes,Yes,Yes,Month-to-month,No,Mailed check,126.97,638.62,Yes,New_0-12m,4,1,1,0.19850848941559052,0
Female,0,Yes,Yes,23,Yes,Yes,DSL,No,Yes,Yes,Yes,Yes,Yes,Month-to-month,Yes,Credit card (automatic),113.47,2610.94,Yes,Developing_13-24m,5,0,1,0.043442804964891994,0
Male,0,Yes,No,14,Yes,No,Fiber optic,Yes,Yes,No,Yes,No,Yes,Two year,Yes,Electronic check,111.72,1577.46,No,Developing_13-24m,4,1,0,0.07077784676203387,0
Female,0,Yes,No,11,Yes,Yes,Fiber optic,No,Yes,Yes,No,No,Yes,Month-to-month,Yes,Bank transfer (automatic),113.66,1262.94,Yes,New_0-12m,3,0,0,0.08992515467506368,1
Male,0,No,Yes,6,Yes,Yes,Fiber optic,No,Yes,Yes,No,Yes,No,Month-to-month,Yes,Electronic check,114.22,690.69,Yes,New_0-12m,3,0,0,0.16513177868698403,1
Male,0,No,No,4,Yes,Yes,DSL,No,No,Yes,Yes,Yes,No,Month-to-month,Yes,Bank transfer (automatic),97.34,398.89,Yes,New_0-12m,3,0,0,0.24341693965840608,0
Female,0,Yes,Yes,27,Yes,No,Fiber optic,No,Yes,No,Yes,Yes,No,Month-to-month,No,Credit card (automatic),104.87,2823.61,Yes,Established_25-48m,3,0,0,0.037127249425584416,0
Male,0,No,No,36,Yes,Yes,DSL,No,No,No,Yes,Yes,Yes,Month-to-month,No,Bank transfer (automatic),104.02,3752.73,Yes,Established_25-48m,3,0,1,0.027711103355862035,0
Male,0,Yes,Yes,46,Yes,No,Fiber optic,No,No,Yes,Yes,Yes,Yes,Two year,Yes,Credit card (automatic),118.07,5407.68,Yes,Established_25-48m,4,0,1,0.021829725552260437,0
Male,0,Yes,No,58,Yes,No,Fiber optic,No,Yes,No,Yes,Yes,Yes,Two year,Yes,Bank transfer (automatic),119.89,6953.92,No,Loyal_49-72m,4,0,1,0.017238156585553825,0
Male,0,Yes,Yes,12,Yes,No,Fiber optic,Yes,Yes,Yes,Yes,No,Yes,One year,No,Credit card (automatic),117.49,1421.09,Yes,New_0-12m,5,1,0,0.0826178371270454,0
Female,0,Yes,No,56,Yes,Yes,Fiber optic,Yes,Yes,Yes,No,Yes,No,Two year,No,Bank transfer (automatic),118.7,6636.42,No,Loyal_49-72m,4,0,0,0.01788345471583838,0
Female,1,No,Yes,35,Yes,No,Fiber optic,No,Yes,Yes,Yes,No,Yes,One year,Yes,Bank transfer (automatic),112.12,3926.34,No,Established_25-48m,4,0,0,0.028548585047385763,0
Male,0,Yes,No,24,Yes,No,No,No internet service,No internet service,No internet service,No internet service,No internet service,No internet service,One year,No,Credit card (automatic),38.85,936.92,No,Developing_13-24m,0,0,0,0.041421443193449335,0
Male,0,No,No,20,Yes,Yes,DSL,No,Yes,Yes,Yes,Yes,Yes,Month-to-month,No,Electronic check,111.95,2225.64,No,Developing_13-24m,5,0,1,0.05027754823411059,0
Male,0,Yes,Yes,19,Yes,No,No,No internet service,No internet service,No internet service,No internet service,No internet service,No internet service,One year,Yes,Electronic check,36.02,701.32,No,Developing_13-24m,0,0,0,0.051287162546987126,0
Female,0,No,No,30,Yes,Yes,Fiber optic,No,No,No,Yes,Yes,Yes,Two year,No,Electronic check,122.27,3672.91,No,Established_25-48m,3,0,1,0.03328061928572012,0
Female,1,Yes,No,6,Yes,Yes,Fiber optic,Yes,No,No,Yes,Yes,No,Month-to-month,No,Electronic check,116.61,674.52,Yes,New_0-12m,3,1,0,0.17262257224064426,0
Female,0,Yes,No,27,Yes,No,Fiber optic,Yes,No,No,No,No,Yes,Month-to-month,No,Credit card (automatic),96.19,2598.49,Yes,Established_25-48m,2,0,0,0.037003412207779224,1
Female,0,Yes,No,35,No,No phone service,Fiber optic,No,No,No,No,Yes,Yes,One year,Yes,Electronic check,89.69,3160.96,Yes,Established_25-48m,2,0,1,0.028365317714329086,0
Male,0,Yes,Yes,13,Yes,No,No,No internet service,No internet service,No internet service,No internet service,No internet service,No internet service,Month-to-month,No,Electronic check,35.44,460.66,No,Developing_13-24m,0,0,0,0.0767664515011047,0
Male,0,Yes,Yes,57,Yes,No,DSL,No,Yes,No,No,No,Yes,Two year,Yes,Electronic check,75.77,4309.13,No,Loyal_49-72m,2,0,0,0.017579516163085566,0
Male,1,No,No,12,Yes,Yes,Fiber optic,No,Yes,No,No,Yes,Yes,One year,No,Bank transfer (automatic),120.2,1434.23,Yes,New_0-12m,3,0,1,0.08374964291437609,0
Female,0,No,No,11,Yes,Yes,DSL,No,No,Yes,No,No,No,One year,Yes,Bank transfer (automatic),75.64,829.64,Yes,New_0-12m,1,0,0,0.09106231339689878,0
Male,0,No,No,37,Yes,No,DSL,Yes,No,Yes,Yes,Yes,Yes,Month-to-month,Yes,Bank transfer (automatic),103.47,3810.2,Yes,Established_25-48m,5,1,1,0.027148929471032746,0
Female,0,No,No,16,No,No phone service,Fiber optic,Yes,Yes,No,No,No,Yes,Two year,No,Bank transfer (automatic),88.93,1443.92,No,Developing_13-24m,3,0,0,0.06154666002270022,0
Female,0,Yes,Yes,68,Yes,No,DSL,No,Yes,Yes,No,Yes,No,Two year,Yes,Mailed check,85.63,5836.7,No,Loyal_49-72m,3,0,0,0.014668448190211899,0
Male,0,Yes,Yes,63,Yes,No,No,No internet service,No internet service,No internet service,No internet service,No internet service,No internet service,Two year,No,Credit card (automatic),35.69,2264.63,No,Loyal_49-72m,0,0,0,0.015752792821422737,0
Male,0,No,Yes,67,Yes,Yes,Fiber optic,No,No,Yes,Yes,No,No,One year,Yes,Electronic check,102.43,6840.26,No,Loyal_49-72m,2,0,0,0.01497238812733327,0
Male,0,No,No,12,Yes,No,Fiber optic,Yes,Yes,Yes,Yes,No,Yes,Month-to-month,No,Mailed check,118.75,1426.93,Yes,New_0-12m,5,1,0,0.08316233989061088,0
Female,1,No,No,5,Yes,No,DSL,Yes,Yes,Yes,No,No,No,Month-to-month,Yes,Credit card (automatic),77.93,405.82,Yes,New_0-12m,3,0,0,0.19155892040705966,0
Female,0,No,No,18,Yes,Yes,DSL,No,No,Yes,No,No,No,Month-to-month,No,Electronic check,75.08,1337.24,Yes,Developing_13-24m,1,0,0,0.05610353897656623,0
Male,0,Yes,No,50,Yes,No,No,No internet service,No internet service,No internet service,No internet service,No internet service,No internet service,One year,No,Bank transfer (automatic),33.14,1657.0,No,Loyal_49-72m,0,0,0,0.019987937273823884,0
Male,0,Yes,Yes,70,Yes,No,Fiber optic,Yes,Yes,Yes,Yes,No,No,Month-to-month,No,Mailed check,107.21,7488.21,Yes,Loyal_49-72m,4,1,0,0.014315261556292319,0
Female,1,Yes,No,7,Yes,Yes,DSL,Yes,Yes,No,No,No,Yes,Month-to-month,No,Electronic check,93.14,664.49,Yes,New_0-12m,3,0,0,0.13995702414762054,0
Male,0,Yes,No,63,Yes,Yes,DSL,Yes,No,Yes,No,Yes,No,Two year,Yes,Mailed check,95.36,6004.46,No,Loyal_49-72m,3,0,0,0.015878883549303467,0
Female,0,Yes,Yes,71,No,No phone service,DSL,Yes,No,Yes,No,No,No,One year,No,Bank transfer (automatic),55.39,3931.3,No,Loyal_49-72m,2,0,0,0.014085903923912214,0
Female,0,Yes,No,59,No,No phone service,DSL,Yes,No,No,Yes,Yes,No,Month-to-month,No,Electronic check,73.99,4348.48,No,Loyal_49-72m,3,1,0,0.017011228928515594,0
Male,0,No,No,71,Yes,No,No,No internet service,No internet service,No internet service,No internet service,No internet service,No internet service,One year,No,Mailed check,38.95,2788.67,No,Loyal_49-72m,0,0,0,0.013962224922661104,0
Male,0,No,No,49,Yes,Yes,Fiber optic,No,Yes,Yes,Yes,No,Yes,Two year,No,Bank transfer (automatic),122.81,6018.45,No,Loyal_49-72m,4,0,0,0.02040219621393981,0
Male,0,No,No,71,Yes,No,Fiber optic,No,No,No,Yes,Yes,Yes,One year,No,Bank transfer (automatic),113.94,8101.61,No,Loyal_49-72m,3,0,1,0.014062135534105678,0
Male,0,No,No,59,Yes,Yes,No,No internet service,No internet service,No internet service,No internet service,No internet service,No internet service,One year,No,Mailed check,44.32,2620.64,No,Loyal_49-72m,0,0,0,0.01690544849788682,0
Female,0,Yes,Yes,17,No,No phone service,DSL,No,Yes,No,Yes,Yes,Yes,One year,No,Mailed check,82.17,1383.25,No,Developing_13-24m,4,0,1,0.059360664619830236,0
Female,0,Yes,Yes,4,Yes,Yes,Fiber optic,No,No,Yes,No,Yes,No,Month-to-month,No,Credit card (automatic),109.79,414.54,Yes,New_0-12m,2,0,0,0.26421042498917074,1
Female,1,No,No,49,Yes,Yes,Fiber optic,Yes,Yes,No,No,Yes,No,Month-to-month,No,Electronic check,114.23,5594.4,Yes,Loyal_49-72m,3,0,0,0.020414983736640815,1
Male,1,Yes,Yes,23,Yes,Yes,DSL,No,No,Yes,No,Yes,Yes,Month-to-month,Yes,Credit card (automatic),97.94,2269.22,No,Developing_13-24m,3,0,1,0.04314119336451974,0
Female,0,Yes,No,36,Yes,Yes,Fiber optic,Yes,Yes,No,No,No,Yes,One year,No,Mailed check,114.12,4078.78,No,Established_25-48m,3,0,0,0.02797209653461706,0
Male,0,Yes,Yes,16,Yes,No,Fiber optic,Yes,No,No,No,Yes,No,Month-to-month,No,Electronic check,96.17,1567.94,Yes,Developing_13-24m,2,0,0,0.06129616173977335,1
Male,0,Yes,Yes,3,Yes,No,Fiber optic,No,No,No,Yes,No,No,Month-to-month,Yes,Electronic check,87.72,275.67,Yes,New_0-12m,1,0,0,0.3170564210069758,0
Male,0,No,No,62,Yes,No,Fiber optic,No,No,Yes,No,No,No,One year,Yes,Electronic check,87.57,5432.2,No,Loyal_49-72m,1,0,0,0.016117573437384965,0
Male,0,Yes,No,71,Yes,Yes,Fiber optic,No,Yes,No,No,No,No,One year,Yes,Bank transfer (automatic),98.19,6969.75,No,Loyal_49-72m,1,0,0,0.01408600222357709,0
Male,0,No,No,53,Yes,No,Fiber optic,No,No,Yes,No,Yes,No,One year,Yes,Bank transfer (automatic),98.41,5228.61,No,Loyal_49-72m,2,0,0,0.01881784683752708,0
Male,0,No,No,26,Yes,No,DSL,No,Yes,Yes,No,No,No,One year,No,Electronic check,74.01,1905.95,No,Established_25-48m,2,0,0,0.03881066624714859,0
Female,0,Yes,No,16,No,No phone service,DSL,No,Yes,No,Yes,No,Yes,One year,Yes,Credit card (automatic),70.31,1131.6,No,Developing_13-24m,3,0,0,0.06207840367296487,0
Male,0,Yes,No,54,Yes,Yes,Fiber optic,No,Yes,No,Yes,No,Yes,Two year,No,Credit card (automatic),118.55,6406.32,No,Loyal_49-72m,3,0,0,0.018502275522371287,0
Female,0,Yes,No,65,No,No phone service,DSL,No,Yes,No,No,No,No,Two year,No,Electronic check,49.92,3271.73,No,Loyal_49-72m,1,0,0,0.015253320622232815,0
Female,0,Yes,No,8,No,No phone service,No,No internet service,No internet service,No internet service,No internet service,No internet service,No internet service,One year,No,Electronic check,18.79,144.84,Yes,New_0-12m,0,0,0,0.12883982446516729,0
Male,0,No,No,42,Yes,No,No,No internet service,No internet service,No internet service,No internet service,No internet service,No internet service,One year,Yes,Electronic check,34.31,1441.69,No,Established_25-48m,0,0,0,0.0237819628610443,0
Male,0,No,No,31,Yes,Yes,Fiber optic,No,Yes,Yes,No,Yes,Yes,Month-to-month,Yes,Bank transfer (automatic),124.88,3870.28,Yes,Established_25-48m,4,0,1,0.03225806451612903,1
Male,0,No,Yes,18,Yes,No,No,No internet service,No internet service,No internet service,No internet service,No internet service,No internet service,One year,Yes,Bank transfer (automatic),35.78,636.29,No,Developing_13-24m,0,0,0,0.056143984685151194,0
Female,0,Yes,Yes,63,Yes,No,Fiber optic,No,Yes,Yes,No,No,Yes,Two year,Yes,Mailed check,105.88,6692.61,Yes,Loyal_49-72m,3,0,0,0.015818071264982574,0
Male,0,No,No,39,Yes,No,DSL,No,No,Yes,No,Yes,No,One year,Yes,Bank transfer (automatic),78.02,3028.16,No,Established_25-48m,2,0,0,0.025756315282124416,0
Female,1,No,Yes,67,No,No phone service,Fiber optic,No,No,Yes,Yes,Yes,Yes,One year,Yes,Credit card (automatic),103.47,6909.73,No,Loyal_49-72m,4,0,1,0.014972369055078118,0
Male,0,No,No,34,Yes,No,Fiber optic,No,No,No,No,No,No,One year,Yes,Bank transfer (automatic),77.93,2653.28,Yes,Established_25-48m,0,0,0,0.029360127793601278,0
Male,0,No,No,7,Yes,No,DSL,No,No,No,No,No,No,Month-to-month,Yes,Bank transfer (automatic),60.14,410.11,Yes,New_0-12m,0,0,0,0.14628688185643746,0
Female,0,No,No,24,No,No phone service,DSL,No,No,No,No,Yes,No,One year,Yes,Mailed check,59.66,1435.65,Yes,Developing_13-24m,1,0,0,0.041527163888212155,0
Female,1,No,No,1,Yes,No,DSL,Yes,No,No,No,No,No,Month-to-month,No,Electronic check,68.12,77.62,Yes,New_0-12m,1,0,0,0.866446196896464,0
Male,1,No,No,12,Yes,No,DSL,Yes,Yes,No,No,No,No,One year,No,Credit card (automatic),70.36,846.51,Yes,New_0-12m,2,0,0,0.08301966938443205,0
Female,0,Yes,No,62,Yes,Yes,DSL,Yes,Yes,No,Yes,Yes,Yes,Month-to-month,No,Bank transfer (automatic),113.34,7027.44,No,Loyal_49-72m,5,1,1,0.016125911297528328,0
Female,1,No,No,30,Yes,No,Fiber optic,No,No,No,No,Yes,Yes,One year,No,Bank transfer (automatic),109.11,3242.37,Yes,Established_25-48m,2,0,1,0.03364093520011593,0
Female,0,Yes,Yes,45,Yes,Yes,DSL,No,Yes,No,No,Yes,No,One year,Yes,Electronic check,88.63,3996.74,No,Established_25-48m,2,0,0,0.02217002606472657,0
Female,0,Yes,Yes,47,Yes,Yes,DSL,Yes,No,No,No,Yes,No,Two year,No,Bank transfer (automatic),90.27,4245.63,No,Established_25-48m,2,0,0,0.021256855435957452,0
Female,0,No,No,69,Yes,No,DSL,No,Yes,No,No,Yes,No,Two year,Yes,Bank transfer (automatic),80.39,5575.02,No,Loyal_49-72m,2,0,0,0.014417093195505036,0
Male,0,No,Yes,64,Yes,No,No,No internet service,No internet service,No internet service,No internet service,No internet service,No internet service,Two year,Yes,Mailed check,33.33,2150.18,No,Loyal_49-72m,0,0,0,0.015493821995369984,0
Male,1,Yes,No,64,Yes,No,Fiber optic,Yes,No,No,No,No,Yes,One year,Yes,Bank transfer (automatic),99.09,6319.53,No,Loyal_49-72m,2,0,0,0.015677482742744678,0
Female,0,Yes,No,10,Yes,Yes,Fiber optic,No,No,No,No,Yes,Yes,One year,Yes,Credit card (automatic),114.28,1158.71,Yes,New_0-12m,2,0,1,0.09854187684852247,0
Male,1,Yes,Yes,39,Yes,Yes,Fiber optic,No,No,Yes,Yes,No,No,One year,Yes,Electronic check,106.61,4138.3,No,Established_25-48m,2,0,0,0.025755562534728094,0
Male,0,No,No,55,Yes,No,Fiber optic,Yes,Yes,No,No,Yes,Yes,One year,No,Electronic check,118.94,6554.21,No,Loyal_49-72m,4,0,1,0.018144346252827903,0
Female,0,No,No,48,Yes,No,Fiber optic,Yes,No,Yes,No,No,No,Two year,No,Credit card (automatic),90.75,4377.8,No,Established_25-48m,2,0,0,0.020724856124965742,0
Male,0,No,No,55,Yes,Yes,DSL,No,Yes,Yes,No,No,No,One year,Yes,Electronic check,87.16,4821.81,Yes,Loyal_49-72m,2,0,0,0.01807245153758908,0
Female,0,No,No,20,Yes,Yes,DSL,No,No,No,No,Yes,No,Month-to-month,No,Credit card (automatic),82.25,1639.06,Yes,Developing_13-24m,1,0,0,0.050150604246186115,0
Female,0,Yes,Yes,17,Yes,No,DSL,No,Yes,No,No,No,No,Month-to-month,No,Electronic check,66.95,1148.74,No,Developing_13-24m,1,0,0,0.05823055647363752,0
Male,0,No,No,11,No,No phone service,Fiber optic,No,No,No,No,Yes,No,Month-to-month,Yes,Bank transfer (automatic),73.02,818.36,Yes,New_0-12m,1,0,0,0.08911833626244874,1
Female,1,Yes,Yes,50,Yes,No,DSL,No,No,Yes,Yes,No,Yes,Month-to-month,No,Credit card (automatic),87.51,4382.56,No,Loyal_49-72m,3,0,0,0.019963226236209837,0
Female,0,No,No,2,Yes,No,DSL,Yes,No,No,No,Yes,Yes,Month-to-month,No,Bank transfer (automatic),86.77,148.47,Yes,New_0-12m,3,0,1,0.5805178296648157,0
Female,0,No,No,30,Yes,Yes,Fiber optic,Yes,Yes,No,Yes,Yes,No,Month-to-month,Yes,Bank transfer (automatic),121.78,3655.72,Yes,Established_25-48m,4,1,0,0.03330306941740139,0
Female,0,No,No,39,Yes,Yes,Fiber optic,Yes,No,No,Yes,Yes,Yes,Two year,No,Electronic check,127.17,4968.17,No,Established_25-48m,4,1,1,0.025591799032836468,0
Female,0,Yes,Yes,6,Yes,No,Fiber optic,No,No,No,No,No,Yes,Month-to-month,No,Electronic check,92.7,556.18,Yes,New_0-12m,1,0,0,0.16637352381636097,1
Male,1,Yes,Yes,34,Yes,No,Fiber optic,No,Yes,No,No,Yes,No,Two year,No,Credit card (automatic),98.27,3328.3,No,Established_25-48m,2,0,0,0.02951671522542276,0
Male,0,Yes,Yes,29,Yes,Yes,No,No internet service,No internet service,No internet service,No internet service,No internet service,No internet service,One year,No,Credit card (automatic),45.88,1327.51,No,Established_25-48m,0,0,0,0.03453493010967174,0
Female,0,No,Yes,41,Yes,Yes,No,No internet service,No internet service,No internet service,No internet service,No internet service,No internet service,One year,Yes,Electronic check,46.87,1935.19,No,Established_25-48m,0,0,0,0.024207335023938764,0
Female,0,Yes,Yes,51,Yes,No,No,No internet service,No internet service,No internet service,No internet service,No internet service,No internet service,One year,No,Credit card (automatic),33.49,1713.89,No,Loyal_49-72m,0,0,0,0.01952894937867735,0
Male,0,Yes,No,39,Yes,No,No,No internet service,No internet service,No internet service,No internet service,No internet service,No internet service,Month-to-month,No,Mailed check,34.69,1359.89,Yes,Established_25-48m,0,0,0,0.025490671545826623,0
Female,0,Yes,Yes,37,Yes,No,DSL,Yes,No,Yes,No,Yes,No,Two year,Yes,Mailed check,82.73,3057.28,Yes,Established_25-48m,3,0,0,0.027051152935637025,0
Male,0,No,No,56,Yes,No,Fiber optic,Yes,Yes,Yes,No,No,No,One year,No,Electronic check,96.62,5417.12,No,Loyal_49-72m,3,0,0,0.017832753796519826,0
Female,0,Yes,No,64,Yes,No,DSL,No,Yes,No,Yes,Yes,No,Month-to-month,No,Mailed check,88.9,5658.0,No,Loyal_49-72m,3,0,0,0.015709489309065208,0
Female,0,No,No,64,Yes,No,Fiber optic,No,No,No,No,Yes,Yes,Two year,Yes,Mailed check,102.1,6533.74,No,Loyal_49-72m,2,0,1,0.015624187037280749,0
Female,0,No,No,60,Yes,Yes,Fiber optic,No,Yes,Yes,No,Yes,Yes,One year,No,Bank transfer (automatic),124.77,7480.49,No,Loyal_49-72m,4,0,1,0.016677159228977115,0
Female,0,No,No,55,Yes,Yes,DSL,No,No,Yes,No,Yes,No,One year,Yes,Bank transfer (automatic),91.29,5021.36,No,Loyal_49-72m,2,0,0,0.018176713736171843,0
Female,0,Yes,Yes,21,Yes,No,No,No internet service,No internet service,No internet service,No internet service,No internet service,No internet service,One year,Yes,Mailed check,34.81,713.42,No,Developing_13-24m,0,0,0,0.04872483973013074,0
Female,0,Yes,No,70,No,No phone service,DSL,No,No,No,Yes,Yes,Yes,Two year,Yes,Electronic check,76.9,5388.55,No,Loyal_49-72m,3,0,1,0.014268352645397112,0
