customerID,gender,SeniorCitizen,Partner,Dependents,tenure,PhoneService,MultipleLines,InternetService,OnlineSecurity,OnlineBackup,DeviceProtection,TechSupport,StreamingTV,StreamingMovies,Contract,PaperlessBilling,PaymentMethod,MonthlyCharges,TotalCharges,Churn
CUST-00001,Male,0,No,Yes,47,Yes,No,No,No internet service,No internet service,No internet service,No internet service,No internet service,No internet service,One year,Yes,Credit card (automatic),34.57,1630.8,No
CUST-00002,Female,0,Yes,Yes,59,Yes,No,Fiber optic,Yes,Yes,No,No,No,Yes,Month-to-month,No,Bank transfer (automatic),103.57,6092.56,Yes
CUST-00003,Male,1,No,No,11,Yes,No,DSL,Yes,Yes,Yes,No,No,No,Month-to-month,Yes,Electronic check,77.27,836.14,Yes
CUST-00004,Male,0,No,No,64,Yes,Yes,No,No internet service,No internet service,No internet service,No internet service,No internet service,No internet service,One year,Yes,Bank transfer (automatic),45.69,2914.91,No
CUST-00005,Male,0,Yes,Yes,49,Yes,No,Fiber optic,No,No,Yes,Yes,No,No,Two year,No,Electronic check,93.43,4593.7,No
CUST-00006,Female,0,No,No,32,Yes,No,No,No internet service,No internet service,No internet service,No internet service,No internet service,No internet service,Month-to-month,Yes,Bank transfer (automatic),35.62,1149.91,No
CUST-00007,Male,0,No,No,56,Yes,No,Fiber optic,No,Yes,No,No,Yes,No,One year,Yes,Mailed check,100.5,5618.55,No
CUST-00008,Male,0,Yes,No,67,Yes,No,Fiber optic,No,Yes,Yes,No,No,No,Two year,Yes,Electronic check,92.58,6200.86,No
CUST-00009,Male,0,No,No,65,Yes,Yes,DSL,No,No,Yes,No,No,No,Month-to-month,No,Credit card (automatic),76.19,4964.04,No
CUST-00010,Female,0,Yes,No,2,No,No phone service,Fiber optic,Yes,Yes,No,No,No,No,Month-to-month,Yes,Bank transfer (automatic),76.14,116.51,Yes
CUST-00011,Male,0,No,No,9,Yes,No,Fiber optic,No,No,No,No,No,No,Month-to-month,Yes,Bank transfer (automatic),79.98,724.35,Yes
CUST-00012,Male,0,No,No,9,Yes,Yes,No,No internet service,No internet service,No internet service,No internet service,No internet service,No internet service,Month-to-month,Yes,Bank transfer (automatic),42.49,393.78,No
CUST-00013,Male,1,No,No,35,Yes,Yes,Fiber optic,No,Yes,Yes,Yes,No,No,One year,No,Mailed check,112.31,3917.07,Yes
CUST-00014,Male,0,No,No,4,Yes,Yes,DSL,Yes,Yes,No,No,Yes,Yes,Month-to-month,Yes,Bank transfer (automatic),104.56,427.99,Yes
CUST-00015,Female,0,Yes,Yes,14,Yes,No,DSL,Yes,Yes,Yes,No,No,No,Two year,Yes,Electronic check,75.12,1051.91,No
CUST-00016,Male,0,No,No,4,Yes,No,No,No internet service,No internet service,No internet service,No internet service,No internet service,No internet service,Month-to-month,Yes,Electronic check,34.84,166.52,Yes
CUST-00017,Female,0,Yes,Yes,47,Yes,Yes,Fiber optic,No,No,No,No,Yes,No,One year,Yes,Bank transfer (automatic),102.53,4811.06,Yes
CUST-00018,Female,1,No,Yes,4,Yes,Yes,DSL,No,No,Yes,Yes,No,Yes,Month-to-month,No,Bank transfer (automatic),97.99,400.82,Yes
CUST-00019,Female,0,No,No,29,No,No phone service,No,No internet service,No internet service,No internet service,No internet service,No internet service,No internet service,Two year,No,Credit card (automatic),20.37,568.68,No
CUST-00020,Male,0,Yes,Yes,47,Yes,No,No,No internet service,No internet service,No internet service,No internet service,No internet service,No internet service,One year,Yes,Bank transfer (automatic),36.39,1711.46,Yes
CUST-00021,Female,1,Yes,Yes,59,Yes,No,Fiber optic,No,Yes,No,No,No,No,One year,Yes,Credit card (automatic),87.39,5168.24,No
CUST-00022,Male,0,No,No,17,Yes,Yes,DSL,Yes,Yes,No,No,No,No,Month-to-month,Yes,Mailed check,83.25,1407.37,Yes
CUST-00023,Female,1,No,No,37,Yes,No,Fiber optic,Yes,No,No,Yes,No,No,One year,Yes,Mailed check,92.3,3431.89,No
CUST-00024,Female,0,Yes,Yes,2,No,No phone service,Fiber optic,No,Yes,No,No,Yes,Yes,Month-to-month,Yes,Electronic check,95.77,205.34,Yes
CUST-00025,Female,0,Yes,No,70,No,No phone service,No,No internet service,No internet service,No internet service,No internet service,No internet service,No internet service,Two year,No,Bank transfer (automatic),18.5,1297.16,No
CUST-00026,Female,0,Yes,Yes,6,Yes,Yes,No,No internet service,No internet service,No internet service,No internet service,No internet service,No internet service,Month-to-month,Yes,Bank transfer (automatic),47.99,283.87,Yes
CUST-00027,Female,0,No,No,59,Yes,No,Fiber optic,Yes,Yes,No,No,Yes,No,Two year,No,Mailed check,105.05,6151.69,No
CUST-00028,Female,1,Yes,No,26,Yes,No,No,No internet service,No internet service,No internet service,No internet service,No internet service,No internet service,Month-to-month,Yes,Electronic check,34.06,875.83,No
CUST-00029,Female,0,No,Yes,16,Yes,No,DSL,No,No,Yes,No,No,No,One year,Yes,Electronic check,66.56,1081.47,Yes
CUST-00030,Female,0,Yes,No,56,Yes,No,DSL,Yes,No,No,Yes,Yes,Yes,One year,No,Electronic check,96.48,5398.78,No
CUST-00031,Male,0,No,No,65,Yes,No,Fiber optic,No,Yes,Yes,No,No,No,Two year,Yes,Mailed check,89.67,5835.33,No
CUST-00032,Male,0,Yes,No,4,Yes,Yes,No,No internet service,No internet service,No internet service,No internet service,No internet service,No internet service,One year,No,Electronic check,46.32,178.32,No
CUST-00033,Female,0,No,No,55,Yes,Yes,DSL,Yes,Yes,No,No,Yes,Yes,Month-to-month,Yes,Credit card (automatic),104.53,5727.75,No
CUST-00034,Female,1,Yes,No,51,Yes,Yes,DSL,Yes,Yes,No,No,Yes,No,One year,No,Credit card (automatic),93.73,4791.45,No
CUST-00035,Female,0,No,No,40,Yes,Yes,No,No internet service,No internet service,No internet service,No internet service,No internet service,No internet service,Month-to-month,Yes,Credit card (automatic),45.31,1793.98,No
CUST-00036,Male,0,Yes,Yes,32,Yes,No,DSL,No,No,Yes,No,No,Yes,One year,Yes,Bank transfer (automatic),77.73,2483.43,Yes
CUST-00037,Female,0,No,No,22,Yes,No,DSL,Yes,Yes,No,No,No,Yes,One year,Yes,Bank transfer (automatic),82.46,1819.59,No
CUST-00038,Male,0,No,No,39,Yes,Yes,Fiber optic,No,Yes,No,No,Yes,Yes,One year,No,Credit card (automatic),120.09,4673.34,Yes
CUST-00039,Male,0,Yes,No,54,Yes,No,Fiber optic,Yes,Yes,No,No,Yes,No,One year,No,Mailed check,104.22,5651.44,Yes
CUST-00040,Male,0,No,No,7,Yes,No,Fiber optic,Yes,No,Yes,Yes,No,No,Month-to-month,No,Electronic check,101.31,738.75,Yes
CUST-00041,Male,1,No,Yes,53,Yes,Yes,No,No internet service,No internet service,No internet service,No internet service,No internet service,No internet service,One year,No,Mailed check,48.67,2567.37,Yes
CUST-00042,Male,0,Yes,Yes,55,Yes,No,DSL,No,No,No,No,No,No,One year,Yes,Mailed check,57.04,3125.65,No
CUST-00043,Female,0,Yes,Yes,30,Yes,Yes,No,No internet service,No internet service,No internet service,No internet service,No internet service,No internet service,Month-to-month,Yes,Mailed check,43.8,1307.42,Yes
CUST-00044,Female,0,Yes,No,72,No,No phone service,Fiber optic,Yes,No,Yes,No,Yes,No,One year,No,Electronic check,89.33,6449.06,Yes
CUST-00045,Female,1,No,No,18,No,No phone service,Fiber optic,Yes,Yes,Yes,No,No,Yes,Two year,No,Bank transfer (automatic),96.52,1744.65,No
CUST-00046,Female,0,No,No,46,Yes,Yes,No,No internet service,No internet service,No internet service,No internet service,No internet service,No internet service,One year,No,Bank transfer (automatic),45.52,2105.18,No
CUST-00047,Female,0,Yes,Yes,28,Yes,No,DSL,No,No,No,No,No,No,Month-to-month,Yes,Electronic check,61.68,1746.77,No
CUST-00048,Male,0,No,No,52,No,No phone service,DSL,No,No,No,Yes,Yes,No,One year,No,Mailed check,62.78,3250.98,No
CUST-00049,Female,0,No,No,30,Yes,No,No,No internet service,No internet service,No internet service,No internet service,No internet service,No internet service,Two year,Yes,Credit card (automatic),34.52,1043.14,No
CUST-00050,Female,0,No,Yes,51,Yes,Yes,DSL,Yes,Yes,Yes,Yes,No,Yes,Two year,Yes,Electronic check,110.19,5620.46,No
CUST-00051,Male,0,No,No,67,Yes,No,DSL,Yes,No,Yes,No,No,No,Month-to-month,Yes,Electronic check,70.71,4744.02,Yes
CUST-00052,Female,0,No,No,9,No,No phone service,Fiber optic,Yes,Yes,No,No,No,No,Month-to-month,Yes,Mailed check,72.65,671.09,Yes
CUST-00053,Male,0,No,No,55,Yes,No,DSL,Yes,Yes,Yes,Yes,Yes,No,Two year,No,Credit card (automatic),96.77,5320.07,No
CUST-00054,Female,1,Yes,Yes,4,Yes,No,No,No internet service,No internet service,No internet service,No internet service,No internet service,No internet service,One year,Yes,Credit card (automatic),35.66,132.19,No
CUST-00055,Male,1,No,No,8,Yes,Yes,No,No internet service,No internet service,No internet service,No internet service,No internet service,No internet service,One year,Yes,Electronic check,44.89,343.35,Yes
CUST-00056,Female,0,No,No,24,Yes,Yes,Fiber optic,No,No,No,Yes,No,Yes,Month-to-month,Yes,Mailed check,108.07,2619.99,Yes
CUST-00057,Female,0,Yes,Yes,35,Yes,Yes,Fiber optic,No,Yes,No,No,Yes,Yes,Month-to-month,No,Electronic check,118.92,4161.57,Yes
CUST-00058,Male,0,No,No,37,No,No phone service,Fiber optic,Yes,Yes,No,No,Yes,No,Two year,Yes,Mailed check,87.0,3198.48,No
CUST-00059,Male,0,No,No,45,Yes,Yes,DSL,Yes,No,No,No,Yes,Yes,Two year,Yes,Mailed check,98.18,4438.84,No
CUST-00060,Male,0,No,No,7,Yes,Yes,DSL,Yes,No,No,Yes,No,Yes,Month-to-month,Yes,Mailed check,94.68,637.11,Yes
CUST-00061,Male,0,Yes,Yes,46,No,No phone service,DSL,No,No,No,Yes,Yes,No,One year,Yes,Electronic check,65.16,2974.11,No
CUST-00062,Male,0,Yes,Yes,5,Yes,No,Fiber optic,No,Yes,No,Yes,No,No,Month-to-month,No,Electronic check,90.42,447.36,Yes
CUST-00063,Male,0,No,No,52,Yes,Yes,Fiber optic,Yes,Yes,No,No,No,No,One year,Yes,Electronic check,104.05,5402.4,No
CUST-00064,Male,0,No,No,69,Yes,No,No,No internet service,No internet service,No internet service,No internet service,No internet service,No internet service,One year,Yes,Credit card (automatic),34.84,2408.64,No
CUST-00065,Male,0,Yes,Yes,7,Yes,No,Fiber optic,No,Yes,No,No,Yes,No,Month-to-month,No,Electronic check,96.34,645.48,Yes
CUST-00066,Female,0,No,No,24,Yes,Yes,Fiber optic,Yes,Yes,No,Yes,No,Yes,Two year,Yes,Electronic check,120.54,2897.85,No
CUST-00067,Female,0,No,No,16,No,No phone service,DSL,Yes,Yes,No,No,No,Yes,One year,No,Credit card (automatic),68.05,1107.98,Yes
CUST-00068,Male,0,Yes,No,60,Yes,No,No,No internet service,No internet service,No internet service,No internet service,No internet service,No internet service,Two year,No,Electronic check,35.01,2085.87,No
CUST-00069,Female,0,Yes,Yes,15,Yes,Yes,No,No internet service,No internet service,No internet service,No internet service,No internet service,No internet service,Month-to-month,Yes,Electronic check,45.23,672.77,No
CUST-00070,Female,0,Yes,No,54,Yes,No,No,No internet service,No internet service,No internet service,No internet service,No internet service,No internet service,Two year,Yes,Mailed check,34.71,1862.32,No
CUST-00071,Female,0,No,No,7,Yes,Yes,DSL,Yes,No,No,Yes,No,No,Month-to-month,No,Electronic check,82.87,584.9,Yes
CUST-00072,Female,0,Yes,No,49,Yes,No,Fiber optic,No,No,Yes,Yes,No,Yes,Month-to-month,No,Mailed check,105.98,5176.89,No
CUST-00073,Male,0,Yes,No,21,Yes,No,Fiber optic,No,Yes,No,Yes,No,No,Two year,No,Electronic check,90.89,1890.68,No
CUST-00074,Female,1,Yes,Yes,47,Yes,No,DSL,Yes,No,Yes,No,No,Yes,One year,No,Electronic check,82.18,3860.19,No
CUST-00075,Male,1,Yes,No,10,Yes,No,No,No internet service,No internet service,No internet service,No internet service,No internet service,No internet service,Month-to-month,Yes,Credit card (automatic),33.99,344.96,Yes
CUST-00076,Female,1,Yes,Yes,20,Yes,No,DSL,No,No,No,No,No,No,Two year,Yes,Electronic check,57.99,1162.06,No
CUST-00077,Female,0,Yes,Yes,8,Yes,Yes,DSL,Yes,Yes,Yes,Yes,No,No,Two year,Yes,Bank transfer (automatic),95.67,758.77,No
CUST-00078,Female,0,No,No,24,Yes,Yes,Fiber optic,No,No,No,Yes,Yes,Yes,Two year,No,Credit card (automatic),119.99,2889.78,No
CUST-00079,Male,1,No,No,55,Yes,No,DSL,No,No,Yes,Yes,Yes,No,Month-to-month,No,Credit card (automatic),88.57,4874.81,No
CUST-00080,Female,0,Yes,No,45,Yes,No,No,No internet service,No internet service,No internet service,No internet service,No internet service,No internet service,One year,Yes,Mailed check,32.81,1458.91,Yes
CUST-00081,Male,0,Yes,No,67,Yes,No,Fiber optic,Yes,Yes,No,No,Yes,Yes,One year,Yes,Credit card (automatic),118.27,7883.95,No
CUST-00082,Female,0,No,No,21,Yes,No,Fiber optic,Yes,No,No,No,No,Yes,One year,No,Bank transfer (automatic),94.99,2002.61,Yes
CUST-00083,Male,0,Yes,No,55,Yes,Yes,Fiber optic,Yes,Yes,Yes,No,No,No,Two year,Yes,Bank transfer (automatic),111.01,6101.7,No
CUST-00084,Female,1,Yes,Yes,43,Yes,No,DSL,No,No,Yes,No,No,No,Two year,Yes,Bank transfer (automatic),66.88,2859.19,No
CUST-00085,Male,0,Yes,Yes,4,Yes,Yes,Fiber optic,No,Yes,Yes,No,Yes,Yes,One year,Yes,Mailed check,127.19,533.14,Yes
CUST-00086,Male,0,Yes,No,7,Yes,No,Fiber optic,No,No,Yes,No,No,No,Month-to-month,Yes,Mailed check,83.95,611.87,Yes
CUST-00087,Female,0,No,No,17,No,No phone service,Fiber optic,No,Yes,Yes,Yes,Yes,Yes,One year,Yes,Bank transfer (automatic),108.52,1863.94,No
CUST-00088,Male,0,Yes,Yes,19,Yes,No,No,No internet service,No internet service,No internet service,No internet service,No internet service,No internet service,Two year,Yes,Electronic check,34.61,660.98,No
CUST-00089,Female,0,No,Yes,3,Yes,Yes,Fiber optic,No,No,No,No,Yes,Yes,Month-to-month,Yes,Bank transfer (automatic),113.85,294.08,Yes
CUST-00090,Female,0,Yes,Yes,9,Yes,No,Fiber optic,No,Yes,No,No,Yes,Yes,Month-to-month,No,Electronic check,111.91,1024.82,Yes
CUST-00091,Female,0,Yes,Yes,3,Yes,Yes,No,No internet service,No internet service,No internet service,No internet service,No internet service,No internet service,Month-to-month,No,Credit card (automatic),46.04,124.31,Yes
CUST-00092,Female,1,No,No,66,Yes,Yes,Fiber optic,No,No,No,No,Yes,No,Month-to-month,No,Electronic check,101.75,6707.11,Yes
CUST-00093,Female,0,Yes,Yes,32,Yes,Yes,Fiber optic,Yes,No,No,Yes,Yes,Yes,Two year,No,Electronic check,129.5,4157.49,No
CUST-00094,Female,0,No,No,3,Yes,No,DSL,No,No,Yes,No,Yes,No,Month-to-month,No,Bank transfer (automatic),79.77,269.79,Yes
CUST-00095,Female,0,Yes,No,9,Yes,Yes,Fiber optic,No,No,Yes,No,Yes,Yes,Month-to-month,Yes,Electronic check,119.15,1095.47,Yes
CUST-00096,Female,0,No,No,59,Yes,Yes,No,No internet service,No internet service,No internet service,No internet service,No internet service,No internet service,Two year,Yes,Credit card (automatic),44.1,2604.49,No
CUST-00097,Female,0,Yes,No,9,Yes,No,Fiber optic,Yes,No,Yes,No,Yes,Yes,Two year,Yes,Bank transfer (automatic),119.24,1084.24,No
CUST-00098,Female,0,No,No,27,Yes,No,DSL,No,No,Yes,No,No,No,One year,Yes,Electronic check,65.64,1755.69,No
CUST-00099,Female,0,Yes,Yes,47,Yes,No,Fiber optic,No,Yes,No,No,No,Yes,Two year,Yes,Electronic check,97.04,4536.54,No
CUST-00100,Male,0,No,No,53,Yes,No,Fiber optic,No,No,No,No,Yes,No,Two year,No,Electronic check,91.77,4880.01,No
CUST-00101,Male,1,Yes,No,62,Yes,Yes,DSL,Yes,No,Yes,No,No,Yes,Two year,No,Bank transfer (automatic),95.61,5932.66,No
CUST-00102,Female,0,No,No,16,Yes,No,No,No internet service,No internet service,No internet service,No internet service,No internet service,No internet service,One year,Yes,Credit card (automatic),36.08,555.56,No
CUST-00103,Female,0,Yes,No,59,Yes,Yes,No,No internet service,No internet service,No internet service,No internet service,No internet service,No internet service,Two year,No,Mailed check,44.81,2643.07,No
CUST-00104,Female,0,No,No,33,Yes,No,Fiber optic,Yes,No,No,No,Yes,Yes,One year,Yes,Electronic check,110.92,3669.61,Yes
CUST-00105,Female,0,Yes,No,60,Yes,No,DSL,No,Yes,No,Yes,Yes,No,One year,Yes,Electronic check,86.38,5196.4,Yes
CUST-00106,Female,0,Yes,Yes,7,Yes,Yes,Fiber optic,No,Yes,Yes,Yes,No,No,One year,Yes,Electronic check,109.79,777.95,Yes
CUST-00107,Female,1,No,No,33,Yes,No,DSL,No,Yes,Yes,No,Yes,Yes,One year,No,Credit card (automatic),95.55,3147.7,Yes
CUST-00108,Female,1,Yes,Yes,60,Yes,Yes,Fiber optic,No,No,No,Yes,Yes,Yes,Two year,No,Electronic check,122.22,7320.48,No
CUST-00109,Female,0,Yes,Yes,29,Yes,Yes,DSL,Yes,No,Yes,Yes,Yes,No,Month-to-month,Yes,Electronic check,101.38,2941.78,Yes
CUST-00110,Male,1,No,No,42,No,No phone service,Fiber optic,Yes,Yes,Yes,Yes,No,Yes,One year,No,Bank transfer (automatic),103.11,4342.65,No
CUST-00111,Female,0,No,No,5,Yes,Yes,DSL,No,No,Yes,No,No,Yes,Month-to-month,Yes,Bank transfer (automatic),87.93,453.23,Yes
CUST-00112,Male,0,Yes,Yes,13,Yes,Yes,No,No internet service,No internet service,No internet service,No internet service,No internet service,No internet service,One year,Yes,Mailed check,42.82,580.36,No
CUST-00113,Female,0,No,No,41,Yes,Yes,No,No internet service,No internet service,No internet service,No internet service,No internet service,No internet service,Two year,Yes,Mailed check,44.21,1813.14,No
CUST-00114,Female,1,No,No,2,Yes,Yes,No,No internet service,No internet service,No internet service,No internet service,No internet service,No internet service,One year,No,Bank transfer (automatic),44.61,72.57,No
CUST-00115,Male,0,Yes,Yes,59,Yes,No,DSL,No,Yes,No,No,No,Yes,Month-to-month,Yes,Bank transfer (automatic),80.79,4782.91,No
CUST-00116,Female,0,No,No,50,Yes,Yes,DSL,No,Yes,Yes,Yes,No,No,Month-to-month,Yes,Mailed check,89.76,4489.24,Yes
CUST-00117,Male,0,No,No,12,Yes,Yes,Fiber optic,Yes,No,No,No,Yes,No,Two year,Yes,Electronic check,108.41,1281.68,Yes
CUST-00118,Female,0,No,Yes,71,Yes,No,DSL,No,Yes,Yes,No,No,No,Two year,Yes,Credit card (automatic),75.23,5350.69,No
CUST-00119,Female,0,Yes,Yes,22,Yes,No,DSL,No,No,No,No,No,No,Month-to-month,Yes,Electronic check,57.63,1289.04,Yes
CUST-00120,Male,1,No,Yes,9,Yes,No,Fiber optic,Yes,No,No,No,Yes,Yes,Month-to-month,No,Mailed check,107.7,975.05,Yes
CUST-00121,Female,0,Yes,Yes,38,No,No phone service,Fiber optic,Yes,No,Yes,Yes,No,No,Month-to-month,Yes,Bank transfer (automatic),83.83,3206.9,Yes
CUST-00122,Male,0,Yes,Yes,72,Yes,Yes,DSL,Yes,Yes,No,No,Yes,No,Two year,No,Bank transfer (automatic),93.5,6724.73,No
CUST-00123,Female,1,Yes,No,38,Yes,No,Fiber optic,Yes,No,No,No,Yes,No,Two year,No,Bank transfer (automatic),97.65,3699.79,No
CUST-00124,Male,0,No,No,24,Yes,Yes,Fiber optic,Yes,No,No,No,Yes,Yes,One year,Yes,Bank transfer (automatic),119.23,2874.34,Yes
CUST-00125,Male,1,No,No,12,No,No phone service,DSL,No,No,Yes,No,No,No,One year,Yes,Credit card (automatic),49.15,584.51,Yes
CUST-00126,Female,0,No,No,66,No,No phone service,No,No internet service,No internet service,No internet service,No internet service,No internet service,No internet service,One year,Yes,Mailed check,21.46,1434.44,No
CUST-00127,Female,0,No,No,24,Yes,Yes,DSL,Yes,Yes,No,No,Yes,No,Month-to-month,Yes,Bank transfer (automatic),93.32,2242.24,Yes
CUST-00128,Male,0,Yes,No,47,Yes,Yes,DSL,No,No,No,Yes,No,Yes,Two year,Yes,Bank transfer (automatic),91.78,4331.94,No
CUST-00129,Female,1,Yes,No,57,Yes,No,DSL,No,Yes,Yes,No,Yes,No,Two year,Yes,Bank transfer (automatic),82.47,4710.26,No
CUST-00130,Female,0,Yes,No,1,Yes,No,DSL,Yes,Yes,No,No,No,Yes,One year,No,Credit card (automatic),86.94,86.94,Yes
CUST-00131,Female,0,Yes,No,72,Yes,Yes,No,No internet service,No internet service,No internet service,No internet service,No internet service,No internet service,Two year,Yes,Bank transfer (automatic),42.5,3030.13,No
CUST-00132,Male,0,No,No,26,Yes,Yes,DSL,Yes,Yes,No,Yes,No,Yes,One year,Yes,Mailed check,101.98,2663.21,No
CUST-00133,Male,0,No,No,56,Yes,No,Fiber optic,Yes,No,Yes,No,No,Yes,Month-to-month,Yes,Credit card (automatic),102.5,5748.48,Yes
CUST-00134,Male,0,Yes,Yes,64,Yes,No,Fiber optic,No,No,No,No,No,Yes,Month-to-month,No,Mailed check,92.05,5875.93,Yes
CUST-00135,Male,0,Yes,Yes,30,Yes,No,Fiber optic,No,Yes,Yes,No,Yes,No,One year,No,Mailed check,102.53,3087.88,No
CUST-00136,Male,1,Yes,Yes,19,Yes,No,No,No internet service,No internet service,No internet service,No internet service,No internet service,No internet service,Month-to-month,Yes,Bank transfer (automatic),31.78,624.68,Yes
CUST-00137,Male,0,Yes,Yes,13,Yes,Yes,No,No internet service,No internet service,No internet service,No internet service,No internet service,No internet service,Month-to-month,Yes,Electronic check,43.83,559.18,No
CUST-00138,Male,0,No,Yes,68,No,No phone service,DSL,No,No,No,Yes,No,Yes,Month-to-month,Yes,Bank transfer (automatic),67.39,4553.52,No
CUST-00139,Male,0,No,No,63,Yes,Yes,No,No internet service,No internet service,No internet service,No internet service,No internet service,No internet service,Two year,No,Electronic check,43.5,2755.06,No
CUST-00140,Male,1,No,No,16,No,No phone service,Fiber optic,Yes,No,Yes,Yes,Yes,Yes,Month-to-month,Yes,Credit card (automatic),109.76,1775.25,Yes
CUST-00141,Female,0,Yes,Yes,35,Yes,Yes,Fiber optic,No,No,Yes,No,Yes,Yes,Month-to-month,No,Bank transfer (automatic),120.01,4189.34,Yes
CUST-00142,Male,0,Yes,Yes,7,Yes,No,Fiber optic,No,No,Yes,No,No,No,One year,No,Mailed check,85.32,608.85,Yes
CUST-00143,Female,0,Yes,No,63,Yes,No,No,No internet service,No internet service,No internet service,No internet service,No internet service,No internet service,Two year,Yes,Electronic check,38.07,2403.38,No
CUST-00144,Female,0,No,No,64,Yes,No,DSL,No,No,No,No,Yes,No,Month-to-month,No,Mailed check,71.53,4576.28,Yes
CUST-00145,Female,0,No,No,46,Yes,Yes,Fiber optic,No,Yes,Yes,No,Yes,No,Two year,No,Credit card (automatic),114.25,5264.21,No
CUST-00146,Male,0,Yes,No,37,Yes,No,DSL,No,Yes,No,Yes,Yes,No,Month-to-month,No,Electronic check,86.13,3179.28,No
CUST-00147,Male,0,No,No,52,No,No phone service,Fiber optic,No,No,No,Yes,No,No,Two year,No,Mailed check,75.36,3902.2,No
CUST-00148,Male,0,No,No,40,Yes,Yes,No,No internet service,No internet service,No internet service,No internet service,No internet service,No internet service,Two year,Yes,Electronic check,42.75,1716.09,No
CUST-00149,Male,0,No,No,26,Yes,No,Fiber optic,No,No,No,No,Yes,No,Month-to-month,Yes,Credit card (automatic),95.37,2483.64,Yes
CUST-00150,Female,0,No,No,65,Yes,No,DSL,No,No,No,No,No,No,Two year,Yes,Mailed check,62.28,4010.0,No
CUST-00151,Male,0,No,No,36,Yes,No,Fiber optic,No,No,Yes,No,Yes,Yes,One year,Yes,Bank transfer (automatic),110.6,3963.88,No
CUST-00152,Male,0,No,No,49,Yes,Yes,No,No internet service,No internet service,No internet service,No internet service,No internet service,No internet service,Two year,Yes,Mailed check,45.93,2240.49,No
CUST-00153,Male,0,Yes,Yes,37,Yes,No,Fiber optic,Yes,No,No,Yes,Yes,Yes,Two year,No,Electronic check,117.66,4361.29,No
CUST-00154,Male,0,Yes,Yes,10,Yes,No,DSL,No,Yes,No,Yes,Yes,Yes,Month-to-month,Yes,Electronic check,98.23,959.46,Yes
CUST-00155,Male,0,Yes,No,40,Yes,Yes,Fiber optic,Yes,No,No,No,No,No,One year,Yes,Bank transfer (automatic),96.63,3860.41,No
CUST-00156,Female,0,Yes,Yes,49,Yes,Yes,No,No internet service,No internet service,No internet service,No internet service,No internet service,No internet service,Two year,No,Credit card (automatic),43.64,2167.43,No
CUST-00157,Male,0,No,No,28,Yes,No,Fiber optic,No,No,No,Yes,Yes,No,One year,No,Electronic check,102.28,2864.84,No
CUST-00158,Female,0,No,No,10,Yes,No,Fiber optic,No,Yes,No,Yes,No,No,Month-to-month,No,Bank transfer (automatic),94.34,945.34,Yes
CUST-00159,Male,0,Yes,No,40,Yes,No,No,No internet service,No internet service,No internet service,No internet service,No internet service,No internet service,One year,Yes,Electronic check,35.21,1407.48,No
CUST-00160,Female,0,No,Yes,9,No,No phone service,DSL,No,No,No,No,Yes,No,Month-to-month,Yes,Mailed check,55.7,516.03,Yes
CUST-00161,Male,0,Yes,No,43,Yes,Yes,Fiber optic,Yes,Yes,Yes,No,No,No,One year,Yes,Mailed check,109.75,4719.88,Yes
CUST-00162,Male,0,Yes,No,8,Yes,Yes,Fiber optic,Yes,Yes,No,No,No,Yes,Month-to-month,No,Mailed check,113.93,908.14,Yes
CUST-00163,Female,0,Yes,Yes,18,No,No phone service,DSL,No,Yes,Yes,Yes,No,No,Month-to-month,No,Mailed check,64.21,1158.06,No
CUST-00164,Female,1,Yes,Yes,32,Yes,No,DSL,No,Yes,No,Yes,Yes,Yes,One year,Yes,Credit card (automatic),96.37,3103.73,No
CUST-00165,Female,0,Yes,No,22,Yes,Yes,No,No internet service,No internet service,No internet service,No internet service,No internet service,No internet service,Month-to-month,No,Electronic check,44.76,990.75,No
CUST-00166,Male,1,No,No,38,Yes,No,DSL,No,No,No,No,Yes,Yes,One year,No,Credit card (automatic),82.25,3126.36,No
CUST-00167,Female,0,Yes,Yes,70,Yes,No,DSL,No,No,Yes,No,No,No,Two year,Yes,Mailed check,66.52,4674.06,No
CUST-00168,Male,0,No,No,37,Yes,Yes,DSL,Yes,Yes,No,Yes,No,Yes,Month-to-month,No,Electronic check,103.16,3809.09,Yes
CUST-00169,Male,0,Yes,Yes,9,Yes,No,DSL,No,No,No,No,Yes,Yes,Month-to-month,Yes,Electronic check,83.41,702.66,Yes
CUST-00170,Female,0,Yes,Yes,14,Yes,Yes,Fiber optic,Yes,Yes,No,No,Yes,Yes,Month-to-month,Yes,Credit card (automatic),126.35,1775.62,Yes
CUST-00171,Female,0,Yes,Yes,7,Yes,Yes,Fiber optic,No,Yes,No,No,No,No,Two year,No,Bank transfer (automatic),97.83,691.35,No
CUST-00172,Male,0,No,Yes,20,Yes,No,DSL,Yes,Yes,No,Yes,Yes,No,Two year,No,Bank transfer (automatic),91.74,1825.47,No
CUST-00173,Male,0,Yes,Yes,9,Yes,No,DSL,Yes,No,Yes,Yes,No,Yes,Month-to-month,No,Electronic check,91.84,822.53,Yes
CUST-00174,Female,1,No,No,11,Yes,No,Fiber optic,Yes,No,No,No,No,No,Month-to-month,Yes,Mailed check,86.01,964.98,Yes
CUST-00175,Female,0,No,No,19,Yes,Yes,Fiber optic,No,No,No,Yes,Yes,Yes,Two year,Yes,Credit card (automatic),121.34,2312.27,Yes
CUST-00176,Female,1,No,No,20,Yes,No,Fiber optic,No,Yes,Yes,Yes,Yes,Yes,Two year,Yes,Credit card (automatic),123.47,2491.52,Yes
CUST-00177,Male,0,No,No,6,Yes,No,DSL,No,No,No,No,Yes,No,Month-to-month,No,Bank transfer (automatic),70.85,429.13,Yes
CUST-00178,Male,0,Yes,Yes,62,Yes,No,No,No internet service,No internet service,No internet service,No internet service,No internet service,No internet service,Two year,Yes,Bank transfer (automatic),35.64,2207.38,No
CUST-00179,Male,0,Yes,No,61,Yes,Yes,Fiber optic,Yes,Yes,No,No,No,Yes,Month-to-month,Yes,Bank transfer (automatic),113.89,6957.91,Yes
CUST-00180,Male,0,Yes,No,28,Yes,No,Fiber optic,Yes,Yes,No,No,No,No,Month-to-month,Yes,Bank transfer (automatic),92.9,2606.72,Yes
CUST-00181,Male,0,No,Yes,64,Yes,No,DSL,Yes,No,No,No,No,Yes,One year,Yes,Bank transfer (automatic),79.53,5096.5,No
CUST-00182,Male,0,Yes,Yes,55,Yes,Yes,DSL,No,No,Yes,No,Yes,Yes,Two year,Yes,Credit card (automatic),98.42,5409.65,No
CUST-00183,Female,0,Yes,Yes,26,Yes,No,Fiber optic,Yes,No,Yes,Yes,No,Yes,Month-to-month,No,Bank transfer (automatic),110.74,2870.66,Yes
CUST-00184,Male,0,No,No,7,Yes,No,DSL,No,Yes,No,Yes,Yes,No,Month-to-month,Yes,Bank transfer (automatic),87.04,601.26,Yes
CUST-00185,Male,0,Yes,No,23,Yes,Yes,DSL,No,No,No,No,No,No,One year,No,Electronic check,69.62,1609.06,No
CUST-00186,Male,1,No,No,63,Yes,Yes,Fiber optic,No,No,Yes,No,No,No,One year,Yes,Credit card (automatic),96.12,6065.3,No
CUST-00187,Female,1,No,No,45,Yes,No,Fiber optic,No,No,No,No,No,No,Two year,Yes,Mailed check,80.13,3566.42,No
CUST-00188,Male,0,Yes,No,48,Yes,No,Fiber optic,No,Yes,Yes,Yes,Yes,Yes,Two year,Yes,Credit card (automatic),122.58,5872.85,Yes
CUST-00189,Male,0,Yes,Yes,34,Yes,No,Fiber optic,Yes,No,No,No,Yes,No,One year,No,Bank transfer (automatic),98.76,3333.98,Yes
CUST-00190,Female,0,Yes,Yes,23,Yes,No,Fiber optic,Yes,Yes,No,Yes,No,No,Month-to-month,No,Electronic check,100.37,2301.04,Yes
CUST-00191,Male,0,No,No,23,Yes,Yes,Fiber optic,Yes,No,No,No,Yes,No,One year,No,Mailed check,106.49,2440.22,Yes
CUST-00192,Male,1,No,Yes,42,No,No phone service,No,No internet service,No internet service,No internet service,No internet service,No internet service,No internet service,One year,No,Credit card (automatic),19.75,831.72,No
CUST-00193,Male,0,No,No,42,Yes,Yes,Fiber optic,Yes,Yes,No,No,Yes,Yes,Two year,Yes,Electronic check,125.84,5288.07,No
CUST-00194,Male,0,No,No,21,Yes,Yes,Fiber optic,No,Yes,No,No,Yes,No,Month-to-month,Yes,Credit card (automatic),109.12,2323.48,No
CUST-00195,Male,0,No,Yes,10,Yes,No,DSL,Yes,No,No,No,Yes,No,Month-to-month,Yes,Bank transfer (automatic),79.76,803.19,Yes
CUST-00196,Female,0,Yes,No,42,Yes,Yes,No,No internet service,No internet service,No internet service,No internet service,No internet service,No internet service,One year,Yes,Electronic check,44.99,1899.16,No
CUST-00197,Female,0,Yes,No,30,Yes,No,DSL,No,Yes,No,No,No,No,One year,Yes,Mailed check,63.48,1883.07,Yes
CUST-00198,Female,1,No,No,11,Yes,Yes,Fiber optic,No,No,No,Yes,No,Yes,Month-to-month,Yes,Electronic check,111.09,1216.97,Yes
CUST-00199,Male,0,Yes,Yes,19,Yes,No,Fiber optic,No,No,No,No,Yes,No,Month-to-month,Yes,Electronic check,95.3,1794.45,Yes
CUST-00200,Male,0,Yes,Yes,11,Yes,Yes,Fiber optic,Yes,Yes,No,No,No,No,Month-to-month,Yes,Credit card (automatic),103.08,1142.86,Yes
CUST-00201,Male,1,No,No,66,Yes,No,Fiber optic,Yes,Yes,No,No,No,Yes,Month-to-month,Yes,Bank transfer (automatic),103.59,6837.72,Yes
CUST-00202,Female,0,Yes,Yes,37,No,No phone service,Fiber optic,No,Yes,Yes,Yes,No,Yes,Two year,No,Electronic check,97.6,3606.08,No
CUST-00203,Male,0,No,No,64,Yes,No,DSL,Yes,Yes,No,Yes,Yes,No,Month-to-month,Yes,Electronic check,93.2,5979.15,No
CUST-00204,Male,0,No,No,42,Yes,Yes,Fiber optic,No,No,Yes,Yes,No,No,Two year,Yes,Electronic check,104.17,4371.1,No
CUST-00205,Female,0,Yes,Yes,40,Yes,No,No,No internet service,No internet service,No internet service,No internet service,No internet service,No internet service,Two year,No,Credit card (automatic),36.97,1498.81,No
CUST-00206,Male,1,No,No,16,Yes,No,DSL,No,No,No,Yes,Yes,No,Two year,No,Bank transfer (automatic),78.3,1272.61,No
CUST-00207,Female,0,Yes,No,21,Yes,Yes,DSL,Yes,No,No,Yes,No,No,Two year,No,Electronic check,83.39,1741.66,No
CUST-00208,Female,1,Yes,Yes,6,Yes,Yes,Fiber optic,No,Yes,Yes,No,No,Yes,Month-to-month,Yes,Bank transfer (automatic),114.69,704.84,Yes
CUST-00209,Female,0,Yes,Yes,5,Yes,Yes,No,No internet service,No internet service,No internet service,No internet service,No internet service,No internet service,Month-to-month,No,Credit card (automatic),46.05,231.94,Yes
CUST-00210,Male,1,Yes,No,71,Yes,No,DSL,No,No,No,Yes,Yes,Yes,Month-to-month,Yes,Bank transfer (automatic),91.18,6467.87,No
CUST-00211,Male,0,No,Yes,2,Yes,No,DSL,Yes,No,No,Yes,No,Yes,Month-to-month,Yes,Mailed check,85.32,176.56,Yes
CUST-00212,Male,0,Yes,Yes,15,Yes,Yes,Fiber optic,No,No,Yes,No,No,No,Month-to-month,No,Credit card (automatic),95.0,1401.19,Yes
CUST-00213,Male,0,Yes,Yes,20,Yes,No,DSL,Yes,No,No,No,No,Yes,One year,Yes,Bank transfer (automatic),76.88,1529.53,No
CUST-00214,Male,1,Yes,No,47,Yes,Yes,Fiber optic,No,Yes,Yes,No,Yes,Yes,One year,Yes,Electronic check,126.78,5964.93,Yes
CUST-00215,Male,0,No,No,46,Yes,No,No,No internet service,No internet service,No internet service,No internet service,No internet service,No internet service,Two year,No,Credit card (automatic),34.94,1602.83,No
CUST-00216,Male,0,No,No,2,Yes,No,DSL,Yes,No,No,No,No,Yes,Month-to-month,No,Credit card (automatic),79.95,176.07,Yes
CUST-00217,Female,0,Yes,No,1,Yes,No,Fiber optic,Yes,Yes,Yes,Yes,No,Yes,Month-to-month,No,Bank transfer (automatic),116.36,116.36,Yes
CUST-00218,Male,0,Yes,Yes,10,Yes,Yes,Fiber optic,No,No,Yes,Yes,Yes,No,Month-to-month,No,Mailed check,115.76,1159.42,Yes
CUST-00219,Female,1,Yes,Yes,4,Yes,No,No,No internet service,No internet service,No internet service,No internet service,No internet service,No internet service,One year,No,Electronic check,36.1,142.6,Yes
CUST-00220,Male,0,Yes,Yes,53,Yes,No,No,No internet service,No internet service,No internet service,No internet service,No internet service,No internet service,Two year,Yes,Credit card (automatic),35.52,1859.64,No
CUST-00221,Male,0,No,No,60,Yes,No,Fiber optic,Yes,No,No,No,No,Yes,One year,Yes,Mailed check,96.35,5786.89,Yes
CUST-00222,Male,0,No,No,32,Yes,No,Fiber optic,Yes,No,Yes,No,Yes,Yes,Month-to-month,Yes,Bank transfer (automatic),117.73,3772.12,Yes
CUST-00223,Female,0,Yes,No,4,No,No phone service,Fiber optic,Yes,Yes,No,No,Yes,Yes,Month-to-month,Yes,Electronic check,101.14,375.57,Yes
CUST-00224,Female,0,Yes,Yes,42,Yes,No,DSL,No,No,No,No,No,No,Two year,No,Electronic check,62.88,2603.91,Yes
CUST-00225,Female,0,Yes,Yes,50,Yes,No,DSL,No,No,Yes,No,No,No,One year,Yes,Credit card (automatic),65.8,3283.2,No
CUST-00226,Female,0,No,No,19,Yes,Yes,No,No internet service,No internet service,No internet service,No internet service,No internet service,No internet service,One year,No,Mailed check,46.74,906.52,No
CUST-00227,Male,0,Yes,No,12,No,No phone service,Fiber optic,No,Yes,Yes,Yes,Yes,Yes,One year,No,Credit card (automatic),108.46,1342.3,Yes
CUST-00228,Female,0,No,Yes,55,Yes,No,DSL,No,No,No,Yes,No,Yes,Two year,Yes,Credit card (automatic),79.65,4353.44,No
CUST-00229,Male,0,No,Yes,6,Yes,No,No,No internet service,No internet service,No internet service,No internet service,No internet service,No internet service,Month-to-month,Yes,Credit card (automatic),35.74,238.82,No
CUST-00230,Male,0,Yes,Yes,9,Yes,Yes,Fiber optic,No,No,No,No,No,No,Month-to-month,Yes,Credit card (automatic),87.45,804.47,Yes
CUST-00231,Female,0,No,No,37,No,No phone service,DSL,No,Yes,No,No,No,Yes,Two year,Yes,Mailed check,59.97,2210.14,No
CUST-00232,Female,0,No,No,14,Yes,No,DSL,No,Yes,No,Yes,No,No,Month-to-month,Yes,Credit card (automatic),72.98,1049.97,No
CUST-00233,Female,1,No,No,3,No,No phone service,DSL,Yes,Yes,Yes,No,No,No,Month-to-month,No,Mailed check,61.05,190.15,No
CUST-00234,Female,1,Yes,Yes,60,Yes,Yes,No,No internet service,No internet service,No internet service,No internet service,No internet service,No internet service,One year,Yes,Bank transfer (automatic),41.62,2493.79,No
CUST-00235,Female,0,Yes,No,65,No,No phone service,No,No internet service,No internet service,No internet service,No internet service,No internet service,No internet service,Two year,Yes,Credit card (automatic),21.11,1345.44,No
CUST-00236,Female,0,No,No,52,Yes,No,DSL,No,No,No,No,Yes,No,Two year,Yes,Credit card (automatic),70.81,3683.65,No
CUST-00237,Female,1,No,No,52,Yes,No,No,No internet service,No internet service,No internet service,No internet service,No internet service,No internet service,One year,Yes,Mailed check,34.48,1793.58,Yes
CUST-00238,Female,0,No,No,5,Yes,No,Fiber optic,No,No,No,No,No,Yes,Month-to-month,No,Mailed check,92.21,494.63,Yes
CUST-00239,Male,0,No,No,70,Yes,No,Fiber optic,No,No,No,No,No,No,Month-to-month,No,Bank transfer (automatic),80.76,5639.01,Yes
CUST-00240,Female,0,No,No,14,Yes,Yes,DSL,No,Yes,Yes,No,Yes,No,Month-to-month,Yes,Mailed check,94.42,1308.59,No
CUST-00241,Female,0,No,No,30,Yes,No,Fiber optic,No,No,No,No,Yes,Yes,Month-to-month,No,Bank transfer (automatic),104.3,3121.34,Yes
CUST-00242,Male,0,Yes,Yes,21,Yes,Yes,DSL,Yes,No,No,No,Yes,Yes,Month-to-month,Yes,Credit card (automatic),100.7,2154.54,Yes
CUST-00243,Female,0,No,No,18,No,No phone service,DSL,Yes,No,No,No,Yes,Yes,Month-to-month,Yes,Credit card (automatic),74.25,1319.24,Yes
CUST-00244,Male,1,No,No,61,Yes,No,DSL,No,No,Yes,No,Yes,No,Two year,Yes,Electronic check,76.93,4712.35,No
CUST-00245,Male,1,No,No,14,Yes,No,DSL,No,Yes,Yes,No,Yes,Yes,Two year,Yes,Bank transfer (automatic),92.52,1271.91,No
CUST-00246,Female,0,No,Yes,10,Yes,Yes,No,No internet service,No internet service,No internet service,No internet service,No internet service,No internet service,Month-to-month,Yes,Electronic check,45.96,466.07,Yes
CUST-00247,Male,0,Yes,Yes,3,Yes,Yes,No,No internet service,No internet service,No internet service,No internet service,No internet service,No internet service,Month-to-month,No,Credit card (automatic),43.97,133.38,Yes
CUST-00248,Male,1,No,No,67,Yes,No,No,No internet service,No internet service,No internet service,No internet service,No internet service,No internet service,Month-to-month,Yes,Electronic check,37.98,2534.16,Yes
CUST-00249,Male,0,No,No,60,Yes,No,DSL,No,Yes,No,No,Yes,No,One year,No,Credit card (automatic),79.11,4757.37,No
CUST-00250,Male,0,Yes,Yes,1,Yes,Yes,Fiber optic,No,Yes,No,Yes,No,Yes,Month-to-month,Yes,Mailed check,117.43,117.43,Yes
CUST-00251,Female,0,Yes,No,50,Yes,Yes,Fiber optic,Yes,Yes,Yes,No,No,Yes,One year,No,Electronic check,121.06,6028.77,Yes
CUST-00252,Male,1,Yes,Yes,21,No,No phone service,Fiber optic,Yes,No,Yes,No,Yes,Yes,One year,No,Credit card (automatic),101.8,2133.13,Yes
CUST-00253,Female,0,Yes,Yes,68,Yes,No,DSL,No,No,No,No,No,No,Month-to-month,Yes,Electronic check,60.71,4114.52,Yes
CUST-00254,Male,0,Yes,Yes,28,Yes,Yes,Fiber optic,Yes,No,No,Yes,Yes,No,Month-to-month,Yes,Mailed check,116.85,3275.69,Yes
CUST-00255,Male,1,Yes,No,35,Yes,No,DSL,Yes,Yes,Yes,Yes,Yes,No,One year,No,Mailed check,98.26,3434.81,Yes
CUST-00256,Male,0,No,No,20,Yes,Yes,No,No internet service,No internet service,No internet service,No internet service,No internet service,No internet service,Month-to-month,Yes,Mailed check,44.08,905.06,Yes
CUST-00257,Male,0,No,No,11,Yes,Yes,Fiber optic,Yes,Yes,No,No,No,Yes,Month-to-month,Yes,Electronic check,112.23,1229.74,Yes
CUST-00258,Female,0,No,No,29,Yes,Yes,Fiber optic,No,Yes,Yes,No,Yes,No,Month-to-month,No,Mailed check,114.63,3328.41,Yes
CUST-00259,Female,0,No,No,2,Yes,Yes,Fiber optic,No,No,No,No,Yes,Yes,Month-to-month,No,Electronic check,115.94,214.45,Yes
CUST-00260,Male,0,Yes,Yes,51,Yes,No,DSL,Yes,Yes,No,No,Yes,Yes,One year,No,Bank transfer (automatic),95.81,4879.91,No
CUST-00261,Male,0,Yes,No,32,Yes,No,DSL,No,Yes,Yes,Yes,Yes,No,Month-to-month,No,Electronic check,92.23,2937.69,No
CUST-00262,Female,0,No,No,66,Yes,No,DSL,Yes,No,Yes,No,No,No,Month-to-month,Yes,Mailed check,70.02,4639.09,No
CUST-00263,Male,1,Yes,No,70,Yes,No,No,No internet service,No internet service,No internet service,No internet service,No internet service,No internet service,Month-to-month,Yes,Mailed check,34.32,2391.04,No
CUST-00264,Male,0,No,No,29,No,No phone service,DSL,No,No,Yes,No,No,Yes,Month-to-month,No,Credit card (automatic),61.16,1763.88,No
CUST-00265,Male,0,No,No,2,Yes,No,Fiber optic,Yes,No,No,No,Yes,Yes,Month-to-month,Yes,Electronic check,108.26,221.0,Yes
CUST-00266,Female,0,No,No,13,Yes,Yes,DSL,No,No,Yes,No,Yes,No,Month-to-month,Yes,Credit card (automatic),88.15,1135.24,Yes
CUST-00267,Female,0,No,No,4,Yes,No,DSL,No,No,Yes,No,No,Yes,Month-to-month,No,Electronic check,77.91,332.78,No
CUST-00268,Female,0,Yes,Yes,66,Yes,No,DSL,No,No,No,Yes,Yes,Yes,One year,Yes,Credit card (automatic),93.18,6179.25,No
CUST-00269,Male,0,Yes,Yes,4,Yes,No,Fiber optic,No,No,Yes,No,No,Yes,Month-to-month,No,Electronic check,99.15,383.14,Yes
CUST-00270,Male,0,No,No,40,Yes,Yes,Fiber optic,No,Yes,No,Yes,No,No,One year,Yes,Credit card (automatic),102.69,4120.28,No
CUST-00271,Female,0,Yes,Yes,63,Yes,No,Fiber optic,No,Yes,Yes,No,No,Yes,One year,Yes,Credit card (automatic),101.1,6356.63,Yes
CUST-00272,Female,0,No,No,59,Yes,No,DSL,No,Yes,No,No,Yes,No,One year,No,Electronic check,76.58,4512.87,No
CUST-00273,Female,0,Yes,No,54,Yes,Yes,DSL,Yes,No,Yes,No,No,Yes,Month-to-month,No,Electronic check,92.93,5028.57,No
CUST-00274,Female,0,No,No,5,Yes,Yes,Fiber optic,No,Yes,Yes,Yes,No,No,Month-to-month,Yes,Mailed check,110.83,556.25,Yes
CUST-00275,Male,1,No,No,39,Yes,Yes,DSL,Yes,Yes,Yes,No,Yes,No,Two year,No,Mailed check,100.92,3938.38,No
CUST-00276,Female,0,No,No,51,Yes,Yes,DSL,Yes,No,No,No,Yes,Yes,Two year,Yes,Bank transfer (automatic),99.93,5112.9,No
CUST-00277,Male,0,Yes,No,72,Yes,No,DSL,Yes,No,No,No,No,No,One year,Yes,Mailed check,67.11,4848.29,No
CUST-00278,Female,0,Yes,No,15,Yes,Yes,Fiber optic,No,No,No,No,Yes,Yes,One year,Yes,Bank transfer (automatic),117.84,1768.37,No
CUST-00279,Male,0,No,No,65,Yes,No,Fiber optic,Yes,Yes,No,Yes,Yes,No,Two year,Yes,Electronic check,111.82,7258.78,No
CUST-00280,Female,0,Yes,Yes,62,No,No phone service,DSL,Yes,No,No,Yes,Yes,Yes,One year,Yes,Electronic check,82.65,5124.31,No
CUST-00281,Female,0,No,No,71,Yes,No,Fiber optic,No,No,No,Yes,Yes,Yes,One year,No,Electronic check,110.74,7847.41,No
CUST-00282,Female,0,No,No,70,Yes,No,Fiber optic,No,No,No,No,No,Yes,Two year,No,Electronic check,92.48, ,No
CUST-00283,Female,0,No,No,34,No,No phone service,Fiber optic,No,Yes,No,No,Yes,Yes,One year,No,Mailed check,96.71,3285.32,Yes
CUST-00284,Male,0,No,No,50,Yes,No,DSL,Yes,Yes,Yes,No,No,Yes,One year,No,Bank transfer (automatic),89.25,4445.92,No
CUST-00285,Female,0,Yes,Yes,32,Yes,No,Fiber optic,Yes,Yes,No,No,No,No,Two year,No,Credit card (automatic),91.41,2945.23,No
CUST-00286,Male,0,No,No,35,Yes,No,Fiber optic,Yes,No,No,No,No,No,Month-to-month,Yes,Electronic check,85.22,2982.49,Yes
CUST-00287,Male,1,No,Yes,63,Yes,Yes,DSL,No,Yes,Yes,No,No,Yes,One year,Yes,Mailed check,92.27,5801.79,Yes
CUST-00288,Male,0,Yes,Yes,2,Yes,No,Fiber optic,No,No,No,No,No,No,Month-to-month,Yes,Electronic check,80.2,177.54,Yes
CUST-00289,Male,0,No,No,2,Yes,Yes,Fiber optic,No,Yes,No,Yes,Yes,Yes,Month-to-month,Yes,Credit card (automatic),128.25,275.36,Yes
CUST-00290,Female,0,Yes,Yes,60,Yes,No,Fiber optic,Yes,No,Yes,Yes,No,No,Month-to-month,Yes,Bank transfer (automatic),99.94,5968.1,Yes
CUST-00291,Male,0,Yes,Yes,6,Yes,Yes,DSL,No,Yes,No,No,Yes,No,Month-to-month,No,Bank transfer (automatic),90.76,561.17,Yes
CUST-00292,Male,0,Yes,Yes,22,No,No phone service,DSL,Yes,No,No,No,Yes,Yes,One year,No,Mailed check,75.6,1665.57,Yes
CUST-00293,Male,0,No,No,15,No,No phone service,Fiber optic,No,No,Yes,Yes,No,Yes,Month-to-month,Yes,Electronic check,89.33,1354.52,Yes
CUST-00294,Female,0,Yes,No,72,No,No phone service,Fiber optic,Yes,No,No,No,Yes,No,Two year,No,Electronic check,83.95,6043.38,No
CUST-00295,Female,0,No,No,32,Yes,No,Fiber optic,Yes,Yes,Yes,No,Yes,Yes,Month-to-month,Yes,Bank transfer (automatic),121.49,3893.37,Yes
CUST-00296,Female,0,No,No,71,Yes,Yes,Fiber optic,No,Yes,Yes,No,No,No,Month-to-month,Yes,Credit card (automatic),101.51,7202.65,Yes
CUST-00297,Female,0,Yes,No,52,Yes,Yes,Fiber optic,Yes,Yes,No,Yes,Yes,No,Month-to-month,Yes,Electronic check,121.74,6345.36,No
CUST-00298,Male,0,Yes,Yes,16,Yes,Yes,Fiber optic,Yes,No,Yes,No,Yes,No,Month-to-month,Yes,Bank transfer (automatic),113.57,1807.05,No
CUST-00299,Male,0,No,No,60,Yes,No,DSL,No,No,Yes,No,Yes,No,Two year,Yes,Mailed check,78.4,4719.39,No
CUST-00300,Female,0,Yes,No,22,Yes,No,Fiber optic,Yes,No,No,No,No,Yes,One year,No,Bank transfer (automatic),101.17,2228.42,No
CUST-00301,Male,0,No,No,42,Yes,No,Fiber optic,Yes,No,Yes,No,No,Yes,Two year,No,Bank transfer (automatic),103.45,4356.25,No
CUST-00302,Male,0,Yes,No,71,No,No phone service,DSL,No,Yes,Yes,No,Yes,Yes,Month-to-month,Yes,Electronic check,81.13,5745.09,No
CUST-00303,Male,0,No,Yes,68,Yes,No,DSL,No,No,No,Yes,Yes,Yes,Two year,Yes,Bank transfer (automatic),92.35,6286.14,No
CUST-00304,Female,0,No,No,6,Yes,No,DSL,No,Yes,No,Yes,No,No,Month-to-month,No,Electronic check,73.23,447.38,Yes
CUST-00305,Female,1,Yes,Yes,12,Yes,Yes,Fiber optic,Yes,Yes,Yes,No,Yes,Yes,One year,No,Bank transfer (automatic),131.4,1604.61,Yes
CUST-00306,Male,0,Yes,No,16,Yes,No,DSL,Yes,Yes,No,No,Yes,No,Month-to-month,Yes,Electronic check,85.49,1378.31,No
CUST-00307,Female,0,Yes,No,60,Yes,No,No,No internet service,No internet service,No internet service,No internet service,No internet service,No internet service,One year,Yes,Electronic check,34.23,2044.98,No
CUST-00308,Female,0,Yes,Yes,17,Yes,No,No,No internet service,No internet service,No internet service,No internet service,No internet service,No internet service,One year,No,Electronic check,33.67,562.95,No
CUST-00309,Female,0,No,No,30,Yes,No,No,No internet service,No internet service,No internet service,No internet service,No internet service,No internet service,One year,No,Credit card (automatic),37.67,1141.52,No
CUST-00310,Female,0,No,No,28,Yes,Yes,Fiber optic,No,No,Yes,No,No,No,One year,No,Electronic check,94.19,2629.22,Yes
CUST-00311,Female,0,Yes,No,68,Yes,Yes,No,No internet service,No internet service,No internet service,No internet service,No internet service,No internet service,One year,Yes,Electronic check,46.33,3142.65,No
CUST-00312,Male,1,No,No,6,Yes,No,DSL,No,No,No,Yes,No,Yes,Month-to-month,No,Electronic check,79.7,465.31,Yes
CUST-00313,Female,0,No,No,12,Yes,No,Fiber optic,Yes,Yes,No,Yes,No,No,Two year,Yes,Electronic check,98.18,1180.16,Yes
CUST-00314,Male,0,Yes,Yes,6,Yes,Yes,Fiber optic,No,No,No,No,No,Yes,Month-to-month,No,Bank transfer (automatic),101.43,611.87,Yes
CUST-00315,Male,1,Yes,No,2,Yes,No,DSL,Yes,No,No,Yes,Yes,No,Month-to-month,Yes,Credit card (automatic),85.66,166.43,Yes
CUST-00316,Female,0,No,No,26,Yes,Yes,DSL,Yes,Yes,Yes,No,No,Yes,Month-to-month,No,Credit card (automatic),97.55,2561.73,Yes
CUST-00317,Male,0,No,No,53,Yes,Yes,Fiber optic,No,No,No,No,No,Yes,One year,Yes,Credit card (automatic),102.64,5448.49,No
CUST-00318,Male,0,No,Yes,8,Yes,No,DSL,Yes,Yes,No,No,Yes,Yes,Month-to-month,No,Electronic check,96.49,798.29,Yes
CUST-00319,Male,0,No,No,48,Yes,No,Fiber optic,Yes,No,Yes,Yes,No,No,Two year,No,Electronic check,99.48,4777.0,No
CUST-00320,Female,0,Yes,Yes,47,Yes,No,No,No internet service,No internet service,No internet service,No internet service,No internet service,No internet service,Two year,No,Mailed check,35.71,1667.38,No
CUST-00321,Female,1,No,No,69,Yes,Yes,DSL,No,Yes,No,Yes,No,Yes,One year,No,Credit card (automatic),96.31,6630.47,No
CUST-00322,Male,0,No,Yes,42,Yes,No,Fiber optic,No,No,Yes,Yes,Yes,No,Two year,Yes,Mailed check,107.94,4531.63,No
CUST-00323,Female,0,No,No,44,Yes,No,Fiber optic,No,No,No,No,No,Yes,Two year,No,Bank transfer (automatic),90.38,3988.02,No
CUST-00324,Female,0,Yes,Yes,31,Yes,Yes,DSL,No,Yes,Yes,No,Yes,No,One year,Yes,Bank transfer (automatic),93.56,2895.9,No
CUST-00325,Female,0,Yes,Yes,46,Yes,Yes,No,No internet service,No internet service,No internet service,No internet service,No internet service,No internet service,One year,No,Electronic check,46.5,2151.85,Yes
CUST-00326,Female,1,Yes,Yes,63,No,No phone service,No,No internet service,No internet service,No internet service,No internet service,No internet service,No internet service,One year,No,Bank transfer (automatic),20.81,1332.08,No
CUST-00327,Male,0,No,No,17,Yes,No,DSL,Yes,Yes,Yes,Yes,No,No,Month-to-month,Yes,Electronic check,82.55,1391.25,No
CUST-00328,Male,0,Yes,Yes,26,No,No phone service,DSL,No,No,Yes,Yes,No,No,One year,No,Mailed check,56.5,1452.51,No
CUST-00329,Female,0,Yes,Yes,22,Yes,No,No,No internet service,No internet service,No internet service,No internet service,No internet service,No internet service,Two year,Yes,Mailed check,35.0,784.22,No
CUST-00330,Female,0,Yes,No,64,Yes,Yes,No,No internet service,No internet service,No internet service,No internet service,No internet service,No internet service,Month-to-month,Yes,Mailed check,47.46,3041.47,No
CUST-00331,Male,0,Yes,No,28,Yes,No,Fiber optic,No,Yes,No,Yes,Yes,No,One year,Yes,Electronic check,105.35,2954.68,No
CUST-00332,Male,0,No,No,19,Yes,No,DSL,No,Yes,No,Yes,No,No,One year,Yes,Credit card (automatic),74.97,1434.89,Yes
CUST-00333,Female,0,No,No,45,No,No phone service,Fiber optic,Yes,No,No,Yes,Yes,No,One year,Yes,Credit card (automatic),91.12,4077.51,Yes
CUST-00334,Male,0,No,No,24,No,No phone service,DSL,No,No,Yes,No,Yes,Yes,Two year,Yes,Credit card (automatic),75.87,1827.5,No
CUST-00335,Female,0,Yes,Yes,44,Yes,Yes,No,No internet service,No internet service,No internet service,No internet service,No internet service,No internet service,Month-to-month,Yes,Mailed check,46.61,2053.55,No
CUST-00336,Female,0,No,No,63,No,No phone service,No,No internet service,No internet service,No internet service,No internet service,No internet service,No internet service,One year,No,Electronic check,21.42,1356.39,No
CUST-00337,Male,0,Yes,Yes,3,Yes,No,Fiber optic,No,No,No,No,Yes,Yes,One year,Yes,Electronic check,105.36,301.76,Yes
CUST-00338,Male,0,Yes,Yes,4,Yes,No,DSL,No,Yes,No,No,No,Yes,Month-to-month,Yes,Bank transfer (automatic),77.08,309.53,Yes
CUST-00339,Female,0,Yes,Yes,23,Yes,No,Fiber optic,No,Yes,No,Yes,No,Yes,One year,Yes,Electronic check,105.77,2425.46,Yes
CUST-00340,Female,0,Yes,No,22,Yes,No,DSL,Yes,No,No,No,Yes,Yes,One year,No,Electronic check,90.78,2012.82,Yes
CUST-00341,Male,0,Yes,Yes,68,Yes,Yes,DSL,Yes,Yes,No,No,No,No,Month-to-month,No,Mailed check,82.72,5623.66,Yes
CUST-00342,Female,0,No,No,58,Yes,Yes,Fiber optic,Yes,Yes,Yes,No,No,Yes,Month-to-month,Yes,Mailed check,120.89,7002.62,Yes
CUST-00343,Male,0,No,No,13,Yes,Yes,Fiber optic,No,No,No,No,Yes,No,Two year,No,Electronic check,99.35,1276.69,Yes
CUST-00344,Female,0,No,No,51,Yes,Yes,Fiber optic,Yes,Yes,No,Yes,No,No,Month-to-month,Yes,Credit card (automatic),111.8,5714.89,Yes
CUST-00345,Male,1,Yes,No,24,Yes,Yes,No,No internet service,No internet service,No internet service,No internet service,No internet service,No internet service,One year,Yes,Bank transfer (automatic),42.45,1033.52,No
CUST-00346,Male,0,Yes,Yes,58,Yes,No,Fiber optic,Yes,No,No,No,No,No,One year,Yes,Electronic check,84.87,4951.31,No
CUST-00347,Male,0,Yes,Yes,3,Yes,No,Fiber optic,No,No,Yes,No,No,No,One year,No,Electronic check,86.29,254.04,Yes
CUST-00348,Female,0,No,No,70,Yes,Yes,Fiber optic,Yes,Yes,Yes,Yes,No,No,Two year,Yes,Electronic check,115.96,8102.01,No
CUST-00349,Female,0,No,No,3,Yes,No,DSL,No,Yes,No,No,Yes,Yes,Month-to-month,No,Electronic check,92.13,274.5,Yes
CUST-00350,Male,0,No,No,55,Yes,No,Fiber optic,Yes,Yes,No,No,No,No,Two year,No,Electronic check,90.24,4952.73,Yes
CUST-00351,Female,0,Yes,No,61,Yes,No,Fiber optic,Yes,No,Yes,Yes,Yes,Yes,Two year,Yes,Bank transfer (automatic),123.45,7521.01,No
CUST-00352,Male,1,No,No,61,Yes,No,No,No internet service,No internet service,No internet service,No internet service,No internet service,No internet service,Two year,Yes,Bank transfer (automatic),32.05,1962.17,No
CUST-00353,Male,0,Yes,Yes,49,Yes,No,Fiber optic,No,No,Yes,No,No,Yes,One year,Yes,Electronic check,98.2,4828.18,Yes
CUST-00354,Female,1,No,No,37,Yes,Yes,DSL,No,No,Yes,Yes,Yes,No,Month-to-month,No,Bank transfer (automatic),95.69,3546.73,Yes
CUST-00355,Female,0,No,Yes,11,Yes,No,DSL,No,Yes,Yes,No,Yes,Yes,Month-to-month,No,Credit card (automatic),94.14,1037.24,Yes
CUST-00356,Male,0,No,No,50,Yes,Yes,Fiber optic,No,No,No,Yes,No,Yes,Two year,No,Bank transfer (automatic),111.96,5610.31,No
CUST-00357,Female,1,No,No,25,Yes,No,Fiber optic,Yes,No,Yes,No,Yes,Yes,Two year,No,Credit card (automatic),117.62,2937.09,No
CUST-00358,Female,0,Yes,Yes,61,Yes,No,Fiber optic,Yes,No,No,Yes,No,No,One year,Yes,Mailed check,94.11,5762.46,No
CUST-00359,Male,0,No,No,71,Yes,No,DSL,No,No,No,No,Yes,Yes,Month-to-month,No,Mailed check,85.71,6130.4,No
CUST-00360,Male,0,No,No,69,Yes,No,No,No internet service,No internet service,No internet service,No internet service,No internet service,No internet service,Month-to-month,Yes,Mailed check,34.86,2395.9,Yes
CUST-00361,Female,0,Yes,No,28,Yes,Yes,DSL,Yes,No,No,No,Yes,Yes,Two year,Yes,Credit card (automatic),101.07,2848.1,Yes
CUST-00362,Male,0,Yes,No,19,Yes,No,Fiber optic,No,No,No,Yes,Yes,Yes,Month-to-month,Yes,Mailed check,113.29,2170.67,Yes
CUST-00363,Male,0,Yes,No,71,Yes,No,DSL,No,No,Yes,Yes,No,No,Two year,Yes,Credit card (automatic),72.4,5148.31,No
CUST-00364,Female,0,Yes,No,41,No,No phone service,Fiber optic,Yes,No,No,No,No,No,Two year,Yes,Mailed check,71.65,2956.95,No
CUST-00365,Male,0,Yes,Yes,40,Yes,No,DSL,Yes,No,No,Yes,Yes,Yes,Two year,Yes,Electronic check,98.25,3935.32,No
CUST-00366,Male,0,No,No,2,Yes,No,Fiber optic,Yes,Yes,Yes,Yes,Yes,Yes,Month-to-month,Yes,Electronic check,128.46,266.65,Yes
CUST-00367,Female,0,Yes,No,9,Yes,No,Fiber optic,Yes,Yes,Yes,Yes,No,Yes,Month-to-month,Yes,Electronic check,116.08,1045.95,Yes
CUST-00368,Female,0,Yes,Yes,34,Yes,No,Fiber optic,No,No,Yes,No,No,No,Two year,Yes,Electronic check,86.75,2951.61,Yes
CUST-00369,Male,0,No,No,5,Yes,No,Fiber optic,No,No,Yes,Yes,No,Yes,Month-to-month,Yes,Bank transfer (automatic),105.58,537.44,Yes
CUST-00370,Male,0,No,No,56,Yes,Yes,Fiber optic,Yes,No,Yes,No,Yes,No,Month-to-month,No,Mailed check,111.8,6267.12,Yes
CUST-00371,Female,0,No,No,33,Yes,Yes,No,No internet service,No internet service,No internet service,No internet service,No internet service,No internet service,Month-to-month,No,Bank transfer (automatic),45.87,1498.01,No
CUST-00372,Female,1,Yes,No,51,Yes,No,No,No internet service,No internet service,No internet service,No internet service,No internet service,No internet service,Month-to-month,Yes,Bank transfer (automatic),36.4,1864.04,Yes
CUST-00373,Female,0,No,No,27,Yes,No,Fiber optic,Yes,No,No,No,Yes,No,Two year,Yes,Credit card (automatic),96.24,2594.8,No
CUST-00374,Female,0,No,No,1,Yes,Yes,DSL,No,No,No,Yes,No,Yes,Month-to-month,No,Electronic check,90.0,90.0,Yes
CUST-00375,Male,0,Yes,No,70,Yes,Yes,No,No internet service,No internet service,No internet service,No internet service,No internet service,No internet service,Two year,Yes,Electronic check,47.28,3324.15,No
CUST-00376,Female,0,Yes,Yes,2,Yes,No,No,No internet service,No internet service,No internet service,No internet service,No internet service,No internet service,Month-to-month,Yes,Mailed check,33.63,53.25,No
CUST-00377,Female,0,No,No,12,Yes,No,Fiber optic,No,No,No,Yes,Yes,No,Month-to-month,No,Electronic check,102.56,1226.65,Yes
CUST-00378,Male,0,No,No,5,Yes,No,Fiber optic,Yes,Yes,No,No,No,No,One year,Yes,Electronic check,91.51,441.56,Yes
CUST-00379,Female,0,No,No,40,Yes,No,DSL,No,Yes,No,No,No,No,Two year,No,Bank transfer (automatic),65.89,2629.57,No
CUST-00380,Male,0,No,Yes,14,Yes,No,Fiber optic,No,Yes,No,Yes,No,Yes,Month-to-month,Yes,Bank transfer (automatic),103.91,1490.63,No
CUST-00381,Female,0,No,No,16,Yes,No,No,No internet service,No internet service,No internet service,No internet service,No internet service,No internet service,Month-to-month,No,Credit card (automatic),32.96,515.89,Yes
CUST-00382,Female,1,No,No,15,Yes,Yes,Fiber optic,No,Yes,Yes,No,Yes,No,One year,Yes,Credit card (automatic),113.02,1693.03,Yes
CUST-00383,Female,1,Yes,Yes,9,Yes,No,Fiber optic,No,Yes,No,No,No,No,Month-to-month,No,Mailed check,87.33,806.85,No
CUST-00384,Male,0,Yes,No,60,Yes,No,DSL,Yes,No,No,No,No,Yes,Two year,No,Credit card (automatic),81.51,4897.18,No
CUST-00385,Male,0,Yes,No,3,Yes,Yes,Fiber optic,No,No,Yes,No,No,Yes,Month-to-month,Yes,Electronic check,111.91,333.65,Yes
CUST-00386,Female,0,No,No,34,Yes,Yes,Fiber optic,Yes,Yes,Yes,No,Yes,No,Month-to-month,No,Credit card (automatic),119.82,4063.49,Yes
CUST-00387,Male,0,No,No,70,No,No phone service,DSL,Yes,No,Yes,Yes,No,No,Month-to-month,No,Electronic check,64.47,4523.0,Yes
CUST-00388,Male,0,No,No,55,Yes,No,Fiber optic,No,Yes,No,No,Yes,Yes,Month-to-month,Yes,Credit card (automatic),108.52,5963.74,Yes
CUST-00389,Male,0,Yes,No,3,Yes,No,Fiber optic,Yes,No,Yes,Yes,Yes,No,Month-to-month,No,Electronic check,113.67,373.63,Yes
CUST-00390,Male,0,No,No,20,Yes,No,DSL,Yes,Yes,Yes,No,No,Yes,Month-to-month,Yes,Bank transfer (automatic),88.91,1773.96,Yes
CUST-00391,Male,0,Yes,No,18,Yes,Yes,DSL,No,Yes,No,No,No,No,One year,Yes,Mailed check,75.64,1386.87,No
CUST-00392,Male,0,Yes,Yes,71,No,No phone service,No,No internet service,No internet service,No internet service,No internet service,No internet service,No internet service,Two year,Yes,Mailed check,20.75,1486.41,No
CUST-00393,Female,0,No,Yes,34,Yes,No,DSL,Yes,No,Yes,Yes,No,Yes,Month-to-month,No,Electronic check,92.68,3164.16,Yes
CUST-00394,Female,0,No,No,35,Yes,No,Fiber optic,Yes,Yes,Yes,No,No,No,One year,No,Bank transfer (automatic),97.08,3395.43,Yes
CUST-00395,Male,1,No,No,10,No,No phone service,Fiber optic,No,No,Yes,No,No,No,Month-to-month,No,Electronic check,70.86,701.71,Yes
CUST-00396,Female,0,Yes,No,35,Yes,No,No,No internet service,No internet service,No internet service,No internet service,No internet service,No internet service,Month-to-month,Yes,Mailed check,34.12,1190.3,Yes
CUST-00397,Female,0,No,No,57,Yes,Yes,No,No internet service,No internet service,No internet service,No internet service,No internet service,No internet service,Two year,No,Electronic check,43.75,2509.43,No
CUST-00398,Female,0,Yes,No,22,Yes,No,Fiber optic,No,Yes,Yes,No,No,No,Month-to-month,Yes,Bank transfer (automatic),90.46,1997.98,Yes
CUST-00399,Female,0,Yes,Yes,45,Yes,No,Fiber optic,Yes,Yes,No,Yes,Yes,No,One year,Yes,Electronic check,109.79,4912.56,Yes
CUST-00400,Male,0,No,Yes,68,Yes,No,No,No internet service,No internet service,No internet service,No internet service,No internet service,No internet service,Month-to-month,Yes,Bank transfer (automatic),35.54,2397.39,No
CUST-00401,Female,0,No,Yes,44,Yes,Yes,Fiber optic,Yes,No,Yes,No,No,Yes,Two year,No,Credit card (automatic),113.64,4998.13,Yes
CUST-00402,Female,0,No,No,42,No,No phone service,Fiber optic,No,Yes,No,Yes,No,Yes,One year,No,Credit card (automatic),89.3,3758.64,Yes
CUST-00403,Male,0,Yes,Yes,13,Yes,Yes,Fiber optic,No,No,Yes,Yes,No,No,Month-to-month,Yes,Electronic check,102.16,1324.64,Yes
CUST-00404,Male,0,No,No,66,Yes,Yes,Fiber optic,No,No,Yes,No,Yes,Yes,Two year,No,Electronic check,118.13,7789.04,No
CUST-00405,Female,0,Yes,No,38,Yes,Yes,Fiber optic,No,No,Yes,No,No,No,Two year,Yes,Electronic check,95.08,3598.28,Yes
CUST-00406,Female,0,No,Yes,1,Yes,No,Fiber optic,Yes,No,Yes,No,No,Yes,One year,Yes,Credit card (automatic),105.69,119.39,Yes
CUST-00407,Female,0,Yes,Yes,24,Yes,No,Fiber optic,No,Yes,No,No,Yes,Yes,One year,Yes,Electronic check,108.98,2617.01,Yes
CUST-00408,Female,0,Yes,No,69,No,No phone service,No,No internet service,No internet service,No internet service,No internet service,No internet service,No internet service,Two year,Yes,Electronic check,20.84,1463.17,No
CUST-00409,Female,1,No,No,30,Yes,No,DSL,Yes,Yes,No,No,No,Yes,Month-to-month,Yes,Electronic check,86.34,2570.7,No
CUST-00410,Female,0,No,No,70,Yes,No,DSL,Yes,Yes,No,No,No,No,Two year,No,Credit card (automatic),72.25,5067.87,No
CUST-00411,Male,0,Yes,No,34,Yes,No,Fiber optic,No,No,No,No,No,No,Month-to-month,Yes,Credit card (automatic),78.85,2689.12,No
CUST-00412,Female,0,Yes,No,30,Yes,No,Fiber optic,Yes,No,Yes,No,Yes,No,One year,Yes,Bank transfer (automatic),103.87,3128.81,Yes
CUST-00413,Female,0,No,No,24,Yes,No,No,No internet service,No internet service,No internet service,No internet service,No internet service,No internet service,Month-to-month,No,Credit card (automatic),34.93,850.72,No
CUST-00414,Male,0,Yes,Yes,29,Yes,No,No,No internet service,No internet service,No internet service,No internet service,No internet service,No internet service,Two year,Yes,Bank transfer (automatic),37.59,1082.5,No
CUST-00415,Male,0,Yes,No,26,Yes,Yes,No,No internet service,No internet service,No internet service,No internet service,No internet service,No internet service,Month-to-month,Yes,Mailed check,42.4,1099.69,Yes
CUST-00416,Male,1,Yes,No,39,Yes,No,No,No internet service,No internet service,No internet service,No internet service,No internet service,No internet service,One year,Yes,Bank transfer (automatic),36.67,1432.63,No
CUST-00417,Male,0,Yes,No,54,Yes,No,No,No internet service,No internet service,No internet service,No internet service,No internet service,No internet service,One year,Yes,Electronic check,32.39,1734.02,No
CUST-00418,Female,0,No,No,59,Yes,No,DSL,No,Yes,Yes,No,No,Yes,One year,Yes,Electronic check,85.22,5043.45,No
CUST-00419,Female,0,No,No,56,No,No phone service,Fiber optic,No,No,Yes,Yes,No,Yes,Month-to-month,Yes,Bank transfer (automatic),90.39,5024.72,Yes
CUST-00420,Female,0,No,No,20,No,No phone service,Fiber optic,No,No,Yes,No,Yes,Yes,Month-to-month,Yes,Electronic check,97.74,1937.37,Yes
CUST-00421,Female,0,No,No,36,Yes,Yes,Fiber optic,No,Yes,No,No,Yes,Yes,Two year,Yes,Mailed check,121.01,4331.19,Yes
CUST-00422,Female,0,Yes,Yes,18,No,No phone service,Fiber optic,Yes,Yes,Yes,No,Yes,No,Two year,No,Bank transfer (automatic),95.86,1741.98,No
CUST-00423,Female,0,Yes,No,62,Yes,Yes,Fiber optic,No,Yes,Yes,No,Yes,No,Month-to-month,Yes,Bank transfer (automatic),112.59,6983.81,Yes
CUST-00424,Male,0,Yes,Yes,59,Yes,No,Fiber optic,No,Yes,Yes,No,No,No,One year,Yes,Credit card (automatic),94.71,5579.9,Yes
CUST-00425,Female,0,Yes,No,56,Yes,No,Fiber optic,Yes,Yes,No,No,No,No,One year,No,Mailed check,96.22,5389.76,No
CUST-00426,Male,1,Yes,No,32,Yes,Yes,DSL,No,No,No,No,Yes,No,Month-to-month,No,Electronic check,85.02,2724.6,Yes
CUST-00427,Male,0,No,No,52,Yes,No,Fiber optic,Yes,Yes,No,No,No,No,One year,Yes,Electronic check,90.5,4687.41,No
CUST-00428,Female,1,No,Yes,47,Yes,Yes,No,No internet service,No internet service,No internet service,No internet service,No internet service,No internet service,Two year,No,Electronic check,44.72,2104.03,No
CUST-00429,Male,0,Yes,Yes,27,Yes,No,Fiber optic,No,Yes,No,No,Yes,No,Two year,No,Electronic check,96.22,2618.77,No
CUST-00430,Female,1,No,Yes,17,Yes,No,No,No internet service,No internet service,No internet service,No internet service,No internet service,No internet service,Month-to-month,Yes,Electronic check,34.09,603.0,No
CUST-00431,Male,0,No,No,47,Yes,Yes,No,No internet service,No internet service,No internet service,No internet service,No internet service,No internet service,Two year,No,Electronic check,45.43,2148.01,No
CUST-00432,Female,0,No,No,72,Yes,No,Fiber optic,No,Yes,No,Yes,Yes,Yes,Month-to-month,Yes,Electronic check,119.09,8578.35,Yes
CUST-00433,Male,1,No,Yes,51,No,No phone service,DSL,No,No,No,Yes,Yes,No,One year,Yes,Mailed check,65.8,3369.67,No
CUST-00434,Female,0,No,No,72,Yes,No,Fiber optic,Yes,No,No,No,No,Yes,Two year,No,Bank transfer (automatic),95.42,6880.83,No
CUST-00435,Female,1,No,No,15,Yes,No,Fiber optic,No,Yes,Yes,Yes,No,Yes,One year,No,Bank transfer (automatic),111.95,1662.39,Yes
CUST-00436,Female,0,No,No,39,Yes,Yes,Fiber optic,No,Yes,No,Yes,Yes,Yes,One year,Yes,Electronic check,128.78,5008.72,No
CUST-00437,Female,0,No,No,52,Yes,No,DSL,Yes,No,No,No,No,No,Two year,Yes,Bank transfer (automatic),67.42,3515.36,No
CUST-00438,Female,0,Yes,Yes,60,Yes,No,Fiber optic,No,Yes,Yes,No,No,No,Two year,Yes,Electronic check,92.64,5548.37,No
CUST-00439,Male,0,Yes,Yes,5,Yes,No,DSL,No,Yes,No,Yes,No,Yes,Month-to-month,Yes,Credit card (automatic),86.73,418.27,Yes
CUST-00440,Male,0,No,No,42,Yes,Yes,No,No internet service,No internet service,No internet service,No internet service,No internet service,No internet service,One year,Yes,Electronic check,44.64,1894.22,No
CUST-00441,Male,0,Yes,No,24,Yes,No,Fiber optic,Yes,Yes,No,No,No,Yes,One year,No,Credit card (automatic),104.41,2506.78,No
CUST-00442,Female,0,Yes,No,45,Yes,No,DSL,No,Yes,Yes,No,Yes,Yes,Month-to-month,Yes,Electronic check,99.88,4493.63,Yes
CUST-00443,Male,0,No,No,72,Yes,No,DSL,No,Yes,Yes,No,Yes,Yes,Month-to-month,Yes,Credit card (automatic),97.81,7024.28,Yes
CUST-00444,Female,1,Yes,No,68,No,No phone service,Fiber optic,No,Yes,No,No,No,No,Two year,Yes,Credit card (automatic),71.55,4858.67,No
CUST-00445,Female,0,No,No,53,Yes,Yes,Fiber optic,No,No,No,No,No,Yes,Month-to-month,Yes,Mailed check,103.09,5458.62,Yes
CUST-00446,Male,0,No,No,57,Yes,Yes,Fiber optic,No,No,No,No,Yes,Yes,Two year,Yes,Mailed check,114.11,6490.69,No
CUST-00447,Male,0,No,No,31,No,No phone service,Fiber optic,Yes,No,No,No,Yes,Yes,Month-to-month,Yes,Electronic check,95.11,2930.18,Yes
CUST-00448,Female,0,No,No,22,Yes,No,Fiber optic,Yes,No,No,No,Yes,No,One year,No,Electronic check,99.43,2213.68,Yes
CUST-00449,Male,0,Yes,Yes,7,Yes,Yes,Fiber optic,No,Yes,Yes,No,No,Yes,One year,Yes,Electronic check,113.1,812.84,No
CUST-00450,Female,0,No,No,61,Yes,No,No,No internet service,No internet service,No internet service,No internet service,No internet service,No internet service,Two year,Yes,Mailed check,34.81,2121.84,No
CUST-00451,Female,0,No,No,67,Yes,No,Fiber optic,No,Yes,No,Yes,Yes,Yes,Month-to-month,Yes,Electronic check,115.94,7748.07,Yes
CUST-00452,Female,1,No,No,46,Yes,Yes,DSL,No,No,No,Yes,No,No,One year,Yes,Mailed check,79.16,3615.48,Yes
CUST-00453,Female,0,Yes,No,6,Yes,No,Fiber optic,No,Yes,Yes,Yes,Yes,Yes,Month-to-month,Yes,Bank transfer (automatic),125.6,746.83,Yes
CUST-00454,Female,0,Yes,No,63,Yes,Yes,DSL,No,Yes,No,No,No,No,Two year,No,Mailed check,76.9,4810.9,No
CUST-00455,Male,0,No,No,54,Yes,Yes,Fiber optic,No,No,No,No,No,Yes,One year,No,Electronic check,101.65,5482.31,No
CUST-00456,Male,0,Yes,Yes,28,Yes,No,Fiber optic,Yes,Yes,Yes,Yes,Yes,Yes,Month-to-month,Yes,Mailed check,129.93,3607.72,Yes
CUST-00457,Female,0,No,No,60,Yes,No,DSL,No,No,No,Yes,Yes,No,Month-to-month,No,Electronic check,80.22,4811.79,No
CUST-00458,Female,0,Yes,Yes,28,Yes,Yes,No,No internet service,No internet service,No internet service,No internet service,No internet service,No internet service,Month-to-month,No,Electronic check,46.64,1308.87,Yes
CUST-00459,Male,0,Yes,Yes,3,Yes,No,Fiber optic,No,No,Yes,No,No,No,Month-to-month,Yes,Mailed check,87.55,259.85,Yes
CUST-00460,Male,0,Yes,Yes,62,Yes,No,DSL,Yes,Yes,Yes,No,No,No,Two year,Yes,Electronic check,75.85,4735.28,No
CUST-00461,Female,1,Yes,Yes,52,Yes,No,DSL,No,Yes,No,Yes,No,Yes,Month-to-month,Yes,Electronic check,84.68,4400.27,Yes
CUST-00462,Male,1,No,No,16,Yes,No,Fiber optic,No,No,Yes,Yes,Yes,Yes,One year,Yes,Credit card (automatic),118.65,1924.35,Yes
CUST-00463,Female,0,No,No,27,Yes,Yes,DSL,No,No,Yes,No,No,Yes,One year,Yes,Credit card (automatic),85.99,2326.17,No
CUST-00464,Male,0,Yes,No,13,Yes,No,DSL,Yes,No,No,No,No,Yes,Month-to-month,No,Credit card (automatic),79.38,1062.13,Yes
CUST-00465,Female,0,No,No,62,Yes,Yes,DSL,No,No,Yes,Yes,Yes,No,One year,Yes,Electronic check,95.59,5900.25,Yes
CUST-00466,Male,0,Yes,Yes,28,Yes,Yes,Fiber optic,Yes,No,No,Yes,No,Yes,One year,Yes,Electronic check,117.06,3261.44,Yes
CUST-00467,Female,0,No,No,45,Yes,No,DSL,No,Yes,No,Yes,Yes,Yes,One year,Yes,Bank transfer (automatic),98.05,4407.95,Yes
CUST-00468,Male,0,Yes,Yes,49,Yes,No,DSL,No,Yes,No,No,Yes,No,Two year,Yes,Credit card (automatic),77.85,3838.7,No
CUST-00469,Male,0,No,No,39,Yes,Yes,No,No internet service,No internet service,No internet service,No internet service,No internet service,No internet service,Month-to-month,No,Electronic check,43.37,1687.84,Yes
CUST-00470,Female,0,No,No,6,Yes,Yes,DSL,No,Yes,No,Yes,Yes,Yes,One year,No,Credit card (automatic),107.18,632.88,No
CUST-00471,Male,0,No,No,61,Yes,No,Fiber optic,No,Yes,Yes,No,No,No,Two year,No,Bank transfer (automatic),91.83,5610.73,No
CUST-00472,Female,1,No,No,26,Yes,No,DSL,Yes,Yes,No,Yes,Yes,No,One year,No,Credit card (automatic),91.78,2399.87,No
CUST-00473,Male,1,No,Yes,57,Yes,No,DSL,Yes,Yes,Yes,No,No,Yes,Month-to-month,Yes,Electronic check,91.09,5180.62,No
CUST-00474,Female,0,No,No,1,Yes,No,Fiber optic,No,No,No,No,No,Yes,One year,No,Mailed check,91.04,91.04,Yes
CUST-00475,Male,0,No,No,61,Yes,No,DSL,No,Yes,No,No,No,Yes,One year,Yes,Mailed check,77.96,4780.98,No
CUST-00476,Female,1,No,No,9,No,No phone service,DSL,No,Yes,Yes,No,Yes,No,Month-to-month,Yes,Bank transfer (automatic),71.26,660.07,No
CUST-00477,Male,0,No,No,21,Yes,Yes,Fiber optic,Yes,No,Yes,Yes,No,No,Two year,Yes,Bank transfer (automatic),111.23,2358.58,No
CUST-00478,Female,0,Yes,Yes,2,Yes,No,DSL,No,Yes,No,No,No,Yes,Month-to-month,Yes,Credit card (automatic),78.16,170.43,Yes
CUST-00479,Male,0,No,No,59,Yes,Yes,Fiber optic,No,No,Yes,Yes,Yes,No,Two year,Yes,Credit card (automatic),113.81,6701.99,No
CUST-00480,Female,0,Yes,Yes,9,Yes,Yes,DSL,No,No,No,No,Yes,Yes,Month-to-month,No,Electronic check,91.94,826.97,Yes
CUST-00481,Female,0,No,Yes,39,Yes,No,DSL,Yes,No,Yes,No,No,Yes,Two year,No,Mailed check,84.96,3297.52,No
CUST-00482,Female,1,No,No,36,Yes,No,DSL,No,No,No,No,Yes,No,Two year,Yes,Mailed check,73.11,2646.6,No
CUST-00483,Male,1,No,Yes,5,Yes,Yes,No,No internet service,No internet service,No internet service,No internet service,No internet service,No internet service,Month-to-month,Yes,Credit card (automatic),42.08,202.25,Yes
CUST-00484,Female,0,Yes,Yes,60,Yes,Yes,Fiber optic,Yes,Yes,Yes,Yes,Yes,Yes,One year,Yes,Mailed check,141.05,8437.32,Yes
CUST-00485,Male,0,Yes,Yes,19,Yes,Yes,Fiber optic,Yes,Yes,Yes,No,Yes,Yes,One year,Yes,Bank transfer (automatic),131.16,2493.75,Yes
CUST-00486,Female,1,No,No,24,Yes,No,Fiber optic,No,No,No,Yes,Yes,Yes,One year,No,Electronic check,111.39,2690.24,No
CUST-00487,Male,0,No,Yes,33,Yes,No,No,No internet service,No internet service,No internet service,No internet service,No internet service,No internet service,Month-to-month,Yes,Bank transfer (automatic),36.33,1178.23,Yes
CUST-00488,Female,1,Yes,No,6,Yes,Yes,Fiber optic,No,Yes,Yes,No,Yes,No,Month-to-month,No,Electronic check,115.1,688.72,Yes
CUST-00489,Male,0,Yes,No,56,Yes,No,Fiber optic,No,Yes,Yes,No,No,No,Month-to-month,Yes,Bank transfer (automatic),91.85,5135.28,No
CUST-00490,Male,0,No,No,72,Yes,Yes,Fiber optic,Yes,Yes,No,No,No,Yes,Month-to-month,Yes,Credit card (automatic),115.03,8297.03,Yes
CUST-00491,Female,0,No,No,61,Yes,No,Fiber optic,No,No,Yes,No,No,No,Two year,No,Electronic check,85.45,5181.74,No
CUST-00492,Male,0,Yes,Yes,2,Yes,Yes,No,No internet service,No internet service,No internet service,No internet service,No internet service,No internet service,Month-to-month,Yes,Mailed check,43.82,104.66,Yes
CUST-00493,Male,0,Yes,Yes,50,Yes,No,No,No internet service,No internet service,No internet service,No internet service,No internet service,No internet service,One year,Yes,Credit card (automatic),36.89,1833.92,No
CUST-00494,Female,0,Yes,Yes,39,Yes,Yes,DSL,Yes,Yes,No,No,No,No,One year,No,Electronic check,83.99,3273.21,Yes
CUST-00495,Male,0,No,No,17,Yes,No,Fiber optic,No,Yes,Yes,Yes,Yes,Yes,Two year,Yes,Electronic check,123.03,2104.39,No
CUST-00496,Male,0,Yes,Yes,54,Yes,Yes,Fiber optic,Yes,Yes,Yes,No,No,No,One year,Yes,Mailed check,107.2,5810.98,No
CUST-00497,Male,0,Yes,Yes,38,Yes,No,DSL,Yes,Yes,No,Yes,No,Yes,Two year,No,Credit card (automatic),93.34,3547.69,No
CUST-00498,Female,1,Yes,No,39,Yes,No,No,No internet service,No internet service,No internet service,No internet service,No internet service,No internet service,One year,Yes,Mailed check,33.96,1313.57,No
CUST-00499,Male,1,Yes,Yes,31,Yes,No,Fiber optic,No,Yes,Yes,Yes,Yes,Yes,Month-to-month,No,Mailed check,125.2,3873.23,Yes
CUST-00500,Female,0,No,No,50,Yes,Yes,Fiber optic,No,No,No,No,No,No,Month-to-month,Yes,Electronic check,88.46,4440.49,Yes
CUST-00501,Male,0,Yes,Yes,39,Yes,Yes,DSL,No,Yes,No,No,Yes,Yes,One year,No,Credit card (automatic),99.57,3869.97,No
CUST-00502,Male,0,Yes,Yes,40,Yes,No,DSL,No,Yes,No,No,No,Yes,Month-to-month,Yes,Electronic check,79.47,3183.73,No
CUST-00503,Male,0,Yes,No,4,Yes,No,DSL,Yes,No,No,No,Yes,No,Month-to-month,Yes,Electronic check,76.55,306.31,Yes
CUST-00504,Female,1,Yes,Yes,18,Yes,No,DSL,Yes,No,Yes,No,Yes,No,Month-to-month,No,Mailed check,83.12,1507.55,No
CUST-00505,Male,0,Yes,No,52,Yes,No,Fiber optic,Yes,Yes,Yes,No,No,Yes,Two year,Yes,Mailed check,110.56,5749.63,No
CUST-00506,Male,0,No,No,34,Yes,No,No,No internet service,No internet service,No internet service,No internet service,No internet service,No internet service,Month-to-month,No,Mailed check,32.3,1091.69,No
CUST-00507,Female,1,No,No,61,Yes,Yes,Fiber optic,Yes,No,No,No,Yes,Yes,One year,Yes,Bank transfer (automatic),120.11,7319.15,No
CUST-00508,Male,0,No,No,52,Yes,No,DSL,Yes,No,No,Yes,No,No,Month-to-month,Yes,Credit card (automatic),75.74,3930.64,No
CUST-00509,Female,1,No,No,2,No,No phone service,DSL,No,No,Yes,No,No,No,Month-to-month,Yes,Electronic check,52.3,83.91,Yes
CUST-00510,Female,1,No,No,30,No,No phone service,Fiber optic,Yes,No,Yes,No,No,No,Month-to-month,No,Mailed check,76.93,2315.49,Yes
CUST-00511,Male,0,Yes,Yes,23,Yes,Yes,Fiber optic,Yes,No,Yes,Yes,No,Yes,One year,No,Mailed check,122.03,2809.84,Yes
CUST-00512,Female,1,No,No,7,Yes,Yes,No,No internet service,No internet service,No internet service,No internet service,No internet service,No internet service,One year,Yes,Electronic check,47.24,308.69,No
CUST-00513,Male,0,No,No,70,No,No phone service,Fiber optic,No,No,No,Yes,No,No,One year,No,Credit card (automatic),75.06,5248.12,No
CUST-00514,Female,0,No,No,35,Yes,Yes,No,No internet service,No internet service,No internet service,No internet service,No internet service,No internet service,Month-to-month,Yes,Electronic check,44.86,1565.97,Yes
CUST-00515,Female,0,No,No,65,Yes,Yes,DSL,No,No,Yes,No,Yes,Yes,Two year,No,Electronic check,99.06,6430.12,No
CUST-00516,Male,1,Yes,Yes,11,No,No phone service,Fiber optic,Yes,No,No,No,No,Yes,Month-to-month,Yes,Electronic check,84.29,925.39,Yes
CUST-00517,Female,0,No,No,67,Yes,No,DSL,No,Yes,No,No,Yes,No,Two year,Yes,Electronic check,79.7,5338.3,No
CUST-00518,Female,0,No,No,60,No,No phone service,Fiber optic,No,No,No,No,No,Yes,One year,Yes,Electronic check,79.07,4757.62,No
CUST-00519,Female,0,No,No,69,Yes,Yes,Fiber optic,No,No,Yes,No,No,Yes,One year,Yes,Electronic check,108.88,7512.65,No
CUST-00520,Female,0,Yes,No,32,Yes,No,Fiber optic,Yes,No,Yes,Yes,No,Yes,One year,No,Bank transfer (automatic),111.47,3575.94,No
CUST-00521,Female,0,Yes,Yes,15,Yes,No,DSL,No,Yes,No,No,Yes,No,Month-to-month,No,Electronic check,75.5,1111.64,Yes
CUST-00522,Male,0,Yes,No,71,Yes,Yes,Fiber optic,No,Yes,No,Yes,No,Yes,Two year,No,Credit card (automatic),118.91,8426.69,No
CUST-00523,Female,0,No,No,41,Yes,Yes,DSL,No,No,No,Yes,No,No,One year,Yes,Electronic check,80.4,3275.79,Yes
CUST-00524,Male,0,Yes,Yes,48,Yes,No,DSL,No,No,No,Yes,No,No,Month-to-month,No,Bank transfer (automatic),66.85,3202.86,No
CUST-00525,Female,0,Yes,Yes,42,Yes,No,Fiber optic,Yes,Yes,Yes,Yes,No,Yes,One year,Yes,Electronic check,118.29,4969.01,Yes
CUST-00526,Male,0,No,No,29,Yes,No,No,No internet service,No internet service,No internet service,No internet service,No internet service,No internet service,One year,No,Mailed check,34.67,1030.45,No
CUST-00527,Male,0,Yes,No,32,Yes,No,Fiber optic,No,Yes,No,No,Yes,Yes,Two year,Yes,Electronic check,110.1,3510.75,No
CUST-00528,Female,1,No,No,58,Yes,Yes,Fiber optic,Yes,No,No,Yes,No,Yes,One year,Yes,Electronic check,115.4,6705.94,Yes
CUST-00529,Female,0,Yes,No,51,Yes,No,DSL,No,No,Yes,Yes,Yes,No,One year,No,Mailed check,87.04,4426.56,No
CUST-00530,Female,1,No,No,43,Yes,No,DSL,Yes,Yes,Yes,Yes,Yes,No,One year,Yes,Mailed check,96.3,4141.26,No
CUST-00531,Male,0,No,No,8,Yes,No,DSL,No,Yes,Yes,No,Yes,Yes,One year,No,Electronic check,95.41,761.0,Yes
CUST-00532,Female,0,No,No,70,Yes,Yes,No,No internet service,No internet service,No internet service,No internet service,No internet service,No internet service,One year,Yes,Bank transfer (automatic),46.31,3227.84,No
CUST-00533,Male,0,No,Yes,53,Yes,Yes,Fiber optic,No,No,Yes,No,No,Yes,One year,No,Electronic check,105.04,5554.44,No
CUST-00534,Male,0,Yes,Yes,2,No,No phone service,No,No internet service,No internet service,No internet service,No internet service,No internet service,No internet service,Month-to-month,Yes,Electronic check,20.46,64.88,No
CUST-00535,Male,0,Yes,No,47,Yes,Yes,Fiber optic,Yes,Yes,Yes,No,No,Yes,Two year,Yes,Electronic check,119.18,5593.46,No
CUST-00536,Female,1,Yes,Yes,6,Yes,No,Fiber optic,Yes,No,No,Yes,Yes,No,Month-to-month,Yes,Mailed check,108.42,665.5,Yes
CUST-00537,Female,0,No,No,16,Yes,Yes,No,No internet service,No internet service,No internet service,No internet service,No internet service,No internet service,Month-to-month,No,Credit card (automatic),45.49,738.02,No
CUST-00538,Male,0,No,No,1,Yes,No,DSL,No,No,No,No,No,No,Month-to-month,Yes,Mailed check,58.82,58.82,Yes
CUST-00539,Male,0,Yes,No,28,Yes,Yes,Fiber optic,No,No,No,Yes,No,Yes,Month-to-month,Yes,Mailed check,112.18,3140.99,Yes
CUST-00540,Female,0,No,No,67,Yes,No,No,No internet service,No internet service,No internet service,No internet service,No internet service,No internet service,Two year,No,Electronic check,35.03,2348.82,No
CUST-00541,Male,0,Yes,Yes,32,Yes,No,Fiber optic,Yes,No,No,Yes,No,No,One year,Yes,Bank transfer (automatic),94.2,3021.7,No
CUST-00542,Female,0,No,No,45,No,No phone service,DSL,Yes,No,Yes,Yes,No,No,Two year,No,Electronic check,66.33,2978.77,No
CUST-00543,Male,1,No,No,17,Yes,No,DSL,No,Yes,No,No,No,No,Month-to-month,Yes,Bank transfer (automatic),65.09,1083.93,Yes
CUST-00544,Female,0,Yes,No,67,Yes,No,Fiber optic,No,No,No,Yes,Yes,Yes,Two year,Yes,Credit card (automatic),114.17,7638.88,No
CUST-00545,Male,0,No,No,62,Yes,No,DSL,No,No,Yes,No,Yes,No,Month-to-month,Yes,Bank transfer (automatic),78.87,4907.42,No
CUST-00546,Female,0,Yes,Yes,39,Yes,Yes,No,No internet service,No internet service,No internet service,No internet service,No internet service,No internet service,Two year,No,Bank transfer (automatic),44.04,1717.09,No
CUST-00547,Male,0,No,No,68,Yes,No,DSL,No,No,No,No,Yes,No,Two year,Yes,Bank transfer (automatic),71.35,4845.49,No
CUST-00548,Female,0,No,No,66,Yes,No,Fiber optic,Yes,Yes,Yes,Yes,No,Yes,Month-to-month,No,Mailed check,116.12,7641.79,No
CUST-00549,Female,0,Yes,Yes,7,Yes,No,Fiber optic,Yes,No,Yes,No,No,Yes,Month-to-month,No,Electronic check,104.46,749.78,Yes
CUST-00550,Male,0,Yes,Yes,19,Yes,No,Fiber optic,No,No,Yes,No,Yes,Yes,Month-to-month,No,Bank transfer (automatic),109.73,2081.76,Yes
CUST-00551,Male,0,Yes,Yes,51,Yes,Yes,Fiber optic,Yes,Yes,Yes,Yes,No,No,One year,No,Mailed check,116.47,5956.28,No
CUST-00552,Female,0,No,No,52,No,No phone service,No,No internet service,No internet service,No internet service,No internet service,No internet service,No internet service,Two year,No,Bank transfer (automatic),18.5,972.24,No
CUST-00553,Male,0,No,No,10,No,No phone service,Fiber optic,No,Yes,Yes,No,Yes,Yes,Month-to-month,Yes,Mailed check,100.21,1014.03,Yes
CUST-00554,Female,1,Yes,No,20,Yes,Yes,No,No internet service,No internet service,No internet service,No internet service,No internet service,No internet service,One year,Yes,Electronic check,43.53,895.49,No
CUST-00555,Male,0,No,No,64,Yes,Yes,DSL,Yes,No,No,No,Yes,No,Two year,Yes,Credit card (automatic),88.74,5681.17,No
CUST-00556,Female,1,No,No,51,Yes,No,DSL,Yes,No,No,Yes,No,Yes,Two year,No,Electronic check,85.1,4338.1,No
CUST-00557,Female,0,Yes,Yes,5,Yes,Yes,DSL,Yes,Yes,Yes,Yes,No,Yes,One year,No,Credit card (automatic),108.71,567.01,No
CUST-00558,Female,0,Yes,No,46,No,No phone service,DSL,No,No,No,No,Yes,Yes,One year,No,Credit card (automatic),68.2,3149.71,No
CUST-00559,Female,0,No,No,35,Yes,No,Fiber optic,No,No,Yes,Yes,No,No,Month-to-month,Yes,Credit card (automatic),96.44,3364.83,Yes
CUST-00560,Female,0,No,Yes,5,Yes,Yes,Fiber optic,No,No,Yes,No,No,No,Month-to-month,Yes,Electronic check,96.08,496.05,Yes
CUST-00561,Female,0,Yes,Yes,16,Yes,No,Fiber optic,Yes,No,No,Yes,Yes,Yes,One year,No,Credit card (automatic),119.37,1932.64,Yes
CUST-00562,Male,0,Yes,No,15,No,No phone service,DSL,No,Yes,No,No,Yes,No,Month-to-month,Yes,Mailed check,62.83,907.95,No
CUST-00563,Male,0,Yes,Yes,59,Yes,Yes,Fiber optic,No,Yes,No,Yes,Yes,Yes,Two year,No,Electronic check,129.38,7614.75,No
CUST-00564,Male,0,No,No,52,Yes,No,No,No internet service,No internet service,No internet service,No internet service,No internet service,No internet service,One year,Yes,Electronic check,33.84,1747.53,No
CUST-00565,Female,0,Yes,Yes,8,No,No phone service,No,No internet service,No internet service,No internet service,No internet service,No internet service,No internet service,One year,Yes,Electronic check,19.94,170.37,No
CUST-00566,Female,0,Yes,No,32,Yes,No,No,No internet service,No internet service,No internet service,No internet service,No internet service,No internet service,One year,No,Electronic check,34.3,1109.43,No
CUST-00567,Female,0,No,No,48,Yes,No,No,No internet service,No internet service,No internet service,No internet service,No internet service,No internet service,Two year,Yes,Electronic check,37.8,1822.19,No
CUST-00568,Female,0,No,No,37,Yes,Yes,Fiber optic,Yes,Yes,Yes,Yes,Yes,Yes,Two year,No,Credit card (automatic),138.22,5127.29,No
CUST-00569,Male,0,Yes,No,32,Yes,No,No,No internet service,No internet service,No internet service,No internet service,No internet service,No internet service,Month-to-month,Yes,Credit card (automatic),38.11,1202.9,Yes
CUST-00570,Male,1,Yes,No,56,Yes,No,Fiber optic,No,Yes,No,No,No,Yes,Two year,Yes,Bank transfer (automatic),95.94,5354.55,Yes
CUST-00571,Female,0,No,No,50,Yes,Yes,No,No internet service,No internet service,No internet service,No internet service,No internet service,No internet service,Month-to-month,No,Electronic check,46.1,2323.8,Yes
CUST-00572,Male,1,Yes,No,56,Yes,Yes,DSL,Yes,Yes,Yes,No,No,No,Two year,No,Electronic check,87.07,4877.48,No
CUST-00573,Male,0,Yes,Yes,4,Yes,Yes,No,No internet service,No internet service,No internet service,No internet service,No internet service,No internet service,Month-to-month,No,Mailed check,45.38,199.65,No
CUST-00574,Female,0,No,No,10,Yes,No,Fiber optic,No,No,Yes,No,Yes,Yes,Month-to-month,No,Bank transfer (automatic),109.74,1086.92,Yes
CUST-00575,Male,0,Yes,No,9,Yes,No,DSL,No,No,No,No,Yes,No,One year,No,Credit card (automatic),70.75,620.91,No
CUST-00576,Female,0,No,No,7,Yes,No,DSL,Yes,Yes,No,No,Yes,No,Month-to-month,No,Credit card (automatic),84.12,569.78,No
CUST-00577,Male,1,No,No,55,Yes,Yes,No,No internet service,No internet service,No internet service,No internet service,No internet service,No internet service,One year,Yes,Credit card (automatic),44.37,2452.37,No
CUST-00578,Female,0,Yes,No,61,No,No phone service,Fiber optic,No,Yes,No,Yes,No,No,Two year,Yes,Electronic check,79.86,4888.44,No
CUST-00579,Female,0,Yes,Yes,23,Yes,Yes,No,No internet service,No internet service,No internet service,No internet service,No internet service,No internet service,Two year,Yes,Electronic check,43.49,1008.4,No
CUST-00580,Female,0,No,No,58,Yes,Yes,DSL,Yes,No,No,Yes,No,No,Two year,No,Electronic check,84.71,4905.93,No
CUST-00581,Female,0,No,No,69,Yes,Yes,Fiber optic,No,No,Yes,No,Yes,No,One year,Yes,Electronic check,109.3,7551.26,Yes
CUST-00582,Male,1,No,Yes,19,Yes,Yes,DSL,Yes,No,Yes,Yes,No,No,Month-to-month,Yes,Credit card (automatic),89.84,1716.11,Yes
CUST-00583,Female,0,No,No,55,Yes,Yes,Fiber optic,No,Yes,Yes,Yes,Yes,No,One year,Yes,Credit card (automatic),120.02,6570.72,No
CUST-00584,Female,0,Yes,No,37,Yes,No,Fiber optic,No,Yes,No,No,Yes,No,One year,Yes,Electronic check,100.6,3716.94,Yes
CUST-00585,Female,0,No,No,21,Yes,Yes,Fiber optic,No,Yes,No,No,Yes,Yes,Month-to-month,No,Credit card (automatic),120.7,2538.89,Yes
CUST-00586,Male,0,Yes,Yes,44,No,No phone service,DSL,No,No,Yes,No,No,No,Two year,No,Electronic check,49.92,2213.1,No
CUST-00587,Female,0,Yes,Yes,66,Yes,Yes,DSL,No,Yes,Yes,No,Yes,Yes,One year,No,Bank transfer (automatic),106.74,7043.56,Yes
CUST-00588,Male,0,Yes,No,51,Yes,No,DSL,No,No,Yes,No,Yes,Yes,Two year,No,Mailed check,87.49,4464.23,No
CUST-00589,Female,0,Yes,No,66,Yes,No,No,No internet service,No internet service,No internet service,No internet service,No internet service,No internet service,Month-to-month,Yes,Electronic check,36.76,2425.15,No
CUST-00590,Male,0,No,Yes,50,Yes,No,DSL,No,No,No,No,No,Yes,One year,No,Bank transfer (automatic),75.19,3763.48,No
CUST-00591,Male,0,Yes,No,4,Yes,Yes,Fiber optic,No,Yes,No,Yes,Yes,Yes,Month-to-month,Yes,Electronic check,129.24,496.43,Yes
CUST-00592,Female,0,Yes,No,55,Yes,Yes,Fiber optic,No,No,No,No,Yes,Yes,One year,No,Mailed check,112.5,6178.42,Yes
CUST-00593,Male,0,Yes,Yes,70,No,No phone service,No,No internet service,No internet service,No internet service,No internet service,No internet service,No internet service,One year,Yes,Bank transfer (automatic),18.5,1261.53,No
CUST-00594,Female,0,No,No,12,Yes,No,DSL,Yes,Yes,Yes,No,No,No,Month-to-month,Yes,Electronic check,80.05,953.97,Yes
CUST-00595,Female,0,No,No,55,Yes,Yes,DSL,Yes,Yes,No,No,No,No,One year,Yes,Credit card (automatic),81.78,4505.34,No
CUST-00596,Female,0,Yes,No,4,Yes,No,Fiber optic,No,Yes,No,No,No,Yes,Month-to-month,No,Credit card (automatic),97.41,377.76,Yes
CUST-00597,Male,0,Yes,Yes,47,Yes,Yes,No,No internet service,No internet service,No internet service,No internet service,No internet service,No internet service,One year,Yes,Electronic check,46.75,2193.48,Yes
CUST-00598,Male,0,Yes,No,3,Yes,Yes,Fiber optic,No,No,No,No,No,Yes,Month-to-month,Yes,Mailed check,101.11,309.19,Yes
CUST-00599,Female,0,No,No,43,Yes,Yes,DSL,No,Yes,Yes,No,Yes,Yes,One year,Yes,Mailed check,107.14,4647.86,No
CUST-00600,Female,0,No,No,47,No,No phone service,Fiber optic,Yes,No,Yes,No,No,No,One year,Yes,Mailed check,77.04,3619.66,No
CUST-00601,Male,0,No,No,31,Yes,No,No,No internet service,No internet service,No internet service,No internet service,No internet service,No internet service,Month-to-month,No,Mailed check,35.37,1107.26,No
CUST-00602,Female,0,No,No,20,Yes,Yes,Fiber optic,Yes,Yes,Yes,No,No,No,Month-to-month,Yes,Electronic check,110.44,2206.0,Yes
CUST-00603,Female,0,Yes,No,29,Yes,No,Fiber optic,Yes,No,No,Yes,Yes,Yes,Month-to-month,Yes,Credit card (automatic),117.27,3406.17,No
CUST-00604,Female,0,No,No,56,Yes,No,Fiber optic,No,Yes,Yes,Yes,Yes,Yes,Month-to-month,Yes,Electronic check,123.13,6894.85,Yes
CUST-00605,Male,0,No,No,18,Yes,No,No,No internet service,No internet service,No internet service,No internet service,No internet service,No internet service,Month-to-month,Yes,Electronic check,34.7,618.27,Yes
CUST-00606,Male,0,Yes,Yes,14,Yes,Yes,Fiber optic,No,No,Yes,No,No,Yes,Month-to-month,Yes,Bank transfer (automatic),106.2,1483.76,Yes
CUST-00607,Male,0,Yes,No,8,Yes,Yes,Fiber optic,No,No,No,No,Yes,Yes,Month-to-month,Yes,Bank transfer (automatic),115.4,941.91,Yes
CUST-00608,Female,0,No,No,58,Yes,Yes,DSL,Yes,Yes,No,No,Yes,Yes,Two year,No,Credit card (automatic),107.21,6222.52,No
CUST-00609,Female,0,No,No,37,Yes,Yes,Fiber optic,No,Yes,Yes,No,No,No,One year,No,Bank transfer (automatic),101.99,3755.68,Yes
CUST-00610,Female,0,Yes,No,49,Yes,No,Fiber optic,No,Yes,Yes,Yes,Yes,Yes,One year,Yes,Electronic check,122.61, ,Yes
CUST-00611,Male,1,No,No,29,Yes,No,DSL,No,Yes,Yes,Yes,No,No,Month-to-month,No,Credit card (automatic),75.88,2187.14,Yes
CUST-00612,Female,0,No,No,70,Yes,No,No,No internet service,No internet service,No internet service,No internet service,No internet service,No internet service,Two year,Yes,Mailed check,33.75,2376.41,No
CUST-00613,Female,0,Yes,Yes,38,Yes,No,Fiber optic,No,Yes,No,No,Yes,No,One year,Yes,Credit card (automatic),97.65,3699.31,Yes
CUST-00614,Female,0,Yes,Yes,63,Yes,Yes,DSL,No,Yes,No,No,No,No,Two year,No,Electronic check,73.15,4621.38,No
CUST-00615,Female,0,Yes,Yes,44,Yes,Yes,No,No internet service,No internet service,No internet service,No internet service,No internet service,No internet service,Two year,Yes,Electronic check,48.74,2159.21,Yes
CUST-00616,Male,0,No,No,29,Yes,No,DSL,No,Yes,No,No,No,Yes,Month-to-month,No,Bank transfer (automatic),78.62,2282.14,Yes
CUST-00617,Male,0,Yes,No,10,Yes,Yes,Fiber optic,No,No,No,No,No,No,Two year,Yes,Mailed check,90.82,916.37,Yes
CUST-00618,Female,0,Yes,No,59,Yes,No,Fiber optic,Yes,No,No,No,Yes,No,Month-to-month,Yes,Electronic check,97.78,5761.5,Yes
CUST-00619,Male,1,No,No,68,Yes,No,No,No internet service,No internet service,No internet service,No internet service,No internet service,No internet service,One year,Yes,Bank transfer (automatic),36.11,2468.22,No
CUST-00620,Male,0,No,No,19,Yes,No,No,No internet service,No internet service,No internet service,No internet service,No internet service,No internet service,Month-to-month,No,Electronic check,34.55,637.85,Yes
CUST-00621,Female,0,Yes,Yes,65,Yes,Yes,Fiber optic,No,Yes,Yes,No,No,No,Two year,Yes,Electronic check,101.76,6607.46,No
CUST-00622,Female,1,Yes,Yes,33,Yes,Yes,DSL,Yes,Yes,No,No,Yes,No,Month-to-month,No,Mailed check,96.11,3167.02,Yes
CUST-00623,Male,0,No,No,44,Yes,No,Fiber optic,No,Yes,No,No,Yes,Yes,One year,No,Credit card (automatic),111.65,4927.4,Yes
CUST-00624,Female,1,No,No,54,Yes,No,No,No internet service,No internet service,No internet service,No internet service,No internet service,No internet service,Month-to-month,Yes,Electronic check,34.98,1914.5,Yes
CUST-00625,Male,0,No,No,63,Yes,No,DSL,Yes,No,Yes,Yes,No,No,One year,No,Mailed check,83.03,5224.07,No
CUST-00626,Female,1,Yes,No,44,Yes,No,No,No internet service,No internet service,No internet service,No internet service,No internet service,No internet service,One year,No,Electronic check,34.88,1533.27,No
CUST-00627,Male,0,No,No,17,Yes,Yes,DSL,Yes,No,No,No,No,Yes,Two year,Yes,Electronic check,87.24,1465.36,No
CUST-00628,Female,0,No,No,43,Yes,No,DSL,No,No,Yes,Yes,Yes,No,Month-to-month,Yes,Mailed check,86.19,3704.92,Yes
CUST-00629,Male,0,No,No,30,Yes,Yes,DSL,No,Yes,No,No,Yes,No,One year,No,Bank transfer (automatic),88.45,2670.02,Yes
CUST-00630,Male,0,No,No,32,Yes,No,DSL,No,Yes,No,No,No,No,One year,Yes,Electronic check,64.21,2027.78,Yes
CUST-00631,Male,0,Yes,No,43,Yes,No,No,No internet service,No internet service,No internet service,No internet service,No internet service,No internet service,Two year,Yes,Mailed check,35.73,1536.67,No
CUST-00632,Female,0,Yes,No,14,Yes,No,No,No internet service,No internet service,No internet service,No internet service,No internet service,No internet service,Two year,No,Mailed check,38.17,545.15,Yes
CUST-00633,Male,0,No,No,57,Yes,No,Fiber optic,Yes,Yes,No,No,No,Yes,Two year,No,Credit card (automatic),105.43,6010.37,No
CUST-00634,Male,0,No,No,71,Yes,Yes,Fiber optic,Yes,No,Yes,No,No,No,One year,Yes,Credit card (automatic),103.0,7310.16,Yes
CUST-00635,Female,0,No,No,48,Yes,No,Fiber optic,Yes,No,Yes,No,Yes,No,One year,Yes,Electronic check,104.72,5039.71,Yes
CUST-00636,Female,0,Yes,No,52,Yes,No,No,No internet service,No internet service,No internet service,No internet service,No internet service,No internet service,One year,No,Mailed check,33.5,1729.87,No
CUST-00637,Male,1,No,No,33,Yes,Yes,No,No internet service,No internet service,No internet service,No internet service,No internet service,No internet service,One year,No,Bank transfer (automatic),43.51,1424.14,No
CUST-00638,Male,0,No,No,70,Yes,Yes,DSL,No,No,Yes,Yes,No,No,One year,No,Credit card (automatic),84.24,5869.11,No
CUST-00639,Female,1,Yes,No,4,Yes,Yes,Fiber optic,Yes,No,Yes,Yes,Yes,Yes,Month-to-month,Yes,Electronic check,133.36,538.32,Yes
CUST-00640,Female,0,Yes,Yes,64,Yes,No,Fiber optic,Yes,No,No,No,Yes,Yes,Month-to-month,No,Bank transfer (automatic),107.83,6904.44,Yes
CUST-00641,Female,0,No,No,7,No,No phone service,No,No internet service,No internet service,No internet service,No internet service,No internet service,No internet service,Month-to-month,Yes,Credit card (automatic),19.47,127.69,Yes
CUST-00642,Female,0,No,No,59,Yes,No,Fiber optic,No,No,No,Yes,No,Yes,Two year,Yes,Electronic check,100.68,5926.72,Yes
CUST-00643,Female,0,No,No,58,Yes,Yes,No,No internet service,No internet service,No internet service,No internet service,No internet service,No internet service,Two year,No,Electronic check,45.87,2659.75,No
CUST-00644,Male,0,No,No,63,Yes,Yes,No,No internet service,No internet service,No internet service,No internet service,No internet service,No internet service,Two year,Yes,Mailed check,43.75,2757.69,No
CUST-00645,Female,0,Yes,Yes,29,No,No phone service,Fiber optic,No,Yes,No,No,Yes,Yes,Month-to-month,No,Credit card (automatic),94.93,2735.01,Yes
CUST-00646,Male,0,Yes,Yes,13,Yes,No,No,No internet service,No internet service,No internet service,No internet service,No internet service,No internet service,Two year,Yes,Bank transfer (automatic),35.62,433.87,No
CUST-00647,Male,1,No,No,46,Yes,No,Fiber optic,Yes,Yes,No,Yes,Yes,Yes,One year,Yes,Mailed check,122.1,5590.72,No
CUST-00648,Male,0,No,No,59,Yes,No,Fiber optic,No,Yes,Yes,Yes,No,Yes,Two year,Yes,Electronic check,110.84,6517.76,No
CUST-00649,Female,0,No,No,53,Yes,No,No,No internet service,No internet service,No internet service,No internet service,No internet service,No internet service,Month-to-month,Yes,Mailed check,34.98,1835.86,No
CUST-00650,Male,0,No,No,70,Yes,No,DSL,No,No,Yes,Yes,No,No,One year,Yes,Electronic check,72.64,5083.54,Yes
CUST-00651,Male,0,Yes,No,6,Yes,No,DSL,No,No,No,No,No,Yes,Month-to-month,Yes,Electronic check,71.51,430.33,Yes
CUST-00652,Female,0,No,No,16,Yes,No,Fiber optic,No,No,Yes,Yes,No,No,Two year,No,Mailed check,97.74,1561.32,No
CUST-00653,Male,0,Yes,No,55,Yes,No,Fiber optic,Yes,No,Yes,No,Yes,Yes,One year,Yes,Electronic check,113.74,6261.08,Yes
CUST-00654,Male,0,Yes,No,53,Yes,No,No,No internet service,No internet service,No internet service,No internet service,No internet service,No internet service,Two year,Yes,Electronic check,37.14,1974.43,Yes
CUST-00655,Female,0,Yes,Yes,29,Yes,No,No,No internet service,No internet service,No internet service,No internet service,No internet service,No internet service,One year,No,Bank transfer (automatic),35.51,1034.74,No
CUST-00656,Male,0,Yes,No,4,Yes,No,Fiber optic,No,No,Yes,No,No,No,Month-to-month,Yes,Bank transfer (automatic),84.16,337.98,Yes
CUST-00657,Male,0,Yes,Yes,39,Yes,Yes,Fiber optic,No,Yes,No,Yes,Yes,Yes,One year,Yes,Bank transfer (automatic),129.02,5015.93,No
CUST-00658,Male,1,Yes,Yes,25,Yes,No,Fiber optic,Yes,Yes,Yes,No,No,No,One year,Yes,Credit card (automatic),98.06,2431.47,Yes
CUST-00659,Female,0,Yes,Yes,48,Yes,Yes,Fiber optic,No,No,Yes,No,No,No,Two year,No,Electronic check,97.81,4686.45,No
CUST-00660,Female,0,Yes,No,44,Yes,Yes,DSL,Yes,No,Yes,No,Yes,No,One year,Yes,Electronic check,94.99,4196.59,No
CUST-00661,Female,0,No,No,57,Yes,No,Fiber optic,No,Yes,No,No,Yes,Yes,Two year,Yes,Mailed check,110.29,6321.69,No
CUST-00662,Male,1,Yes,Yes,31,Yes,No,Fiber optic,Yes,Yes,Yes,No,Yes,Yes,One year,No,Electronic check,121.54,3776.1,Yes
CUST-00663,Male,0,Yes,No,71,No,No phone service,DSL,No,Yes,No,No,No,No,Month-to-month,No,Credit card (automatic),52.75,3750.62,No
CUST-00664,Female,0,No,No,57,Yes,No,No,No internet service,No internet service,No internet service,No internet service,No internet service,No internet service,Two year,No,Mailed check,34.41,1977.37,No
CUST-00665,Male,0,No,No,12,Yes,Yes,Fiber optic,Yes,No,No,No,No,No,Two year,No,Electronic check,93.9,1149.5,Yes
CUST-00666,Male,0,No,No,52,Yes,No,DSL,Yes,No,No,Yes,Yes,No,Two year,Yes,Mailed check,83.16,4310.49,No
CUST-00667,Female,0,Yes,Yes,68,No,No phone service,Fiber optic,Yes,Yes,No,Yes,No,No,One year,Yes,Electronic check,83.15,5697.75,No
CUST-00668,Female,0,No,No,70,No,No phone service,DSL,No,Yes,Yes,No,No,No,One year,Yes,Electronic check,58.2,4097.82,No
CUST-00669,Male,0,Yes,No,48,Yes,No,DSL,No,Yes,Yes,No,No,Yes,Month-to-month,No,Mailed check,83.46,3985.58,No
CUST-00670,Male,0,Yes,Yes,42,Yes,Yes,No,No internet service,No internet service,No internet service,No internet service,No internet service,No internet service,Two year,Yes,Mailed check,43.84,1826.3,No
CUST-00671,Male,0,Yes,No,72,Yes,Yes,No,No internet service,No internet service,No internet service,No internet service,No internet service,No internet service,One year,No,Mailed check,44.35,3235.45,No
CUST-00672,Female,0,No,No,41,Yes,No,DSL,Yes,No,No,No,Yes,No,Month-to-month,Yes,Mailed check,79.24,3264.39,No
CUST-00673,Female,0,Yes,Yes,33,Yes,Yes,No,No internet service,No internet service,No internet service,No internet service,No internet service,No internet service,Month-to-month,Yes,Bank transfer (automatic),45.95,1507.39,Yes
CUST-00674,Female,0,Yes,Yes,8,Yes,No,DSL,No,No,No,No,No,No,Month-to-month,Yes,Electronic check,60.24,483.11,Yes
CUST-00675,Female,1,Yes,Yes,15,Yes,Yes,DSL,No,No,No,Yes,No,No,Month-to-month,No,Credit card (automatic),77.1,1167.81,No
CUST-00676,Male,0,No,Yes,52,Yes,No,DSL,Yes,Yes,No,No,Yes,No,Month-to-month,Yes,Electronic check,83.41,4350.65,Yes
CUST-00677,Female,0,No,No,71,No,No phone service,DSL,Yes,Yes,No,No,No,Yes,Two year,No,Electronic check,68.8,4905.32,No
CUST-00678,Female,0,Yes,No,66,Yes,Yes,Fiber optic,Yes,No,No,Yes,Yes,Yes,Two year,Yes,Bank transfer (automatic),126.66,8363.19,No
CUST-00679,Female,0,No,No,59,Yes,No,No,No internet service,No internet service,No internet service,No internet service,No internet service,No internet service,Two year,Yes,Credit card (automatic),34.83,2059.18,No
CUST-00680,Female,0,No,No,32,Yes,No,DSL,No,No,No,Yes,No,Yes,Month-to-month,Yes,Electronic check,78.58,2509.1,Yes
CUST-00681,Female,0,No,No,20,Yes,No,Fiber optic,No,No,Yes,Yes,No,No,Month-to-month,No,Bank transfer (automatic),94.55,1877.07,Yes
CUST-00682,Male,1,Yes,No,48,Yes,Yes,Fiber optic,Yes,Yes,Yes,No,Yes,Yes,Month-to-month,No,Bank transfer (automatic),132.72,6355.93,Yes
CUST-00683,Male,0,No,No,8,Yes,No,DSL,Yes,Yes,Yes,No,No,Yes,Month-to-month,No,Bank transfer (automatic),91.68,731.28,Yes
CUST-00684,Female,0,Yes,No,1,Yes,No,Fiber optic,No,Yes,No,No,No,No,Month-to-month,No,Electronic check,86.39,91.55,Yes
CUST-00685,Male,0,No,No,12,Yes,No,Fiber optic,No,No,No,Yes,No,Yes,One year,Yes,Bank transfer (automatic),100.34,1182.25,Yes
CUST-00686,Female,0,Yes,Yes,31,Yes,No,DSL,No,No,No,No,Yes,Yes,Month-to-month,No,Electronic check,82.75,2595.94,Yes
CUST-00687,Female,0,Yes,Yes,50,Yes,Yes,Fiber optic,No,Yes,No,Yes,Yes,No,Month-to-month,No,Electronic check,115.93,5786.07,No
CUST-00688,Male,0,Yes,Yes,32,No,No phone service,DSL,No,No,Yes,Yes,Yes,Yes,One year,No,Bank transfer (automatic),81.47,2594.18,No
CUST-00689,Male,0,No,No,56,Yes,Yes,DSL,Yes,No,Yes,No,Yes,No,Month-to-month,Yes,Bank transfer (automatic),91.44,5120.22,Yes
CUST-00690,Female,0,Yes,Yes,70,No,No phone service,Fiber optic,No,Yes,Yes,Yes,Yes,Yes,Month-to-month,Yes,Credit card (automatic),108.6,7566.45,Yes
CUST-00691,Female,0,No,No,70,Yes,Yes,Fiber optic,No,No,Yes,Yes,No,No,One year,No,Electronic check,103.24,7232.23,No
CUST-00692,Female,0,Yes,Yes,4,Yes,Yes,Fiber optic,Yes,Yes,No,No,Yes,No,Month-to-month,No,Mailed check,114.92,444.83,Yes
CUST-00693,Male,0,No,No,13,Yes,No,Fiber optic,No,No,No,No,No,No,Two year,No,Electronic check,78.56,992.45,No
CUST-00694,Female,0,No,No,52,Yes,No,Fiber optic,Yes,No,No,No,No,No,Month-to-month,Yes,Mailed check,90.22,4693.59,Yes
CUST-00695,Female,1,No,No,36,Yes,No,Fiber optic,Yes,No,No,Yes,No,No,One year,Yes,Mailed check,93.28,3360.21,Yes
CUST-00696,Female,0,No,No,48,Yes,Yes,Fiber optic,Yes,Yes,Yes,No,Yes,Yes,Two year,Yes,Mailed check,131.89,6359.9,No
CUST-00697,Male,0,No,No,14,Yes,Yes,No,No internet service,No internet service,No internet service,No internet service,No internet service,No internet service,One year,Yes,Mailed check,44.15,620.79,No
CUST-00698,Female,0,Yes,Yes,41,Yes,No,No,No internet service,No internet service,No internet service,No internet service,No internet service,No internet service,Two year,No,Bank transfer (automatic),36.17,1485.55,No
CUST-00699,Female,0,No,No,58,Yes,No,Fiber optic,No,Yes,No,No,No,No,Two year,Yes,Mailed check,85.68,4970.06,No
CUST-00700,Male,0,Yes,Yes,38,Yes,No,DSL,No,No,No,No,No,Yes,One year,Yes,Mailed check,70.53,2641.46,No
CUST-00701,Female,0,No,No,69,Yes,No,Fiber optic,No,Yes,No,Yes,Yes,Yes,One year,No,Credit card (automatic),115.25,7953.4,No
CUST-00702,Female,1,No,Yes,68,Yes,Yes,DSL,No,No,No,No,No,Yes,Two year,No,Electronic check,82.86,5633.75,No
CUST-00703,Male,0,Yes,Yes,58,Yes,No,Fiber optic,No,No,Yes,No,No,Yes,Two year,Yes,Electronic check,98.97,5738.09,No
CUST-00704,Female,0,Yes,No,29,Yes,Yes,DSL,No,Yes,No,No,Yes,Yes,One year,Yes,Mailed check,100.51,2902.28,No
CUST-00705,Male,0,Yes,Yes,19,Yes,Yes,Fiber optic,No,Yes,No,No,Yes,Yes,One year,Yes,Bank transfer (automatic),119.68,2282.4,Yes
CUST-00706,Male,0,No,No,15,No,No phone service,DSL,Yes,Yes,Yes,No,Yes,Yes,Month-to-month,No,Mailed check,86.52,1283.15,Yes
CUST-00707,Female,0,No,No,26,Yes,Yes,No,No internet service,No internet service,No internet service,No internet service,No internet service,No internet service,One year,No,Electronic check,46.17,1211.0,Yes
CUST-00708,Female,0,No,No,13,Yes,Yes,DSL,No,No,Yes,No,No,No,One year,Yes,Credit card (automatic),75.85,991.87,Yes
CUST-00709,Female,0,No,No,33,Yes,No,Fiber optic,No,No,No,No,Yes,Yes,One year,Yes,Bank transfer (automatic),105.69,3508.81,Yes
CUST-00710,Female,0,No,Yes,62,Yes,Yes,No,No internet service,No internet service,No internet service,No internet service,No internet service,No internet service,One year,No,Bank transfer (automatic),44.85,2773.74,No
CUST-00711,Male,0,Yes,No,65,Yes,No,DSL,No,Yes,Yes,No,No,No,Month-to-month,Yes,Mailed check,71.8,4687.06,Yes
CUST-00712,Female,0,Yes,Yes,60,Yes,Yes,No,No internet service,No internet service,No internet service,No internet service,No internet service,No internet service,One year,Yes,Mailed check,45.56,2736.78,No
CUST-00713,Male,0,No,No,59,Yes,No,Fiber optic,No,Yes,No,No,No,Yes,One year,No,Credit card (automatic),100.09,5904.18,Yes
CUST-00714,Female,0,No,No,61,Yes,No,No,No internet service,No internet service,No internet service,No internet service,No internet service,No internet service,Month-to-month,Yes,Bank transfer (automatic),36.77,2230.17,No
CUST-00715,Female,0,No,No,25,Yes,No,No,No internet service,No internet service,No internet service,No internet service,No internet service,No internet service,One year,No,Electronic check,34.93,879.18,No
CUST-00716,Female,0,Yes,Yes,68,Yes,No,DSL,No,Yes,Yes,No,No,No,Month-to-month,Yes,Credit card (automatic),71.44,4850.78,No
CUST-00717,Male,0,Yes,Yes,20,Yes,Yes,No,No internet service,No internet service,No internet service,No internet service,No internet service,No internet service,One year,No,Mailed check,43.19,863.38,No
CUST-00718,Female,1,Yes,Yes,59,Yes,Yes,DSL,Yes,No,Yes,No,No,Yes,Two year,No,Electronic check,95.04,5619.02,No
CUST-00719,Female,1,Yes,Yes,5,Yes,No,DSL,No,Yes,No,Yes,No,Yes,Month-to-month,Yes,Bank transfer (automatic),83.32,416.14,No
CUST-00720,Female,0,Yes,Yes,70,Yes,No,DSL,No,No,Yes,No,No,No,Month-to-month,Yes,Electronic check,68.56,4803.96,Yes
CUST-00721,Female,1,No,No,52,Yes,Yes,DSL,No,Yes,Yes,No,Yes,Yes,Two year,Yes,Mailed check,107.26,5600.22,No
CUST-00722,Male,0,Yes,Yes,34,Yes,No,Fiber optic,No,No,No,No,No,No,Month-to-month,No,Credit card (automatic),78.88,2690.36,Yes
CUST-00723,Female,0,No,No,6,Yes,Yes,Fiber optic,No,Yes,No,Yes,Yes,Yes,One year,Yes,Mailed check,129.85,768.91,No
CUST-00724,Male,0,Yes,No,25,Yes,No,No,No internet service,No internet service,No internet service,No internet service,No internet service,No internet service,Month-to-month,Yes,Mailed check,35.82,889.42,Yes
CUST-00725,Male,0,No,No,60,Yes,Yes,DSL,No,No,No,Yes,Yes,Yes,Two year,Yes,Credit card (automatic),102.7,6164.11,No
CUST-00726,Male,0,Yes,Yes,32,Yes,Yes,No,No internet service,No internet service,No internet service,No internet service,No internet service,No internet service,Month-to-month,Yes,Credit card (automatic),44.6,1459.02,No
CUST-00727,Male,0,Yes,Yes,13,Yes,No,DSL,No,Yes,Yes,Yes,Yes,Yes,Two year,Yes,Electronic check,104.83,1342.77,No
CUST-00728,Male,0,Yes,Yes,45,Yes,No,DSL,Yes,Yes,Yes,No,Yes,Yes,Two year,No,Mailed check,99.87,4497.0,Yes
CUST-00729,Male,0,No,No,17,Yes,Yes,Fiber optic,No,No,Yes,Yes,No,Yes,One year,No,Credit card (automatic),116.09,1994.0,Yes
CUST-00730,Female,0,No,No,8,Yes,Yes,No,No internet service,No internet service,No internet service,No internet service,No internet service,No internet service,Month-to-month,Yes,Electronic check,43.98,361.06,No
CUST-00731,Male,0,Yes,Yes,66,Yes,Yes,No,No internet service,No internet service,No internet service,No internet service,No internet service,No internet service,Month-to-month,No,Electronic check,44.57,2939.64,Yes
CUST-00732,Male,0,Yes,No,19,No,No phone service,Fiber optic,No,Yes,Yes,No,Yes,No,Month-to-month,Yes,Mailed check,87.97,1645.64,Yes
CUST-00733,Male,0,No,No,51,Yes,No,DSL,Yes,No,No,Yes,Yes,Yes,One year,No,Electronic check,97.04,4971.71,No
CUST-00734,Female,1,Yes,No,27,Yes,No,DSL,No,No,Yes,No,No,Yes,One year,No,Electronic check,79.93,2151.01,Yes
CUST-00735,Female,1,Yes,Yes,10,Yes,No,Fiber optic,Yes,No,Yes,Yes,No,Yes,One year,No,Mailed check,109.85,1084.21,Yes
CUST-00736,Male,0,No,Yes,2,Yes,No,Fiber optic,Yes,No,No,Yes,No,No,Month-to-month,No,Electronic check,94.61,192.98,Yes
CUST-00737,Female,1,No,Yes,68,Yes,Yes,Fiber optic,No,No,No,No,No,No,Two year,No,Bank transfer (automatic),88.3,6025.81,Yes
CUST-00738,Male,0,Yes,Yes,71,Yes,No,Fiber optic,No,Yes,Yes,No,Yes,Yes,Two year,No,Electronic check,117.98,8382.65,No
CUST-00739,Male,1,Yes,Yes,71,Yes,Yes,Fiber optic,Yes,No,No,Yes,No,Yes,Two year,No,Electronic check,116.64,8275.97,No
CUST-00740,Female,0,No,No,40,No,No phone service,Fiber optic,No,Yes,No,No,Yes,No,Two year,Yes,Bank transfer (automatic),80.89,3239.32,No
CUST-00741,Male,0,Yes,Yes,4,Yes,Yes,DSL,No,No,No,No,Yes,Yes,Two year,Yes,Mailed check,94.5,379.78,No
CUST-00742,Female,0,Yes,No,25,Yes,Yes,Fiber optic,Yes,No,No,Yes,Yes,Yes,Month-to-month,Yes,Credit card (automatic),126.96,3166.98,Yes
CUST-00743,Female,0,No,No,31,Yes,No,DSL,No,Yes,No,No,Yes,Yes,Month-to-month,Yes,Mailed check,90.34,2801.55,Yes
CUST-00744,Male,0,No,No,58,Yes,No,DSL,No,Yes,Yes,Yes,No,No,Two year,No,Electronic check,78.01,4512.22,No
CUST-00745,Male,0,Yes,Yes,51,Yes,Yes,No,No internet service,No internet service,No internet service,No internet service,No internet service,No internet service,Two year,No,Electronic check,46.85,2374.52,No
CUST-00746,Female,0,No,No,40,Yes,No,Fiber optic,No,Yes,No,No,No,No,One year,No,Credit card (automatic),83.0,3328.29,Yes
CUST-00747,Male,0,No,No,62,Yes,Yes,Fiber optic,Yes,No,Yes,No,No,Yes,Two year,No,Mailed check,112.79,6987.06,No
CUST-00748,Male,0,Yes,No,2,Yes,Yes,DSL,Yes,Yes,Yes,No,Yes,No,One year,Yes,Credit card (automatic),98.38,196.37,Yes
CUST-00749,Male,0,No,No,60,Yes,No,No,No internet service,No internet service,No internet service,No internet service,No internet service,No internet service,Month-to-month,No,Credit card (automatic),35.57,2122.62,No
CUST-00750,Female,0,Yes,Yes,45,No,No phone service,DSL,Yes,Yes,No,Yes,Yes,Yes,Two year,Yes,Electronic check,88.26,3963.2,No
CUST-00751,Female,0,Yes,Yes,35,No,No phone service,No,No internet service,No internet service,No internet service,No internet service,No internet service,No internet service,One year,No,Credit card (automatic),19.72,682.95,No
CUST-00752,Male,0,No,No,21,Yes,No,Fiber optic,No,Yes,Yes,No,No,No,Month-to-month,No,Electronic check,91.04,1903.03,No
CUST-00753,Female,0,Yes,No,32,Yes,No,DSL,No,Yes,No,Yes,No,Yes,One year,No,Mailed check,83.95,2680.25,No
CUST-00754,Female,0,Yes,No,24,Yes,Yes,DSL,No,No,No,Yes,Yes,No,Two year,No,Mailed check,89.66,2154.8,No
CUST-00755,Female,1,Yes,Yes,5,Yes,No,DSL,No,Yes,Yes,Yes,No,Yes,Month-to-month,Yes,Electronic check,90.05,471.1,Yes
CUST-00756,Female,0,Yes,No,30,Yes,Yes,Fiber optic,No,No,No,No,No,No,One year,Yes,Electronic check,87.25,2628.91,Yes
CUST-00757,Female,0,No,No,59,Yes,Yes,No,No internet service,No internet service,No internet service,No internet service,No internet service,No internet service,Month-to-month,No,Mailed check,45.94,2705.44,No
CUST-00758,Male,1,No,No,35,Yes,No,DSL,No,Yes,Yes,No,No,Yes,One year,Yes,Bank transfer (automatic),82.14,2865.41,No
CUST-00759,Male,0,No,No,69,Yes,Yes,Fiber optic,No,No,No,No,Yes,Yes,Month-to-month,No,Electronic check,116.19,7990.42,No
CUST-00760,Male,0,Yes,No,16,Yes,Yes,No,No internet service,No internet service,No internet service,No internet service,No internet service,No internet service,Month-to-month,Yes,Mailed check,47.13,743.98,Yes
CUST-00761,Female,0,Yes,Yes,68,Yes,Yes,Fiber optic,Yes,No,Yes,No,No,Yes,One year,Yes,Mailed check,115.33,7825.96,Yes
CUST-00762,Female,0,Yes,Yes,35,Yes,No,Fiber optic,Yes,Yes,No,Yes,Yes,No,One year,Yes,Bank transfer (automatic),110.3,3861.32,Yes
CUST-00763,Male,0,Yes,No,19,Yes,No,No,No internet service,No internet service,No internet service,No internet service,No internet service,No internet service,One year,No,Mailed check,38.18,750.45,No
CUST-00764,Female,0,Yes,Yes,11,Yes,No,DSL,No,No,No,Yes,No,Yes,One year,Yes,Credit card (automatic),76.47,835.24,Yes
CUST-00765,Male,0,No,No,10,Yes,No,Fiber optic,Yes,No,No,No,No,No,Month-to-month,No,Credit card (automatic),84.68,825.01,Yes
CUST-00766,Male,1,No,No,1,No,No phone service,No,No internet service,No internet service,No internet service,No internet service,No internet service,No internet service,Month-to-month,Yes,Credit card (automatic),21.25,21.25,Yes
CUST-00767,Male,0,No,No,49,Yes,No,DSL,No,Yes,Yes,Yes,Yes,Yes,Two year,Yes,Electronic check,105.13,5144.76,No
CUST-00768,Female,0,Yes,Yes,13,Yes,Yes,Fiber optic,No,No,Yes,Yes,No,No,Month-to-month,No,Mailed check,102.91,1356.75,No
CUST-00769,Female,0,No,No,45,Yes,No,DSL,No,No,No,No,Yes,Yes,Two year,Yes,Mailed check,82.82,3698.63,No
CUST-00770,Male,0,Yes,No,29,Yes,Yes,DSL,Yes,No,No,No,Yes,No,Month-to-month,Yes,Credit card (automatic),87.68,2527.85,Yes
CUST-00771,Male,0,Yes,Yes,47,Yes,Yes,DSL,No,No,No,No,Yes,No,Two year,No,Mailed check,81.87,3859.3,No
CUST-00772,Male,0,No,No,9,Yes,No,No,No internet service,No internet service,No internet service,No internet service,No internet service,No internet service,Month-to-month,No,Mailed check,34.3,285.16,No
CUST-00773,Male,0,No,No,52,No,No phone service,No,No internet service,No internet service,No internet service,No internet service,No internet service,No internet service,One year,Yes,Bank transfer (automatic),22.49,1178.09,No
CUST-00774,Female,0,Yes,Yes,65,Yes,No,DSL,No,No,Yes,No,Yes,No,One year,No,Electronic check,76.97,4993.07,No
CUST-00775,Female,0,Yes,Yes,57,Yes,Yes,DSL,No,No,No,Yes,Yes,Yes,Month-to-month,No,Mailed check,104.2,5954.79,No
CUST-00776,Male,0,Yes,Yes,68,Yes,No,Fiber optic,No,No,Yes,No,Yes,Yes,One year,No,Electronic check,110.61,7520.75,No
CUST-00777,Male,0,No,No,28,Yes,No,Fiber optic,No,No,Yes,No,No,No,Month-to-month,No,Electronic check,87.53,2448.44,Yes
CUST-00778,Female,0,Yes,No,34,Yes,Yes,No,No internet service,No internet service,No internet service,No internet service,No internet service,No internet service,One year,No,Electronic check,42.76,1462.82,No
CUST-00779,Female,0,No,No,23,Yes,No,No,No internet service,No internet service,No internet service,No internet service,No internet service,No internet service,Two year,No,Electronic check,36.54,840.71,No
CUST-00780,Male,0,Yes,Yes,47,Yes,Yes,Fiber optic,No,Yes,Yes,Yes,Yes,No,Two year,No,Electronic check,123.49,5785.49,Yes
CUST-00781,Male,0,Yes,No,49,Yes,No,Fiber optic,Yes,No,Yes,Yes,No,Yes,One year,Yes,Bank transfer (automatic),111.0,5431.19,No
CUST-00782,Male,1,No,No,19,Yes,No,DSL,No,Yes,Yes,Yes,No,Yes,Month-to-month,Yes,Credit card (automatic),93.27,1747.72,Yes
CUST-00783,Female,1,No,No,52,Yes,No,DSL,Yes,No,No,No,No,No,Month-to-month,Yes,Bank transfer (automatic),63.78,3303.59,No
CUST-00784,Female,0,Yes,No,33,Yes,Yes,Fiber optic,No,Yes,Yes,Yes,Yes,No,Month-to-month,Yes,Electronic check,121.29,3970.49,Yes
CUST-00785,Female,1,No,No,6,Yes,Yes,Fiber optic,No,Yes,Yes,No,No,No,Month-to-month,Yes,Electronic check,103.75,657.57,Yes
CUST-00786,Male,0,No,No,13,Yes,No,No,No internet service,No internet service,No internet service,No internet service,No internet service,No internet service,One year,Yes,Mailed check,34.73,451.1,No
CUST-00787,Male,1,No,No,2,Yes,No,DSL,No,No,Yes,Yes,No,Yes,Month-to-month,Yes,Credit card (automatic),85.6,179.2,Yes
CUST-00788,Female,0,No,No,59,Yes,No,DSL,Yes,No,Yes,No,No,No,Two year,Yes,Electronic check,74.11,4359.96,No
CUST-00789,Female,1,No,Yes,38,Yes,No,Fiber optic,Yes,No,No,No,Yes,Yes,One year,Yes,Mailed check,107.07,4076.54,Yes
CUST-00790,Male,1,No,No,26,Yes,No,No,No internet service,No internet service,No internet service,No internet service,No internet service,No internet service,One year,Yes,Mailed check,34.73,914.59,No
CUST-00791,Female,0,No,No,69,Yes,No,No,No internet service,No internet service,No internet service,No internet service,No internet service,No internet service,Month-to-month,Yes,Credit card (automatic),34.9,2422.14,No
CUST-00792,Female,1,Yes,Yes,41,Yes,No,DSL,No,No,Yes,Yes,Yes,Yes,One year,No,Mailed check,96.8,3967.56,No
CUST-00793,Male,0,Yes,No,48,Yes,No,No,No internet service,No internet service,No internet service,No internet service,No internet service,No internet service,Two year,No,Bank transfer (automatic),37.06,1794.11,No
CUST-00794,Female,0,Yes,Yes,33,Yes,Yes,Fiber optic,Yes,No,Yes,Yes,No,No,One year,No,Electronic check,108.63,3575.68,No
CUST-00795,Male,0,Yes,Yes,18,Yes,Yes,Fiber optic,Yes,No,Yes,No,No,No,Month-to-month,No,Electronic check,100.65,1817.31,Yes
CUST-00796,Male,0,Yes,Yes,58,Yes,Yes,Fiber optic,Yes,Yes,No,No,No,No,Month-to-month,Yes,Bank transfer (automatic),98.29,5701.54,Yes
CUST-00797,Male,0,No,No,62,No,No phone service,Fiber optic,No,No,Yes,Yes,No,Yes,One year,No,Bank transfer (automatic),92.67,5727.91,No
CUST-00798,Male,0,Yes,Yes,46,Yes,Yes,Fiber optic,No,No,Yes,No,No,No,Month-to-month,No,Credit card (automatic),95.51,4366.01,Yes
CUST-00799,Male,1,Yes,No,63,Yes,No,Fiber optic,Yes,Yes,No,Yes,No,Yes,One year,Yes,Bank transfer (automatic),111.51,7020.65,No
CUST-00800,Male,0,No,No,44,Yes,No,Fiber optic,Yes,Yes,Yes,Yes,Yes,Yes,One year,No,Electronic check,129.68,5701.49,Yes
CUST-00801,Male,0,Yes,Yes,64,Yes,Yes,DSL,No,No,No,No,No,No,One year,Yes,Mailed check,71.79,4590.52,No
CUST-00802,Female,1,Yes,No,32,Yes,Yes,DSL,No,Yes,Yes,No,No,No,One year,Yes,Bank transfer (automatic),84.42,2717.19,No
CUST-00803,Male,1,Yes,Yes,70,Yes,No,No,No internet service,No internet service,No internet service,No internet service,No internet service,No internet service,One year,Yes,Bank transfer (automatic),32.4,2288.64,No
CUST-00804,Male,1,Yes,No,10,Yes,No,Fiber optic,Yes,No,Yes,Yes,Yes,No,Month-to-month,No,Credit card (automatic),111.31,1122.96,Yes
CUST-00805,Female,0,Yes,No,64,No,No phone service,Fiber optic,No,Yes,No,No,No,No,One year,Yes,Electronic check,69.3,4444.01,No
CUST-00806,Female,1,No,No,12,Yes,Yes,DSL,Yes,Yes,Yes,Yes,Yes,Yes,Month-to-month,Yes,Bank transfer (automatic),119.66,1434.72,Yes
CUST-00807,Female,0,No,No,3,Yes,Yes,DSL,Yes,Yes,Yes,No,No,No,One year,Yes,Electronic check,87.86,266.23,No
CUST-00808,Male,0,Yes,Yes,51,Yes,Yes,DSL,No,No,No,No,No,Yes,One year,No,Electronic check,79.42,4056.86,No
CUST-00809,Female,0,Yes,No,1,Yes,Yes,DSL,No,Yes,No,Yes,Yes,No,Month-to-month,Yes,Electronic check,96.55,98.65,Yes
CUST-00810,Male,0,Yes,No,58,Yes,No,Fiber optic,Yes,Yes,No,No,Yes,Yes,Two year,No,Bank transfer (automatic),115.33,6698.03,No
CUST-00811,Male,0,No,No,32,Yes,No,No,No internet service,No internet service,No internet service,No internet service,No internet service,No internet service,Month-to-month,Yes,Credit card (automatic),36.17,1158.13,No
CUST-00812,Male,0,Yes,No,1,No,No phone service,DSL,No,Yes,Yes,Yes,Yes,Yes,Month-to-month,Yes,Electronic check,89.05,89.05,Yes
CUST-00813,Male,0,Yes,Yes,9,Yes,Yes,No,No internet service,No internet service,No internet service,No internet service,No internet service,No internet service,Month-to-month,Yes,Credit card (automatic),42.43,385.79,Yes
CUST-00814,Female,0,No,No,46,No,No phone service,Fiber optic,No,Yes,Yes,No,No,No,Two year,Yes,Electronic check,77.92,3580.78,No
CUST-00815,Female,0,Yes,No,53,Yes,No,DSL,No,No,Yes,Yes,No,Yes,One year,No,Mailed check,83.99,4473.25,No
CUST-00816,Male,0,Yes,No,70,Yes,No,Fiber optic,Yes,No,No,No,Yes,No,One year,No,Bank transfer (automatic),96.15,6724.09,No
CUST-00817,Male,0,Yes,No,51,Yes,Yes,DSL,No,No,Yes,Yes,No,Yes,Month-to-month,Yes,Mailed check,95.52,4914.42,Yes
CUST-00818,Male,0,No,No,23,Yes,No,Fiber optic,No,Yes,No,No,Yes,Yes,Two year,Yes,Electronic check,109.57,2544.71,Yes
CUST-00819,Female,0,No,Yes,36,Yes,No,DSL,No,No,No,Yes,No,Yes,Two year,Yes,Credit card (automatic),77.37,2768.33,Yes
CUST-00820,Male,0,No,No,2,Yes,No,Fiber optic,Yes,No,Yes,No,Yes,Yes,Month-to-month,No,Bank transfer (automatic),115.78,250.33,Yes
CUST-00821,Male,1,No,No,60,Yes,No,Fiber optic,No,No,Yes,No,Yes,No,Two year,Yes,Credit card (automatic),97.87,5870.32,No
CUST-00822,Female,0,No,Yes,54,Yes,Yes,DSL,No,No,No,No,Yes,No,Month-to-month,Yes,Credit card (automatic),81.81,4426.22,Yes
CUST-00823,Female,0,No,No,19,No,No phone service,DSL,No,No,No,No,Yes,Yes,Month-to-month,No,Credit card (automatic),66.47,1286.58,Yes
CUST-00824,Male,0,No,No,2,Yes,No,DSL,No,Yes,Yes,No,Yes,No,Month-to-month,No,Mailed check,84.22,156.81,No
CUST-00825,Female,0,Yes,No,39,Yes,No,Fiber optic,Yes,Yes,Yes,Yes,No,No,One year,Yes,Credit card (automatic),106.93,4163.32,No
CUST-00826,Female,1,No,No,26,Yes,No,No,No internet service,No internet service,No internet service,No internet service,No internet service,No internet service,One year,No,Credit card (automatic),32.98,868.78,No
CUST-00827,Male,0,Yes,Yes,51,Yes,No,DSL,No,Yes,Yes,No,No,Yes,Two year,Yes,Electronic check,82.39,4196.39,No
CUST-00828,Female,0,Yes,No,6,Yes,No,Fiber optic,No,No,No,No,No,No,Two year,Yes,Credit card (automatic),81.18,453.71,No
CUST-00829,Male,0,No,No,2,Yes,No,Fiber optic,No,Yes,No,Yes,Yes,Yes,One year,No,Bank transfer (automatic),120.37,255.2,Yes
CUST-00830,Female,0,Yes,Yes,22,Yes,Yes,DSL,Yes,Yes,Yes,No,Yes,Yes,Month-to-month,Yes,Bank transfer (automatic),111.75,2464.04,Yes
CUST-00831,Male,0,No,No,71,Yes,Yes,Fiber optic,No,No,No,No,Yes,Yes,Two year,Yes,Electronic check,113.33,8046.08,No
CUST-00832,Male,0,Yes,Yes,37,Yes,No,DSL,No,No,Yes,Yes,Yes,No,Two year,No,Electronic check,86.3,3194.98,No
CUST-00833,Male,0,No,No,67,Yes,No,Fiber optic,Yes,Yes,No,No,No,No,Two year,Yes,Bank transfer (automatic),94.03,6333.58,No
CUST-00834,Female,0,No,No,20,Yes,No,Fiber optic,Yes,No,Yes,Yes,No,Yes,Month-to-month,No,Electronic check,110.72,2229.59,Yes
CUST-00835,Male,0,No,No,65,Yes,Yes,DSL,No,No,Yes,No,No,Yes,Two year,Yes,Electronic check,87.27,5659.64,No
CUST-00836,Female,1,Yes,No,61,Yes,No,Fiber optic,Yes,Yes,Yes,No,Yes,Yes,Month-to-month,Yes,Electronic check,121.23,7396.88,Yes
CUST-00837,Male,1,Yes,No,71,Yes,No,Fiber optic,No,Yes,No,No,No,Yes,One year,Yes,Credit card (automatic),95.87,6824.56,Yes
CUST-00838,Male,0,No,No,32,Yes,No,DSL,Yes,Yes,Yes,No,No,Yes,Month-to-month,Yes,Mailed check,91.28,2938.43,Yes
CUST-00839,Female,0,Yes,No,55,Yes,Yes,DSL,Yes,No,Yes,No,No,Yes,Two year,Yes,Bank transfer (automatic),94.39,5168.91,No
CUST-00840,Male,0,No,No,30,Yes,Yes,DSL,Yes,No,No,No,Yes,Yes,Month-to-month,No,Credit card (automatic),96.97,2901.58,Yes
CUST-00841,Male,0,No,No,68,Yes,Yes,Fiber optic,Yes,Yes,No,Yes,Yes,No,One year,Yes,Electronic check,121.98,8277.63,Yes
CUST-00842,Female,0,Yes,Yes,8,Yes,No,DSL,No,Yes,No,Yes,No,No,Month-to-month,Yes,Electronic check,76.49,621.51,Yes
CUST-00843,Male,1,Yes,No,9,Yes,No,Fiber optic,Yes,Yes,No,No,Yes,No,Month-to-month,Yes,Electronic check,104.41,926.08,Yes
CUST-00844,Male,1,Yes,Yes,54,Yes,No,Fiber optic,Yes,No,Yes,No,No,No,One year,No,Credit card (automatic),94.41,5121.46,Yes
CUST-00845,Male,0,No,No,6,Yes,Yes,No,No internet service,No internet service,No internet service,No internet service,No internet service,No internet service,Month-to-month,No,Mailed check,44.16,284.39,Yes
CUST-00846,Male,0,Yes,No,56,No,No phone service,Fiber optic,No,No,Yes,No,Yes,Yes,One year,No,Mailed check,96.45,5397.5,No
CUST-00847,Female,0,Yes,No,30,Yes,No,Fiber optic,No,No,Yes,No,Yes,No,Month-to-month,No,Bank transfer (automatic),99.97,2980.13,No
CUST-00848,Female,0,Yes,No,35,Yes,No,Fiber optic,No,No,No,Yes,No,No,Month-to-month,No,Electronic check,87.89,3064.32,Yes
CUST-00849,Male,0,No,No,65,Yes,No,No,No internet service,No internet service,No internet service,No internet service,No internet service,No internet service,Month-to-month,No,Bank transfer (automatic),34.38,2241.47,Yes
CUST-00850,Female,0,Yes,Yes,41,Yes,Yes,DSL,Yes,No,No,Yes,No,Yes,Two year,No,Electronic check,97.65,4016.43,No
CUST-00851,Male,0,Yes,Yes,31,Yes,No,DSL,No,No,Yes,Yes,No,Yes,Month-to-month,Yes,Mailed check,86.81,2690.53,Yes
CUST-00852,Female,0,No,No,5,Yes,No,DSL,No,No,Yes,No,No,Yes,Month-to-month,Yes,Electronic check,79.43,358.63,Yes
CUST-00853,Male,0,No,No,39,Yes,Yes,Fiber optic,No,No,No,Yes,Yes,No,One year,No,Electronic check,110.62,4324.38,Yes
CUST-00854,Male,1,No,No,9,Yes,No,DSL,Yes,Yes,No,Yes,Yes,No,Month-to-month,Yes,Mailed check,91.88,796.61,Yes
CUST-00855,Male,0,Yes,Yes,69,Yes,No,DSL,Yes,Yes,No,No,Yes,No,One year,Yes,Electronic check,83.87,5755.24,No
CUST-00856,Male,0,Yes,No,70,Yes,No,Fiber optic,Yes,No,Yes,Yes,Yes,No,Month-to-month,Yes,Credit card (automatic),111.47,7817.87,Yes
CUST-00857,Male,0,No,No,71,Yes,Yes,No,No internet service,No internet service,No internet service,No internet service,No internet service,No internet service,One year,No,Electronic check,45.6,3219.81,No
CUST-00858,Male,0,Yes,Yes,58,Yes,No,No,No internet service,No internet service,No internet service,No internet service,No internet service,No internet service,Two year,Yes,Bank transfer (automatic),34.73,2018.1,No
CUST-00859,Female,0,No,No,38,No,No phone service,Fiber optic,Yes,No,Yes,No,Yes,No,Two year,Yes,Electronic check,89.38,3397.82,No
CUST-00860,Male,0,No,No,69,Yes,No,Fiber optic,Yes,Yes,Yes,No,No,Yes,Month-to-month,No,Electronic check,108.81,7495.81,Yes
CUST-00861,Female,1,Yes,No,16,Yes,Yes,No,No internet service,No internet service,No internet service,No internet service,No internet service,No internet service,One year,Yes,Bank transfer (automatic),43.72,702.61,No
CUST-00862,Male,0,No,No,69,Yes,No,No,No internet service,No internet service,No internet service,No internet service,No internet service,No internet service,Month-to-month,No,Bank transfer (automatic),35.88,2467.46,No
CUST-00863,Female,1,No,No,13,Yes,Yes,No,No internet service,No internet service,No internet service,No internet service,No internet service,No internet service,Month-to-month,No,Electronic check,45.58,593.25,No
CUST-00864,Female,0,Yes,Yes,47,Yes,Yes,Fiber optic,No,No,No,Yes,No,Yes,Month-to-month,Yes,Bank transfer (automatic),109.36,5134.13,Yes
CUST-00865,Female,0,No,No,69,No,No phone service,DSL,No,Yes,No,Yes,No,No,Two year,No,Electronic check,61.07,4206.31,No
CUST-00866,Male,0,Yes,No,27,Yes,No,DSL,No,No,No,Yes,No,Yes,One year,Yes,Electronic check,78.77,2116.9,Yes
CUST-00867,Male,0,Yes,Yes,21,Yes,No,No,No internet service,No internet service,No internet service,No internet service,No internet service,No internet service,Month-to-month,No,Bank transfer (automatic),35.66,735.38,No
CUST-00868,Female,0,Yes,No,54,Yes,Yes,DSL,Yes,Yes,No,No,No,No,One year,Yes,Mailed check,82.69,4478.05,No
CUST-00869,Male,0,No,No,28,Yes,Yes,DSL,No,No,No,Yes,No,No,One year,Yes,Electronic check,78.08,2179.45,No
CUST-00870,Female,0,No,No,17,Yes,Yes,Fiber optic,No,Yes,Yes,Yes,Yes,Yes,Month-to-month,Yes,Mailed check,135.9,2293.33,Yes
CUST-00871,Male,1,No,No,70,Yes,No,DSL,No,No,Yes,Yes,Yes,Yes,Month-to-month,No,Mailed check,100.44,7024.67,Yes
CUST-00872,Female,1,Yes,No,44,Yes,Yes,No,No internet service,No internet service,No internet service,No internet service,No internet service,No internet service,Two year,No,Bank transfer (automatic),43.27,1895.96,No
CUST-00873,Female,1,No,No,55,Yes,No,DSL,No,Yes,No,No,No,Yes,Month-to-month,No,Electronic check,74.59,4096.54,No
CUST-00874,Male,0,Yes,Yes,58,Yes,No,DSL,No,No,No,No,No,Yes,Two year,No,Credit card (automatic),71.27,4144.36,No
CUST-00875,Female,0,No,No,71,Yes,Yes,No,No internet service,No internet service,No internet service,No internet service,No internet service,No internet service,Month-to-month,No,Electronic check,43.53,3081.21,Yes
CUST-00876,Male,0,Yes,Yes,55,Yes,Yes,DSL,Yes,No,Yes,No,No,No,Month-to-month,Yes,Mailed check,81.34,4468.01,Yes
CUST-00877,Female,0,Yes,Yes,40,No,No phone service,No,No internet service,No internet service,No internet service,No internet service,No internet service,No internet service,Two year,No,Bank transfer (automatic),22.73,918.85,No
CUST-00878,Female,0,Yes,Yes,37,Yes,No,Fiber optic,No,Yes,No,No,Yes,Yes,Two year,Yes,Electronic check,114.04,4226.14,No
CUST-00879,Male,0,No,No,35,Yes,Yes,Fiber optic,No,Yes,Yes,Yes,Yes,No,One year,No,Credit card (automatic),120.58,4209.99,No
CUST-00880,Male,0,Yes,No,30,Yes,No,DSL,No,Yes,No,No,No,Yes,Month-to-month,No,Bank transfer (automatic),78.34,2364.69,Yes
CUST-00881,Male,0,No,No,49,Yes,No,Fiber optic,No,No,Yes,No,Yes,No,One year,No,Mailed check,98.3,4830.34,No
CUST-00882,Female,1,Yes,Yes,23,Yes,Yes,DSL,No,No,No,Yes,Yes,No,Month-to-month,No,Electronic check,90.52,2094.55,Yes
CUST-00883,Male,0,Yes,Yes,23,Yes,No,No,No internet service,No internet service,No internet service,No internet service,No internet service,No internet service,One year,Yes,Electronic check,32.94,762.16,No
CUST-00884,Female,0,Yes,No,25,Yes,Yes,DSL,Yes,No,No,Yes,No,Yes,One year,Yes,Credit card (automatic),97.85,2443.65,No
CUST-00885,Female,0,No,No,69,Yes,Yes,DSL,No,No,Yes,No,No,No,Two year,No,Electronic check,77.35,5321.04,Yes
CUST-00886,Male,1,No,No,17,Yes,No,No,No internet service,No internet service,No internet service,No internet service,No internet service,No internet service,One year,Yes,Electronic check,34.28,562.01,No
CUST-00887,Male,0,Yes,Yes,7,Yes,Yes,Fiber optic,No,Yes,Yes,No,No,No,Month-to-month,Yes,Electronic check,103.85,725.68,Yes
CUST-00888,Female,0,Yes,Yes,63,Yes,No,Fiber optic,Yes,No,No,Yes,No,Yes,Month-to-month,Yes,Electronic check,103.84,6542.13,Yes
CUST-00889,Female,0,Yes,No,29,Yes,No,Fiber optic,No,Yes,No,Yes,No,Yes,Month-to-month,Yes,Electronic check,103.46,2996.42,No
CUST-00890,Male,1,No,No,60,Yes,Yes,DSL,No,Yes,Yes,No,No,Yes,Two year,Yes,Credit card (automatic),94.4,5662.33,No
CUST-00891,Male,0,Yes,No,19,Yes,Yes,DSL,No,Yes,No,Yes,No,Yes,Month-to-month,No,Bank transfer (automatic),96.65,1856.8,No
CUST-00892,Male,0,No,No,72,Yes,No,No,No internet service,No internet service,No internet service,No internet service,No internet service,No internet service,One year,Yes,Bank transfer (automatic),34.75,2526.41,No
CUST-00893,Male,0,No,Yes,69,Yes,No,DSL,No,No,No,Yes,No,No,Two year,Yes,Credit card (automatic),69.66,4789.95,No
CUST-00894,Male,0,Yes,Yes,30,Yes,No,Fiber optic,Yes,No,Yes,Yes,Yes,No,Month-to-month,No,Electronic check,111.01,3334.63,Yes
CUST-00895,Female,0,No,Yes,69,Yes,No,Fiber optic,Yes,No,Yes,No,No,No,Month-to-month,Yes,Credit card (automatic),93.81,6473.67,Yes
CUST-00896,Female,1,No,Yes,29,Yes,Yes,DSL,Yes,Yes,No,Yes,No,Yes,Two year,No,Electronic check,103.18,3002.34,No
CUST-00897,Female,0,No,No,22,Yes,No,Fiber optic,Yes,Yes,No,No,Yes,No,Month-to-month,Yes,Electronic check,106.79,2375.38,Yes
CUST-00898,Female,0,Yes,Yes,14,Yes,No,Fiber optic,No,Yes,Yes,No,No,No,Two year,Yes,Electronic check,89.34,1283.58,No
CUST-00899,Male,0,Yes,Yes,72,Yes,Yes,No,No internet service,No internet service,No internet service,No internet service,No internet service,No internet service,Month-to-month,Yes,Mailed check,44.27,3198.23,No
CUST-00900,Male,0,Yes,Yes,68,Yes,No,DSL,Yes,Yes,Yes,Yes,Yes,No,Two year,No,Electronic check,96.64,6572.12,No
CUST-00901,Male,0,Yes,Yes,2,Yes,No,DSL,No,Yes,No,Yes,Yes,Yes,One year,Yes,Bank transfer (automatic),99.17,192.9,Yes
CUST-00902,Female,0,Yes,No,20,No,No phone service,No,No internet service,No internet service,No internet service,No internet service,No internet service,No internet service,Two year,No,Mailed check,22.36,484.5,No
CUST-00903,Female,0,Yes,No,48,Yes,Yes,DSL,No,No,Yes,Yes,No,Yes,Two year,No,Mailed check,95.44,4569.61,No
CUST-00904,Male,0,No,No,13,Yes,No,Fiber optic,Yes,No,No,No,No,No,Two year,No,Bank transfer (automatic),86.9,1142.04,No
CUST-00905,Male,0,Yes,No,72,No,No phone service,No,No internet service,No internet service,No internet service,No internet service,No internet service,No internet service,One year,Yes,Credit card (automatic),22.17,1592.28,No
CUST-00906,Female,0,Yes,Yes,28,Yes,Yes,Fiber optic,No,Yes,No,No,No,Yes,One year,Yes,Credit card (automatic),108.49,3017.64,Yes
CUST-00907,Female,1,Yes,Yes,61,Yes,No,Fiber optic,Yes,Yes,Yes,No,No,Yes,Two year,Yes,Mailed check,111.05,6799.78,No
CUST-00908,Male,0,No,No,67,Yes,No,DSL,No,Yes,No,Yes,Yes,Yes,Two year,Yes,Credit card (automatic),95.03,6340.88,No
CUST-00909,Male,0,No,Yes,68,Yes,No,Fiber optic,No,Yes,No,No,No,No,Two year,No,Mailed check,88.35,5975.57,Yes
CUST-00910,Female,0,No,Yes,11,Yes,No,DSL,No,No,Yes,Yes,No,No,Month-to-month,Yes,Mailed check,73.55,819.55,Yes
CUST-00911,Male,0,Yes,Yes,19,Yes,No,No,No internet service,No internet service,No internet service,No internet service,No internet service,No internet service,One year,Yes,Electronic check,39.0,736.44,No
CUST-00912,Male,0,No,No,33,Yes,No,DSL,No,No,Yes,No,Yes,No,One year,No,Electronic check,76.72,2538.23,Yes
CUST-00913,Male,0,Yes,Yes,64,Yes,No,No,No internet service,No internet service,No internet service,No internet service,No internet service,No internet service,Two year,Yes,Electronic check,35.71,2285.33,No
CUST-00914,Female,1,Yes,No,50,Yes,No,Fiber optic,No,Yes,No,No,No,Yes,Month-to-month,Yes,Bank transfer (automatic),99.24,4971.01,Yes
CUST-00915,Female,0,Yes,No,52,Yes,No,DSL,No,Yes,Yes,Yes,No,Yes,Month-to-month,No,Mailed check,88.25,4584.56,Yes
CUST-00916,Female,0,Yes,Yes,29,Yes,Yes,Fiber optic,Yes,No,No,Yes,Yes,No,Two year,Yes,Mailed check,118.67,3454.96,Yes
CUST-00917,Female,0,Yes,Yes,3,Yes,Yes,DSL,No,Yes,No,No,Yes,No,Month-to-month,No,Electronic check,89.11,281.3,Yes
CUST-00918,Female,1,No,No,43,Yes,Yes,DSL,Yes,Yes,No,No,No,No,One year,Yes,Mailed check,79.76,3452.91,Yes
CUST-00919,Female,0,No,No,9,Yes,Yes,DSL,Yes,No,Yes,Yes,Yes,Yes,One year,No,Mailed check,114.55,1049.91,No
CUST-00920,Female,0,Yes,Yes,10,Yes,No,No,No internet service,No internet service,No internet service,No internet service,No internet service,No internet service,One year,Yes,Bank transfer (automatic),35.55,353.9,Yes
CUST-00921,Male,0,No,No,50,Yes,No,DSL,Yes,Yes,No,Yes,Yes,Yes,Month-to-month,No,Mailed check,103.8,5200.44,No
CUST-00922,Male,0,Yes,No,71,Yes,Yes,No,No internet service,No internet service,No internet service,No internet service,No internet service,No internet service,Month-to-month,Yes,Mailed check,44.11,3138.07,No
CUST-00923,Male,0,Yes,Yes,33,Yes,No,DSL,No,No,No,No,No,No,One year,Yes,Electronic check,59.9,1983.02,No
CUST-00924,Male,0,No,No,33,Yes,No,Fiber optic,Yes,No,No,Yes,No,Yes,One year,Yes,Electronic check,107.29,3520.71,No
CUST-00925,Male,0,No,No,62,Yes,No,No,No internet service,No internet service,No internet service,No internet service,No internet service,No internet service,Month-to-month,Yes,Electronic check,36.23,2257.56,Yes
CUST-00926,Male,1,Yes,Yes,67,Yes,No,No,No internet service,No internet service,No internet service,No internet service,No internet service,No internet service,Two year,No,Electronic check,35.01,2354.8,No
CUST-00927,Male,0,Yes,No,2,Yes,No,DSL,No,No,No,Yes,Yes,Yes,Month-to-month,No,Electronic check,92.34,211.98,Yes
CUST-00928,Female,1,No,No,54,Yes,Yes,Fiber optic,No,Yes,Yes,No,Yes,Yes,One year,Yes,Electronic check,125.81,6811.22,No
CUST-00929,Female,0,No,No,65,Yes,Yes,DSL,No,No,Yes,No,Yes,Yes,Two year,Yes,Electronic check,98.54,6407.34,No
CUST-00930,Male,0,No,No,29,Yes,No,Fiber optic,No,No,Yes,No,No,No,One year,No,Bank transfer (automatic),85.91,2489.86,Yes
CUST-00931,Male,0,Yes,No,64,No,No phone service,Fiber optic,Yes,Yes,Yes,Yes,No,Yes,Month-to-month,No,Electronic check,101.9,6506.54,Yes
CUST-00932,Female,0,Yes,Yes,18,Yes,Yes,Fiber optic,No,Yes,Yes,Yes,Yes,Yes,Month-to-month,Yes,Bank transfer (automatic),132.51,2412.45,Yes
CUST-00933,Male,0,Yes,Yes,60,Yes,No,DSL,No,No,Yes,Yes,No,Yes,One year,No,Bank transfer (automatic),82.37,4926.22,No
CUST-00934,Male,0,Yes,No,8,Yes,Yes,DSL,No,No,Yes,Yes,Yes,No,One year,No,Mailed check,95.39,735.09,Yes
CUST-00935,Female,0,No,Yes,63,Yes,Yes,DSL,Yes,No,No,No,No,Yes,One year,Yes,Mailed check,89.18,5631.84,No
CUST-00936,Male,0,Yes,Yes,60,Yes,No,DSL,No,No,Yes,Yes,No,No,One year,Yes,Bank transfer (automatic),75.83,4551.1,No
CUST-00937,Female,0,Yes,No,72,Yes,Yes,No,No internet service,No internet service,No internet service,No internet service,No internet service,No internet service,Two year,No,Electronic check,45.67,3292.21,No
CUST-00938,Male,0,No,No,31,Yes,No,DSL,No,No,No,No,Yes,Yes,Month-to-month,Yes,Electronic check,82.06,2546.66,Yes
CUST-00939,Female,1,No,No,2,Yes,No,Fiber optic,Yes,Yes,Yes,No,Yes,Yes,Month-to-month,No,Bank transfer (automatic),121.77,227.67,Yes
CUST-00940,Female,0,Yes,Yes,39,Yes,Yes,Fiber optic,Yes,No,No,Yes,No,No,Month-to-month,Yes,Bank transfer (automatic),102.27,3994.06,No
CUST-00941,Female,0,No,No,72,No,No phone service,Fiber optic,No,No,No,No,Yes,No,Month-to-month,Yes,Mailed check,79.86,5745.08,Yes
CUST-00942,Male,0,No,No,11,Yes,Yes,Fiber optic,Yes,No,No,Yes,Yes,Yes,Two year,Yes,Credit card (automatic),127.42,1394.68,Yes
CUST-00943,Female,0,No,No,56,Yes,Yes,Fiber optic,No,No,Yes,No,Yes,Yes,One year,Yes,Mailed check,119.26,6699.91,No
CUST-00944,Male,0,Yes,Yes,42,Yes,Yes,Fiber optic,Yes,Yes,No,No,Yes,Yes,Two year,No,Electronic check,127.38,5361.83,Yes
CUST-00945,Male,0,No,No,15,Yes,Yes,Fiber optic,No,No,No,No,No,Yes,One year,No,Bank transfer (automatic),101.94,1494.59,Yes
CUST-00946,Male,0,No,No,24,Yes,Yes,No,No internet service,No internet service,No internet service,No internet service,No internet service,No internet service,Month-to-month,No,Credit card (automatic),46.61,1121.88,Yes
CUST-00947,Male,0,Yes,Yes,6,Yes,Yes,No,No internet service,No internet service,No internet service,No internet service,No internet service,No internet service,Month-to-month,Yes,Bank transfer (automatic),43.32,275.91,No
CUST-00948,Female,0,Yes,No,56,No,No phone service,Fiber optic,No,Yes,Yes,No,No,Yes,Two year,Yes,Credit card (automatic),89.13,4972.59,Yes
CUST-00949,Female,0,No,No,71,Yes,No,DSL,No,No,Yes,No,No,Yes,Two year,Yes,Electronic check,78.76,5579.0,No
CUST-00950,Male,1,Yes,No,35,Yes,No,Fiber optic,Yes,No,No,No,Yes,Yes,Month-to-month,No,Electronic check,106.07,3727.45,Yes
CUST-00951,Male,0,No,No,36,Yes,No,Fiber optic,No,Yes,No,No,Yes,Yes,Two year,No,Electronic check,108.98,3916.47,Yes
CUST-00952,Female,0,Yes,No,18,Yes,No,Fiber optic,Yes,Yes,No,Yes,No,Yes,Two year,No,Bank transfer (automatic),111.08,1969.77,No
CUST-00953,Male,0,Yes,Yes,17,Yes,Yes,Fiber optic,Yes,Yes,No,Yes,Yes,No,Month-to-month,No,Mailed check,122.08,2093.36,Yes
CUST-00954,Female,0,Yes,Yes,48,Yes,No,Fiber optic,Yes,No,No,Yes,No,Yes,Month-to-month,Yes,Mailed check,105.53,5062.83,Yes
CUST-00955,Male,1,No,No,57,Yes,No,Fiber optic,No,No,Yes,No,No,Yes,One year,Yes,Electronic check,98.44,5616.69,No
CUST-00956,Male,0,Yes,No,32,Yes,Yes,DSL,Yes,No,No,No,Yes,No,One year,Yes,Bank transfer (automatic),87.65,2804.06,No
CUST-00957,Female,0,No,No,38,Yes,No,Fiber optic,No,Yes,No,No,No,Yes,Two year,Yes,Credit card (automatic),99.72,3806.17,Yes
CUST-00958,Male,1,No,No,6,Yes,No,DSL,No,No,Yes,Yes,No,Yes,One year,Yes,Electronic check,89.17,518.54,Yes
CUST-00959,Female,0,No,No,36,Yes,No,Fiber optic,No,No,No,No,Yes,Yes,Month-to-month,No,Electronic check,101.75,3672.96,Yes
CUST-00960,Male,0,No,No,44,Yes,Yes,DSL,No,No,Yes,No,Yes,No,Two year,Yes,Electronic check,88.04,3893.54,No
CUST-00961,Male,0,No,No,53,No,No phone service,DSL,Yes,No,No,Yes,No,Yes,Two year,Yes,Electronic check,72.63,3829.15,No
CUST-00962,Male,0,Yes,Yes,19,Yes,No,DSL,No,No,Yes,No,No,No,One year,Yes,Mailed check,64.95,1222.96,Yes
CUST-00963,Female,0,No,No,48,Yes,Yes,No,No internet service,No internet service,No internet service,No internet service,No internet service,No internet service,Two year,Yes,Bank transfer (automatic),45.42,2204.83,No
CUST-00964,Male,1,No,No,16,Yes,No,Fiber optic,No,No,No,No,Yes,No,One year,No,Credit card (automatic),91.43,1479.1,Yes
CUST-00965,Male,1,Yes,No,71,Yes,Yes,Fiber optic,Yes,Yes,No,No,No,Yes,Two year,No,Electronic check,112.49,7974.5,No
CUST-00966,Male,0,Yes,Yes,5,No,No phone service,No,No internet service,No internet service,No internet service,No internet service,No internet service,No internet service,Month-to-month,Yes,Electronic check,18.5,74.28,Yes
CUST-00967,Male,0,No,No,14,Yes,No,Fiber optic,Yes,Yes,No,No,Yes,No,Month-to-month,Yes,Mailed check,100.29,1408.3,Yes
CUST-00968,Female,0,Yes,No,35,Yes,No,Fiber optic,Yes,No,No,Yes,Yes,Yes,One year,Yes,Electronic check,118.25,4143.69,Yes
CUST-00969,Female,1,No,No,21,Yes,No,Fiber optic,No,Yes,Yes,No,No,Yes,One year,No,Electronic check,104.35,2190.46,Yes
CUST-00970,Male,0,Yes,Yes,13,Yes,No,DSL,Yes,Yes,Yes,No,Yes,No,Month-to-month,No,Electronic check,88.57,1186.41,Yes
CUST-00971,Female,0,Yes,Yes,48,Yes,No,DSL,No,No,Yes,No,Yes,Yes,Month-to-month,Yes,Mailed check,89.58,4309.54,Yes
CUST-00972,Male,0,No,No,4,No,No phone service,DSL,Yes,No,No,No,Yes,No,Month-to-month,Yes,Bank transfer (automatic),60.84,230.75,Yes
CUST-00973,Male,0,Yes,Yes,48,Yes,No,Fiber optic,Yes,No,Yes,No,Yes,No,One year,Yes,Bank transfer (automatic),104.8,5046.26,Yes
CUST-00974,Male,0,Yes,No,40,Yes,No,DSL,No,Yes,No,Yes,No,Yes,One year,No,Electronic check,85.4,3416.87,No
CUST-00975,Female,0,No,Yes,43,Yes,Yes,Fiber optic,No,Yes,Yes,No,No,Yes,One year,Yes,Credit card (automatic),115.16,4941.73,Yes
CUST-00976,Female,0,Yes,Yes,53,Yes,No,Fiber optic,Yes,Yes,Yes,No,Yes,Yes,Month-to-month,No,Electronic check,121.52,6454.08,Yes
CUST-00977,Female,1,No,No,33,Yes,Yes,DSL,No,Yes,Yes,Yes,No,No,Two year,Yes,Mailed check,88.52,2943.29,Yes
CUST-00978,Female,0,No,No,13,Yes,Yes,No,No internet service,No internet service,No internet service,No internet service,No internet service,No internet service,One year,Yes,Bank transfer (automatic),44.2,577.84,No
CUST-00979,Female,0,No,No,11,Yes,No,No,No internet service,No internet service,No internet service,No internet service,No internet service,No internet service,Month-to-month,Yes,Electronic check,37.26,395.2,No
CUST-00980,Female,1,Yes,No,7,Yes,No,DSL,No,No,Yes,No,Yes,No,Month-to-month,No,Bank transfer (automatic),81.14,569.68,No
CUST-00981,Female,0,Yes,No,44,Yes,Yes,No,No internet service,No internet service,No internet service,No internet service,No internet service,No internet service,One year,No,Credit card (automatic),42.74,1866.22,Yes
CUST-00982,Female,0,No,No,72,Yes,Yes,Fiber optic,No,No,No,No,Yes,Yes,One year,Yes,Electronic check,115.36,8309.32,No
CUST-00983,Female,0,No,No,54,Yes,Yes,Fiber optic,No,No,Yes,Yes,No,No,Month-to-month,Yes,Mailed check,102.34,5537.68,Yes
CUST-00984,Male,0,No,No,70,Yes,Yes,DSL,No,No,No,No,Yes,No,Two year,Yes,Electronic check,80.86,5630.55,Yes
CUST-00985,Female,0,No,No,64,Yes,No,DSL,Yes,Yes,Yes,Yes,Yes,Yes,Two year,No,Electronic check,110.31,7070.57,No
CUST-00986,Female,1,Yes,Yes,71,Yes,No,No,No internet service,No internet service,No internet service,No internet service,No internet service,No internet service,Two year,No,Electronic check,35.73,2531.22,No
CUST-00987,Female,0,Yes,Yes,8,Yes,Yes,No,No internet service,No internet service,No internet service,No internet service,No internet service,No internet service,Month-to-month,No,Bank transfer (automatic),43.91,342.85,No
CUST-00988,Female,0,Yes,Yes,3,Yes,Yes,Fiber optic,Yes,No,No,Yes,Yes,No,Month-to-month,Yes,Electronic check,116.92,330.85,Yes
CUST-00989,Female,0,Yes,No,11,Yes,Yes,No,No internet service,No internet service,No internet service,No internet service,No internet service,No internet service,Month-to-month,No,Electronic check,46.78,498.48,No
CUST-00990,Female,1,Yes,No,61,Yes,Yes,Fiber optic,Yes,No,No,Yes,Yes,Yes,Two year,Yes,Electronic check,129.09,7900.96,Yes
CUST-00991,Female,0,No,No,32,Yes,No,DSL,No,Yes,Yes,No,No,No,One year,Yes,Electronic check,70.55,2270.34,Yes
CUST-00992,Female,0,Yes,No,10,No,No phone service,DSL,Yes,Yes,No,Yes,Yes,Yes,Month-to-month,Yes,Electronic check,88.33,902.72,Yes
CUST-00993,Female,0,Yes,No,44,Yes,Yes,DSL,No,No,No,No,No,No,Two year,Yes,Bank transfer (automatic),71.31,3124.78,No
CUST-00994,Female,0,Yes,Yes,43,No,No phone service,Fiber optic,No,Yes,Yes,Yes,Yes,Yes,Month-to-month,No,Credit card (automatic),111.33,4814.17,No
CUST-00995,Female,0,No,No,43,Yes,Yes,No,No internet service,No internet service,No internet service,No internet service,No internet service,No internet service,Two year,Yes,Mailed check,43.09,1851.87,Yes
CUST-00996,Male,1,No,No,41,Yes,No,Fiber optic,No,No,No,No,Yes,No,Month-to-month,Yes,Bank transfer (automatic),92.45,3778.62,Yes
CUST-00997,Male,0,No,No,47,Yes,No,Fiber optic,Yes,No,No,Yes,No,Yes,Two year,No,Credit card (automatic),107.1,5017.53,No
CUST-00998,Female,0,No,Yes,66,Yes,No,Fiber optic,No,No,Yes,Yes,No,Yes,Month-to-month,No,Mailed check,103.91,6842.33,No
CUST-00999,Female,0,Yes,Yes,47,No,No phone service,DSL,Yes,No,No,Yes,Yes,No,Two year,Yes,Electronic check,72.53,3397.71,No
CUST-01000,Male,1,No,No,68,Yes,Yes,DSL,No,No,No,No,Yes,Yes,Two year,Yes,Credit card (automatic),97.17,6594.15,No
CUST-01001,Female,0,Yes,Yes,6,Yes,No,Fiber optic,Yes,No,No,No,Yes,No,Month-to-month,No,Credit card (automatic),99.0,607.56,Yes
CUST-01002,Male,0,Yes,Yes,70,Yes,No,Fiber optic,No,No,Yes,No,No,Yes,Two year,Yes,Electronic check,98.85,6958.52,Yes
CUST-01003,Male,0,No,No,10,Yes,No,No,No internet service,No internet service,No internet service,No internet service,No internet service,No internet service,Month-to-month,Yes,Bank transfer (automatic),33.87,334.99,No
CUST-01004,Male,0,No,Yes,3,Yes,No,DSL,Yes,No,No,Yes,No,Yes,Month-to-month,Yes,Bank transfer (automatic),85.26,252.36,Yes
CUST-01005,Male,0,Yes,Yes,17,Yes,No,Fiber optic,No,No,No,Yes,Yes,No,Month-to-month,Yes,Bank transfer (automatic),99.03,1655.64,No
CUST-01006,Male,1,Yes,No,38,Yes,Yes,Fiber optic,No,No,Yes,Yes,No,Yes,One year,Yes,Credit card (automatic),114.67,4343.58,Yes
CUST-01007,Female,1,No,No,41,Yes,Yes,DSL,Yes,No,Yes,No,Yes,No,Two year,No,Bank transfer (automatic),93.64,3814.93,No
CUST-01008,Male,0,Yes,No,4,Yes,No,Fiber optic,Yes,Yes,Yes,No,Yes,Yes,Month-to-month,No,Mailed check,122.46,502.04,Yes
CUST-01009,Female,0,Yes,No,53,Yes,Yes,DSL,Yes,No,Yes,Yes,Yes,No,Month-to-month,No,Credit card (automatic),100.71,5366.63,No
CUST-01010,Female,0,Yes,Yes,6,Yes,Yes,Fiber optic,No,No,No,No,Yes,Yes,Month-to-month,No,Electronic check,113.48,664.66,Yes
CUST-01011,Male,0,Yes,Yes,69,Yes,No,Fiber optic,No,Yes,Yes,Yes,Yes,Yes,Month-to-month,No,Bank transfer (automatic),124.48,8586.07,Yes
CUST-01012,Male,0,No,No,66,Yes,No,DSL,No,Yes,No,Yes,Yes,No,One year,No,Bank transfer (automatic),82.82,5462.39,No
CUST-01013,Female,0,Yes,No,9,Yes,No,No,No internet service,No internet service,No internet service,No internet service,No internet service,No internet service,Month-to-month,No,Credit card (automatic),36.42,338.03,Yes
CUST-01014,Male,0,Yes,Yes,54,Yes,No,DSL,Yes,No,No,No,Yes,No,Month-to-month,Yes,Credit card (automatic),78.32,4230.86,No
CUST-01015,Male,0,No,No,72,Yes,Yes,DSL,Yes,Yes,Yes,Yes,Yes,No,One year,Yes,Mailed check,108.34,7832.2,No
CUST-01016,Female,0,No,No,58,Yes,Yes,Fiber optic,No,Yes,No,No,Yes,No,Two year,No,Mailed check,109.73,6353.1,No
CUST-01017,Female,0,Yes,No,49,Yes,No,No,No internet service,No internet service,No internet service,No internet service,No internet service,No internet service,Month-to-month,Yes,Bank transfer (automatic),36.41,1797.58,No
CUST-01018,Male,0,Yes,No,4,Yes,Yes,DSL,Yes,Yes,Yes,No,Yes,Yes,One year,No,Bank transfer (automatic),112.91,442.71,No
CUST-01019,Female,0,Yes,Yes,20,No,No phone service,DSL,No,No,No,Yes,No,No,Month-to-month,No,Bank transfer (automatic),53.42,1044.37,No
CUST-01020,Male,0,No,No,41,Yes,Yes,Fiber optic,Yes,Yes,No,No,Yes,Yes,Two year,Yes,Electronic check,125.99,5186.99,No
CUST-01021,Male,0,No,No,44,Yes,Yes,Fiber optic,Yes,No,Yes,Yes,Yes,No,Two year,No,Mailed check,121.13,5357.82,No
CUST-01022,Male,0,No,No,7,Yes,No,DSL,No,Yes,Yes,Yes,Yes,Yes,Month-to-month,Yes,Mailed check,102.56,724.07,No
CUST-01023,Female,0,No,Yes,2,Yes,Yes,DSL,No,Yes,Yes,Yes,Yes,Yes,One year,No,Electronic check,114.58,219.71,Yes
CUST-01024,Female,0,No,No,49,Yes,Yes,No,No internet service,No internet service,No internet service,No internet service,No internet service,No internet service,Month-to-month,Yes,Bank transfer (automatic),45.59,2216.83,No
CUST-01025,Female,0,No,Yes,66,Yes,Yes,No,No internet service,No internet service,No internet service,No internet service,No internet service,No internet service,One year,No,Credit card (automatic),45.21,2992.27,No
CUST-01026,Female,0,No,No,3,Yes,No,DSL,No,No,Yes,Yes,No,No,Month-to-month,Yes,Credit card (automatic),71.98,184.04,No
CUST-01027,Female,1,Yes,Yes,55,Yes,Yes,Fiber optic,No,No,No,Yes,No,Yes,One year,No,Mailed check,106.02,5844.18,No
CUST-01028,Male,0,No,No,6,Yes,No,DSL,No,Yes,Yes,No,Yes,No,Month-to-month,Yes,Bank transfer (automatic),84.08,498.21,Yes
CUST-01029,Male,0,Yes,No,69,Yes,Yes,Fiber optic,Yes,Yes,Yes,No,No,Yes,Two year,No,Bank transfer (automatic),117.25,8083.66,No
CUST-01030,Male,0,Yes,Yes,66,Yes,Yes,DSL,No,Yes,No,No,No,Yes,One year,Yes,Electronic check,88.48,5823.58,No
CUST-01031,Male,0,No,No,46,No,No phone service,DSL,Yes,No,No,No,No,Yes,Two year,No,Electronic check,65.92,3010.76,Yes
CUST-01032,Female,0,Yes,Yes,53,Yes,No,Fiber optic,Yes,Yes,Yes,Yes,Yes,Yes,Two year,Yes,Bank transfer (automatic),130.5,6915.63,No
CUST-01033,Male,0,No,Yes,46,No,No phone service,DSL,Yes,No,Yes,No,Yes,Yes,One year,No,Electronic check,80.35,3699.03,No
CUST-01034,Female,0,No,No,17,Yes,No,DSL,No,No,Yes,Yes,Yes,No,Month-to-month,No,Mailed check,84.43,1433.93,Yes
CUST-01035,Male,0,Yes,No,62,Yes,Yes,No,No internet service,No internet service,No internet service,No internet service,No internet service,No internet service,Two year,Yes,Mailed check,44.13,2752.48,No
CUST-01036,Female,0,No,No,60,Yes,No,No,No internet service,No internet service,No internet service,No internet service,No internet service,No internet service,Two year,Yes,Credit card (automatic),34.94,2097.3,No
CUST-01037,Female,0,Yes,No,11,Yes,No,DSL,No,No,Yes,Yes,Yes,Yes,One year,Yes,Bank transfer (automatic),99.61,1106.44,No
CUST-01038,Male,1,Yes,Yes,57,Yes,Yes,Fiber optic,Yes,No,No,Yes,No,Yes,One year,No,Credit card (automatic),116.21,6601.94,Yes
CUST-01039,Male,0,No,No,68,Yes,Yes,Fiber optic,Yes,No,No,No,Yes,No,Two year,No,Bank transfer (automatic),107.56,7307.45,Yes
CUST-01040,Male,0,No,No,69,Yes,No,Fiber optic,No,Yes,No,No,No,No,Month-to-month,No,Credit card (automatic),87.01,6025.94,Yes
CUST-01041,Male,0,No,No,38,Yes,No,No,No internet service,No internet service,No internet service,No internet service,No internet service,No internet service,Two year,No,Credit card (automatic),37.21,1428.56,No
CUST-01042,Female,1,Yes,No,66,Yes,Yes,Fiber optic,Yes,Yes,No,Yes,No,Yes,Two year,Yes,Electronic check,122.47,8088.02,No
CUST-01043,Male,0,No,No,15,Yes,Yes,Fiber optic,Yes,Yes,No,No,Yes,No,Month-to-month,No,Credit card (automatic),114.29,1708.67,Yes
CUST-01044,Male,0,Yes,No,67,Yes,No,DSL,No,No,No,Yes,Yes,Yes,Month-to-month,No,Electronic check,89.51, ,No
CUST-01045,Female,0,No,No,58,No,No phone service,Fiber optic,No,No,No,Yes,Yes,Yes,Month-to-month,No,Bank transfer (automatic),94.96,5499.74,Yes
CUST-01046,Male,0,Yes,No,69,Yes,No,Fiber optic,No,Yes,Yes,Yes,No,Yes,Two year,Yes,Credit card (automatic),109.77,7583.69,No
CUST-01047,Male,0,No,No,68,No,No phone service,DSL,Yes,Yes,No,No,Yes,Yes,One year,Yes,Electronic check,80.71,5458.54,No
CUST-01048,Male,0,Yes,Yes,3,Yes,No,DSL,No,No,Yes,Yes,No,No,Month-to-month,Yes,Credit card (automatic),72.75,245.18,Yes
CUST-01049,Male,0,Yes,Yes,31,Yes,Yes,DSL,Yes,No,No,No,No,No,Month-to-month,Yes,Credit card (automatic),75.26,2351.64,Yes
CUST-01050,Male,0,No,No,5,Yes,No,DSL,No,Yes,No,No,No,No,One year,Yes,Credit card (automatic),64.73,341.89,Yes
CUST-01051,Female,0,No,No,55,Yes,No,DSL,Yes,Yes,Yes,No,No,No,One year,Yes,Credit card (automatic),76.86,4236.52,No
CUST-01052,Male,0,No,No,67,Yes,No,DSL,No,No,No,Yes,Yes,Yes,One year,Yes,Electronic check,89.22,5979.36,No
CUST-01053,Male,0,No,Yes,2,Yes,No,DSL,No,Yes,No,No,No,No,Month-to-month,No,Mailed check,66.33,138.33,No
CUST-01054,Male,0,No,No,22,Yes,Yes,Fiber optic,No,No,No,Yes,No,No,Month-to-month,No,Bank transfer (automatic),99.05,2173.61,Yes
CUST-01055,Male,0,No,No,59,Yes,Yes,Fiber optic,No,No,Yes,No,Yes,Yes,One year,Yes,Electronic check,120.1,7117.67,Yes
CUST-01056,Male,1,Yes,Yes,66,Yes,No,DSL,Yes,No,No,Yes,Yes,Yes,Two year,No,Credit card (automatic),98.55,6502.22,No
CUST-01057,Female,0,No,No,61,Yes,No,No,No internet service,No internet service,No internet service,No internet service,No internet service,No internet service,Two year,No,Electronic check,35.7,2170.57,No
CUST-01058,Male,0,Yes,No,3,Yes,No,Fiber optic,Yes,Yes,No,Yes,Yes,Yes,Month-to-month,Yes,Mailed check,124.64,369.94,Yes
CUST-01059,Female,0,No,No,21,Yes,Yes,No,No internet service,No internet service,No internet service,No internet service,No internet service,No internet service,One year,Yes,Electronic check,46.27,960.82,Yes
CUST-01060,Female,1,No,No,71,Yes,No,No,No internet service,No internet service,No internet service,No internet service,No internet service,No internet service,One year,Yes,Electronic check,36.79,2624.23,No
CUST-01061,Male,0,No,Yes,6,Yes,Yes,DSL,Yes,Yes,No,No,No,Yes,One year,Yes,Bank transfer (automatic),96.37,570.43,No
CUST-01062,Male,0,No,No,57,Yes,No,Fiber optic,Yes,Yes,No,No,No,No,One year,No,Bank transfer (automatic),89.11,5077.38,No
CUST-01063,Male,0,No,Yes,68,Yes,No,Fiber optic,No,No,No,Yes,Yes,No,Month-to-month,Yes,Electronic check,100.7,6867.65,Yes
CUST-01064,Male,0,No,No,71,No,No phone service,Fiber optic,No,Yes,Yes,No,No,No,Two year,No,Electronic check,75.18,5353.84,No
CUST-01065,Female,0,Yes,Yes,21,Yes,No,DSL,No,No,No,Yes,No,Yes,Two year,Yes,Mailed check,82.11,1708.95,No
CUST-01066,Male,0,No,No,10,Yes,Yes,No,No internet service,No internet service,No internet service,No internet service,No internet service,No internet service,Month-to-month,Yes,Credit card (automatic),45.1,468.71,Yes
CUST-01067,Male,0,Yes,Yes,3,Yes,No,DSL,No,Yes,Yes,Yes,No,No,Month-to-month,Yes,Electronic check,80.41,219.98,Yes
CUST-01068,Male,1,No,No,25,Yes,Yes,No,No internet service,No internet service,No internet service,No internet service,No internet service,No internet service,Two year,Yes,Bank transfer (automatic),45.18,1106.98,No
CUST-01069,Male,0,Yes,Yes,31,No,No phone service,Fiber optic,No,Yes,No,No,No,No,One year,No,Mailed check,71.32,2206.02,Yes
CUST-01070,Male,0,Yes,Yes,8,Yes,Yes,Fiber optic,Yes,No,No,No,Yes,No,Month-to-month,No,Credit card (automatic),110.47,888.15,Yes
CUST-01071,Male,0,Yes,Yes,69,Yes,No,DSL,No,Yes,Yes,No,Yes,Yes,Month-to-month,Yes,Electronic check,97.86,6748.97,Yes
CUST-01072,Female,0,Yes,No,71,Yes,No,Fiber optic,No,No,Yes,No,No,No,Two year,Yes,Electronic check,88.41,6283.69,No
CUST-01073,Female,0,No,No,23,No,No phone service,DSL,No,No,Yes,Yes,No,No,Month-to-month,No,Electronic check,58.71,1344.68,No
CUST-01074,Male,0,Yes,Yes,53,Yes,Yes,DSL,Yes,No,Yes,Yes,Yes,No,Two year,Yes,Bank transfer (automatic),98.81,5206.04,No
CUST-01075,Male,0,No,No,30,Yes,No,No,No internet service,No internet service,No internet service,No internet service,No internet service,No internet service,Month-to-month,No,Credit card (automatic),36.12,1080.74,Yes
CUST-01076,Male,1,Yes,Yes,70,Yes,Yes,Fiber optic,No,No,No,Yes,Yes,Yes,Two year,Yes,Credit card (automatic),120.33,8400.29,No
CUST-01077,Female,1,No,Yes,61,Yes,Yes,Fiber optic,No,Yes,No,Yes,No,No,Two year,No,Bank transfer (automatic),103.46,6311.11,No
CUST-01078,Male,0,No,No,25,Yes,No,No,No internet service,No internet service,No internet service,No internet service,No internet service,No internet service,One year,Yes,Electronic check,34.91,853.96,No
CUST-01079,Female,0,No,Yes,33,Yes,No,DSL,Yes,Yes,Yes,No,Yes,Yes,Month-to-month,No,Electronic check,102.0,3373.76,Yes
CUST-01080,Male,1,No,No,47,Yes,No,Fiber optic,Yes,Yes,Yes,No,No,Yes,Two year,Yes,Credit card (automatic),110.97,5235.91,No
CUST-01081,Male,0,Yes,No,11,Yes,No,Fiber optic,Yes,No,No,Yes,No,No,Month-to-month,Yes,Bank transfer (automatic),92.61,992.77,Yes
CUST-01082,Male,1,No,No,31,No,No phone service,Fiber optic,Yes,No,No,No,No,No,One year,Yes,Mailed check,71.94,2199.51,Yes
CUST-01083,Male,0,Yes,Yes,70,Yes,No,No,No internet service,No internet service,No internet service,No internet service,No internet service,No internet service,Two year,No,Bank transfer (automatic),34.71,2425.19,No
CUST-01084,Female,0,No,No,40,Yes,Yes,No,No internet service,No internet service,No internet service,No internet service,No internet service,No internet service,One year,Yes,Electronic check,48.9,1972.94,No
CUST-01085,Female,0,No,No,22,Yes,Yes,Fiber optic,Yes,Yes,No,No,Yes,No,Month-to-month,No,Credit card (automatic),111.61,2457.76,Yes
CUST-01086,Male,0,Yes,Yes,53,Yes,Yes,Fiber optic,Yes,No,Yes,Yes,Yes,No,Two year,Yes,Bank transfer (automatic),122.19,6469.67,No
CUST-01087,Male,0,No,No,4,Yes,Yes,Fiber optic,No,No,Yes,No,No,Yes,One year,Yes,Mailed check,108.92,419.54,Yes
CUST-01088,Female,0,No,No,29,Yes,No,Fiber optic,No,No,No,No,Yes,No,Month-to-month,No,Mailed check,91.38,2660.87,Yes
CUST-01089,Female,0,Yes,Yes,28,Yes,No,Fiber optic,No,Yes,No,No,No,Yes,One year,No,Credit card (automatic),97.14,2742.98,No
CUST-01090,Female,0,Yes,No,18,Yes,No,DSL,Yes,No,No,Yes,Yes,Yes,Month-to-month,No,Electronic check,99.99,1771.78,Yes
CUST-01091,Female,0,Yes,No,4,Yes,No,DSL,Yes,Yes,Yes,Yes,Yes,Yes,One year,Yes,Electronic check,111.26,449.45,Yes
CUST-01092,Male,1,No,No,61,Yes,No,No,No internet service,No internet service,No internet service,No internet service,No internet service,No internet service,Month-to-month,No,Electronic check,33.8,2099.97,No
CUST-01093,Female,0,No,No,71,Yes,No,DSL,No,No,Yes,No,Yes,Yes,Two year,Yes,Electronic check,87.78,6223.3,No
CUST-01094,Male,1,Yes,Yes,8,Yes,Yes,Fiber optic,No,No,No,No,Yes,No,Month-to-month,Yes,Mailed check,102.88,820.18,Yes
CUST-01095,Female,0,Yes,Yes,45,Yes,Yes,No,No internet service,No internet service,No internet service,No internet service,No internet service,No internet service,Month-to-month,Yes,Bank transfer (automatic),45.48,2046.08,Yes
CUST-01096,Female,0,No,No,32,No,No phone service,DSL,Yes,No,Yes,No,Yes,No,Two year,Yes,Credit card (automatic),69.86,2229.39,No
CUST-01097,Female,1,No,No,2,No,No phone service,Fiber optic,No,Yes,Yes,No,No,Yes,Month-to-month,Yes,Bank transfer (automatic),88.8,194.06,Yes
CUST-01098,Female,0,Yes,No,67,Yes,No,DSL,Yes,No,No,No,No,No,Two year,Yes,Bank transfer (automatic),67.29,4535.45,No
CUST-01099,Female,0,Yes,No,39,Yes,Yes,No,No internet service,No internet service,No internet service,No internet service,No internet service,No internet service,One year,No,Credit card (automatic),47.4,1823.03,No
CUST-01100,Male,0,No,Yes,48,Yes,Yes,DSL,No,No,No,No,No,No,One year,No,Credit card (automatic),72.3,3456.38,No
CUST-01101,Male,0,Yes,Yes,64,Yes,No,Fiber optic,No,No,No,Yes,No,Yes,Two year,Yes,Bank transfer (automatic),98.77,6339.97,No
CUST-01102,Female,0,Yes,No,15,Yes,No,Fiber optic,No,No,Yes,No,No,No,One year,No,Electronic check,89.75,1355.25,No
CUST-01103,Female,1,No,No,2,No,No phone service,No,No internet service,No internet service,No internet service,No internet service,No internet service,No internet service,Month-to-month,Yes,Electronic check,20.99,48.53,Yes
CUST-01104,Male,0,No,No,48,Yes,Yes,DSL,No,No,Yes,No,Yes,No,One year,Yes,Electronic check,85.86,4131.73,Yes
CUST-01105,Female,0,Yes,No,44,Yes,Yes,Fiber optic,No,Yes,No,Yes,No,No,One year,Yes,Credit card (automatic),104.66,4606.48,No
CUST-01106,Female,0,Yes,Yes,46,Yes,Yes,DSL,No,No,No,No,No,No,Month-to-month,Yes,Mailed check,70.34,3242.86,Yes
CUST-01107,Male,0,Yes,No,1,Yes,No,DSL,No,Yes,No,Yes,No,No,Month-to-month,Yes,Bank transfer (automatic),73.83,73.83,Yes
CUST-01108,Female,0,Yes,Yes,28,Yes,No,Fiber optic,No,Yes,Yes,No,No,No,Month-to-month,No,Credit card (automatic),91.69,2563.9,No
CUST-01109,Female,0,No,No,3,Yes,No,DSL,Yes,No,Yes,No,Yes,Yes,Month-to-month,Yes,Bank transfer (automatic),97.05,289.72,Yes
CUST-01110,Male,0,Yes,No,68,Yes,Yes,Fiber optic,Yes,No,No,No,Yes,Yes,One year,No,Electronic check,121.06,8225.97,Yes
CUST-01111,Male,0,No,No,8,Yes,No,No,No internet service,No internet service,No internet service,No internet service,No internet service,No internet service,Month-to-month,No,Electronic check,34.12,279.99,No
CUST-01112,Male,0,No,No,1,Yes,No,No,No internet service,No internet service,No internet service,No internet service,No internet service,No internet service,Month-to-month,Yes,Credit card (automatic),34.2,38.66,Yes
CUST-01113,Female,0,Yes,Yes,65,Yes,No,Fiber optic,Yes,Yes,Yes,No,Yes,No,Two year,No,Bank transfer (automatic),109.14,7066.11,No
CUST-01114,Male,0,Yes,Yes,35,Yes,No,DSL,Yes,No,Yes,No,Yes,No,One year,Yes,Mailed check,83.74,2927.85,No
CUST-01115,Male,0,No,No,58,Yes,No,Fiber optic,Yes,No,Yes,No,Yes,No,Two year,Yes,Electronic check,105.33,6109.45,No
CUST-01116,Male,1,No,No,37,Yes,Yes,No,No internet service,No internet service,No internet service,No internet service,No internet service,No internet service,Two year,No,Electronic check,46.8,1754.55,No
CUST-01117,Male,0,No,No,48,Yes,No,No,No internet service,No internet service,No internet service,No internet service,No internet service,No internet service,Two year,Yes,Electronic check,34.68,1660.34,No
CUST-01118,Male,0,Yes,Yes,32,Yes,No,Fiber optic,No,Yes,Yes,Yes,Yes,No,One year,Yes,Bank transfer (automatic),113.65,3638.25,Yes
CUST-01119,Male,0,No,Yes,46,Yes,No,No,No internet service,No internet service,No internet service,No internet service,No internet service,No internet service,One year,Yes,Mailed check,35.66,1639.21,No
CUST-01120,Female,0,No,No,27,Yes,Yes,No,No internet service,No internet service,No internet service,No internet service,No internet service,No internet service,Month-to-month,No,Credit card (automatic),45.2,1240.23,Yes
CUST-01121,Female,0,No,No,5,Yes,No,No,No internet service,No internet service,No internet service,No internet service,No internet service,No internet service,Month-to-month,Yes,Credit card (automatic),37.8,171.08,Yes
CUST-01122,Male,0,Yes,Yes,46,Yes,No,Fiber optic,No,No,No,No,Yes,No,One year,Yes,Bank transfer (automatic),92.49,4242.77,Yes
CUST-01123,Male,0,No,No,51,Yes,Yes,No,No internet service,No internet service,No internet service,No internet service,No internet service,No internet service,Two year,No,Credit card (automatic),44.8,2272.02,No
CUST-01124,Male,0,No,No,9,Yes,No,No,No internet service,No internet service,No internet service,No internet service,No internet service,No internet service,One year,Yes,Credit card (automatic),36.25,326.46,Yes
CUST-01125,Female,0,Yes,Yes,63,Yes,No,DSL,No,Yes,No,No,No,Yes,One year,Yes,Bank transfer (automatic),76.15,4775.04,No
CUST-01126,Female,0,No,No,62,Yes,No,No,No internet service,No internet service,No internet service,No internet service,No internet service,No internet service,Two year,Yes,Mailed check,34.67,2171.52,No
CUST-01127,Female,0,Yes,No,55,Yes,No,DSL,No,Yes,No,No,No,Yes,One year,Yes,Mailed check,78.39,4317.68,No
CUST-01128,Female,0,Yes,Yes,63,Yes,No,Fiber optic,Yes,No,No,No,No,Yes,Two year,No,Electronic check,99.08,6250.82,No
CUST-01129,Female,1,Yes,Yes,65,Yes,Yes,No,No internet service,No internet service,No internet service,No internet service,No internet service,No internet service,Month-to-month,Yes,Credit card (automatic),45.36,2979.93,Yes
CUST-01130,Female,1,No,No,35,Yes,Yes,Fiber optic,No,No,Yes,No,Yes,Yes,Month-to-month,Yes,Credit card (automatic),118.07,4127.29,Yes
CUST-01131,Female,0,Yes,No,15,Yes,Yes,No,No internet service,No internet service,No internet service,No internet service,No internet service,No internet service,Month-to-month,Yes,Electronic check,43.67,667.89,No
CUST-01132,Female,0,Yes,Yes,63,Yes,No,Fiber optic,No,No,No,Yes,Yes,No,Two year,Yes,Electronic check,99.35,6267.78,No
CUST-01133,Female,1,No,No,70,Yes,No,Fiber optic,Yes,Yes,No,No,Yes,No,Month-to-month,No,Bank transfer (automatic),104.36,7328.29,Yes
CUST-01134,Male,0,Yes,No,48,Yes,Yes,DSL,Yes,Yes,No,Yes,No,Yes,One year,No,Mailed check,100.05,4812.77,No
CUST-01135,Male,0,No,No,40,Yes,No,Fiber optic,No,Yes,Yes,No,No,Yes,Two year,No,Electronic check,106.11,4236.76,No
CUST-01136,Male,0,No,No,55,Yes,No,Fiber optic,No,No,Yes,Yes,No,Yes,Two year,Yes,Credit card (automatic),106.47,5862.21,No
CUST-01137,Male,0,No,Yes,43,Yes,Yes,DSL,No,Yes,No,No,No,Yes,One year,Yes,Electronic check,88.43,3792.79,No
CUST-01138,Female,0,No,No,54,Yes,No,Fiber optic,No,No,No,No,No,Yes,One year,Yes,Electronic check,91.74,4946.95,Yes
CUST-01139,Female,0,No,No,70,Yes,Yes,DSL,No,No,No,No,No,Yes,Two year,No,Credit card (automatic),79.84,5588.6,No
CUST-01140,Male,0,Yes,No,47,No,No phone service,Fiber optic,No,No,No,No,No,Yes,One year,Yes,Bank transfer (automatic),77.14,3622.79,Yes
CUST-01141,Female,0,No,No,9,Yes,No,DSL,Yes,No,No,No,Yes,No,Month-to-month,No,Mailed check,79.12,698.67,Yes
CUST-01142,Male,1,Yes,No,65,No,No phone service,Fiber optic,No,No,No,No,Yes,Yes,Two year,Yes,Credit card (automatic),88.77,5736.01,No
CUST-01143,Female,0,No,No,55,Yes,No,Fiber optic,No,Yes,No,No,No,No,One year,Yes,Credit card (automatic),87.6,4822.45,No
CUST-01144,Male,0,Yes,No,3,Yes,Yes,DSL,Yes,No,Yes,Yes,No,Yes,One year,No,Electronic check,101.91,311.24,No
CUST-01145,Female,0,No,No,48,Yes,No,No,No internet service,No internet service,No internet service,No internet service,No internet service,No internet service,Two year,Yes,Electronic check,36.04,1735.38,No
CUST-01146,Female,0,No,No,1,Yes,Yes,Fiber optic,No,Yes,No,No,Yes,No,Month-to-month,Yes,Mailed check,107.83,136.42,Yes
CUST-01147,Male,1,No,No,60,Yes,No,Fiber optic,No,Yes,No,No,Yes,Yes,One year,Yes,Credit card (automatic),110.57,6611.16,Yes
CUST-01148,Female,0,Yes,Yes,64,Yes,No,Fiber optic,No,No,Yes,Yes,No,No,Two year,Yes,Credit card (automatic),95.3,6122.5,No
CUST-01149,Male,0,Yes,No,6,Yes,No,Fiber optic,Yes,No,No,No,No,No,Month-to-month,No,Electronic check,84.38,543.66,Yes
CUST-01150,Male,0,No,No,53,Yes,No,Fiber optic,Yes,No,No,No,No,No,One year,No,Mailed check,86.97,4635.87,No
CUST-01151,Male,0,No,No,72,Yes,Yes,Fiber optic,No,No,No,No,Yes,No,Two year,No,Bank transfer (automatic),103.58,7452.52,No
CUST-01152,Male,0,Yes,No,59,Yes,Yes,Fiber optic,Yes,No,No,No,No,No,Month-to-month,Yes,Electronic check,99.29,5864.91,Yes
CUST-01153,Female,0,No,No,8,Yes,Yes,Fiber optic,No,No,No,Yes,No,No,Month-to-month,No,Bank transfer (automatic),98.11,773.31,No
CUST-01154,Female,0,No,No,17,Yes,Yes,DSL,Yes,No,Yes,Yes,No,No,Two year,Yes,Mailed check,86.85,1466.31,No
CUST-01155,Female,0,Yes,No,18,Yes,Yes,No,No internet service,No internet service,No internet service,No internet service,No internet service,No internet service,Month-to-month,Yes,Electronic check,42.33,787.79,Yes
CUST-01156,Male,0,No,No,32,Yes,No,No,No internet service,No internet service,No internet service,No internet service,No internet service,No internet service,Month-to-month,Yes,Mailed check,33.67,1087.93,Yes
CUST-01157,Female,1,No,No,20,Yes,No,Fiber optic,Yes,No,No,No,No,Yes,Month-to-month,Yes,Credit card (automatic),99.92,2009.8,Yes
CUST-01158,Male,0,Yes,Yes,26,Yes,Yes,DSL,No,No,No,No,Yes,Yes,Month-to-month,No,Credit card (automatic),97.3,2512.96,Yes
CUST-01159,Female,0,Yes,No,48,Yes,No,DSL,Yes,No,No,No,No,No,Month-to-month,Yes,Credit card (automatic),65.39,3116.62,No
CUST-01160,Female,0,No,No,40,Yes,No,Fiber optic,Yes,No,Yes,No,Yes,No,One year,Yes,Credit card (automatic),104.08,4179.02,Yes
CUST-01161,Female,0,No,No,23,Yes,Yes,DSL,Yes,Yes,Yes,Yes,Yes,No,One year,No,Electronic check,104.13,2401.32,No
CUST-01162,Male,0,Yes,Yes,72,Yes,No,No,No internet service,No internet service,No internet service,No internet service,No internet service,No internet service,Two year,Yes,Credit card (automatic),35.98,2586.08,No
CUST-01163,Female,0,No,No,43,Yes,No,No,No internet service,No internet service,No internet service,No internet service,No internet service,No internet service,Month-to-month,Yes,Electronic check,35.2,1539.65,Yes
CUST-01164,Female,0,No,No,70,Yes,No,No,No internet service,No internet service,No internet service,No internet service,No internet service,No internet service,Two year,No,Credit card (automatic),34.62,2432.3,No
CUST-01165,Male,0,No,No,28,Yes,No,DSL,No,No,No,Yes,No,No,Month-to-month,No,Mailed check,66.55,1850.65,No
CUST-01166,Female,0,Yes,Yes,58,Yes,No,No,No internet service,No internet service,No internet service,No internet service,No internet service,No internet service,One year,Yes,Electronic check,34.47,1970.19,No
CUST-01167,Male,1,No,Yes,36,Yes,No,Fiber optic,No,No,No,No,No,Yes,Two year,Yes,Mailed check,89.98,3248.25,No
CUST-01168,Female,0,Yes,Yes,4,Yes,No,DSL,No,Yes,Yes,No,No,No,Month-to-month,No,Mailed check,70.71,275.8,Yes
CUST-01169,Male,0,Yes,Yes,59,Yes,No,Fiber optic,Yes,Yes,Yes,Yes,Yes,Yes,Month-to-month,Yes,Bank transfer (automatic),128.09,7555.23,No
CUST-01170,Male,0,Yes,Yes,27,Yes,No,Fiber optic,Yes,Yes,Yes,No,Yes,Yes,Month-to-month,No,Bank transfer (automatic),120.47,3249.36,No
CUST-01171,Female,0,No,No,64,Yes,Yes,No,No internet service,No internet service,No internet service,No internet service,No internet service,No internet service,Two year,Yes,Credit card (automatic),43.27,2790.74,No
CUST-01172,Male,0,No,No,36,Yes,No,DSL,No,No,Yes,No,Yes,No,Month-to-month,Yes,Mailed check,78.87,2851.96,Yes
CUST-01173,Male,0,Yes,No,69,Yes,Yes,DSL,Yes,No,No,Yes,No,Yes,Month-to-month,No,Bank transfer (automatic),94.28,6503.88,No
CUST-01174,Male,0,No,No,59,Yes,Yes,Fiber optic,No,Yes,No,No,Yes,No,Two year,Yes,Credit card (automatic),107.92,6365.43,No
CUST-01175,Male,0,Yes,No,57,Yes,No,No,No internet service,No internet service,No internet service,No internet service,No internet service,No internet service,Month-to-month,Yes,Electronic check,33.36,1905.84,No
CUST-01176,Male,0,Yes,No,30,Yes,No,No,No internet service,No internet service,No internet service,No internet service,No internet service,No internet service,Month-to-month,Yes,Mailed check,33.42,1022.37,Yes
CUST-01177,Male,0,No,No,41,Yes,No,DSL,Yes,Yes,No,No,No,No,Month-to-month,Yes,Credit card (automatic),70.36,2886.0,Yes
CUST-01178,Female,1,No,No,15,Yes,Yes,DSL,No,Yes,Yes,No,No,Yes,One year,Yes,Bank transfer (automatic),95.47,1423.43,No
CUST-01179,Male,0,Yes,No,56,Yes,No,No,No internet service,No internet service,No internet service,No internet service,No internet service,No internet service,One year,Yes,Mailed check,34.73,1926.81,No
CUST-01180,Male,0,No,Yes,72,Yes,No,Fiber optic,No,Yes,No,Yes,Yes,No,Two year,Yes,Electronic check,104.88,7550.08,No
CUST-01181,Female,0,Yes,No,35,Yes,No,No,No internet service,No internet service,No internet service,No internet service,No internet service,No internet service,Month-to-month,No,Electronic check,33.49,1154.18,No
CUST-01182,Female,0,Yes,No,47,Yes,No,No,No internet service,No internet service,No internet service,No internet service,No internet service,No internet service,One year,No,Electronic check,32.98,1555.18,No
CUST-01183,Female,0,No,No,18,Yes,No,DSL,Yes,Yes,Yes,No,No,No,One year,No,Electronic check,76.92,1391.36,No
CUST-01184,Female,0,No,No,36,Yes,Yes,Fiber optic,No,No,Yes,No,No,No,Month-to-month,Yes,Mailed check,93.85,3396.46,Yes
CUST-01185,Female,0,Yes,No,46,Yes,No,DSL,No,No,Yes,Yes,Yes,No,One year,Yes,Electronic check,85.35,3922.96,No
CUST-01186,Female,0,No,No,53,Yes,No,No,No internet service,No internet service,No internet service,No internet service,No internet service,No internet service,Two year,Yes,Electronic check,33.94,1814.31,No
CUST-01187,Female,0,No,No,2,Yes,Yes,Fiber optic,Yes,No,No,No,No,Yes,Two year,Yes,Credit card (automatic),106.83,237.83,No
CUST-01188,Male,0,Yes,No,8,Yes,Yes,No,No internet service,No internet service,No internet service,No internet service,No internet service,No internet service,Month-to-month,Yes,Electronic check,46.86,375.99,Yes
CUST-01189,Male,0,No,No,10,Yes,No,No,No internet service,No internet service,No internet service,No internet service,No internet service,No internet service,One year,No,Mailed check,34.63,379.83,No
CUST-01190,Female,0,No,No,6,Yes,No,DSL,Yes,No,No,No,No,Yes,One year,Yes,Electronic check,77.73,487.93,No
CUST-01191,Male,0,No,No,61,Yes,No,DSL,No,No,No,No,Yes,No,Two year,Yes,Mailed check,73.92,4501.93,No
CUST-01192,Male,1,No,Yes,72,No,No phone service,Fiber optic,Yes,Yes,Yes,Yes,Yes,No,Two year,Yes,Electronic check,100.96,7313.29,No
CUST-01193,Male,1,No,No,68,Yes,No,No,No internet service,No internet service,No internet service,No internet service,No internet service,No internet service,Month-to-month,Yes,Electronic check,34.27,2329.34,Yes
CUST-01194,Female,0,Yes,No,42,Yes,No,No,No internet service,No internet service,No internet service,No internet service,No internet service,No internet service,One year,Yes,Credit card (automatic),32.68,1393.55,No
CUST-01195,Female,0,No,No,68,Yes,No,No,No internet service,No internet service,No internet service,No internet service,No internet service,No internet service,Two year,Yes,Mailed check,35.11,2396.91,No
CUST-01196,Male,0,No,No,39,Yes,No,Fiber optic,Yes,Yes,No,Yes,No,Yes,One year,Yes,Mailed check,112.91,4408.04,Yes
CUST-01197,Female,1,Yes,No,39,No,No phone service,DSL,No,Yes,No,No,No,No,One year,Yes,Electronic check,47.36,1866.67,No
CUST-01198,Male,1,No,No,41,No,No phone service,DSL,Yes,No,No,Yes,No,No,Two year,Yes,Mailed check,60.29,2474.15,No
CUST-01199,Male,0,No,No,48,Yes,Yes,DSL,No,Yes,Yes,Yes,Yes,Yes,Two year,Yes,Bank transfer (automatic),114.47,5493.41,No
CUST-01200,Male,0,No,No,9,Yes,No,Fiber optic,Yes,No,No,No,No,Yes,Month-to-month,Yes,Electronic check,98.05,881.76,Yes
CUST-01201,Male,0,Yes,Yes,21,Yes,No,No,No internet service,No internet service,No internet service,No internet service,No internet service,No internet service,One year,Yes,Mailed check,33.14,678.78,No
CUST-01202,Female,0,Yes,Yes,58,Yes,Yes,DSL,No,Yes,No,No,No,No,One year,No,Electronic check,77.16,4491.28,Yes
CUST-01203,Female,0,No,No,35,Yes,Yes,No,No internet service,No internet service,No internet service,No internet service,No internet service,No internet service,Month-to-month,Yes,Mailed check,47.52,1653.3,No
CUST-01204,Female,1,Yes,No,24,Yes,No,Fiber optic,Yes,Yes,No,No,No,No,Month-to-month,No,Bank transfer (automatic),91.39,2196.51,Yes
CUST-01205,Male,0,No,No,13,Yes,No,DSL,Yes,No,Yes,Yes,No,Yes,Two year,Yes,Electronic check,91.52,1190.06,No
CUST-01206,Female,1,Yes,No,26,Yes,Yes,Fiber optic,Yes,No,Yes,Yes,No,No,Two year,No,Mailed check,110.03,2869.89,No
CUST-01207,Male,1,Yes,No,62,Yes,No,Fiber optic,No,Yes,No,No,No,No,Two year,No,Mailed check,85.4,5294.6,Yes
CUST-01208,Female,0,Yes,Yes,66,Yes,Yes,No,No internet service,No internet service,No internet service,No internet service,No internet service,No internet service,One year,No,Electronic check,44.73,2948.15,No
CUST-01209,Male,0,Yes,Yes,64,Yes,Yes,Fiber optic,No,No,No,Yes,Yes,No,One year,Yes,Credit card (automatic),111.54,7144.78,No
CUST-01210,Male,0,No,Yes,20,Yes,No,DSL,Yes,No,Yes,No,No,No,Two year,Yes,Electronic check,71.9,1442.93,No
CUST-01211,Male,0,Yes,Yes,35,Yes,Yes,No,No internet service,No internet service,No internet service,No internet service,No internet service,No internet service,Two year,No,Mailed check,45.44,1574.47,No
CUST-01212,Female,0,Yes,No,43,Yes,Yes,No,No internet service,No internet service,No internet service,No internet service,No internet service,No internet service,Two year,Yes,Mailed check,48.05,2064.5,No
CUST-01213,Female,0,Yes,No,34,Yes,Yes,Fiber optic,No,Yes,No,No,Yes,Yes,Month-to-month,No,Electronic check,122.2,4173.85,Yes
CUST-01214,Female,0,No,Yes,16,No,No phone service,DSL,No,No,Yes,No,Yes,Yes,One year,No,Mailed check,73.43,1211.74,Yes
CUST-01215,Female,0,Yes,No,14,Yes,No,DSL,No,Yes,No,Yes,Yes,Yes,One year,No,Bank transfer (automatic),100.62,1383.07,Yes
CUST-01216,Male,0,No,No,52,Yes,Yes,DSL,Yes,Yes,Yes,No,Yes,Yes,One year,Yes,Bank transfer (automatic),114.07,5944.06,Yes
CUST-01217,Female,0,No,No,32,Yes,No,DSL,Yes,Yes,No,No,Yes,Yes,One year,Yes,Bank transfer (automatic),98.24,3145.27,No
CUST-01218,Female,0,No,Yes,7,Yes,Yes,No,No internet service,No internet service,No internet service,No internet service,No internet service,No internet service,Month-to-month,Yes,Mailed check,44.06,299.54,No
CUST-01219,Male,0,No,No,68,Yes,Yes,DSL,No,No,No,Yes,Yes,No,Two year,No,Bank transfer (automatic),90.32,6135.34,No
CUST-01220,Male,0,No,No,44,No,No phone service,Fiber optic,No,Yes,Yes,No,Yes,No,Month-to-month,Yes,Mailed check,88.41,3875.94,Yes
CUST-01221,Male,0,No,No,39,No,No phone service,Fiber optic,Yes,Yes,Yes,Yes,No,Yes,One year,Yes,Credit card (automatic),103.18,4003.59,No
CUST-01222,Female,0,Yes,Yes,46,Yes,No,No,No internet service,No internet service,No internet service,No internet service,No internet service,No internet service,Two year,No,Mailed check,37.63,1736.76,No
CUST-01223,Male,0,Yes,No,9,No,No phone service,DSL,Yes,No,No,No,Yes,Yes,Month-to-month,No,Electronic check,75.21,703.64,Yes
CUST-01224,Male,0,Yes,No,4,Yes,No,Fiber optic,No,No,No,No,No,Yes,One year,Yes,Mailed check,89.42,362.97,Yes
CUST-01225,Male,0,No,Yes,16,Yes,No,DSL,Yes,No,Yes,No,No,Yes,One year,Yes,Mailed check,83.44,1337.61,No
CUST-01226,Female,1,No,Yes,4,Yes,No,DSL,No,No,Yes,No,No,No,One year,Yes,Electronic check,65.02,250.73,Yes
CUST-01227,Male,0,No,No,20,Yes,No,DSL,No,No,Yes,Yes,Yes,Yes,Month-to-month,Yes,Electronic check,100.68,1999.65,Yes
CUST-01228,Female,0,Yes,No,63,No,No phone service,Fiber optic,Yes,No,Yes,No,No,Yes,Month-to-month,Yes,Mailed check,87.78,5530.47,No
CUST-01229,Female,0,No,No,40,Yes,No,DSL,Yes,No,No,No,Yes,Yes,Month-to-month,No,Credit card (automatic),89.39,3560.16,Yes
CUST-01230,Male,0,Yes,Yes,10,Yes,No,Fiber optic,Yes,Yes,No,No,Yes,No,Month-to-month,No,Electronic check,103.44,1051.25,Yes
CUST-01231,Male,0,Yes,No,11,Yes,Yes,DSL,No,Yes,Yes,No,Yes,Yes,Month-to-month,No,Mailed check,108.4,1183.74,Yes
CUST-01232,Female,0,Yes,No,63,Yes,Yes,No,No internet service,No internet service,No internet service,No internet service,No internet service,No internet service,One year,Yes,Bank transfer (automatic),46.44,2913.07,No
CUST-01233,Male,0,Yes,Yes,57,Yes,No,Fiber optic,No,No,Yes,No,Yes,Yes,Month-to-month,No,Electronic check,110.85,6352.21,No
CUST-01234,Male,0,No,No,68,Yes,No,No,No internet service,No internet service,No internet service,No internet service,No internet service,No internet service,One year,Yes,Credit card (automatic),35.35,2423.28,No
CUST-01235,Female,0,Yes,Yes,71,Yes,No,DSL,No,No,No,No,No,Yes,One year,No,Bank transfer (automatic),72.32,5116.79,No
CUST-01236,Female,0,Yes,Yes,71,Yes,No,No,No internet service,No internet service,No internet service,No internet service,No internet service,No internet service,One year,No,Mailed check,35.11,2479.58,No
CUST-01237,Male,0,No,No,53,Yes,Yes,Fiber optic,Yes,No,No,No,Yes,Yes,Month-to-month,No,Electronic check,123.08,6520.32,Yes
CUST-01238,Female,1,No,No,7,Yes,Yes,DSL,No,Yes,Yes,No,Yes,No,One year,Yes,Electronic check,92.1,642.29,No
CUST-01239,Male,0,No,No,68,Yes,No,Fiber optic,No,Yes,Yes,No,Yes,Yes,One year,Yes,Electronic check,111.85,7598.92,No
CUST-01240,Male,0,Yes,Yes,60,Yes,Yes,Fiber optic,Yes,No,Yes,Yes,Yes,No,Month-to-month,No,Bank transfer (automatic),122.66,7379.65,Yes
CUST-01241,Male,0,No,No,47,Yes,Yes,No,No internet service,No internet service,No internet service,No internet service,No internet service,No internet service,Month-to-month,No,Credit card (automatic),47.1,2216.86,No
CUST-01242,Female,0,No,No,43,Yes,No,No,No internet service,No internet service,No internet service,No internet service,No internet service,No internet service,Month-to-month,Yes,Bank transfer (automatic),35.28,1516.49,No
CUST-01243,Male,0,Yes,Yes,6,Yes,No,DSL,No,No,No,Yes,Yes,Yes,Month-to-month,No,Mailed check,89.03,525.06,Yes
CUST-01244,Male,0,No,No,61,Yes,No,DSL,Yes,Yes,Yes,No,No,No,Two year,No,Credit card (automatic),79.12,4810.55,No
CUST-01245,Male,0,Yes,Yes,29,Yes,No,Fiber optic,No,No,Yes,No,No,Yes,Two year,Yes,Credit card (automatic),96.4,2786.23,No
CUST-01246,Female,0,Yes,No,11,No,No phone service,DSL,Yes,Yes,No,Yes,No,Yes,Month-to-month,Yes,Bank transfer (automatic),75.07,812.63,Yes
CUST-01247,Female,0,No,No,16,No,No phone service,No,No internet service,No internet service,No internet service,No internet service,No internet service,No internet service,One year,No,Electronic check,18.53,277.59,No
CUST-01248,Female,0,No,No,39,Yes,No,Fiber optic,No,No,Yes,No,No,No,Two year,Yes,Electronic check,83.59,3276.18,No
CUST-01249,Female,1,Yes,Yes,71,Yes,No,No,No internet service,No internet service,No internet service,No internet service,No internet service,No internet service,One year,No,Electronic check,35.31,2520.96,No
CUST-01250,Female,0,No,No,28,Yes,No,Fiber optic,No,No,Yes,No,No,Yes,Month-to-month,No,Electronic check,97.03,2711.22,Yes
CUST-01251,Male,0,No,Yes,11,No,No phone service,Fiber optic,Yes,Yes,No,No,No,Yes,Month-to-month,Yes,Mailed check,87.0,976.77,No
CUST-01252,Female,0,No,No,58,Yes,No,DSL,No,Yes,Yes,No,No,No,Two year,No,Credit card (automatic),75.57,4391.91,No
CUST-01253,Female,0,Yes,No,14,Yes,No,DSL,No,Yes,No,No,No,No,Month-to-month,Yes,Bank transfer (automatic),65.2,896.59,Yes
CUST-01254,Female,0,No,No,37,Yes,No,No,No internet service,No internet service,No internet service,No internet service,No internet service,No internet service,One year,Yes,Bank transfer (automatic),35.08,1276.09,Yes
CUST-01255,Male,0,Yes,Yes,41,No,No phone service,No,No internet service,No internet service,No internet service,No internet service,No internet service,No internet service,Two year,No,Mailed check,22.33,920.12,No
CUST-01256,Female,0,No,No,1,Yes,No,Fiber optic,No,Yes,No,No,Yes,Yes,Month-to-month,Yes,Electronic check,111.02,118.16,Yes
CUST-01257,Female,0,Yes,Yes,63,Yes,No,No,No internet service,No internet service,No internet service,No internet service,No internet service,No internet service,One year,Yes,Electronic check,37.86,2365.79,No
CUST-01258,Male,0,Yes,Yes,65,Yes,No,Fiber optic,Yes,Yes,Yes,No,Yes,No,One year,Yes,Mailed check,108.96,7074.52,No
CUST-01259,Female,0,No,No,35,Yes,Yes,No,No internet service,No internet service,No internet service,No internet service,No internet service,No internet service,One year,Yes,Electronic check,46.57,1642.75,No
CUST-01260,Male,1,Yes,Yes,29,Yes,Yes,DSL,No,Yes,No,No,No,Yes,One year,Yes,Mailed check,88.74,2597.02,No
CUST-01261,Male,0,Yes,Yes,69,Yes,No,Fiber optic,No,No,Yes,No,Yes,Yes,One year,Yes,Electronic check,111.49,7694.08,Yes
CUST-01262,Male,0,Yes,Yes,15,Yes,No,Fiber optic,No,Yes,Yes,No,No,Yes,One year,No,Electronic check,105.27,1579.89,Yes
CUST-01263,Male,0,No,No,17,Yes,Yes,Fiber optic,No,No,Yes,No,Yes,No,Month-to-month,Yes,Electronic check,106.84,1809.51,Yes
CUST-01264,Male,0,Yes,Yes,6,Yes,Yes,DSL,Yes,No,No,No,No,No,Two year,Yes,Electronic check,80.24,503.75,Yes
CUST-01265,Female,0,No,No,66,Yes,No,Fiber optic,No,Yes,No,No,Yes,Yes,Month-to-month,No,Credit card (automatic),106.61,7044.6,Yes
CUST-01266,Male,0,Yes,No,59,Yes,Yes,Fiber optic,Yes,Yes,No,No,No,Yes,Month-to-month,Yes,Bank transfer (automatic),112.7,6636.68,Yes
CUST-01267,Male,0,Yes,No,45,Yes,No,DSL,No,Yes,No,No,No,No,One year,Yes,Bank transfer (automatic),67.02,3027.63,No
CUST-01268,Female,0,Yes,Yes,66,No,No phone service,Fiber optic,No,No,No,Yes,No,Yes,Two year,No,Mailed check,85.44,5628.53,No
CUST-01269,Male,0,No,No,2,Yes,Yes,Fiber optic,No,No,No,No,No,Yes,Month-to-month,Yes,Bank transfer (automatic),102.2,190.12,Yes
CUST-01270,Female,0,Yes,Yes,12,Yes,Yes,No,No internet service,No internet service,No internet service,No internet service,No internet service,No internet service,Month-to-month,Yes,Bank transfer (automatic),46.07,546.13,Yes
CUST-01271,Female,0,Yes,Yes,37,Yes,No,Fiber optic,Yes,Yes,No,No,No,No,Two year,Yes,Credit card (automatic),90.74,3344.47,No
CUST-01272,Female,0,No,No,39,Yes,Yes,DSL,No,No,Yes,No,Yes,Yes,Two year,No,Electronic check,101.26,3935.57,Yes
CUST-01273,Male,0,No,No,56,Yes,No,Fiber optic,Yes,Yes,No,No,Yes,No,One year,No,Bank transfer (automatic),103.81,5792.37,Yes
CUST-01274,Male,0,Yes,Yes,72,Yes,No,DSL,Yes,No,No,No,No,No,One year,Yes,Credit card (automatic),68.1,4892.72,No
CUST-01275,Male,1,Yes,Yes,1,Yes,No,Fiber optic,Yes,No,No,No,No,No,One year,Yes,Electronic check,85.54,85.54,Yes
CUST-01276,Female,0,No,No,58,Yes,Yes,DSL,No,No,Yes,Yes,Yes,No,One year,No,Mailed check,96.7,5588.33,No
CUST-01277,Male,1,Yes,Yes,41,Yes,No,Fiber optic,No,Yes,Yes,No,No,No,One year,Yes,Mailed check,92.96,3819.46,Yes
CUST-01278,Male,0,Yes,No,72,No,No phone service,DSL,No,Yes,No,No,Yes,No,Two year,Yes,Credit card (automatic),64.36,4607.42,No
CUST-01279,Male,0,No,No,59,Yes,Yes,DSL,Yes,Yes,No,No,No,No,Two year,Yes,Electronic check,82.06,4835.82,No
CUST-01280,Female,0,No,No,53,Yes,Yes,No,No internet service,No internet service,No internet service,No internet service,No internet service,No internet service,Month-to-month,No,Bank transfer (automatic),44.57,2372.13,No
CUST-01281,Female,0,No,No,41,Yes,No,No,No internet service,No internet service,No internet service,No internet service,No internet service,No internet service,Month-to-month,No,Credit card (automatic),33.84,1404.42,Yes
CUST-01282,Male,0,Yes,Yes,7,No,No phone service,Fiber optic,Yes,Yes,Yes,Yes,No,Yes,One year,Yes,Electronic check,103.73,717.49,Yes
CUST-01283,Male,1,Yes,No,68,No,No phone service,DSL,Yes,No,Yes,No,Yes,Yes,Month-to-month,Yes,Electronic check,78.15,5329.4,No
CUST-01284,Male,1,No,No,39,Yes,No,No,No internet service,No internet service,No internet service,No internet service,No internet service,No internet service,Two year,Yes,Credit card (automatic),35.46,1377.43,No
CUST-01285,Male,0,Yes,No,2,Yes,No,No,No internet service,No internet service,No internet service,No internet service,No internet service,No internet service,Month-to-month,Yes,Credit card (automatic),35.57,104.97,Yes
CUST-01286,Female,0,No,No,66,Yes,Yes,No,No internet service,No internet service,No internet service,No internet service,No internet service,No internet service,One year,Yes,Bank transfer (automatic),47.81,3133.56,No
CUST-01287,Female,0,No,No,19,Yes,Yes,Fiber optic,No,No,No,No,Yes,No,One year,Yes,Mailed check,101.01,1904.09,Yes
CUST-01288,Female,0,Yes,Yes,47,Yes,No,DSL,No,No,No,No,Yes,Yes,One year,Yes,Credit card (automatic),84.28,3963.58,No
CUST-01289,Female,1,No,No,37,Yes,No,DSL,No,No,Yes,No,Yes,Yes,Month-to-month,Yes,Credit card (automatic),90.24,3319.96,Yes
CUST-01290,Male,0,No,No,3,Yes,No,No,No internet service,No internet service,No internet service,No internet service,No internet service,No internet service,Month-to-month,Yes,Bank transfer (automatic),33.34,89.4,Yes
CUST-01291,Male,0,No,No,3,Yes,No,No,No internet service,No internet service,No internet service,No internet service,No internet service,No internet service,Month-to-month,No,Mailed check,34.99,111.76,No
CUST-01292,Male,1,Yes,Yes,43,Yes,No,Fiber optic,No,Yes,Yes,Yes,Yes,Yes,One year,Yes,Bank transfer (automatic),121.99,5248.44,No
CUST-01293,Female,0,Yes,No,14,Yes,Yes,DSL,No,No,No,Yes,No,No,Month-to-month,No,Electronic check,79.44,1111.63,No
CUST-01294,Male,0,No,No,12,Yes,Yes,Fiber optic,No,No,No,No,No,Yes,Month-to-month,Yes,Electronic check,102.89,1234.31,Yes
CUST-01295,Female,1,Yes,Yes,28,Yes,Yes,No,No internet service,No internet service,No internet service,No internet service,No internet service,No internet service,Month-to-month,Yes,Bank transfer (automatic),45.65,1241.28,Yes
CUST-01296,Female,0,No,No,71,Yes,No,Fiber optic,No,No,Yes,Yes,No,No,One year,Yes,Electronic check,93.04,6608.07,No
CUST-01297,Male,0,Yes,Yes,23,Yes,No,Fiber optic,Yes,No,No,No,Yes,Yes,Month-to-month,No,Electronic check,112.13,2569.45,Yes
CUST-01298,Male,0,No,No,23,Yes,No,DSL,Yes,No,No,Yes,No,No,Month-to-month,Yes,Mailed check,72.37,1658.96,Yes
CUST-01299,Male,0,Yes,No,60,Yes,No,DSL,No,No,Yes,No,No,Yes,One year,Yes,Electronic check,78.08,4660.95,No
CUST-01300,Female,0,No,No,48,Yes,No,Fiber optic,Yes,Yes,Yes,No,Yes,No,One year,Yes,Electronic check,108.25,5206.1,No
CUST-01301,Male,0,Yes,Yes,71,Yes,No,No,No internet service,No internet service,No internet service,No internet service,No internet service,No internet service,One year,No,Mailed check,34.73,2474.11,Yes
CUST-01302,Female,1,Yes,Yes,54,Yes,Yes,DSL,No,No,No,Yes,Yes,Yes,One year,No,Mailed check,103.91,5593.67,No
CUST-01303,Male,0,Yes,Yes,25,Yes,No,DSL,Yes,No,No,Yes,Yes,Yes,One year,No,Electronic check,98.71,2470.44,No
CUST-01304,Female,0,No,No,61,Yes,Yes,Fiber optic,No,Yes,Yes,No,Yes,No,Two year,Yes,Mailed check,112.62,6894.52,No
CUST-01305,Female,0,Yes,Yes,25,Yes,No,Fiber optic,No,Yes,Yes,No,Yes,No,Month-to-month,No,Mailed check,103.22,2582.6,Yes
CUST-01306,Male,0,No,Yes,26,Yes,No,Fiber optic,No,No,Yes,Yes,Yes,Yes,Month-to-month,Yes,Electronic check,117.43,3022.97,Yes
CUST-01307,Female,0,No,No,41,Yes,No,Fiber optic,Yes,Yes,Yes,Yes,No,No,Two year,No,Credit card (automatic),104.75,4286.19,No
CUST-01308,Female,0,Yes,Yes,13,Yes,No,Fiber optic,No,Yes,Yes,No,Yes,Yes,Two year,No,Electronic check,116.41,1515.23,Yes
CUST-01309,Male,0,No,No,62,Yes,Yes,No,No internet service,No internet service,No internet service,No internet service,No internet service,No internet service,One year,Yes,Bank transfer (automatic),48.28,3025.1,No
CUST-01310,Female,0,Yes,Yes,28,Yes,No,DSL,No,Yes,No,No,No,No,One year,No,Mailed check,65.16,1806.34,No
CUST-01311,Male,0,No,No,68,Yes,Yes,Fiber optic,Yes,No,Yes,Yes,No,Yes,One year,No,Electronic check,124.89,8490.31,No
CUST-01312,Female,0,No,No,14,Yes,No,DSL,Yes,No,No,Yes,No,No,Month-to-month,Yes,Electronic check,73.99,1019.85,Yes
CUST-01313,Male,0,Yes,Yes,21,Yes,No,No,No internet service,No internet service,No internet service,No internet service,No internet service,No internet service,One year,No,Credit card (automatic),35.48,758.27,No
CUST-01314,Male,0,Yes,No,72,No,No phone service,No,No internet service,No internet service,No internet service,No internet service,No internet service,No internet service,One year,Yes,Mailed check,20.39,1462.59,No
CUST-01315,Female,0,Yes,No,61,Yes,No,DSL,No,Yes,No,No,Yes,No,One year,No,Mailed check,75.46,4562.09,No
CUST-01316,Female,0,No,No,48,Yes,Yes,DSL,Yes,Yes,No,No,Yes,Yes,Month-to-month,Yes,Bank transfer (automatic),106.68,5114.74,No
CUST-01317,Female,0,Yes,No,32,Yes,No,DSL,Yes,No,Yes,No,Yes,No,Two year,Yes,Electronic check,80.35,2569.52,Yes
CUST-01318,Female,0,No,No,2,Yes,Yes,Fiber optic,Yes,No,No,No,No,No,One year,Yes,Bank transfer (automatic),96.31,198.44,Yes
CUST-01319,Female,0,Yes,Yes,36,Yes,No,DSL,No,No,No,Yes,Yes,No,Month-to-month,No,Mailed check,80.24,2891.37,Yes
CUST-01320,Male,0,No,No,44,Yes,No,Fiber optic,No,No,No,No,No,Yes,Two year,No,Mailed check,89.7,3956.66,No
CUST-01321,Female,0,Yes,No,9,Yes,Yes,Fiber optic,Yes,No,Yes,No,No,Yes,Month-to-month,Yes,Bank transfer (automatic),114.1,1025.05,Yes
CUST-01322,Male,0,No,No,33,Yes,No,Fiber optic,No,Yes,No,Yes,No,Yes,One year,Yes,Mailed check,105.56,3484.75,No
CUST-01323,Male,0,No,Yes,21,Yes,No,No,No internet service,No internet service,No internet service,No internet service,No internet service,No internet service,Two year,No,Electronic check,34.77,730.35,No
CUST-01324,Female,0,No,No,35,Yes,Yes,Fiber optic,No,No,Yes,Yes,Yes,No,Month-to-month,Yes,Bank transfer (automatic),115.78,4046.07,Yes
CUST-01325,Male,0,Yes,No,6,Yes,No,No,No internet service,No internet service,No internet service,No internet service,No internet service,No internet service,Month-to-month,No,Bank transfer (automatic),34.12,213.24,No
CUST-01326,Male,0,Yes,Yes,32,Yes,No,DSL,No,No,No,Yes,Yes,Yes,One year,No,Mailed check,92.11,2960.22,Yes
CUST-01327,Male,0,Yes,Yes,53,Yes,No,DSL,No,No,Yes,Yes,Yes,Yes,Two year,No,Mailed check,99.3,5262.24,No
CUST-01328,Male,0,No,No,69,Yes,No,Fiber optic,Yes,No,Yes,No,Yes,Yes,One year,No,Electronic check,115.64,7971.78,No
CUST-01329,Female,0,Yes,No,16,Yes,No,Fiber optic,No,Yes,No,No,No,No,One year,No,Bank transfer (automatic),85.92,1358.48,No
CUST-01330,Male,0,No,No,57,Yes,No,DSL,No,No,No,No,No,Yes,Two year,Yes,Credit card (automatic),72.97,4164.61,No
CUST-01331,Female,0,Yes,No,72,Yes,Yes,Fiber optic,Yes,Yes,No,Yes,No,No,One year,Yes,Bank transfer (automatic),113.4,8149.75,No
CUST-01332,Female,0,No,No,52,Yes,No,DSL,No,No,No,Yes,Yes,Yes,Month-to-month,Yes,Bank transfer (automatic),91.71,4771.31,No
CUST-01333,Male,0,No,No,65,Yes,Yes,No,No internet service,No internet service,No internet service,No internet service,No internet service,No internet service,One year,No,Credit card (automatic),42.45,2761.22,No
CUST-01334,Female,0,No,No,55,Yes,No,Fiber optic,Yes,Yes,No,Yes,Yes,No,Two year,No,Electronic check,110.65,6101.76,No
CUST-01335,Female,1,Yes,Yes,55,Yes,No,Fiber optic,Yes,No,Yes,Yes,Yes,Yes,Month-to-month,Yes,Mailed check,124.9,6890.31,Yes
CUST-01336,Female,0,Yes,No,6,Yes,No,No,No internet service,No internet service,No internet service,No internet service,No internet service,No internet service,Month-to-month,Yes,Mailed check,37.27,178.05,Yes
CUST-01337,Male,1,Yes,Yes,51,No,No phone service,Fiber optic,Yes,No,No,No,Yes,No,One year,Yes,Mailed check,81.58,4157.56,No
CUST-01338,Female,0,Yes,Yes,69,Yes,Yes,Fiber optic,Yes,No,Yes,No,No,No,Month-to-month,No,Electronic check,101.93,7001.66,Yes
CUST-01339,Female,0,No,No,34,Yes,Yes,Fiber optic,No,No,Yes,No,Yes,Yes,One year,Yes,Bank transfer (automatic),120.03,4098.44,Yes
CUST-01340,Female,0,No,Yes,65,Yes,No,Fiber optic,Yes,No,Yes,No,No,No,Month-to-month,Yes,Electronic check,90.85,5904.9,Yes
CUST-01341,Male,1,No,No,56,Yes,No,DSL,No,Yes,No,No,No,No,Two year,Yes,Credit card (automatic),68.3,3842.07,No
CUST-01342,Female,0,Yes,Yes,32,Yes,Yes,DSL,No,No,No,No,Yes,No,Month-to-month,Yes,Credit card (automatic),83.75,2683.87,No
CUST-01343,Male,0,No,No,67,Yes,Yes,DSL,Yes,No,Yes,No,Yes,No,Two year,Yes,Electronic check,94.52,6312.59,No
CUST-01344,Male,0,No,Yes,71,Yes,Yes,Fiber optic,No,No,No,Yes,Yes,No,One year,Yes,Mailed check,109.37,7750.76,No
CUST-01345,Male,0,No,No,46,Yes,No,DSL,No,No,No,No,No,Yes,Month-to-month,No,Credit card (automatic),73.43,3375.77,Yes
CUST-01346,Male,0,Yes,No,6,Yes,Yes,DSL,No,Yes,Yes,No,No,Yes,Month-to-month,Yes,Electronic check,94.77,577.16,Yes
CUST-01347,Male,0,Yes,No,68,Yes,Yes,DSL,No,No,Yes,No,Yes,No,One year,Yes,Electronic check,87.34,5939.97,No
CUST-01348,Male,0,Yes,Yes,28,Yes,No,Fiber optic,Yes,Yes,No,Yes,Yes,No,One year,Yes,Bank transfer (automatic),113.46,3179.54,Yes
CUST-01349,Female,0,No,No,12,Yes,No,Fiber optic,Yes,No,Yes,No,No,No,Two year,No,Bank transfer (automatic),92.55,1105.24,Yes
CUST-01350,Male,0,No,No,61,No,No phone service,Fiber optic,No,Yes,No,No,No,No,One year,Yes,Mailed check,68.51,4196.06,No
CUST-01351,Female,0,Yes,Yes,22,No,No phone service,DSL,No,No,Yes,No,Yes,Yes,One year,Yes,Credit card (automatic),73.51,1619.41,Yes
CUST-01352,Female,0,Yes,Yes,22,Yes,No,No,No internet service,No internet service,No internet service,No internet service,No internet service,No internet service,Month-to-month,Yes,Credit card (automatic),33.01,726.95,No
CUST-01353,Male,1,No,No,32,Yes,No,Fiber optic,No,Yes,No,No,No,Yes,One year,Yes,Credit card (automatic),99.55,3190.03,Yes
CUST-01354,Female,0,No,No,42,Yes,Yes,Fiber optic,No,Yes,Yes,Yes,No,Yes,Month-to-month,Yes,Electronic check,120.95,5073.67,Yes
CUST-01355,Female,0,Yes,No,65,Yes,Yes,No,No internet service,No internet service,No internet service,No internet service,No internet service,No internet service,Two year,Yes,Electronic check,45.94,2980.85,No
CUST-01356,Female,0,No,No,59,Yes,No,No,No internet service,No internet service,No internet service,No internet service,No internet service,No internet service,Month-to-month,Yes,Credit card (automatic),38.26,2264.56,No
CUST-01357,Female,0,No,No,54,Yes,No,Fiber optic,Yes,No,No,No,No,Yes,One year,Yes,Bank transfer (automatic),99.19,5367.9,Yes
CUST-01358,Male,0,No,No,16,Yes,Yes,No,No internet service,No internet service,No internet service,No internet service,No internet service,No internet service,Two year,No,Mailed check,44.37,723.13,No
CUST-01359,Female,0,Yes,No,4,Yes,No,Fiber optic,Yes,No,Yes,Yes,Yes,No,Month-to-month,No,Mailed check,110.88,440.59,Yes
CUST-01360,Male,0,No,No,5,Yes,No,DSL,No,No,Yes,Yes,No,No,Month-to-month,Yes,Credit card (automatic),73.54,369.55,Yes
CUST-01361,Female,0,No,No,46,Yes,No,DSL,Yes,No,No,No,No,No,One year,Yes,Electronic check,64.46,2956.06,No
CUST-01362,Female,0,Yes,Yes,31,Yes,No,Fiber optic,No,Yes,Yes,No,No,No,Two year,Yes,Credit card (automatic),90.28,2810.48,No
CUST-01363,Male,0,No,No,18,Yes,No,Fiber optic,No,Yes,No,No,Yes,Yes,One year,Yes,Bank transfer (automatic),108.79,1944.05,No
CUST-01364,Female,0,No,Yes,28,Yes,No,Fiber optic,No,No,No,No,No,Yes,Month-to-month,Yes,Credit card (automatic),92.8,2601.73,Yes
CUST-01365,Female,1,No,No,36,No,No phone service,No,No internet service,No internet service,No internet service,No internet service,No internet service,No internet service,Two year,Yes,Mailed check,19.22,705.1,No
CUST-01366,Female,0,Yes,No,11,Yes,No,Fiber optic,No,Yes,Yes,No,Yes,Yes,Month-to-month,No,Bank transfer (automatic),115.66,1274.15,Yes
CUST-01367,Male,0,No,No,47,Yes,Yes,DSL,No,No,No,Yes,No,No,Two year,No,Bank transfer (automatic),78.7,3703.4,No
CUST-01368,Female,0,No,No,61,Yes,Yes,DSL,Yes,Yes,Yes,Yes,No,Yes,Two year,No,Mailed check,109.09,6650.4,Yes
CUST-01369,Male,0,Yes,Yes,52,No,No phone service,No,No internet service,No internet service,No internet service,No internet service,No internet service,No internet service,One year,Yes,Mailed check,18.5,934.19,No
CUST-01370,Female,0,No,No,58,Yes,Yes,No,No internet service,No internet service,No internet service,No internet service,No internet service,No internet service,One year,No,Bank transfer (automatic),42.42,2450.26,No
CUST-01371,Male,0,No,No,52,Yes,No,Fiber optic,No,Yes,No,Yes,Yes,Yes,Two year,No,Electronic check,117.42,6106.51,No
CUST-01372,Male,0,No,No,71,Yes,No,No,No internet service,No internet service,No internet service,No internet service,No internet service,No internet service,Two year,No,Credit card (automatic),33.33,2356.09,No
CUST-01373,Female,0,Yes,No,59,Yes,Yes,No,No internet service,No internet service,No internet service,No internet service,No internet service,No internet service,Month-to-month,Yes,Credit card (automatic),46.28,2737.8,No
CUST-01374,Female,0,No,No,1,Yes,Yes,No,No internet service,No internet service,No internet service,No internet service,No internet service,No internet service,Month-to-month,No,Electronic check,44.3,44.3,Yes
CUST-01375,Male,0,Yes,No,66,Yes,No,Fiber optic,Yes,Yes,No,No,Yes,Yes,One year,Yes,Credit card (automatic),118.7,7805.14,Yes
CUST-01376,Male,0,Yes,Yes,39,Yes,No,Fiber optic,No,No,Yes,No,Yes,No,One year,Yes,Bank transfer (automatic),97.27,3803.96,No
CUST-01377,Female,0,No,No,41,Yes,No,DSL,No,Yes,No,No,Yes,No,One year,Yes,Mailed check,78.46,3212.19,No
CUST-01378,Male,0,Yes,Yes,1,Yes,No,No,No internet service,No internet service,No internet service,No internet service,No internet service,No internet service,Month-to-month,No,Electronic check,34.0,39.2,Yes
CUST-01379,Female,0,No,No,26,Yes,No,No,No internet service,No internet service,No internet service,No internet service,No internet service,No internet service,Two year,No,Mailed check,35.73,921.16,No
CUST-01380,Female,0,Yes,Yes,41,Yes,Yes,No,No internet service,No internet service,No internet service,No internet service,No internet service,No internet service,Month-to-month,No,Mailed check,45.76,1884.63,No
CUST-01381,Female,0,Yes,Yes,39,Yes,No,Fiber optic,Yes,No,Yes,Yes,No,Yes,Two year,No,Mailed check,113.33,4440.23,No
CUST-01382,Female,0,Yes,No,39,Yes,No,Fiber optic,No,Yes,No,No,Yes,No,Two year,Yes,Mailed check,97.8,3835.63,No
CUST-01383,Male,0,No,Yes,59,Yes,Yes,Fiber optic,No,No,Yes,No,No,Yes,Two year,No,Electronic check,109.91,6474.97,Yes
CUST-01384,Female,0,No,No,51,Yes,No,DSL,No,No,Yes,No,Yes,Yes,Month-to-month,Yes,Bank transfer (automatic),90.45,4606.62,Yes
CUST-01385,Male,0,No,No,39,Yes,Yes,Fiber optic,No,Yes,No,No,No,Yes,Month-to-month,Yes,Bank transfer (automatic),107.04,4177.11,Yes
CUST-01386,Female,1,Yes,Yes,42,Yes,No,DSL,No,Yes,Yes,Yes,No,Yes,Two year,No,Credit card (automatic),91.05,3852.16,No
CUST-01387,Male,0,Yes,Yes,71,Yes,Yes,No,No internet service,No internet service,No internet service,No internet service,No internet service,No internet service,Two year,No,Electronic check,46.09,3255.1,No
CUST-01388,Female,0,No,No,57,Yes,No,Fiber optic,No,No,No,No,Yes,Yes,Two year,No,Electronic check,105.9,6019.11,No
CUST-01389,Male,0,Yes,No,1,Yes,Yes,No,No internet service,No internet service,No internet service,No internet service,No internet service,No internet service,Two year,No,Mailed check,43.32,56.35,No
CUST-01390,Male,0,Yes,Yes,48,Yes,No,Fiber optic,No,No,Yes,No,Yes,Yes,Month-to-month,Yes,Electronic check,111.13,5324.25,Yes
CUST-01391,Female,0,No,No,17,Yes,No,DSL,No,Yes,Yes,Yes,No,Yes,One year,Yes,Bank transfer (automatic),89.77,1535.98,Yes
CUST-01392,Female,1,Yes,Yes,56,Yes,No,DSL,No,Yes,No,No,Yes,No,Two year,No,Electronic check,77.07,4307.14,No
CUST-01393,Female,1,No,No,9,Yes,No,No,No internet service,No internet service,No internet service,No internet service,No internet service,No internet service,Month-to-month,Yes,Mailed check,35.73,326.85,No
CUST-01394,Female,0,No,No,29,Yes,No,Fiber optic,No,No,No,No,No,No,Month-to-month,Yes,Bank transfer (automatic),78.73,2275.52,Yes
CUST-01395,Male,1,Yes,No,59,Yes,Yes,DSL,No,No,No,No,No,Yes,One year,Yes,Mailed check,84.2,4952.73,No
CUST-01396,Female,1,Yes,Yes,11,Yes,No,DSL,No,Yes,Yes,No,No,Yes,Month-to-month,Yes,Electronic check,84.91,936.2,Yes
CUST-01397,Male,0,Yes,No,15,Yes,Yes,Fiber optic,No,No,Yes,No,No,Yes,Month-to-month,Yes,Bank transfer (automatic),106.23,1575.26,Yes
CUST-01398,Male,1,No,No,25,Yes,No,DSL,Yes,No,No,Yes,No,Yes,Month-to-month,Yes,Credit card (automatic),86.98,2181.34,Yes
CUST-01399,Female,0,No,No,6,Yes,Yes,DSL,No,No,No,Yes,Yes,Yes,Month-to-month,No,Electronic check,100.02,596.61,Yes
CUST-01400,Male,0,Yes,Yes,11,Yes,No,Fiber optic,No,No,Yes,No,Yes,Yes,Month-to-month,No,Credit card (automatic),110.01,1189.69,Yes
CUST-01401,Male,0,Yes,Yes,66,No,No phone service,Fiber optic,No,Yes,Yes,No,Yes,Yes,One year,Yes,Mailed check,102.32,6757.62,No
CUST-01402,Male,0,No,No,62,Yes,Yes,Fiber optic,Yes,No,No,Yes,Yes,Yes,Two year,No,Mailed check,129.06,8005.9,No
CUST-01403,Male,1,No,No,30,Yes,No,No,No internet service,No internet service,No internet service,No internet service,No internet service,No internet service,Two year,Yes,Electronic check,34.87,1010.82,No
CUST-01404,Female,0,Yes,Yes,71,Yes,No,Fiber optic,No,No,Yes,No,Yes,No,Month-to-month,No,Bank transfer (automatic),97.48,6920.32,No
CUST-01405,Female,0,Yes,No,21,Yes,No,No,No internet service,No internet service,No internet service,No internet service,No internet service,No internet service,Month-to-month,Yes,Electronic check,33.26,698.61,No
CUST-01406,Female,0,Yes,No,57,No,No phone service,DSL,No,No,No,Yes,Yes,No,One year,No,Bank transfer (automatic),65.27,3721.78,No
CUST-01407,Female,1,No,No,11,Yes,Yes,DSL,No,Yes,Yes,No,No,No,Month-to-month,No,Credit card (automatic),83.21,888.03,Yes
CUST-01408,Male,1,No,No,56,Yes,Yes,DSL,Yes,No,Yes,No,Yes,No,One year,Yes,Bank transfer (automatic),97.1,5442.91,No
CUST-01409,Male,0,Yes,Yes,38,Yes,Yes,DSL,No,Yes,Yes,No,Yes,Yes,One year,No,Credit card (automatic),105.32,4009.86,No
CUST-01410,Female,0,No,No,9,Yes,No,No,No internet service,No internet service,No internet service,No internet service,No internet service,No internet service,Month-to-month,Yes,Mailed check,36.27,312.36,Yes
CUST-01411,Female,0,Yes,Yes,66,Yes,Yes,No,No internet service,No internet service,No internet service,No internet service,No internet service,No internet service,One year,No,Electronic check,46.15,3024.91,No
CUST-01412,Female,0,Yes,Yes,29,Yes,Yes,Fiber optic,No,Yes,Yes,Yes,Yes,Yes,Two year,Yes,Electronic check,133.29,3850.72,No
CUST-01413,Male,0,Yes,Yes,6,Yes,No,Fiber optic,No,Yes,Yes,No,No,Yes,Month-to-month,No,Electronic check,105.08,632.41,Yes
CUST-01414,Female,0,No,No,67,Yes,No,No,No internet service,No internet service,No internet service,No internet service,No internet service,No internet service,One year,Yes,Mailed check,33.78,2244.69,No
CUST-01415,Female,0,No,No,65,No,No phone service,Fiber optic,No,Yes,No,Yes,No,Yes,Month-to-month,No,Bank transfer (automatic),91.39,5920.05,No
CUST-01416,Female,0,No,No,53,Yes,Yes,DSL,No,Yes,No,Yes,Yes,No,Month-to-month,No,Mailed check,95.68,5102.53,No
CUST-01417,Male,0,Yes,No,58,Yes,No,Fiber optic,No,Yes,Yes,No,Yes,Yes,One year,Yes,Mailed check,116.67,6766.78,Yes
CUST-01418,Male,0,Yes,Yes,54,Yes,Yes,Fiber optic,No,Yes,No,No,Yes,No,Two year,No,Electronic check,108.78,5869.45,No
CUST-01419,Male,0,Yes,No,1,Yes,No,DSL,No,Yes,Yes,No,No,Yes,Month-to-month,Yes,Electronic check,83.21,83.21,Yes
CUST-01420,Male,0,No,No,8,Yes,Yes,DSL,Yes,Yes,No,Yes,No,Yes,Month-to-month,No,Mailed check,101.99,809.57,Yes
CUST-01421,Male,0,Yes,No,14,Yes,Yes,DSL,No,Yes,No,Yes,No,Yes,One year,Yes,Mailed check,95.81,1368.37,Yes
CUST-01422,Male,0,No,No,68,Yes,Yes,Fiber optic,Yes,No,No,No,No,No,Month-to-month,Yes,Credit card (automatic),94.37,6429.4,No
CUST-01423,Male,0,Yes,No,41,Yes,No,DSL,No,Yes,Yes,No,No,Yes,Two year,Yes,Electronic check,83.45,3457.25,No
CUST-01424,Male,0,Yes,Yes,11,Yes,No,Fiber optic,No,No,No,No,No,Yes,One year,No,Bank transfer (automatic),91.13,1008.31,Yes
CUST-01425,Female,1,Yes,No,30,No,No phone service,Fiber optic,No,Yes,Yes,Yes,No,No,Month-to-month,Yes,Credit card (automatic),83.31,2484.96,Yes
CUST-01426,Female,0,Yes,Yes,16,No,No phone service,Fiber optic,No,No,Yes,No,Yes,Yes,Month-to-month,Yes,Electronic check,93.79,1504.71,Yes
CUST-01427,Male,0,Yes,Yes,68,Yes,Yes,No,No internet service,No internet service,No internet service,No internet service,No internet service,No internet service,Two year,Yes,Credit card (automatic),44.61,3041.71,No
CUST-01428,Male,0,Yes,No,8,Yes,Yes,Fiber optic,Yes,No,Yes,Yes,No,No,Month-to-month,Yes,Electronic check,110.08,889.85,Yes
CUST-01429,Female,1,No,No,14,Yes,Yes,Fiber optic,No,No,No,No,No,Yes,Two year,Yes,Credit card (automatic),100.13,1395.19,No
CUST-01430,Male,0,No,No,24,Yes,No,No,No internet service,No internet service,No internet service,No internet service,No internet service,No internet service,One year,Yes,Electronic check,36.8,910.26,No
CUST-01431,Male,0,Yes,Yes,21,Yes,No,Fiber optic,No,Yes,No,Yes,No,Yes,Month-to-month,No,Bank transfer (automatic),106.92,2226.28,Yes
CUST-01432,Male,1,Yes,No,57,No,No phone service,No,No internet service,No internet service,No internet service,No internet service,No internet service,No internet service,Two year,Yes,Bank transfer (automatic),19.87,1137.68,No
CUST-01433,Female,0,Yes,No,29,Yes,No,Fiber optic,No,No,Yes,Yes,No,Yes,Month-to-month,No,Electronic check,104.17,3016.54,Yes
CUST-01434,Female,0,Yes,Yes,50,Yes,No,DSL,No,No,Yes,No,No,No,One year,Yes,Electronic check,65.68,3272.35,No
CUST-01435,Female,0,Yes,No,26,No,No phone service,Fiber optic,No,No,No,Yes,No,No,One year,No,Electronic check,72.59,1891.05,No
CUST-01436,Female,0,No,Yes,30,Yes,Yes,DSL,Yes,No,No,Yes,Yes,No,One year,Yes,Electronic check,94.38,2850.25,No
CUST-01437,Female,0,Yes,Yes,10,Yes,Yes,DSL,Yes,Yes,Yes,No,No,No,Month-to-month,Yes,Mailed check,86.26,868.66,Yes
CUST-01438,Male,0,Yes,No,19,No,No phone service,DSL,Yes,Yes,Yes,No,No,Yes,One year,Yes,Credit card (automatic),76.15,1450.95,No
CUST-01439,Female,1,Yes,No,21,Yes,No,DSL,Yes,No,Yes,Yes,No,No,Month-to-month,Yes,Electronic check,79.51,1639.42,No
CUST-01440,Male,1,Yes,No,5,Yes,Yes,Fiber optic,No,Yes,No,No,Yes,No,Month-to-month,Yes,Electronic check,109.33,560.47,Yes
CUST-01441,Male,0,No,No,57,Yes,Yes,No,No internet service,No internet service,No internet service,No internet service,No internet service,No internet service,Month-to-month,Yes,Electronic check,44.98,2557.77,No
CUST-01442,Female,0,Yes,Yes,68,Yes,Yes,No,No internet service,No internet service,No internet service,No internet service,No internet service,No internet service,Two year,Yes,Electronic check,46.13,3144.85,No
CUST-01443,Female,0,Yes,Yes,6,Yes,No,DSL,No,Yes,Yes,No,No,Yes,Month-to-month,Yes,Credit card (automatic),85.08,524.28,Yes
CUST-01444,Male,1,No,No,62,Yes,No,Fiber optic,Yes,No,Yes,Yes,No,Yes,Month-to-month,No,Electronic check,112.7,6990.29,No
CUST-01445,Male,1,Yes,Yes,9,Yes,Yes,DSL,Yes,No,Yes,Yes,Yes,No,Month-to-month,Yes,Mailed check,103.77,903.91,Yes
CUST-01446,Male,0,No,No,2,Yes,No,Fiber optic,Yes,No,No,No,Yes,No,Month-to-month,No,Electronic check,98.15,217.55,Yes
CUST-01447,Female,0,No,No,62,Yes,Yes,No,No internet service,No internet service,No internet service,No internet service,No internet service,No internet service,One year,Yes,Electronic check,42.76,2678.2,No
CUST-01448,Female,0,Yes,Yes,58,No,No phone service,DSL,Yes,No,Yes,No,No,Yes,Month-to-month,Yes,Electronic check,67.0,3898.2,No
CUST-01449,Female,0,No,No,57,Yes,Yes,No,No internet service,No internet service,No internet service,No internet service,No internet service,No internet service,One year,Yes,Electronic check,44.02, ,No
CUST-01450,Female,0,Yes,No,24,Yes,Yes,No,No internet service,No internet service,No internet service,No internet service,No internet service,No internet service,One year,No,Electronic check,46.11,1125.09,No
CUST-01451,Female,0,No,No,67,Yes,Yes,Fiber optic,No,No,Yes,Yes,No,Yes,Two year,No,Credit card (automatic),115.4,7727.57,No
CUST-01452,Male,0,Yes,No,17,No,No phone service,Fiber optic,Yes,No,No,No,No,No,Month-to-month,No,Mailed check,71.31,1211.27,No
CUST-01453,Female,0,Yes,Yes,27,Yes,Yes,Fiber optic,No,No,No,No,No,Yes,One year,Yes,Mailed check,102.8,2793.56,Yes
CUST-01454,Male,0,No,No,14,No,No phone service,No,No internet service,No internet service,No internet service,No internet service,No internet service,No internet service,Month-to-month,No,Mailed check,20.25,293.21,Yes
CUST-01455,Male,1,No,No,65,Yes,No,Fiber optic,Yes,No,No,Yes,Yes,No,Two year,Yes,Electronic check,102.56,6631.11,No
CUST-01456,Male,0,No,No,41,Yes,No,Fiber optic,No,No,Yes,Yes,Yes,Yes,Two year,Yes,Electronic check,116.22,4768.14,No
CUST-01457,Female,0,No,No,2,Yes,No,Fiber optic,Yes,No,Yes,No,No,No,Month-to-month,Yes,Electronic check,94.65,207.08,Yes
CUST-01458,Female,0,Yes,Yes,32,Yes,No,DSL,Yes,Yes,Yes,No,No,No,Month-to-month,Yes,Electronic check,78.49,2491.23,Yes
CUST-01459,Female,0,Yes,No,16,Yes,No,No,No internet service,No internet service,No internet service,No internet service,No internet service,No internet service,One year,Yes,Credit card (automatic),30.95,509.86,No
CUST-01460,Male,0,Yes,No,5,Yes,No,No,No internet service,No internet service,No internet service,No internet service,No internet service,No internet service,Month-to-month,No,Electronic check,35.1,150.45,Yes
CUST-01461,Male,0,Yes,Yes,5,Yes,No,Fiber optic,No,No,No,Yes,Yes,No,One year,Yes,Mailed check,102.7,510.28,Yes
CUST-01462,Male,0,Yes,Yes,48,Yes,No,No,No internet service,No internet service,No internet service,No internet service,No internet service,No internet service,Two year,Yes,Bank transfer (automatic),35.41,1707.8,No
CUST-01463,Male,0,No,No,35,Yes,Yes,No,No internet service,No internet service,No internet service,No internet service,No internet service,No internet service,One year,Yes,Mailed check,45.07,1573.65,No
CUST-01464,Male,0,Yes,Yes,58,Yes,Yes,DSL,No,No,No,Yes,Yes,No,Two year,Yes,Bank transfer (automatic),87.26,5078.74,No
CUST-01465,Male,0,Yes,No,18,Yes,Yes,Fiber optic,Yes,Yes,No,Yes,No,Yes,Month-to-month,Yes,Electronic check,121.59,2167.4,Yes
CUST-01466,Female,0,Yes,Yes,49,Yes,No,Fiber optic,Yes,Yes,No,No,Yes,No,Two year,Yes,Mailed check,101.54,4987.69,Yes
CUST-01467,Female,0,No,No,35,Yes,No,Fiber optic,Yes,No,No,No,Yes,No,Two year,Yes,Bank transfer (automatic),96.17,3366.74,No
CUST-01468,Female,0,No,No,23,Yes,No,Fiber optic,No,No,No,No,No,No,One year,Yes,Mailed check,77.82,1777.07,No
CUST-01469,Female,1,No,No,21,Yes,No,Fiber optic,No,Yes,No,No,No,No,One year,No,Credit card (automatic),88.61,1867.39,Yes
CUST-01470,Male,0,Yes,No,68,Yes,No,Fiber optic,Yes,Yes,No,Yes,Yes,Yes,Two year,No,Bank transfer (automatic),125.09,8505.06,No
CUST-01471,Male,0,No,Yes,65,Yes,No,DSL,Yes,No,Yes,Yes,Yes,Yes,Two year,Yes,Bank transfer (automatic),106.1,6918.69,No
CUST-01472,Female,0,Yes,Yes,48,Yes,No,DSL,Yes,No,Yes,No,No,Yes,One year,No,Mailed check,82.01,3945.23,No
CUST-01473,Male,0,No,No,33,Yes,Yes,DSL,Yes,No,Yes,No,Yes,Yes,Month-to-month,Yes,Credit card (automatic),106.29,3513.76,Yes
CUST-01474,Female,0,No,Yes,66,Yes,Yes,DSL,No,No,Yes,Yes,No,Yes,Two year,Yes,Mailed check,94.49,6226.25,No
CUST-01475,Female,1,Yes,No,33,Yes,No,Fiber optic,Yes,No,No,Yes,Yes,Yes,One year,No,Credit card (automatic),116.65,3851.65,No
CUST-01476,Female,0,No,Yes,71,Yes,No,Fiber optic,No,Yes,Yes,Yes,Yes,No,One year,Yes,Electronic check,112.7,7993.07,No
CUST-01477,Male,1,No,No,66,No,No phone service,DSL,No,No,No,Yes,Yes,No,One year,No,Credit card (automatic),65.27,4306.89,No
CUST-01478,Female,0,Yes,No,26,Yes,No,Fiber optic,No,No,No,No,Yes,Yes,Two year,Yes,Bank transfer (automatic),104.43,2733.86,No
CUST-01479,Female,0,No,No,36,Yes,No,Fiber optic,No,Yes,No,Yes,Yes,Yes,One year,No,Credit card (automatic),116.12,4176.03,Yes
CUST-01480,Female,0,Yes,No,56,Yes,Yes,DSL,No,No,No,Yes,No,No,Two year,Yes,Electronic check,78.19,4356.95,No
CUST-01481,Male,0,Yes,No,63,Yes,Yes,Fiber optic,No,No,No,No,Yes,No,One year,No,Electronic check,102.52,6466.18,No
CUST-01482,Male,0,Yes,Yes,26,Yes,No,Fiber optic,Yes,Yes,No,No,Yes,Yes,Month-to-month,Yes,Credit card (automatic),114.99,3001.54,Yes
CUST-01483,Female,0,Yes,No,51,Yes,No,DSL,No,No,Yes,Yes,Yes,Yes,Two year,Yes,Electronic check,97.59,5000.92,No
CUST-01484,Male,1,No,No,24,Yes,Yes,DSL,No,Yes,No,No,Yes,Yes,One year,No,Bank transfer (automatic),97.53,2353.69,Yes
CUST-01485,Male,0,Yes,Yes,69,Yes,No,No,No internet service,No internet service,No internet service,No internet service,No internet service,No internet service,Two year,No,Credit card (automatic),31.77,2188.05,No
CUST-01486,Male,0,No,No,52,Yes,Yes,Fiber optic,Yes,No,Yes,No,No,Yes,Month-to-month,No,Electronic check,117.01,6088.43,Yes
CUST-01487,Male,0,Yes,Yes,34,Yes,Yes,Fiber optic,Yes,Yes,Yes,No,No,Yes,Two year,Yes,Mailed check,120.31,4096.38,No
CUST-01488,Male,0,No,Yes,2,Yes,No,Fiber optic,No,Yes,No,No,Yes,No,Month-to-month,No,Electronic check,97.46,201.43,Yes
CUST-01489,Male,0,No,No,13,Yes,No,No,No internet service,No internet service,No internet service,No internet service,No internet service,No internet service,Month-to-month,No,Electronic check,36.2,433.49,Yes
CUST-01490,Male,0,No,No,59,Yes,Yes,No,No internet service,No internet service,No internet service,No internet service,No internet service,No internet service,Two year,Yes,Bank transfer (automatic),43.69,2569.11,No
CUST-01491,Male,0,Yes,No,29,Yes,No,DSL,No,No,No,Yes,No,Yes,Month-to-month,Yes,Electronic check,80.17,2332.09,Yes
CUST-01492,Male,0,Yes,Yes,10,Yes,Yes,Fiber optic,No,Yes,Yes,Yes,No,Yes,One year,Yes,Mailed check,123.66,1253.09,Yes
CUST-01493,Male,1,Yes,Yes,28,Yes,No,Fiber optic,No,Yes,No,No,Yes,No,Month-to-month,Yes,Credit card (automatic),96.35,2688.29,Yes
CUST-01494,Female,1,No,No,24,Yes,No,DSL,Yes,No,Yes,No,No,No,One year,No,Electronic check,71.26,1704.02,No
CUST-01495,Female,0,No,No,41,Yes,Yes,No,No internet service,No internet service,No internet service,No internet service,No internet service,No internet service,One year,Yes,Credit card (automatic),42.93,1756.55,No
CUST-01496,Male,0,Yes,Yes,38,Yes,No,Fiber optic,No,No,No,No,No,No,One year,Yes,Mailed check,81.25,3085.48,Yes
CUST-01497,Female,1,Yes,Yes,50,Yes,No,Fiber optic,No,Yes,No,Yes,Yes,Yes,Month-to-month,Yes,Electronic check,118.31,5928.32,Yes
CUST-01498,Female,1,No,Yes,12,Yes,No,No,No internet service,No internet service,No internet service,No internet service,No internet service,No internet service,Month-to-month,No,Electronic check,36.76,430.04,Yes
CUST-01499,Male,0,Yes,Yes,57,Yes,Yes,DSL,No,Yes,No,Yes,Yes,Yes,One year,Yes,Electronic check,109.26,6240.79,No
CUST-01500,Male,0,No,No,53,Yes,Yes,DSL,Yes,Yes,No,Yes,No,Yes,Month-to-month,Yes,Bank transfer (automatic),101.61,5406.61,Yes
CUST-01501,Male,0,No,No,44,Yes,No,Fiber optic,No,No,No,No,Yes,Yes,Month-to-month,No,Mailed check,104.62,4597.37,Yes
CUST-01502,Female,0,No,No,34,Yes,Yes,Fiber optic,Yes,No,Yes,Yes,No,Yes,Month-to-month,No,Bank transfer (automatic),122.63,4162.97,Yes
CUST-01503,Female,1,Yes,No,6,Yes,No,Fiber optic,No,No,No,Yes,No,No,Month-to-month,Yes,Electronic check,89.1,536.96,Yes
CUST-01504,Male,0,Yes,Yes,71,Yes,No,DSL,No,No,Yes,No,No,No,Two year,No,Bank transfer (automatic),68.2,4833.4,No
CUST-01505,Male,1,No,No,7,Yes,Yes,Fiber optic,No,Yes,Yes,Yes,No,Yes,Month-to-month,No,Electronic check,120.36,841.2,Yes
CUST-01506,Male,0,No,No,63,Yes,Yes,DSL,Yes,Yes,Yes,No,No,Yes,One year,No,Bank transfer (automatic),97.19,6100.93,No
CUST-01507,Female,1,Yes,No,40,Yes,No,Fiber optic,No,No,No,No,No,Yes,Two year,No,Electronic check,90.42,3629.64,Yes
CUST-01508,Female,0,Yes,Yes,49,Yes,No,DSL,No,Yes,No,No,No,Yes,Two year,Yes,Mailed check,78.71,3881.74,No
CUST-01509,Female,1,No,No,21,Yes,No,Fiber optic,No,Yes,Yes,No,No,No,Month-to-month,Yes,Bank transfer (automatic),92.62,1934.92,Yes
CUST-01510,Female,0,No,No,67,Yes,Yes,No,No internet service,No internet service,No internet service,No internet service,No internet service,No internet service,One year,No,Credit card (automatic),44.15,2933.36,No
CUST-01511,Male,0,No,No,43,Yes,No,No,No internet service,No internet service,No internet service,No internet service,No internet service,No internet service,Two year,Yes,Credit card (automatic),34.59,1501.18,No
CUST-01512,Male,0,No,No,24,No,No phone service,Fiber optic,No,Yes,Yes,No,Yes,No,One year,No,Mailed check,87.75,2099.72,Yes
CUST-01513,Male,1,Yes,No,49,Yes,No,Fiber optic,No,Yes,No,Yes,No,No,Two year,Yes,Credit card (automatic),93.84,4588.14,No
CUST-01514,Male,0,Yes,Yes,43,No,No phone service,Fiber optic,No,No,No,Yes,Yes,Yes,One year,Yes,Mailed check,95.96,4124.45,Yes
CUST-01515,Female,1,No,No,43,No,No phone service,Fiber optic,No,No,Yes,Yes,Yes,No,One year,Yes,Mailed check,93.46,4000.47,Yes
CUST-01516,Female,1,No,Yes,1,Yes,No,No,No internet service,No internet service,No internet service,No internet service,No internet service,No internet service,Month-to-month,No,Bank transfer (automatic),36.98,44.21,No
CUST-01517,Male,0,Yes,Yes,41,Yes,No,No,No internet service,No internet service,No internet service,No internet service,No internet service,No internet service,Month-to-month,No,Credit card (automatic),36.09,1460.72,No
CUST-01518,Male,0,Yes,Yes,19,Yes,Yes,No,No internet service,No internet service,No internet service,No internet service,No internet service,No internet service,Month-to-month,Yes,Bank transfer (automatic),45.05,838.18,No
CUST-01519,Female,0,No,No,68,Yes,No,No,No internet service,No internet service,No internet service,No internet service,No internet service,No internet service,One year,Yes,Credit card (automatic),36.71,2478.31,No
CUST-01520,Male,0,Yes,No,49,Yes,No,DSL,No,No,No,Yes,Yes,No,Two year,Yes,Electronic check,80.15,3929.81,No
CUST-01521,Female,0,Yes,No,58,Yes,No,Fiber optic,No,No,No,Yes,No,Yes,One year,No,Credit card (automatic),100.24,5786.71,No
CUST-01522,Male,0,No,No,43,Yes,No,No,No internet service,No internet service,No internet service,No internet service,No internet service,No internet service,One year,Yes,Electronic check,32.41,1424.95,Yes
CUST-01523,Male,0,No,No,47,Yes,No,No,No internet service,No internet service,No internet service,No internet service,No internet service,No internet service,One year,Yes,Mailed check,35.39,1657.7,No
CUST-01524,Male,0,No,No,17,Yes,No,No,No internet service,No internet service,No internet service,No internet service,No internet service,No internet service,One year,Yes,Credit card (automatic),33.06,530.28,No
CUST-01525,Male,0,Yes,No,4,Yes,No,Fiber optic,No,Yes,Yes,No,No,Yes,Month-to-month,Yes,Credit card (automatic),103.4,397.69,Yes
CUST-01526,Male,0,No,No,69,Yes,Yes,Fiber optic,No,Yes,No,Yes,No,No,Two year,No,Electronic check,104.25,7202.23,Yes
CUST-01527,Male,1,No,No,10,Yes,Yes,DSL,Yes,No,Yes,Yes,No,Yes,Month-to-month,Yes,Credit card (automatic),100.65,1026.73,Yes
CUST-01528,Male,0,No,No,55,No,No phone service,Fiber optic,No,Yes,Yes,No,No,Yes,One year,Yes,Electronic check,89.72,4937.05,Yes
CUST-01529,Female,1,No,No,66,Yes,No,Fiber optic,No,Yes,No,Yes,No,Yes,Month-to-month,No,Electronic check,107.58,7101.56,Yes
CUST-01530,Female,0,Yes,No,41,No,No phone service,No,No internet service,No internet service,No internet service,No internet service,No internet service,No internet service,Two year,No,Credit card (automatic),18.67,742.52,No
CUST-01531,Female,0,Yes,No,68,Yes,No,No,No internet service,No internet service,No internet service,No internet service,No internet service,No internet service,One year,No,Credit card (automatic),35.18,2414.57,No
CUST-01532,Female,0,Yes,Yes,49,Yes,No,No,No internet service,No internet service,No internet service,No internet service,No internet service,No internet service,Two year,Yes,Bank transfer (automatic),33.13,1631.71,No
CUST-01533,Female,0,Yes,No,12,Yes,No,DSL,No,No,Yes,No,Yes,Yes,Month-to-month,Yes,Credit card (automatic),88.25,1063.82,Yes
CUST-01534,Male,0,No,Yes,39,Yes,Yes,Fiber optic,Yes,No,No,No,No,No,One year,Yes,Electronic check,96.47,3762.58,No
CUST-01535,Male,0,No,No,30,Yes,Yes,Fiber optic,Yes,Yes,No,Yes,No,Yes,Month-to-month,Yes,Electronic check,123.07,3700.07,Yes
CUST-01536,Female,0,No,No,12,Yes,Yes,DSL,No,No,Yes,Yes,No,Yes,One year,No,Credit card (automatic),93.74,1112.88,No
CUST-01537,Male,0,No,No,72,Yes,No,DSL,No,Yes,Yes,Yes,No,No,Two year,No,Bank transfer (automatic),83.07,5995.13,No
CUST-01538,Female,0,Yes,Yes,34,Yes,Yes,No,No internet service,No internet service,No internet service,No internet service,No internet service,No internet service,Month-to-month,No,Credit card (automatic),44.25,1516.55,No
CUST-01539,Female,0,Yes,No,15,Yes,No,DSL,No,No,No,No,Yes,No,Month-to-month,Yes,Credit card (automatic),72.31,1083.18,Yes
CUST-01540,Male,0,Yes,No,46,Yes,Yes,DSL,Yes,No,Yes,Yes,No,Yes,Month-to-month,No,Bank transfer (automatic),101.2,4651.12,No
CUST-01541,Male,0,Yes,No,30,Yes,No,Fiber optic,Yes,No,Yes,No,No,Yes,One year,Yes,Bank transfer (automatic),103.57,3074.72,No
CUST-01542,Male,0,Yes,Yes,4,Yes,No,No,No internet service,No internet service,No internet service,No internet service,No internet service,No internet service,One year,Yes,Mailed check,37.28,123.14,Yes
CUST-01543,Female,0,No,Yes,29,Yes,No,No,No internet service,No internet service,No internet service,No internet service,No internet service,No internet service,One year,No,Electronic check,37.26,1088.73,No
CUST-01544,Male,0,No,No,50,Yes,No,No,No internet service,No internet service,No internet service,No internet service,No internet service,No internet service,Two year,Yes,Bank transfer (automatic),32.52,1639.57,No
CUST-01545,Female,1,Yes,Yes,45,Yes,Yes,Fiber optic,No,No,Yes,Yes,Yes,Yes,Two year,Yes,Credit card (automatic),127.15,5737.8,No
CUST-01546,Female,0,Yes,Yes,10,Yes,Yes,Fiber optic,Yes,No,Yes,No,Yes,Yes,Month-to-month,No,Mailed check,130.43,1284.09,Yes
CUST-01547,Female,0,No,No,28,Yes,Yes,No,No internet service,No internet service,No internet service,No internet service,No internet service,No internet service,One year,No,Electronic check,44.35,1276.2,No
CUST-01548,Male,0,Yes,No,45,Yes,Yes,Fiber optic,Yes,Yes,Yes,Yes,Yes,Yes,One year,No,Electronic check,140.63,6343.35,No
CUST-01549,Male,0,No,Yes,25,Yes,No,Fiber optic,No,Yes,No,Yes,No,Yes,Two year,Yes,Electronic check,107.7,2683.9,No
CUST-01550,Female,0,No,No,38,Yes,No,Fiber optic,No,No,Yes,No,No,Yes,One year,Yes,Bank transfer (automatic),99.28,3775.09,No
CUST-01551,Male,0,No,No,5,No,No phone service,No,No internet service,No internet service,No internet service,No internet service,No internet service,No internet service,Month-to-month,No,Mailed check,18.5,67.04,Yes
CUST-01552,Male,0,Yes,No,63,Yes,No,No,No internet service,No internet service,No internet service,No internet service,No internet service,No internet service,Month-to-month,Yes,Mailed check,35.5,2227.25,No
CUST-01553,Male,0,No,No,46,Yes,Yes,Fiber optic,No,No,Yes,Yes,No,No,One year,Yes,Mailed check,106.62,4912.59,No
CUST-01554,Female,0,Yes,No,24,Yes,No,Fiber optic,No,No,No,No,Yes,Yes,One year,Yes,Electronic check,104.04,2497.9,No
CUST-01555,Female,0,No,No,27,Yes,No,No,No internet service,No internet service,No internet service,No internet service,No internet service,No internet service,Month-to-month,No,Credit card (automatic),33.44,929.03,No
CUST-01556,Male,0,Yes,No,46,No,No phone service,DSL,No,No,Yes,No,Yes,No,Month-to-month,Yes,Electronic check,61.47,2805.43,Yes
CUST-01557,Female,0,Yes,No,5,No,No phone service,No,No internet service,No internet service,No internet service,No internet service,No internet service,No internet service,Month-to-month,No,Bank transfer (automatic),19.7,96.74,Yes
CUST-01558,Male,0,No,No,66,Yes,No,Fiber optic,No,No,No,Yes,Yes,Yes,One year,No,Mailed check,113.01,7441.61,No
CUST-01559,Male,0,No,No,71,Yes,Yes,Fiber optic,No,No,Yes,No,No,No,One year,No,Electronic check,100.33,7146.46,No
CUST-01560,Male,0,No,No,70,Yes,Yes,Fiber optic,No,No,Yes,Yes,Yes,No,One year,Yes,Electronic check,115.57,8093.88,No
CUST-01561,Male,0,No,No,2,Yes,No,Fiber optic,No,No,Yes,No,No,Yes,Month-to-month,Yes,Credit card (automatic),98.84,197.81,Yes
CUST-01562,Female,0,No,No,12,Yes,Yes,Fiber optic,No,No,No,No,Yes,No,Month-to-month,No,Electronic check,99.68,1194.16,Yes
CUST-01563,Female,0,Yes,No,13,Yes,No,No,No internet service,No internet service,No internet service,No internet service,No internet service,No internet service,Two year,No,Electronic check,32.47,408.95,No
CUST-01564,Female,0,No,No,5,Yes,No,Fiber optic,No,No,No,Yes,No,No,Month-to-month,Yes,Electronic check,87.25,454.23,Yes
CUST-01565,Male,0,No,No,66,Yes,Yes,No,No internet service,No internet service,No internet service,No internet service,No internet service,No internet service,One year,Yes,Credit card (automatic),45.67,3016.78,No
CUST-01566,Male,0,No,No,69,Yes,No,Fiber optic,Yes,No,Yes,No,Yes,Yes,Month-to-month,Yes,Electronic check,115.87,7998.7,Yes
CUST-01567,Male,0,No,No,51,Yes,No,DSL,Yes,Yes,No,Yes,No,No,Month-to-month,Yes,Mailed check,80.08,4092.81,Yes
CUST-01568,Female,0,Yes,Yes,57,Yes,Yes,Fiber optic,No,No,Yes,No,Yes,No,One year,Yes,Electronic check,107.59,6119.7,Yes
CUST-01569,Male,0,No,No,57,Yes,Yes,Fiber optic,Yes,Yes,Yes,No,Yes,No,One year,Yes,Credit card (automatic),119.96,6867.65,No
CUST-01570,Female,1,Yes,No,36,Yes,Yes,DSL,No,Yes,Yes,No,No,No,One year,No,Credit card (automatic),81.56,2959.7,No
CUST-01571,Female,0,Yes,Yes,57,Yes,No,Fiber optic,No,Yes,No,Yes,Yes,No,Two year,Yes,Mailed check,103.98,5926.32,No
CUST-01572,Female,0,No,No,34,Yes,No,No,No internet service,No internet service,No internet service,No internet service,No internet service,No internet service,One year,Yes,Bank transfer (automatic),32.76,1109.32,No
CUST-01573,Female,1,Yes,Yes,53,Yes,No,Fiber optic,No,No,Yes,No,No,No,One year,Yes,Electronic check,88.04,4675.71,No
CUST-01574,Female,1,No,No,22,Yes,Yes,DSL,No,No,No,No,Yes,No,One year,Yes,Mailed check,80.77,1793.74,No
CUST-01575,Female,1,Yes,No,19,Yes,No,DSL,Yes,Yes,Yes,No,No,Yes,Two year,No,Bank transfer (automatic),89.64,1729.41,No
CUST-01576,Male,0,Yes,Yes,33,Yes,No,DSL,Yes,No,No,Yes,No,Yes,One year,Yes,Electronic check,87.78,2906.41,No
CUST-01577,Male,0,No,No,65,Yes,No,Fiber optic,Yes,No,Yes,No,Yes,No,Month-to-month,No,Electronic check,103.6,6736.05,Yes
CUST-01578,Female,0,No,No,5,Yes,Yes,DSL,No,Yes,No,Yes,No,No,Month-to-month,Yes,Credit card (automatic),85.32,428.66,Yes
CUST-01579,Female,0,No,No,23,Yes,No,DSL,No,Yes,No,Yes,No,No,One year,Yes,Electronic check,72.67,1643.2,Yes
CUST-01580,Male,0,No,No,69,Yes,No,Fiber optic,Yes,No,No,Yes,Yes,Yes,Month-to-month,Yes,Electronic check,120.33,8296.32,Yes
CUST-01581,Female,0,No,No,26,Yes,No,Fiber optic,Yes,No,Yes,Yes,Yes,No,Month-to-month,Yes,Bank transfer (automatic),112.34,2926.26,Yes
CUST-01582,Female,1,Yes,Yes,19,Yes,No,DSL,Yes,Yes,No,No,No,Yes,Two year,No,Electronic check,83.96,1561.37,No
CUST-01583,Male,0,Yes,No,5,Yes,No,DSL,Yes,No,Yes,No,No,No,Month-to-month,Yes,Mailed check,71.75,361.45,Yes
CUST-01584,Female,1,Yes,No,42,Yes,No,DSL,No,Yes,Yes,No,No,Yes,Month-to-month,No,Electronic check,85.15,3564.12,No
CUST-01585,Female,0,No,No,63,Yes,Yes,DSL,Yes,Yes,No,Yes,No,No,One year,Yes,Electronic check,90.35,5715.71,Yes
CUST-01586,Female,0,No,No,3,Yes,No,DSL,Yes,No,Yes,Yes,No,Yes,Month-to-month,Yes,Mailed check,87.2,257.33,Yes
CUST-01587,Male,0,Yes,Yes,1,Yes,No,Fiber optic,No,No,Yes,Yes,No,Yes,Month-to-month,No,Electronic check,105.33,105.33,Yes
CUST-01588,Male,0,No,No,53,No,No phone service,Fiber optic,No,No,Yes,No,Yes,Yes,One year,No,Mailed check,95.48,5058.38,No
CUST-01589,Male,0,No,No,15,Yes,No,DSL,Yes,Yes,Yes,Yes,Yes,Yes,One year,Yes,Credit card (automatic),108.55,1628.18,No
CUST-01590,Female,0,Yes,No,59,Yes,Yes,No,No internet service,No internet service,No internet service,No internet service,No internet service,No internet service,Two year,Yes,Mailed check,44.24,2622.05,No
CUST-01591,Female,1,Yes,Yes,10,Yes,No,Fiber optic,No,No,No,Yes,No,No,Month-to-month,No,Bank transfer (automatic),87.42,869.04,Yes
CUST-01592,Male,0,No,No,58,Yes,Yes,DSL,No,No,No,Yes,No,Yes,Month-to-month,No,Electronic check,92.39,5358.97,Yes
CUST-01593,Female,0,No,No,50,Yes,Yes,DSL,No,No,Yes,No,No,Yes,One year,No,Credit card (automatic),88.9,4456.98,No
CUST-01594,Female,0,No,No,29,Yes,No,No,No internet service,No internet service,No internet service,No internet service,No internet service,No internet service,One year,Yes,Credit card (automatic),35.49,1029.34,No
CUST-01595,Female,0,Yes,No,61,Yes,No,No,No internet service,No internet service,No internet service,No internet service,No internet service,No internet service,Month-to-month,No,Mailed check,33.25,2038.08,No
CUST-01596,Female,0,No,No,3,Yes,Yes,DSL,No,No,No,No,No,Yes,One year,No,Electronic check,80.97,236.23,No
CUST-01597,Female,0,Yes,Yes,37,No,No phone service,DSL,No,No,Yes,No,No,Yes,Month-to-month,No,Mailed check,64.28,2383.63,Yes
CUST-01598,Male,0,Yes,Yes,41,Yes,Yes,Fiber optic,No,No,Yes,Yes,No,Yes,One year,Yes,Electronic check,116.99,4816.22,Yes
CUST-01599,Female,0,No,No,15,Yes,Yes,Fiber optic,No,No,No,No,No,Yes,One year,Yes,Credit card (automatic),99.87,1507.09,Yes
CUST-01600,Male,0,Yes,No,46,Yes,Yes,Fiber optic,Yes,Yes,No,No,Yes,No,Month-to-month,No,Mailed check,116.1,5312.53,No
CUST-01601,Female,0,No,No,6,Yes,No,Fiber optic,No,No,No,No,Yes,No,Month-to-month,No,Mailed check,90.71,552.59,Yes
CUST-01602,Male,0,Yes,No,54,Yes,Yes,DSL,No,Yes,No,Yes,No,Yes,Two year,Yes,Electronic check,96.54,5195.85,No
CUST-01603,Female,0,No,No,16,Yes,No,DSL,No,No,No,No,No,Yes,One year,Yes,Electronic check,76.1,1203.73,No
CUST-01604,Male,0,No,No,54,Yes,No,Fiber optic,No,Yes,No,Yes,No,No,Two year,Yes,Bank transfer (automatic),93.37,5049.36,No
CUST-01605,Female,0,Yes,Yes,68,Yes,Yes,No,No internet service,No internet service,No internet service,No internet service,No internet service,No internet service,One year,Yes,Mailed check,45.25,3062.46,No
CUST-01606,Male,0,No,No,9,Yes,No,DSL,No,Yes,Yes,No,Yes,No,Month-to-month,Yes,Mailed check,83.16,731.79,Yes
CUST-01607,Female,0,Yes,Yes,44,Yes,No,Fiber optic,No,Yes,No,No,Yes,Yes,One year,Yes,Electronic check,110.26,4851.39,Yes
CUST-01608,Male,0,No,No,22,Yes,No,Fiber optic,No,No,No,No,No,Yes,One year,No,Electronic check,94.14,2061.88,No
CUST-01609,Female,1,Yes,Yes,1,Yes,No,DSL,No,Yes,Yes,Yes,No,Yes,Month-to-month,No,Electronic check,91.71,91.71,Yes
CUST-01610,Male,1,Yes,Yes,20,Yes,Yes,No,No internet service,No internet service,No internet service,No internet service,No internet service,No internet service,Month-to-month,No,Credit card (automatic),44.56,899.53,No
CUST-01611,Male,0,Yes,No,1,No,No phone service,Fiber optic,Yes,No,No,No,Yes,No,Month-to-month,No,Bank transfer (automatic),84.66,99.44,Yes
CUST-01612,Female,0,Yes,Yes,53,Yes,No,Fiber optic,Yes,Yes,No,Yes,No,Yes,Two year,Yes,Credit card (automatic),110.11,5849.4,No
CUST-01613,Female,0,No,No,15,Yes,Yes,Fiber optic,Yes,Yes,No,No,No,No,One year,Yes,Mailed check,102.12,1518.33,Yes
CUST-01614,Male,0,Yes,No,53,Yes,No,DSL,No,No,No,No,No,Yes,Month-to-month,Yes,Credit card (automatic),70.91,3764.39,No
CUST-01615,Female,0,Yes,Yes,38,Yes,No,Fiber optic,No,No,No,No,Yes,Yes,Two year,Yes,Electronic check,103.64,3930.91,No
CUST-01616,Male,0,Yes,No,22,Yes,No,Fiber optic,Yes,No,Yes,No,No,Yes,Two year,Yes,Mailed check,102.67,2239.73,Yes
CUST-01617,Male,0,Yes,Yes,53,Yes,No,DSL,No,Yes,Yes,No,No,No,Month-to-month,No,Electronic check,69.86,3691.37,No
CUST-01618,Male,1,No,No,21,Yes,No,Fiber optic,No,No,Yes,Yes,Yes,Yes,Month-to-month,Yes,Bank transfer (automatic),114.69,2366.2,Yes
CUST-01619,Female,0,No,No,27,Yes,Yes,DSL,No,Yes,No,No,No,Yes,Two year,Yes,Mailed check,87.32,2341.78,Yes
CUST-01620,Male,0,Yes,Yes,66,Yes,No,DSL,No,No,Yes,Yes,No,No,One year,Yes,Mailed check,74.34,4884.44,Yes
CUST-01621,Male,0,No,No,64,Yes,No,No,No internet service,No internet service,No internet service,No internet service,No internet service,No internet service,Two year,Yes,Credit card (automatic),36.22,2321.12,No
CUST-01622,Female,0,No,No,33,Yes,No,DSL,Yes,No,Yes,No,Yes,Yes,Month-to-month,No,Bank transfer (automatic),94.0,3106.37,No
CUST-01623,Female,0,Yes,Yes,3,No,No phone service,Fiber optic,Yes,No,No,Yes,No,Yes,Month-to-month,Yes,Credit card (automatic),91.23,248.34,Yes
CUST-01624,Female,1,No,No,25,Yes,No,No,No internet service,No internet service,No internet service,No internet service,No internet service,No internet service,Month-to-month,Yes,Mailed check,35.84,908.42,Yes
CUST-01625,Female,0,No,No,49,Yes,No,DSL,Yes,No,Yes,No,Yes,Yes,Two year,Yes,Mailed check,96.54,4721.34,No
CUST-01626,Male,0,No,No,14,No,No phone service,Fiber optic,No,Yes,Yes,No,No,Yes,Month-to-month,Yes,Bank transfer (automatic),89.39,1235.42,Yes
CUST-01627,Male,0,No,No,2,No,No phone service,Fiber optic,No,No,No,No,Yes,Yes,One year,Yes,Mailed check,85.76,144.67,Yes
CUST-01628,Male,1,Yes,Yes,65,Yes,Yes,Fiber optic,Yes,No,Yes,No,No,Yes,One year,Yes,Mailed check,113.82,7386.29,No
CUST-01629,Male,0,No,No,20,Yes,No,Fiber optic,No,No,No,Yes,Yes,No,Month-to-month,No,Electronic check,99.88,1995.51,Yes
CUST-01630,Female,0,No,No,64,Yes,No,Fiber optic,No,No,No,Yes,Yes,Yes,Month-to-month,Yes,Credit card (automatic),112.82,7235.42,No
CUST-01631,Male,0,No,No,23,Yes,Yes,DSL,Yes,Yes,Yes,Yes,Yes,No,One year,No,Mailed check,110.08,2530.26,No
CUST-01632,Male,0,No,No,29,Yes,No,DSL,No,Yes,Yes,No,Yes,Yes,Month-to-month,No,Bank transfer (automatic),95.61,2767.97,Yes
CUST-01633,Female,0,Yes,No,60,Yes,No,Fiber optic,No,No,Yes,No,No,Yes,Two year,Yes,Electronic check,97.48,5857.51,No
CUST-01634,Male,0,No,No,33,Yes,Yes,DSL,No,No,No,Yes,Yes,No,Two year,Yes,Electronic check,90.2,2978.7,No
CUST-01635,Male,0,No,No,42,Yes,Yes,No,No internet service,No internet service,No internet service,No internet service,No internet service,No internet service,Month-to-month,Yes,Electronic check,45.03,1868.68,No
CUST-01636,Male,0,Yes,Yes,14,No,No phone service,Fiber optic,Yes,Yes,Yes,Yes,Yes,Yes,One year,Yes,Mailed check,115.65,1612.55,No
CUST-01637,Male,1,Yes,No,3,Yes,No,DSL,No,No,No,Yes,No,No,Month-to-month,Yes,Electronic check,68.79,197.74,Yes
CUST-01638,Male,0,No,Yes,66,Yes,Yes,DSL,No,No,No,Yes,Yes,Yes,Two year,Yes,Credit card (automatic),101.74,6712.59,No
CUST-01639,Male,0,Yes,Yes,47,Yes,No,DSL,Yes,Yes,No,No,No,Yes,Month-to-month,Yes,Credit card (automatic),84.75,3976.12,Yes
CUST-01640,Female,0,Yes,Yes,63,Yes,Yes,Fiber optic,No,Yes,Yes,No,No,Yes,One year,Yes,Bank transfer (automatic),113.67,7149.11,No
CUST-01641,Female,0,Yes,No,31,Yes,Yes,No,No internet service,No internet service,No internet service,No internet service,No internet service,No internet service,Month-to-month,No,Electronic check,42.82,1349.39,No
CUST-01642,Male,1,Yes,No,26,Yes,No,DSL,Yes,No,Yes,Yes,Yes,No,One year,Yes,Mailed check,90.27,2346.34,Yes
CUST-01643,Male,0,Yes,Yes,69,Yes,No,DSL,No,No,Yes,Yes,Yes,Yes,Month-to-month,No,Bank transfer (automatic),94.5,6527.65,Yes
CUST-01644,Female,0,Yes,No,53,Yes,No,Fiber optic,Yes,Yes,No,No,Yes,Yes,Two year,No,Electronic check,118.49,6278.21,No
CUST-01645,Male,0,Yes,Yes,2,Yes,No,DSL,No,No,No,No,Yes,No,One year,No,Bank transfer (automatic),73.93,160.09,No
CUST-01646,Male,0,No,No,40,Yes,No,Fiber optic,No,Yes,No,No,No,Yes,One year,No,Credit card (automatic),99.55,3980.64,Yes
CUST-01647,Male,0,No,No,26,Yes,Yes,Fiber optic,No,Yes,No,Yes,No,Yes,Month-to-month,Yes,Mailed check,115.68,3022.27,Yes
CUST-01648,Female,0,Yes,Yes,70,Yes,No,DSL,Yes,No,Yes,No,Yes,Yes,One year,Yes,Bank transfer (automatic),97.47,6779.85,No
CUST-01649,Male,0,Yes,Yes,49,Yes,No,Fiber optic,Yes,Yes,Yes,Yes,Yes,No,One year,Yes,Credit card (automatic),119.35,5849.65,No
CUST-01650,Female,1,No,No,32,Yes,Yes,Fiber optic,No,No,No,No,Yes,Yes,Month-to-month,Yes,Electronic check,111.82,3582.16,No
CUST-01651,Male,0,Yes,Yes,5,Yes,Yes,Fiber optic,Yes,No,Yes,Yes,No,Yes,Month-to-month,Yes,Bank transfer (automatic),120.82,608.67,Yes
CUST-01652,Female,0,Yes,No,4,Yes,No,DSL,No,Yes,No,No,Yes,Yes,Two year,Yes,Bank transfer (automatic),90.81,346.98,Yes
CUST-01653,Female,0,Yes,Yes,50,Yes,Yes,Fiber optic,No,Yes,No,No,No,No,Month-to-month,No,Credit card (automatic),95.27,4752.66,No
CUST-01654,Male,0,No,No,18,Yes,Yes,Fiber optic,Yes,Yes,No,Yes,No,No,Month-to-month,Yes,Credit card (automatic),108.94,1945.27,Yes
CUST-01655,Female,0,No,No,34,Yes,No,DSL,Yes,No,No,Yes,Yes,Yes,Month-to-month,Yes,Bank transfer (automatic),99.24,3381.47,Yes
CUST-01656,Male,0,No,No,60,Yes,No,DSL,No,No,Yes,Yes,Yes,Yes,One year,Yes,Bank transfer (automatic),96.76,5819.16,No
CUST-01657,Female,0,No,No,58,Yes,Yes,DSL,Yes,Yes,No,Yes,Yes,No,Month-to-month,Yes,Electronic check,105.72,6107.1,Yes
CUST-01658,Male,0,No,No,60,Yes,Yes,DSL,No,No,Yes,No,Yes,No,Two year,No,Bank transfer (automatic),90.39,5426.48,No
CUST-01659,Male,0,Yes,Yes,25,Yes,No,Fiber optic,Yes,No,Yes,No,No,No,One year,No,Electronic check,91.68,2279.03,No
CUST-01660,Female,1,No,No,64,Yes,No,DSL,No,Yes,Yes,No,No,Yes,Two year,Yes,Mailed check,85.87,5521.89,No
CUST-01661,Male,0,Yes,No,34,No,No phone service,Fiber optic,Yes,No,No,No,No,Yes,Month-to-month,Yes,Bank transfer (automatic),83.28,2839.96,Yes
CUST-01662,Male,0,No,No,49,Yes,Yes,DSL,Yes,No,No,Yes,No,No,Month-to-month,Yes,Bank transfer (automatic),83.38,4080.34,No
CUST-01663,Female,0,No,No,43,Yes,Yes,Fiber optic,Yes,No,Yes,Yes,Yes,No,Month-to-month,Yes,Mailed check,124.97,5371.69,Yes
CUST-01664,Male,0,No,No,31,No,No phone service,Fiber optic,Yes,Yes,No,No,No,Yes,Month-to-month,Yes,Electronic check,89.59,2796.75,Yes
CUST-01665,Male,0,Yes,No,4,Yes,Yes,Fiber optic,No,No,Yes,No,No,Yes,Month-to-month,No,Mailed check,106.66,427.5,Yes
CUST-01666,Female,0,Yes,Yes,63,Yes,Yes,DSL,Yes,Yes,Yes,No,Yes,No,Two year,Yes,Electronic check,100.69,6316.64,No
CUST-01667,Female,1,No,No,21,Yes,Yes,DSL,No,Yes,Yes,Yes,No,No,One year,Yes,Electronic check,92.52,1965.68,No
CUST-01668,Male,0,No,Yes,66,Yes,Yes,DSL,No,No,Yes,Yes,Yes,No,Two year,No,Electronic check,96.0,6348.19,No
CUST-01669,Male,0,No,No,64,Yes,Yes,Fiber optic,No,Yes,Yes,Yes,Yes,Yes,Two year,Yes,Bank transfer (automatic),134.31,8587.78,No
CUST-01670,Female,0,Yes,Yes,34,No,No phone service,DSL,No,Yes,No,No,No,No,One year,No,Mailed check,50.55,1727.71,No
CUST-01671,Female,0,No,No,16,Yes,Yes,DSL,No,Yes,No,Yes,Yes,Yes,Month-to-month,No,Mailed check,108.53,1727.28,Yes
CUST-01672,Male,0,No,No,25,Yes,No,No,No internet service,No internet service,No internet service,No internet service,No internet service,No internet service,One year,No,Credit card (automatic),33.53,828.65,No
CUST-01673,Female,0,No,No,47,Yes,Yes,DSL,Yes,Yes,No,No,Yes,Yes,Month-to-month,Yes,Bank transfer (automatic),104.81,4924.25,Yes
CUST-01674,Male,0,No,No,57,Yes,No,No,No internet service,No internet service,No internet service,No internet service,No internet service,No internet service,One year,Yes,Mailed check,34.49,1974.93,No
CUST-01675,Male,0,No,No,51,Yes,No,No,No internet service,No internet service,No internet service,No internet service,No internet service,No internet service,One year,Yes,Mailed check,35.25,1804.81,No
CUST-01676,Male,0,No,No,32,Yes,No,No,No internet service,No internet service,No internet service,No internet service,No internet service,No internet service,One year,Yes,Credit card (automatic),36.67,1187.52,No
CUST-01677,Male,0,No,No,57,Yes,No,No,No internet service,No internet service,No internet service,No internet service,No internet service,No internet service,One year,Yes,Electronic check,34.78,1989.58,No
CUST-01678,Male,0,No,No,45,Yes,No,DSL,Yes,Yes,No,Yes,Yes,No,Month-to-month,Yes,Bank transfer (automatic),93.24,4217.6,Yes
CUST-01679,Female,0,Yes,Yes,14,Yes,Yes,DSL,Yes,Yes,No,Yes,No,No,One year,No,Electronic check,89.34,1276.63,Yes
CUST-01680,Female,0,Yes,Yes,17,Yes,Yes,DSL,No,Yes,No,No,Yes,No,One year,Yes,Electronic check,88.88,1515.49,No
CUST-01681,Female,0,No,No,24,Yes,Yes,DSL,No,Yes,No,Yes,No,Yes,Two year,No,Credit card (automatic),97.8,2342.15,No
CUST-01682,Female,0,No,Yes,11,Yes,Yes,DSL,No,Yes,No,No,Yes,Yes,Month-to-month,Yes,Mailed check,99.83,1095.44,No
CUST-01683,Male,0,No,Yes,30,Yes,No,No,No internet service,No internet service,No internet service,No internet service,No internet service,No internet service,One year,No,Electronic check,35.53,1037.02,No
CUST-01684,Male,0,No,No,32,Yes,No,DSL,Yes,No,No,No,No,Yes,One year,No,Credit card (automatic),77.12,2468.15,No
CUST-01685,Male,0,Yes,No,23,Yes,No,DSL,Yes,No,No,No,Yes,Yes,Month-to-month,Yes,Credit card (automatic),90.88,2080.99,Yes
CUST-01686,Male,0,No,No,20,Yes,No,Fiber optic,No,Yes,No,No,No,No,One year,No,Electronic check,81.8,1625.43,Yes
CUST-01687,Female,1,No,No,61,Yes,Yes,DSL,No,No,No,No,No,No,Month-to-month,No,Electronic check,67.56,4120.59,Yes
CUST-01688,Male,0,Yes,No,44,No,No phone service,Fiber optic,No,No,No,Yes,Yes,Yes,Two year,No,Credit card (automatic),97.86,4274.36,No
CUST-01689,Male,0,Yes,Yes,30,Yes,No,DSL,Yes,Yes,Yes,Yes,Yes,Yes,One year,No,Mailed check,107.55,3223.82,No
CUST-01690,Female,0,No,No,39,Yes,No,No,No internet service,No internet service,No internet service,No internet service,No internet service,No internet service,Two year,Yes,Credit card (automatic),34.27,1339.59,Yes
CUST-01691,Female,0,Yes,Yes,22,Yes,No,Fiber optic,No,No,No,Yes,No,Yes,Month-to-month,Yes,Bank transfer (automatic),102.11,2223.39,Yes
CUST-01692,Female,0,No,No,2,Yes,No,Fiber optic,No,No,No,No,Yes,No,One year,No,Mailed check,93.3,206.92,No
CUST-01693,Female,0,Yes,No,66,No,No phone service,DSL,Yes,No,No,No,Yes,Yes,Two year,No,Electronic check,78.59,5193.58,Yes
CUST-01694,Male,0,No,Yes,68,Yes,No,No,No internet service,No internet service,No internet service,No internet service,No internet service,No internet service,Two year,No,Mailed check,35.11,2406.84,No
CUST-01695,Male,0,No,No,22,Yes,Yes,DSL,No,No,Yes,No,No,No,Month-to-month,Yes,Bank transfer (automatic),75.88,1675.87,Yes
CUST-01696,Female,0,No,No,20,Yes,No,Fiber optic,No,Yes,No,Yes,Yes,Yes,Month-to-month,No,Electronic check,118.02,2365.81,No
CUST-01697,Male,1,Yes,Yes,69,Yes,No,No,No internet service,No internet service,No internet service,No internet service,No internet service,No internet service,Month-to-month,Yes,Bank transfer (automatic),33.61,2341.92,Yes
CUST-01698,Male,0,No,No,38,Yes,No,Fiber optic,No,No,Yes,Yes,Yes,No,Month-to-month,Yes,Electronic check,105.68,4035.57,Yes
CUST-01699,Male,1,Yes,No,17,No,No phone service,Fiber optic,No,Yes,Yes,Yes,Yes,Yes,Month-to-month,Yes,Mailed check,107.11,1849.99,No
CUST-01700,Female,0,Yes,Yes,62,Yes,Yes,DSL,No,Yes,Yes,No,No,Yes,One year,No,Electronic check,95.76,5935.26,No
CUST-01701,Male,0,No,No,33,Yes,No,Fiber optic,Yes,Yes,Yes,No,Yes,Yes,Month-to-month,Yes,Mailed check,123.11,4050.71,Yes
CUST-01702,Female,0,No,No,2,Yes,No,No,No internet service,No internet service,No internet service,No internet service,No internet service,No internet service,Month-to-month,Yes,Bank transfer (automatic),33.26,49.15,No
CUST-01703,Male,0,No,No,60,Yes,No,DSL,No,No,No,No,Yes,No,One year,No,Mailed check,71.0,4245.34,No
CUST-01704,Male,1,Yes,Yes,56,Yes,Yes,No,No internet service,No internet service,No internet service,No internet service,No internet service,No internet service,Two year,Yes,Mailed check,45.59,2563.22,No
CUST-01705,Male,1,Yes,Yes,15,Yes,Yes,Fiber optic,No,No,Yes,No,No,No,Two year,Yes,Mailed check,96.41,1487.05,No
CUST-01706,Female,1,Yes,No,16,Yes,No,Fiber optic,No,No,Yes,No,No,No,One year,Yes,Electronic check,84.43,1373.51,Yes
CUST-01707,Male,0,No,No,21,Yes,Yes,Fiber optic,Yes,No,Yes,Yes,No,Yes,One year,Yes,Bank transfer (automatic),122.1,2561.41,No
CUST-01708,Female,0,No,Yes,9,Yes,No,DSL,No,Yes,Yes,Yes,No,Yes,Month-to-month,Yes,Bank transfer (automatic),92.86,847.24,Yes
CUST-01709,Female,0,No,No,56,No,No phone service,DSL,Yes,No,Yes,No,Yes,Yes,Month-to-month,No,Mailed check,81.9,4578.1,No
CUST-01710,Female,1,No,No,47,Yes,No,DSL,Yes,Yes,Yes,No,Yes,No,One year,No,Mailed check,92.53,4341.54,No
CUST-01711,Male,0,Yes,No,52,Yes,No,Fiber optic,No,Yes,No,No,Yes,No,Two year,Yes,Bank transfer (automatic),98.38,5100.24,Yes
CUST-01712,Male,0,Yes,Yes,23,Yes,No,No,No internet service,No internet service,No internet service,No internet service,No internet service,No internet service,One year,Yes,Mailed check,33.14,747.7,No
CUST-01713,Male,0,Yes,No,50,Yes,Yes,Fiber optic,No,Yes,Yes,No,Yes,Yes,One year,Yes,Bank transfer (automatic),124.4,6228.33,Yes
CUST-01714,Male,0,Yes,Yes,53,Yes,Yes,Fiber optic,Yes,Yes,No,No,Yes,No,Two year,Yes,Electronic check,115.88,6163.88,No
CUST-01715,Female,1,Yes,Yes,37,Yes,No,DSL,Yes,No,Yes,No,No,Yes,Two year,Yes,Bank transfer (automatic),86.42,3213.16,No
CUST-01716,Female,0,No,No,16,Yes,No,Fiber optic,Yes,Yes,No,Yes,Yes,No,Month-to-month,Yes,Electronic check,111.95,1813.06,Yes
CUST-01717,Female,0,Yes,Yes,45,Yes,No,Fiber optic,No,Yes,No,Yes,No,Yes,One year,No,Mailed check,106.57,4807.41,Yes
CUST-01718,Male,0,No,No,36,Yes,No,Fiber optic,No,No,No,No,No,No,Two year,Yes,Electronic check,80.14,2884.53,Yes
CUST-01719,Female,0,Yes,Yes,15,Yes,Yes,No,No internet service,No internet service,No internet service,No internet service,No internet service,No internet service,Month-to-month,No,Credit card (automatic),44.55,660.37,Yes
CUST-01720,Male,0,No,No,71,Yes,Yes,No,No internet service,No internet service,No internet service,No internet service,No internet service,No internet service,One year,Yes,Bank transfer (automatic),42.76,3044.61,No
CUST-01721,Female,0,No,No,45,Yes,Yes,Fiber optic,No,No,No,No,Yes,No,One year,Yes,Electronic check,102.72,4597.21,Yes
CUST-01722,Male,1,No,Yes,37,Yes,No,No,No internet service,No internet service,No internet service,No internet service,No internet service,No internet service,One year,No,Credit card (automatic),37.67,1384.72,No
CUST-01723,Male,1,Yes,Yes,6,No,No phone service,Fiber optic,No,No,No,No,No,No,Month-to-month,Yes,Bank transfer (automatic),65.26,379.75,Yes
CUST-01724,Female,0,No,Yes,14,Yes,Yes,No,No internet service,No internet service,No internet service,No internet service,No internet service,No internet service,Month-to-month,No,Mailed check,44.55,642.36,Yes
CUST-01725,Female,0,No,No,3,Yes,No,Fiber optic,Yes,Yes,Yes,No,Yes,No,One year,Yes,Credit card (automatic),109.35,307.39,Yes
CUST-01726,Female,1,Yes,Yes,6,Yes,Yes,DSL,Yes,No,No,No,Yes,Yes,One year,No,Electronic check,100.75,618.44,No
CUST-01727,Female,0,Yes,Yes,44,Yes,No,No,No internet service,No internet service,No internet service,No internet service,No internet service,No internet service,Two year,Yes,Electronic check,36.73,1621.93,No
CUST-01728,Male,0,Yes,No,37,Yes,No,DSL,No,Yes,Yes,No,No,Yes,Two year,No,Bank transfer (automatic),84.8,3143.59,No
CUST-01729,Female,0,No,No,68,Yes,No,DSL,No,Yes,No,Yes,Yes,No,Month-to-month,Yes,Bank transfer (automatic),83.2,5650.59,Yes
CUST-01730,Female,0,No,No,3,Yes,No,DSL,No,No,No,No,Yes,Yes,Month-to-month,Yes,Electronic check,86.61,237.88,Yes
CUST-01731,Female,0,No,No,46,Yes,Yes,DSL,Yes,No,Yes,No,No,Yes,Month-to-month,No,Credit card (automatic),95.25,4389.0,No
CUST-01732,Male,1,Yes,Yes,37,Yes,Yes,DSL,Yes,No,Yes,No,No,No,Two year,No,Bank transfer (automatic),81.73,3037.3,No
CUST-01733,Male,0,Yes,Yes,59,Yes,Yes,Fiber optic,No,Yes,Yes,No,Yes,Yes,Two year,No,Credit card (automatic),125.2,7394.26,No
CUST-01734,Female,0,No,No,44,Yes,Yes,No,No internet service,No internet service,No internet service,No internet service,No internet service,No internet service,One year,Yes,Electronic check,44.33,1948.36,No
CUST-01735,Male,0,Yes,Yes,55,Yes,No,DSL,No,Yes,Yes,No,Yes,Yes,One year,No,Bank transfer (automatic),97.29,5333.88,No
CUST-01736,Female,0,No,No,52,Yes,Yes,Fiber optic,No,Yes,Yes,Yes,No,Yes,One year,Yes,Electronic check,119.04,6180.73,Yes
CUST-01737,Male,0,No,No,64,Yes,Yes,DSL,No,No,No,No,Yes,Yes,One year,Yes,Mailed check,94.77,6072.03,Yes
CUST-01738,Male,0,Yes,No,58,Yes,No,DSL,Yes,No,Yes,No,No,Yes,One year,Yes,Electronic check,84.42,4884.51,Yes
CUST-01739,Male,0,No,No,20,Yes,Yes,Fiber optic,No,No,Yes,Yes,Yes,Yes,One year,Yes,Mailed check,128.4,2553.57,Yes
CUST-01740,Male,0,Yes,Yes,15,No,No phone service,No,No internet service,No internet service,No internet service,No internet service,No internet service,No internet service,Month-to-month,No,Electronic check,18.5,255.8,Yes
CUST-01741,Female,1,No,No,10,Yes,Yes,DSL,No,No,Yes,No,Yes,No,Month-to-month,No,Electronic check,85.44,862.43,No
CUST-01742,Female,0,Yes,Yes,24,Yes,Yes,Fiber optic,Yes,No,No,Yes,No,Yes,Month-to-month,Yes,Electronic check,119.37,2872.59,Yes
CUST-01743,Female,0,No,No,19,Yes,No,DSL,Yes,Yes,No,Yes,Yes,Yes,Month-to-month,Yes,Mailed check,104.2,1997.11,Yes
CUST-01744,Male,0,Yes,No,39,Yes,Yes,No,No internet service,No internet service,No internet service,No internet service,No internet service,No internet service,Two year,Yes,Electronic check,47.9,1835.94,No
CUST-01745,Female,0,Yes,No,22,Yes,No,DSL,Yes,Yes,Yes,No,Yes,No,Month-to-month,Yes,Bank transfer (automatic),91.36,2027.5,Yes
CUST-01746,Female,0,No,No,8,Yes,Yes,Fiber optic,Yes,No,No,Yes,No,No,Month-to-month,Yes,Mailed check,104.17,850.06,Yes
CUST-01747,Female,0,Yes,Yes,39,Yes,No,No,No internet service,No internet service,No internet service,No internet service,No internet service,No internet service,Two year,No,Electronic check,35.35,1396.78,No
CUST-01748,Male,0,No,Yes,17,Yes,Yes,Fiber optic,Yes,Yes,No,No,No,No,Month-to-month,No,Electronic check,103.62,1763.33,No
CUST-01749,Male,0,Yes,Yes,3,No,No phone service,No,No internet service,No internet service,No internet service,No internet service,No internet service,No internet service,One year,Yes,Bank transfer (automatic),21.79,68.7,No
CUST-01750,Male,1,No,Yes,43,Yes,Yes,No,No internet service,No internet service,No internet service,No internet service,No internet service,No internet service,Two year,No,Bank transfer (automatic),45.71,1968.79,Yes
CUST-01751,Female,1,Yes,Yes,62,Yes,No,Fiber optic,No,No,No,Yes,Yes,Yes,One year,No,Electronic check,113.64,7031.98,No
CUST-01752,Female,1,No,No,2,Yes,Yes,Fiber optic,No,Yes,Yes,No,No,Yes,Month-to-month,Yes,Credit card (automatic),115.71,218.36,Yes
CUST-01753,Female,0,Yes,No,11,Yes,No,DSL,Yes,Yes,Yes,No,No,Yes,One year,Yes,Bank transfer (automatic),90.49,998.78,No
CUST-01754,Male,0,Yes,Yes,43,No,No phone service,No,No internet service,No internet service,No internet service,No internet service,No internet service,No internet service,One year,Yes,Electronic check,19.09,817.13,No
CUST-01755,Male,0,Yes,Yes,36,Yes,No,DSL,No,No,No,Yes,Yes,No,One year,Yes,Credit card (automatic),80.75,2917.74,No
CUST-01756,Female,0,No,No,30,Yes,No,No,No internet service,No internet service,No internet service,No internet service,No internet service,No internet service,One year,Yes,Credit card (automatic),33.88,1011.05,No
CUST-01757,Male,0,Yes,No,16,Yes,No,DSL,Yes,No,No,No,Yes,No,Month-to-month,No,Bank transfer (automatic),77.43,1216.85,No
CUST-01758,Male,0,No,No,4,Yes,Yes,DSL,No,No,No,Yes,No,No,Month-to-month,No,Credit card (automatic),78.6,293.07,Yes
CUST-01759,Male,0,No,No,43,Yes,No,DSL,No,No,No,No,No,No,Two year,No,Electronic check,59.88,2563.42,Yes
CUST-01760,Male,1,Yes,Yes,40,Yes,Yes,Fiber optic,No,No,Yes,No,Yes,Yes,Two year,No,Credit card (automatic),121.97,4889.69,No
CUST-01761,Female,0,No,No,36,Yes,No,DSL,No,Yes,Yes,Yes,Yes,No,Two year,No,Electronic check,91.01,3268.57,No
CUST-01762,Male,0,Yes,Yes,17,No,No phone service,DSL,No,No,No,No,Yes,Yes,Month-to-month,Yes,Bank transfer (automatic),65.81,1123.25,No
CUST-01763,Male,0,Yes,No,47,Yes,Yes,DSL,No,No,No,No,Yes,Yes,Two year,Yes,Electronic check,95.97,4485.51,No
CUST-01764,Male,0,No,Yes,23,Yes,No,DSL,No,No,Yes,Yes,Yes,Yes,Month-to-month,Yes,Electronic check,98.07,2258.04,Yes
CUST-01765,Male,0,No,No,68,Yes,No,Fiber optic,No,Yes,No,Yes,Yes,Yes,One year,Yes,Credit card (automatic),118.14,8034.09,No
CUST-01766,Female,0,No,No,67,Yes,Yes,Fiber optic,No,Yes,Yes,No,Yes,Yes,Month-to-month,No,Electronic check,124.82,8380.79,Yes
CUST-01767,Female,0,Yes,Yes,69,Yes,No,DSL,Yes,No,Yes,No,Yes,Yes,Month-to-month,Yes,Credit card (automatic),93.17,6431.04,No
CUST-01768,Male,0,Yes,Yes,6,No,No phone service,Fiber optic,Yes,Yes,No,Yes,Yes,No,Month-to-month,Yes,Electronic check,95.77,586.06,Yes
CUST-01769,Male,0,Yes,Yes,18,Yes,Yes,No,No internet service,No internet service,No internet service,No internet service,No internet service,No internet service,Month-to-month,No,Bank transfer (automatic),45.86,854.67,No
CUST-01770,Male,0,No,No,67,Yes,No,Fiber optic,No,No,No,No,Yes,Yes,One year,No,Electronic check,103.7,6948.5,Yes
CUST-01771,Male,0,No,No,67,Yes,No,No,No internet service,No internet service,No internet service,No internet service,No internet service,No internet service,One year,Yes,Bank transfer (automatic),34.5,2334.51,No
CUST-01772,Male,1,No,Yes,28,No,No phone service,DSL,No,Yes,Yes,Yes,No,Yes,Month-to-month,Yes,Credit card (automatic),74.45,2086.46,Yes
CUST-01773,Male,0,Yes,Yes,63,Yes,Yes,No,No internet service,No internet service,No internet service,No internet service,No internet service,No internet service,Two year,Yes,Mailed check,47.72,2998.35,No
CUST-01774,Female,0,Yes,Yes,66,Yes,Yes,Fiber optic,No,Yes,No,No,No,No,Two year,Yes,Electronic check,95.91,6328.43,No
CUST-01775,Male,0,Yes,No,4,Yes,No,Fiber optic,Yes,Yes,Yes,No,Yes,Yes,Month-to-month,No,Electronic check,125.51,494.44,Yes
CUST-01776,Female,1,Yes,Yes,6,Yes,Yes,Fiber optic,Yes,No,Yes,No,No,No,Month-to-month,No,Electronic check,102.55,608.24,Yes
CUST-01777,Female,0,Yes,Yes,20,Yes,No,DSL,No,No,Yes,No,No,No,Month-to-month,Yes,Credit card (automatic),68.33,1358.0,Yes
CUST-01778,Male,0,No,No,20,Yes,No,DSL,No,No,No,No,No,Yes,Two year,Yes,Bank transfer (automatic),70.92,1413.85,No
CUST-01779,Female,0,No,Yes,25,No,No phone service,Fiber optic,No,Yes,Yes,Yes,No,Yes,Month-to-month,Yes,Mailed check,94.73,2378.91,Yes
CUST-01780,Female,1,No,No,39,No,No phone service,DSL,Yes,No,No,No,No,Yes,Two year,No,Electronic check,62.72,2420.56,No
CUST-01781,Female,0,Yes,Yes,4,Yes,No,Fiber optic,Yes,No,No,No,No,No,Two year,Yes,Mailed check,86.84,351.67,Yes
CUST-01782,Female,0,Yes,No,22,Yes,Yes,Fiber optic,No,No,Yes,Yes,Yes,Yes,Month-to-month,No,Bank transfer (automatic),129.0,2839.8,Yes
CUST-01783,Female,0,No,No,1,Yes,No,Fiber optic,No,Yes,No,No,No,No,Month-to-month,Yes,Electronic check,86.59,107.36,No
CUST-01784,Female,0,Yes,No,58,Yes,No,DSL,No,No,No,No,Yes,No,One year,Yes,Mailed check,75.44,4370.03,No
CUST-01785,Male,0,No,No,43,Yes,Yes,DSL,No,Yes,No,Yes,Yes,Yes,Two year,Yes,Electronic check,108.59,4686.35,No
CUST-01786,Female,0,No,No,17,Yes,No,DSL,No,No,Yes,No,No,No,Month-to-month,No,Bank transfer (automatic),65.53,1101.11,No
CUST-01787,Female,0,Yes,No,21,Yes,No,DSL,Yes,No,Yes,No,Yes,No,One year,Yes,Bank transfer (automatic),83.65,1749.83,Yes
CUST-01788,Female,0,No,No,12,Yes,No,DSL,No,No,No,No,No,Yes,Month-to-month,No,Electronic check,70.79,855.73,Yes
CUST-01789,Male,0,Yes,Yes,71,Yes,No,DSL,Yes,Yes,Yes,No,No,Yes,Two year,Yes,Electronic check,90.44,6430.36,No
CUST-01790,Female,1,No,No,6,Yes,No,DSL,Yes,Yes,Yes,Yes,Yes,Yes,Month-to-month,Yes,Electronic check,111.62,665.74,Yes
CUST-01791,Male,0,No,No,19,Yes,No,DSL,No,No,Yes,Yes,No,Yes,One year,Yes,Electronic check,88.11,1677.43,Yes
CUST-01792,Female,0,Yes,Yes,51,Yes,No,No,No internet service,No internet service,No internet service,No internet service,No internet service,No internet service,One year,No,Mailed check,34.55,1759.58,No
CUST-01793,Male,0,Yes,No,18,Yes,Yes,No,No internet service,No internet service,No internet service,No internet service,No internet service,No internet service,Month-to-month,No,Electronic check,44.92,820.43,No
CUST-01794,Male,0,No,No,70,No,No phone service,DSL,Yes,No,No,No,Yes,No,One year,Yes,Mailed check,62.04,4340.6,No
CUST-01795,Female,0,No,No,41,Yes,Yes,DSL,No,Yes,No,No,Yes,Yes,One year,Yes,Bank transfer (automatic),101.45,4156.11,No
CUST-01796,Female,0,Yes,No,54,Yes,Yes,Fiber optic,No,Yes,Yes,Yes,No,No,Two year,No,Credit card (automatic),108.15,5854.97,No
CUST-01797,Male,0,No,No,13,Yes,Yes,DSL,Yes,No,No,No,Yes,No,One year,Yes,Electronic check,86.92,1133.11,No
CUST-01798,Female,0,Yes,Yes,53,Yes,No,Fiber optic,No,Yes,No,No,Yes,No,One year,Yes,Electronic check,91.76,4873.3,Yes
CUST-01799,Male,0,Yes,Yes,65,Yes,No,Fiber optic,Yes,No,No,No,Yes,No,One year,Yes,Electronic check,96.23,6292.43,Yes
CUST-01800,Male,0,Yes,Yes,71,Yes,Yes,DSL,Yes,No,No,No,Yes,No,Two year,No,Mailed check,87.11,6155.03,No
CUST-01801,Male,0,Yes,Yes,65,Yes,Yes,No,No internet service,No internet service,No internet service,No internet service,No internet service,No internet service,Two year,No,Bank transfer (automatic),44.23,2859.54,No
CUST-01802,Male,1,Yes,Yes,37,Yes,No,No,No internet service,No internet service,No internet service,No internet service,No internet service,No internet service,One year,Yes,Bank transfer (automatic),33.06,1209.3,No
CUST-01803,Male,0,No,No,32,Yes,No,No,No internet service,No internet service,No internet service,No internet service,No internet service,No internet service,One year,Yes,Electronic check,33.31,1053.12,No
CUST-01804,Female,1,Yes,No,24,Yes,Yes,DSL,No,Yes,No,No,No,Yes,Month-to-month,Yes,Electronic check,89.89,2178.71,Yes
CUST-01805,Male,0,Yes,No,64,Yes,No,No,No internet service,No internet service,No internet service,No internet service,No internet service,No internet service,Month-to-month,Yes,Mailed check,33.83,2125.11,No
CUST-01806,Male,1,Yes,Yes,3,No,No phone service,Fiber optic,No,Yes,No,No,Yes,Yes,Month-to-month,Yes,Electronic check,92.29,284.1,Yes
CUST-01807,Female,0,No,No,63,Yes,Yes,Fiber optic,No,No,No,Yes,Yes,No,Two year,Yes,Credit card (automatic),108.44,6808.73,No
CUST-01808,Male,0,No,No,3,Yes,No,No,No internet service,No internet service,No internet service,No internet service,No internet service,No internet service,Month-to-month,No,Electronic check,33.46,100.76,No
CUST-01809,Female,0,Yes,Yes,64,Yes,Yes,No,No internet service,No internet service,No internet service,No internet service,No internet service,No internet service,Two year,No,Bank transfer (automatic),44.89,2876.85,No
CUST-01810,Female,0,Yes,Yes,31,Yes,Yes,Fiber optic,Yes,No,No,No,Yes,No,Month-to-month,Yes,Electronic check,108.54,3378.33,Yes
CUST-01811,Female,0,Yes,No,9,Yes,Yes,Fiber optic,No,Yes,Yes,Yes,No,Yes,Month-to-month,No,Credit card (automatic),119.97,1075.75,Yes
CUST-01812,Male,0,Yes,No,6,Yes,Yes,Fiber optic,No,Yes,No,No,No,No,Month-to-month,No,Bank transfer (automatic),96.45,576.1,Yes
CUST-01813,Male,0,Yes,Yes,57,No,No phone service,Fiber optic,No,Yes,Yes,Yes,No,No,Two year,Yes,Electronic check,87.1,4933.96,No
CUST-01814,Male,0,Yes,Yes,60,Yes,No,No,No internet service,No internet service,No internet service,No internet service,No internet service,No internet service,Month-to-month,Yes,Mailed check,36.52,2225.4,No
CUST-01815,Female,0,Yes,Yes,58,Yes,Yes,Fiber optic,Yes,No,No,No,Yes,No,One year,Yes,Bank transfer (automatic),108.87,6319.06,No
CUST-01816,Male,0,No,No,68,Yes,No,Fiber optic,No,Yes,No,Yes,No,Yes,Two year,No,Electronic check,106.61,7256.06,No
CUST-01817,Female,0,Yes,No,22,Yes,No,Fiber optic,No,No,Yes,Yes,Yes,Yes,One year,Yes,Credit card (automatic),117.52,2601.54,Yes
CUST-01818,Male,0,No,No,33,No,No phone service,DSL,No,No,Yes,No,No,Yes,Month-to-month,No,Mailed check,65.13,2148.28,Yes
CUST-01819,Female,0,No,Yes,54,Yes,Yes,No,No internet service,No internet service,No internet service,No internet service,No internet service,No internet service,Month-to-month,No,Bank transfer (automatic),45.64,2470.92,Yes
CUST-01820,Male,0,No,No,36,Yes,No,DSL,Yes,No,Yes,Yes,Yes,Yes,Month-to-month,Yes,Mailed check,102.79,3711.17,Yes
CUST-01821,Male,0,Yes,No,49,Yes,Yes,Fiber optic,No,Yes,No,Yes,Yes,Yes,One year,No,Mailed check,127.77,6238.61,No
CUST-01822,Male,0,Yes,No,30,Yes,Yes,No,No internet service,No internet service,No internet service,No internet service,No internet service,No internet service,Month-to-month,No,Mailed check,43.99,1327.66,Yes
CUST-01823,Female,0,Yes,Yes,22,Yes,Yes,Fiber optic,Yes,No,Yes,Yes,No,No,Month-to-month,Yes,Mailed check,109.79,2446.51,Yes
CUST-01824,Female,0,No,No,67,Yes,Yes,No,No internet service,No internet service,No internet service,No internet service,No internet service,No internet service,Two year,No,Bank transfer (automatic),46.82,3163.14,No
CUST-01825,Male,0,Yes,No,68,Yes,No,No,No internet service,No internet service,No internet service,No internet service,No internet service,No internet service,One year,Yes,Credit card (automatic),34.74,2385.3,No
CUST-01826,Male,0,No,No,48,No,No phone service,DSL,No,Yes,Yes,Yes,No,No,One year,No,Credit card (automatic),63.81,3091.54,No
CUST-01827,Female,0,No,No,29,Yes,No,Fiber optic,Yes,Yes,No,Yes,Yes,Yes,Month-to-month,Yes,Electronic check,125.56,3622.35,Yes
CUST-01828,Female,0,Yes,No,33,Yes,Yes,Fiber optic,Yes,Yes,No,Yes,No,Yes,One year,No,Bank transfer (automatic),123.91,4081.16,No
CUST-01829,Female,1,No,No,70,Yes,No,Fiber optic,No,Yes,Yes,No,Yes,No,One year,Yes,Electronic check,102.82,7183.73,Yes
CUST-01830,Male,0,Yes,Yes,59,Yes,Yes,Fiber optic,No,Yes,Yes,No,Yes,Yes,One year,Yes,Electronic check,128.22,7617.41,No
CUST-01831,Female,0,Yes,Yes,57,Yes,No,Fiber optic,No,Yes,No,No,Yes,Yes,One year,Yes,Electronic check,111.44,6355.74,No
CUST-01832,Male,0,Yes,No,28,Yes,No,DSL,Yes,Yes,Yes,No,Yes,No,Two year,Yes,Electronic check,89.17,2475.55,No
CUST-01833,Female,0,Yes,No,6,Yes,No,Fiber optic,No,Yes,Yes,No,Yes,Yes,Month-to-month,No,Credit card (automatic),117.83,690.45,Yes
CUST-01834,Male,0,No,No,68,Yes,No,DSL,No,Yes,Yes,Yes,Yes,No,One year,Yes,Bank transfer (automatic),90.15,6131.81,No
CUST-01835,Female,0,Yes,Yes,36,Yes,Yes,DSL,Yes,No,No,Yes,Yes,Yes,One year,No,Electronic check,107.28,3841.64,No
CUST-01836,Female,0,Yes,Yes,25,Yes,Yes,Fiber optic,No,No,No,Yes,Yes,Yes,Month-to-month,No,Electronic check,120.36,3037.03,Yes
CUST-01837,Female,1,No,No,32,Yes,No,Fiber optic,No,Yes,Yes,Yes,Yes,Yes,Month-to-month,No,Electronic check,122.54,3933.14,Yes
CUST-01838,Female,0,No,No,63,Yes,No,DSL,No,Yes,No,Yes,Yes,Yes,Two year,No,Bank transfer (automatic),99.28,6259.34,No
CUST-01839,Female,1,Yes,Yes,41,Yes,Yes,Fiber optic,No,No,No,Yes,No,Yes,Month-to-month,Yes,Mailed check,109.98,4493.38,Yes
CUST-01840,Male,0,No,No,19,Yes,No,Fiber optic,Yes,No,Yes,No,No,Yes,Month-to-month,Yes,Bank transfer (automatic),102.33,1924.45,Yes
CUST-01841,Female,0,No,No,40,Yes,Yes,No,No internet service,No internet service,No internet service,No internet service,No internet service,No internet service,One year,Yes,Credit card (automatic),44.12,1770.04,No
CUST-01842,Female,0,Yes,No,72,Yes,No,Fiber optic,Yes,No,No,Yes,No,No,One year,Yes,Mailed check,93.0,6698.06,No
CUST-01843,Female,0,Yes,No,55,Yes,No,DSL,Yes,Yes,Yes,No,Yes,Yes,One year,Yes,Bank transfer (automatic),102.38,5611.65,No
CUST-01844,Male,0,Yes,No,8,No,No phone service,Fiber optic,No,Yes,Yes,Yes,No,No,Month-to-month,No,Credit card (automatic),88.41,706.47,Yes
CUST-01845,Female,0,No,Yes,45,Yes,No,Fiber optic,No,Yes,Yes,No,No,Yes,One year,Yes,Mailed check,104.31,4693.18,Yes
CUST-01846,Male,0,No,No,38,Yes,No,Fiber optic,Yes,Yes,Yes,Yes,No,Yes,Month-to-month,Yes,Electronic check,118.41,4510.65,Yes
CUST-01847,Female,1,No,No,65,Yes,No,Fiber optic,No,Yes,Yes,No,No,No,Month-to-month,No,Mailed check,94.31,6161.75,No
CUST-01848,Female,0,No,No,7,Yes,Yes,DSL,No,No,Yes,No,Yes,No,Month-to-month,No,Bank transfer (automatic),87.19,579.14,Yes
CUST-01849,Male,0,Yes,Yes,42,Yes,No,Fiber optic,Yes,Yes,No,Yes,Yes,Yes,Two year,No,Bank transfer (automatic),126.0,5304.02,No
CUST-01850,Female,0,Yes,No,17,Yes,No,DSL,No,No,Yes,Yes,Yes,Yes,One year,No,Bank transfer (automatic),97.36, ,No
CUST-01851,Male,0,Yes,Yes,69,Yes,No,Fiber optic,Yes,Yes,No,Yes,Yes,No,Two year,Yes,Bank transfer (automatic),111.46,7697.06,No
CUST-01852,Male,0,No,No,57,Yes,Yes,No,No internet service,No internet service,No internet service,No internet service,No internet service,No internet service,Two year,Yes,Credit card (automatic),44.51,2539.03,No
CUST-01853,Female,0,No,No,47,Yes,Yes,No,No internet service,No internet service,No internet service,No internet service,No internet service,No internet service,Month-to-month,Yes,Bank transfer (automatic),44.84,2114.98,No
CUST-01854,Male,1,Yes,No,23,No,No phone service,DSL,No,No,Yes,Yes,Yes,Yes,One year,Yes,Credit card (automatic),82.74,1884.37,No
CUST-01855,Female,0,No,No,56,Yes,Yes,No,No internet service,No internet service,No internet service,No internet service,No internet service,No internet service,Month-to-month,Yes,Bank transfer (automatic),45.54,2564.78,No
CUST-01856,Female,0,Yes,Yes,45,Yes,No,Fiber optic,No,Yes,No,Yes,No,No,Two year,No,Bank transfer (automatic),93.36,4201.81,No
CUST-01857,Male,0,Yes,Yes,56,Yes,Yes,DSL,No,No,Yes,No,No,Yes,One year,Yes,Credit card (automatic),88.15,4957.28,No
CUST-01858,Male,0,Yes,Yes,64,No,No phone service,Fiber optic,No,Yes,Yes,No,No,Yes,Two year,Yes,Credit card (automatic),86.58,5565.01,No
CUST-01859,Male,0,Yes,No,57,Yes,Yes,DSL,Yes,No,No,Yes,Yes,No,Two year,No,Bank transfer (automatic),97.17,5542.24,No
CUST-01860,Male,1,Yes,No,39,Yes,No,DSL,Yes,Yes,No,No,Yes,No,One year,Yes,Bank transfer (automatic),85.7,3357.15,Yes
CUST-01861,Female,0,Yes,No,61,Yes,No,DSL,No,Yes,Yes,No,Yes,No,One year,Yes,Mailed check,84.33,5157.68,No
CUST-01862,Female,0,Yes,Yes,70,No,No phone service,Fiber optic,No,No,No,No,Yes,No,Month-to-month,No,Mailed check,78.12,5488.48,Yes
CUST-01863,Male,0,Yes,No,5,Yes,Yes,DSL,No,No,Yes,No,No,No,Month-to-month,No,Electronic check,74.74,392.69,No
CUST-01864,Female,0,No,No,2,Yes,No,No,No internet service,No internet service,No internet service,No internet service,No internet service,No internet service,Month-to-month,Yes,Mailed check,37.28,57.1,No
CUST-01865,Female,0,Yes,No,3,Yes,No,Fiber optic,No,No,No,Yes,Yes,No,Month-to-month,Yes,Electronic check,100.29,305.04,Yes
CUST-01866,Female,0,No,Yes,55,Yes,No,Fiber optic,No,No,Yes,No,Yes,No,Two year,No,Bank transfer (automatic),95.59,5236.63,No
CUST-01867,Female,0,Yes,Yes,2,Yes,No,DSL,No,No,No,No,No,No,Two year,Yes,Credit card (automatic),61.82,115.81,No
CUST-01868,Male,0,Yes,Yes,13,No,No phone service,No,No internet service,No internet service,No internet service,No internet service,No internet service,No internet service,Month-to-month,No,Electronic check,21.08,266.82,Yes
CUST-01869,Male,0,Yes,No,34,Yes,No,Fiber optic,Yes,Yes,No,No,No,Yes,One year,No,Electronic check,106.81,3640.32,No
CUST-01870,Female,0,Yes,No,66,Yes,Yes,Fiber optic,No,Yes,Yes,No,Yes,Yes,Month-to-month,No,Credit card (automatic),128.5,8477.55,Yes
CUST-01871,Male,0,No,No,71,Yes,Yes,Fiber optic,Yes,Yes,No,Yes,Yes,Yes,Two year,No,Bank transfer (automatic),136.01,9654.32,No
CUST-01872,Male,0,Yes,Yes,14,Yes,Yes,DSL,Yes,No,No,Yes,No,No,One year,No,Bank transfer (automatic),84.71,1200.93,No
CUST-01873,Male,0,No,No,8,Yes,No,Fiber optic,No,No,No,No,No,Yes,One year,Yes,Mailed check,93.07,757.75,Yes
CUST-01874,Female,0,No,No,69,No,No phone service,Fiber optic,No,Yes,No,Yes,Yes,No,One year,No,Electronic check,89.38,6171.36,No
CUST-01875,Female,0,No,No,14,Yes,Yes,Fiber optic,No,Yes,Yes,Yes,No,Yes,Two year,Yes,Electronic check,121.58,1713.36,No
CUST-01876,Female,0,No,No,47,Yes,Yes,DSL,No,No,No,No,Yes,Yes,Two year,No,Credit card (automatic),98.48,4638.25,No
CUST-01877,Male,0,No,No,55,Yes,No,DSL,Yes,Yes,No,Yes,Yes,Yes,Two year,No,Bank transfer (automatic),101.41,5607.02,No
CUST-01878,Female,1,Yes,Yes,57,Yes,Yes,DSL,Yes,No,No,No,Yes,Yes,One year,Yes,Electronic check,100.47,5723.66,No
CUST-01879,Female,0,No,Yes,34,Yes,Yes,No,No internet service,No internet service,No internet service,No internet service,No internet service,No internet service,One year,No,Electronic check,44.94,1516.68,No
CUST-01880,Male,0,Yes,No,55,Yes,No,DSL,Yes,No,No,Yes,No,Yes,Two year,Yes,Bank transfer (automatic),87.28,4803.46,No
CUST-01881,Female,0,Yes,Yes,10,Yes,No,DSL,Yes,Yes,Yes,No,Yes,No,Two year,No,Electronic check,90.3,888.74,Yes
CUST-01882,Female,0,Yes,Yes,59,Yes,No,No,No internet service,No internet service,No internet service,No internet service,No internet service,No internet service,Month-to-month,Yes,Electronic check,36.82,2166.86,No
CUST-01883,Male,1,No,No,43,Yes,Yes,Fiber optic,Yes,No,Yes,Yes,Yes,No,One year,Yes,Electronic check,122.02,5253.61,Yes
CUST-01884,Male,0,No,No,14,Yes,No,Fiber optic,No,No,No,No,Yes,No,One year,Yes,Electronic check,93.16,1296.63,Yes
CUST-01885,Male,1,Yes,No,57,Yes,No,Fiber optic,No,Yes,No,No,Yes,Yes,One year,Yes,Bank transfer (automatic),110.55,6297.93,Yes
CUST-01886,Female,1,No,No,31,Yes,No,Fiber optic,Yes,No,No,No,No,No,One year,Yes,Credit card (automatic),85.56,2648.27,Yes
CUST-01887,Female,1,Yes,Yes,6,Yes,Yes,Fiber optic,Yes,No,No,No,No,No,Month-to-month,Yes,Mailed check,95.35,565.6,Yes
CUST-01888,Female,0,Yes,Yes,67,Yes,No,DSL,No,No,Yes,Yes,Yes,No,Two year,Yes,Electronic check,87.92,5874.19,No
CUST-01889,Male,0,Yes,No,34,Yes,Yes,No,No internet service,No internet service,No internet service,No internet service,No internet service,No internet service,One year,Yes,Electronic check,45.94,1577.14,Yes
CUST-01890,Male,0,Yes,Yes,11,Yes,Yes,DSL,No,Yes,No,No,Yes,Yes,Month-to-month,No,Credit card (automatic),101.49,1136.94,Yes
CUST-01891,Female,0,Yes,No,58,Yes,Yes,DSL,No,No,Yes,Yes,Yes,No,Two year,Yes,Mailed check,97.88,5691.31,No
CUST-01892,Female,0,No,No,15,No,No phone service,DSL,Yes,Yes,Yes,No,Yes,Yes,Two year,Yes,Mailed check,86.22,1307.44,No
CUST-01893,Male,0,No,No,18,Yes,Yes,Fiber optic,Yes,Yes,Yes,Yes,No,No,One year,Yes,Credit card (automatic),115.59,2074.38,No
CUST-01894,Male,0,Yes,Yes,70,Yes,No,Fiber optic,No,No,Yes,No,No,No,Month-to-month,No,Mailed check,85.49,5986.93,Yes
CUST-01895,Male,0,No,No,46,Yes,Yes,Fiber optic,No,Yes,Yes,Yes,No,No,Two year,No,Mailed check,111.55,5119.61,No
CUST-01896,Male,0,No,No,1,Yes,Yes,Fiber optic,Yes,No,Yes,Yes,No,Yes,Month-to-month,No,Credit card (automatic),122.14,122.14,No
CUST-01897,Female,0,No,No,27,Yes,Yes,DSL,No,Yes,No,No,Yes,No,Month-to-month,Yes,Mailed check,88.27,2382.6,Yes
CUST-01898,Male,1,No,No,24,Yes,Yes,DSL,Yes,No,No,No,No,No,Two year,No,Mailed check,74.42,1765.3,No
CUST-01899,Female,0,Yes,No,66,Yes,Yes,Fiber optic,No,Yes,No,No,No,Yes,One year,Yes,Bank transfer (automatic),109.24,7211.82,No
CUST-01900,Female,1,No,Yes,63,Yes,No,DSL,Yes,Yes,No,No,No,No,One year,Yes,Credit card (automatic),73.29,4609.31,No
CUST-01901,Female,0,No,No,42,Yes,No,DSL,Yes,Yes,No,Yes,Yes,Yes,Two year,Yes,Credit card (automatic),104.84,4407.26,No
CUST-01902,Male,0,Yes,No,29,Yes,No,No,No internet service,No internet service,No internet service,No internet service,No internet service,No internet service,One year,Yes,Bank transfer (automatic),35.24,1018.43,No
CUST-01903,Male,1,Yes,No,12,Yes,No,Fiber optic,No,No,No,No,No,Yes,Two year,Yes,Mailed check,93.56,1127.92,No
CUST-01904,Male,0,No,No,72,Yes,Yes,Fiber optic,No,Yes,Yes,No,No,Yes,Month-to-month,No,Credit card (automatic),113.93,8213.43,Yes
CUST-01905,Male,1,Yes,No,11,No,No phone service,Fiber optic,Yes,Yes,Yes,Yes,Yes,No,Month-to-month,No,Mailed check,105.13,1137.63,Yes
CUST-01906,Female,0,No,No,11,Yes,No,Fiber optic,Yes,Yes,No,No,Yes,Yes,Month-to-month,Yes,Bank transfer (automatic),117.07,1282.98,Yes
CUST-01907,Male,0,Yes,No,6,Yes,No,DSL,No,Yes,Yes,Yes,Yes,Yes,Month-to-month,Yes,Electronic check,102.11,602.94,Yes
CUST-01908,Male,0,No,No,24,Yes,Yes,Fiber optic,No,No,No,No,No,No,Month-to-month,Yes,Bank transfer (automatic),89.8,2172.87,No
CUST-01909,Female,0,Yes,Yes,42,Yes,Yes,DSL,Yes,No,Yes,No,No,No,Month-to-month,Yes,Electronic check,82.49,3490.05,Yes
CUST-01910,Male,0,No,No,53,Yes,Yes,DSL,No,No,No,No,No,No,Two year,No,Bank transfer (automatic),68.96,3655.52,No
CUST-01911,Female,0,No,No,64,Yes,Yes,DSL,No,Yes,No,No,No,Yes,Two year,No,Mailed check,89.62,5741.75,No
CUST-01912,Female,0,Yes,No,29,Yes,Yes,No,No internet service,No internet service,No internet service,No internet service,No internet service,No internet service,Month-to-month,Yes,Mailed check,42.04,1197.05,Yes
CUST-01913,Female,0,No,No,5,Yes,Yes,Fiber optic,No,No,Yes,No,No,No,Month-to-month,Yes,Bank transfer (automatic),97.21,490.6,Yes
CUST-01914,Female,1,Yes,No,28,Yes,No,No,No internet service,No internet service,No internet service,No internet service,No internet service,No internet service,Month-to-month,No,Mailed check,36.04,1005.24,No
CUST-01915,Female,1,Yes,No,10,No,No phone service,DSL,Yes,No,No,No,Yes,No,Month-to-month,Yes,Bank transfer (automatic),60.02,620.58,No
CUST-01916,Female,0,Yes,No,7,Yes,Yes,DSL,No,No,No,Yes,No,No,Month-to-month,Yes,Credit card (automatic),78.16,543.71,Yes
CUST-01917,Female,0,No,No,17,Yes,No,No,No internet service,No internet service,No internet service,No internet service,No internet service,No internet service,Month-to-month,No,Electronic check,34.35,571.64,Yes
CUST-01918,Female,0,Yes,No,26,Yes,Yes,Fiber optic,No,Yes,No,Yes,No,Yes,One year,No,Mailed check,118.13,3051.24,No
CUST-01919,Male,0,Yes,Yes,71,Yes,Yes,No,No internet service,No internet service,No internet service,No internet service,No internet service,No internet service,Two year,No,Credit card (automatic),43.74,3108.26,No
CUST-01920,Male,0,Yes,No,1,No,No phone service,DSL,No,No,No,No,Yes,Yes,Month-to-month,Yes,Credit card (automatic),70.2,70.2,No
CUST-01921,Male,1,No,No,53,Yes,Yes,No,No internet service,No internet service,No internet service,No internet service,No internet service,No internet service,One year,Yes,Credit card (automatic),46.5,2482.76,No
CUST-01922,Male,0,No,No,69,Yes,Yes,Fiber optic,Yes,No,No,No,No,No,Two year,No,Credit card (automatic),95.41,6592.79,No
CUST-01923,Female,0,Yes,Yes,20,Yes,Yes,DSL,No,Yes,Yes,No,Yes,No,Two year,Yes,Electronic check,95.95,1917.49,Yes
CUST-01924,Male,0,Yes,No,20,Yes,Yes,Fiber optic,Yes,No,No,Yes,No,Yes,Month-to-month,Yes,Electronic check,115.38,2317.01,Yes
CUST-01925,Female,1,No,Yes,62,Yes,No,No,No internet service,No internet service,No internet service,No internet service,No internet service,No internet service,Two year,Yes,Electronic check,37.0,2320.15,No
CUST-01926,Male,0,Yes,No,11,Yes,No,DSL,Yes,Yes,Yes,No,Yes,No,Month-to-month,Yes,Electronic check,93.91,1015.61,Yes
CUST-01927,Male,0,No,No,34,Yes,No,No,No internet service,No internet service,No internet service,No internet service,No internet service,No internet service,One year,Yes,Electronic check,36.4,1228.07,No
CUST-01928,Male,0,No,No,53,Yes,No,Fiber optic,Yes,No,No,Yes,Yes,Yes,Month-to-month,Yes,Credit card (automatic),118.92,6331.88,Yes
CUST-01929,Female,0,No,No,67,Yes,No,DSL,No,No,Yes,No,Yes,Yes,Two year,No,Mailed check,89.29,5971.11,No
CUST-01930,Male,0,Yes,Yes,16,Yes,Yes,DSL,Yes,Yes,Yes,No,Yes,No,Month-to-month,Yes,Electronic check,102.79,1654.57,Yes
CUST-01931,Female,1,No,Yes,66,Yes,No,Fiber optic,No,No,Yes,Yes,No,Yes,Two year,No,Bank transfer (automatic),107.33,7101.59,No
CUST-01932,Female,0,No,No,28,Yes,Yes,DSL,Yes,Yes,No,No,Yes,Yes,Month-to-month,No,Electronic check,105.31,2948.44,No
CUST-01933,Male,0,No,No,12,Yes,No,Fiber optic,No,No,No,No,No,Yes,Month-to-month,No,Electronic check,94.25,1141.34,Yes
CUST-01934,Male,0,Yes,Yes,61,Yes,No,No,No internet service,No internet service,No internet service,No internet service,No internet service,No internet service,Two year,No,Electronic check,35.16,2140.35,No
CUST-01935,Male,0,Yes,Yes,40,No,No phone service,Fiber optic,Yes,No,No,No,No,Yes,Two year,Yes,Bank transfer (automatic),84.02,3388.05,Yes
CUST-01936,Female,0,Yes,Yes,34,Yes,No,Fiber optic,No,Yes,No,No,Yes,No,Two year,Yes,Credit card (automatic),97.38,3304.29,Yes
CUST-01937,Male,0,No,No,54,No,No phone service,DSL,Yes,No,No,Yes,Yes,Yes,Two year,No,Electronic check,81.59,4391.54,Yes
CUST-01938,Female,0,No,No,64,Yes,Yes,No,No internet service,No internet service,No internet service,No internet service,No internet service,No internet service,Two year,No,Bank transfer (automatic),43.67,2808.21,No
CUST-01939,Female,0,Yes,Yes,31,Yes,Yes,DSL,No,No,No,No,No,Yes,Two year,Yes,Electronic check,81.43,2534.98,No
CUST-01940,Male,0,Yes,Yes,4,No,No phone service,DSL,Yes,Yes,Yes,No,No,No,Month-to-month,No,Electronic check,63.77,257.32,Yes
CUST-01941,Male,0,Yes,Yes,56,Yes,No,Fiber optic,No,Yes,Yes,No,No,Yes,Month-to-month,Yes,Electronic check,103.55,5799.3,Yes
CUST-01942,Female,1,No,No,55,Yes,No,Fiber optic,No,Yes,Yes,No,No,Yes,Month-to-month,Yes,Electronic check,102.81,5647.11,Yes
CUST-01943,Female,0,No,No,72,Yes,No,No,No internet service,No internet service,No internet service,No internet service,No internet service,No internet service,One year,Yes,Mailed check,33.57,2406.02,No
CUST-01944,Female,0,Yes,No,62,Yes,Yes,No,No internet service,No internet service,No internet service,No internet service,No internet service,No internet service,Two year,Yes,Bank transfer (automatic),46.9,2898.71,No
CUST-01945,Male,0,Yes,No,26,Yes,Yes,No,No internet service,No internet service,No internet service,No internet service,No internet service,No internet service,One year,No,Electronic check,44.82,1170.01,No
CUST-01946,Female,0,Yes,No,18,Yes,Yes,Fiber optic,Yes,No,No,Yes,No,No,One year,Yes,Electronic check,101.06,1815.98,Yes
CUST-01947,Male,0,No,No,14,Yes,No,DSL,No,No,No,No,No,No,One year,Yes,Credit card (automatic),59.99,817.49,No
CUST-01948,Female,0,No,No,21,Yes,No,Fiber optic,Yes,Yes,No,No,No,Yes,Two year,Yes,Electronic check,103.38,2164.67,Yes
CUST-01949,Female,0,No,No,66,No,No phone service,DSL,No,No,Yes,Yes,No,Yes,Two year,Yes,Bank transfer (automatic),71.31,4703.27,No
CUST-01950,Male,0,Yes,No,65,Yes,No,DSL,Yes,Yes,No,Yes,Yes,Yes,Two year,No,Bank transfer (automatic),103.15,6712.4,No
CUST-01951,Female,0,No,No,44,No,No phone service,DSL,No,No,No,No,No,No,Month-to-month,Yes,Electronic check,46.93,2069.3,Yes
CUST-01952,Male,1,Yes,Yes,13,Yes,No,DSL,Yes,Yes,No,Yes,Yes,No,One year,No,Electronic check,91.77,1219.34,No
CUST-01953,Male,1,No,No,59,No,No phone service,Fiber optic,Yes,Yes,No,No,No,Yes,One year,Yes,Electronic check,88.68,5217.43,Yes
CUST-01954,Female,0,Yes,No,32,Yes,No,Fiber optic,No,Yes,No,Yes,Yes,Yes,Month-to-month,No,Mailed check,117.53,3769.26,No
CUST-01955,Male,0,No,No,37,Yes,No,Fiber optic,Yes,No,Yes,Yes,Yes,Yes,Month-to-month,Yes,Mailed check,124.71,4623.79,Yes
CUST-01956,Male,1,No,No,3,Yes,No,No,No internet service,No internet service,No internet service,No internet service,No internet service,No internet service,One year,Yes,Mailed check,35.59,110.96,Yes
CUST-01957,Female,1,No,No,33,No,No phone service,Fiber optic,No,Yes,No,No,Yes,No,Month-to-month,Yes,Credit card (automatic),82.41,2715.07,Yes
CUST-01958,Male,0,No,No,27,Yes,No,No,No internet service,No internet service,No internet service,No internet service,No internet service,No internet service,One year,Yes,Mailed check,35.04,935.83,No
CUST-01959,Male,0,Yes,Yes,26,Yes,No,Fiber optic,Yes,Yes,Yes,Yes,Yes,Yes,Month-to-month,Yes,Credit card (automatic),129.62,3369.51,Yes
CUST-01960,Male,0,Yes,No,20,Yes,Yes,DSL,Yes,No,No,Yes,Yes,Yes,Two year,Yes,Bank transfer (automatic),109.27,2158.58,No
CUST-01961,Female,0,No,No,55,Yes,Yes,DSL,Yes,Yes,No,No,Yes,No,Two year,No,Electronic check,92.07,5049.99,No
CUST-01962,Male,0,Yes,No,63,Yes,Yes,Fiber optic,Yes,Yes,No,No,Yes,No,Month-to-month,No,Mailed check,113.49,7135.25,Yes
CUST-01963,Female,0,Yes,Yes,65,Yes,No,No,No internet service,No internet service,No internet service,No internet service,No internet service,No internet service,One year,Yes,Credit card (automatic),34.71,2263.71,No
CUST-01964,Female,0,Yes,Yes,46,Yes,Yes,DSL,No,No,Yes,Yes,No,Yes,Two year,No,Electronic check,98.09,4521.52,Yes
CUST-01965,Male,0,No,No,60,No,No phone service,No,No internet service,No internet service,No internet service,No internet service,No internet service,No internet service,Two year,Yes,Bank transfer (automatic),21.76,1289.52,No
CUST-01966,Male,0,Yes,Yes,52,Yes,Yes,Fiber optic,Yes,Yes,No,Yes,No,Yes,One year,No,Electronic check,122.59,6355.07,No
CUST-01967,Male,0,Yes,No,71,Yes,No,DSL,No,No,No,Yes,No,Yes,One year,No,Credit card (automatic),78.51,5552.26,No
CUST-01968,Female,0,Yes,Yes,72,Yes,No,Fiber optic,Yes,No,Yes,No,Yes,No,Two year,Yes,Bank transfer (automatic),104.09,7509.15,No
CUST-01969,Male,0,Yes,Yes,47,No,No phone service,Fiber optic,No,No,No,No,Yes,Yes,Two year,No,Electronic check,91.82,4329.27,No
CUST-01970,Male,0,No,No,40,Yes,Yes,DSL,Yes,Yes,Yes,No,No,Yes,Two year,Yes,Credit card (automatic),99.78,4000.94,No
CUST-01971,Male,1,No,No,71,Yes,Yes,Fiber optic,No,No,Yes,No,No,No,One year,No,Electronic check,96.19,6852.04,Yes
CUST-01972,Male,0,No,Yes,69,Yes,No,No,No internet service,No internet service,No internet service,No internet service,No internet service,No internet service,Two year,Yes,Mailed check,35.28,2460.99,No
CUST-01973,Male,0,Yes,Yes,61,Yes,No,Fiber optic,Yes,Yes,Yes,Yes,No,No,One year,No,Bank transfer (automatic),104.73,6373.63,No
CUST-01974,Female,0,No,No,67,Yes,Yes,DSL,No,No,No,No,Yes,No,Two year,Yes,Credit card (automatic),80.79,5407.01,No
CUST-01975,Female,0,No,No,36,Yes,No,No,No internet service,No internet service,No internet service,No internet service,No internet service,No internet service,Month-to-month,Yes,Electronic check,33.78,1227.78,No
CUST-01976,Male,1,Yes,No,40,Yes,Yes,DSL,No,Yes,No,No,No,Yes,Two year,Yes,Credit card (automatic),87.55,3460.59,No
CUST-01977,Male,0,No,No,8,Yes,No,DSL,No,Yes,No,No,No,No,Month-to-month,Yes,Electronic check,66.66,529.52,Yes
CUST-01978,Male,0,No,No,3,No,No phone service,Fiber optic,No,Yes,No,Yes,No,No,Month-to-month,Yes,Electronic check,79.25,252.19,No
CUST-01979,Male,0,No,No,50,Yes,Yes,No,No internet service,No internet service,No internet service,No internet service,No internet service,No internet service,One year,Yes,Electronic check,45.76,2282.77,No
CUST-01980,Female,0,No,No,52,Yes,No,Fiber optic,No,Yes,No,No,No,No,One year,Yes,Bank transfer (automatic),89.24,4651.46,Yes
CUST-01981,Male,1,Yes,Yes,42,Yes,No,Fiber optic,No,No,Yes,Yes,No,Yes,Two year,Yes,Electronic check,109.89,4585.37,No
CUST-01982,Female,0,Yes,Yes,4,Yes,Yes,No,No internet service,No internet service,No internet service,No internet service,No internet service,No internet service,Month-to-month,Yes,Electronic check,45.14,184.82,Yes
CUST-01983,Female,0,No,No,28,Yes,No,No,No internet service,No internet service,No internet service,No internet service,No internet service,No internet service,Month-to-month,Yes,Credit card (automatic),36.38,1011.73,No
CUST-01984,Male,0,Yes,Yes,28,No,No phone service,DSL,No,Yes,Yes,No,Yes,No,Month-to-month,Yes,Electronic check,69.99,1956.34,Yes
CUST-01985,Female,0,Yes,Yes,12,Yes,No,No,No internet service,No internet service,No internet service,No internet service,No internet service,No internet service,One year,Yes,Mailed check,36.62,425.22,No
CUST-01986,Female,1,No,No,71,Yes,Yes,Fiber optic,No,Yes,No,No,No,Yes,One year,No,Bank transfer (automatic),109.56,7802.75,No
CUST-01987,Female,0,No,No,59,Yes,No,DSL,No,No,No,No,Yes,No,Month-to-month,No,Electronic check,71.21,4202.42,No
CUST-01988,Female,0,Yes,Yes,3,Yes,No,DSL,Yes,Yes,No,No,Yes,Yes,Month-to-month,No,Mailed check,98.97,299.1,Yes
CUST-01989,Male,0,No,No,59,Yes,No,Fiber optic,Yes,Yes,Yes,Yes,Yes,No,Two year,Yes,Bank transfer (automatic),120.3,7128.62,No
CUST-01990,Male,1,No,No,26,Yes,Yes,DSL,No,No,No,No,No,No,Two year,No,Bank transfer (automatic),71.45,1843.83,No
CUST-01991,Female,0,No,No,53,Yes,Yes,DSL,No,No,No,Yes,No,Yes,Month-to-month,Yes,Credit card (automatic),91.03,4826.69,No
CUST-01992,Male,0,Yes,Yes,40,Yes,Yes,Fiber optic,Yes,Yes,No,Yes,No,Yes,Month-to-month,Yes,Mailed check,122.6,4893.78,Yes
CUST-01993,Male,0,Yes,No,48,No,No phone service,No,No internet service,No internet service,No internet service,No internet service,No internet service,No internet service,Month-to-month,Yes,Credit card (automatic),20.31,963.94,No
CUST-01994,Male,0,Yes,Yes,52,Yes,No,DSL,No,Yes,Yes,No,Yes,No,Two year,Yes,Bank transfer (automatic),85.18,4433.98,No
CUST-01995,Male,0,Yes,No,5,Yes,No,Fiber optic,No,No,No,No,No,No,Month-to-month,Yes,Mailed check,80.38,397.67,Yes
CUST-01996,Male,0,Yes,Yes,36,No,No phone service,Fiber optic,Yes,Yes,No,No,Yes,Yes,Month-to-month,Yes,Electronic check,101.57,3686.19,Yes
CUST-01997,Female,0,Yes,No,53,Yes,No,Fiber optic,No,No,Yes,No,No,Yes,Month-to-month,No,Bank transfer (automatic),98.04,5222.85,Yes
CUST-01998,Male,0,Yes,Yes,40,Yes,Yes,No,No internet service,No internet service,No internet service,No internet service,No internet service,No internet service,Two year,Yes,Bank transfer (automatic),44.8,1789.56,No
CUST-01999,Male,0,No,No,60,Yes,Yes,Fiber optic,No,Yes,No,No,No,Yes,Two year,Yes,Bank transfer (automatic),110.87,6629.08,No
CUST-02000,Male,0,Yes,Yes,49,Yes,Yes,Fiber optic,Yes,No,Yes,No,No,Yes,Two year,No,Bank transfer (automatic),114.32,5597.31,Yes
CUST-02001,Male,0,No,Yes,52,Yes,Yes,No,No internet service,No internet service,No internet service,No internet service,No internet service,No internet service,Two year,Yes,Mailed check,44.57,2333.35,No
CUST-02002,Female,0,No,Yes,67,Yes,No,DSL,No,No,No,No,No,Yes,Two year,No,Bank transfer (automatic),72.44,4840.18,No
CUST-02003,Female,0,Yes,Yes,2,Yes,No,DSL,Yes,Yes,Yes,Yes,Yes,No,Month-to-month,Yes,Bank transfer (automatic),96.38,216.83,No
CUST-02004,Female,0,No,Yes,64,Yes,Yes,Fiber optic,Yes,No,No,No,Yes,Yes,Month-to-month,Yes,Mailed check,121.6,7791.12,Yes
CUST-02005,Female,0,No,No,39,Yes,No,Fiber optic,Yes,No,No,No,Yes,Yes,One year,No,Electronic check,110.21,4280.63,No
CUST-02006,Male,0,Yes,No,1,Yes,No,DSL,Yes,No,No,No,No,No,Month-to-month,No,Credit card (automatic),65.7,65.7,Yes
CUST-02007,Female,0,No,No,71,Yes,Yes,DSL,No,Yes,Yes,Yes,No,No,One year,No,Credit card (automatic),89.54,6349.56,No
CUST-02008,Male,0,Yes,No,1,Yes,No,Fiber optic,No,No,Yes,No,No,No,Month-to-month,Yes,Mailed check,83.82,83.82,Yes
CUST-02009,Male,0,No,No,35,Yes,No,No,No internet service,No internet service,No internet service,No internet service,No internet service,No internet service,Month-to-month,No,Credit card (automatic),37.93,1310.37,Yes
CUST-02010,Male,0,Yes,No,43,Yes,No,DSL,Yes,Yes,Yes,No,No,Yes,Two year,Yes,Electronic check,90.49,3882.44,No
CUST-02011,Male,0,No,Yes,67,Yes,Yes,Fiber optic,No,No,No,No,No,Yes,Two year,No,Electronic check,104.91,7023.26,Yes
CUST-02012,Male,0,Yes,Yes,31,Yes,No,DSL,No,Yes,Yes,No,No,Yes,One year,No,Bank transfer (automatic),83.81,2617.6,Yes
CUST-02013,Female,0,No,No,9,Yes,Yes,Fiber optic,Yes,No,Yes,Yes,Yes,Yes,Month-to-month,No,Credit card (automatic),134.88,1220.5,No
CUST-02014,Female,0,Yes,No,32,Yes,No,Fiber optic,No,No,No,No,Yes,Yes,Month-to-month,Yes,Bank transfer (automatic),105.3,3377.07,Yes
CUST-02015,Female,0,No,No,14,Yes,Yes,No,No internet service,No internet service,No internet service,No internet service,No internet service,No internet service,Month-to-month,Yes,Electronic check,45.94,648.4,Yes
CUST-02016,Female,0,No,No,7,Yes,No,DSL,Yes,No,No,No,No,No,Month-to-month,Yes,Electronic check,65.52,446.7,Yes
CUST-02017,Male,1,Yes,Yes,72,Yes,Yes,Fiber optic,Yes,Yes,Yes,No,Yes,Yes,One year,No,Bank transfer (automatic),129.54,9344.09,No
CUST-02018,Female,1,No,No,60,Yes,No,DSL,No,Yes,No,Yes,Yes,No,Two year,No,Credit card (automatic),89.59,5368.88,No
CUST-02019,Male,0,Yes,Yes,18,Yes,Yes,Fiber optic,Yes,No,Yes,Yes,Yes,Yes,Month-to-month,Yes,Electronic check,133.1,2390.76,Yes
CUST-02020,Female,0,No,No,66,No,No phone service,No,No internet service,No internet service,No internet service,No internet service,No internet service,No internet service,One year,Yes,Mailed check,24.01,1590.35,No
CUST-02021,Male,0,No,No,71,Yes,Yes,No,No internet service,No internet service,No internet service,No internet service,No internet service,No internet service,Month-to-month,No,Credit card (automatic),44.29,3182.09,No
CUST-02022,Male,0,No,No,11,No,No phone service,Fiber optic,No,No,Yes,No,Yes,No,Month-to-month,No,Mailed check,85.27,929.49,Yes
CUST-02023,Female,0,No,No,15,Yes,Yes,No,No internet service,No internet service,No internet service,No internet service,No internet service,No internet service,Month-to-month,Yes,Electronic check,46.08,666.76,Yes
CUST-02024,Male,0,Yes,No,37,Yes,No,DSL,Yes,Yes,Yes,Yes,No,No,One year,No,Credit card (automatic),87.15,3228.89,No
CUST-02025,Male,0,Yes,Yes,60,Yes,No,DSL,No,No,No,Yes,Yes,Yes,One year,Yes,Mailed check,91.26,5485.86,No
CUST-02026,Female,0,Yes,Yes,27,Yes,Yes,No,No internet service,No internet service,No internet service,No internet service,No internet service,No internet service,Month-to-month,No,Electronic check,44.59,1197.41,No
CUST-02027,Male,0,No,No,52,Yes,Yes,DSL,Yes,No,No,No,Yes,No,One year,Yes,Electronic check,87.61,4546.81,Yes
CUST-02028,Female,0,Yes,No,64,Yes,No,DSL,Yes,No,No,No,Yes,Yes,One year,Yes,Mailed check,90.41,5767.17,No
CUST-02029,Female,0,No,No,49,Yes,Yes,Fiber optic,Yes,Yes,No,Yes,No,No,One year,Yes,Bank transfer (automatic),109.87,5388.69,No
CUST-02030,Female,0,No,No,2,Yes,Yes,Fiber optic,No,No,No,No,Yes,Yes,Month-to-month,No,Bank transfer (automatic),113.39,255.94,Yes
CUST-02031,Male,0,Yes,Yes,26,Yes,No,DSL,No,Yes,Yes,Yes,Yes,No,Month-to-month,Yes,Mailed check,90.78,2385.97,No
CUST-02032,Male,0,No,No,54,Yes,No,No,No internet service,No internet service,No internet service,No internet service,No internet service,No internet service,Two year,Yes,Bank transfer (automatic),33.92,1836.19,No
CUST-02033,Male,0,Yes,No,29,Yes,No,Fiber optic,No,No,Yes,Yes,No,Yes,Month-to-month,No,Mailed check,106.8,3090.96,No
CUST-02034,Female,1,Yes,Yes,15,No,No phone service,Fiber optic,No,Yes,No,Yes,No,No,Two year,No,Bank transfer (automatic),77.95,1174.98,Yes
CUST-02035,Male,0,No,No,54,Yes,No,DSL,Yes,No,Yes,No,Yes,Yes,One year,Yes,Electronic check,94.35,5090.03,No
CUST-02036,Female,1,Yes,Yes,30,Yes,No,Fiber optic,No,Yes,No,Yes,No,No,Month-to-month,Yes,Electronic check,94.21,2816.69,Yes
CUST-02037,Female,1,Yes,Yes,2,Yes,Yes,Fiber optic,Yes,No,Yes,No,Yes,No,Month-to-month,Yes,Credit card (automatic),110.73,223.9,Yes
CUST-02038,Male,0,No,No,3,Yes,No,No,No internet service,No internet service,No internet service,No internet service,No internet service,No internet service,Month-to-month,Yes,Electronic check,34.99,124.14,Yes
CUST-02039,Female,0,Yes,No,28,Yes,No,No,No internet service,No internet service,No internet service,No internet service,No internet service,No internet service,One year,Yes,Electronic check,35.12,980.52,No
CUST-02040,Male,0,No,No,42,Yes,No,Fiber optic,No,No,No,Yes,Yes,Yes,One year,Yes,Electronic check,112.84,4736.26,Yes
CUST-02041,Male,1,No,No,7,Yes,Yes,No,No internet service,No internet service,No internet service,No internet service,No internet service,No internet service,Month-to-month,No,Mailed check,45.51,314.6,Yes
CUST-02042,Male,0,Yes,Yes,25,Yes,No,DSL,No,No,Yes,Yes,Yes,No,One year,Yes,Electronic check,84.08,2113.89,No
CUST-02043,Male,0,Yes,No,34,Yes,Yes,DSL,Yes,No,Yes,Yes,Yes,No,Month-to-month,Yes,Mailed check,101.72,3471.26,Yes
CUST-02044,Male,0,No,No,41,Yes,No,Fiber optic,No,Yes,No,No,Yes,No,One year,No,Credit card (automatic),98.98,4042.03,No
CUST-02045,Female,0,Yes,No,64,Yes,No,DSL,No,No,Yes,Yes,Yes,No,Two year,No,Bank transfer (automatic),86.63,5541.67,No
CUST-02046,Female,0,Yes,Yes,69,Yes,Yes,DSL,Yes,No,Yes,Yes,Yes,No,One year,Yes,Electronic check,100.83,6973.86,No
CUST-02047,Female,0,No,No,66,Yes,No,No,No internet service,No internet service,No internet service,No internet service,No internet service,No internet service,Month-to-month,Yes,Electronic check,35.62,2345.9,No
CUST-02048,Male,0,Yes,No,5,Yes,Yes,No,No internet service,No internet service,No internet service,No internet service,No internet service,No internet service,Month-to-month,No,Electronic check,46.37,252.74,Yes
CUST-02049,Male,1,No,No,37,Yes,Yes,DSL,No,Yes,Yes,No,No,Yes,Month-to-month,No,Electronic check,92.54,3434.28,Yes
CUST-02050,Male,0,Yes,Yes,51,Yes,No,Fiber optic,No,Yes,Yes,No,Yes,No,One year,No,Electronic check,101.06,5180.41,No
CUST-02051,Female,1,Yes,Yes,50,Yes,Yes,No,No internet service,No internet service,No internet service,No internet service,No internet service,No internet service,One year,Yes,Credit card (automatic),47.66,2378.33,No
CUST-02052,Male,0,Yes,Yes,55,Yes,Yes,No,No internet service,No internet service,No internet service,No internet service,No internet service,No internet service,One year,Yes,Electronic check,45.47,2511.38,Yes
CUST-02053,Female,0,No,No,7,Yes,Yes,Fiber optic,No,No,No,Yes,No,Yes,Month-to-month,No,Mailed check,109.31,776.16,No
CUST-02054,Female,0,No,No,46,Yes,No,Fiber optic,No,Yes,Yes,Yes,No,No,Month-to-month,Yes,Mailed check,99.26,4582.12,Yes
CUST-02055,Male,0,No,No,68,Yes,No,Fiber optic,No,No,No,No,No,Yes,Month-to-month,No,Bank transfer (automatic),92.22,6276.26,Yes
CUST-02056,Male,0,Yes,Yes,34,Yes,No,Fiber optic,Yes,Yes,No,No,Yes,Yes,Month-to-month,Yes,Credit card (automatic),117.56,4013.74,No
CUST-02057,Female,0,Yes,No,67,Yes,Yes,Fiber optic,No,No,No,No,No,Yes,One year,No,Credit card (automatic),99.74,6673.12,Yes
CUST-02058,Male,0,Yes,Yes,68,Yes,No,Fiber optic,No,No,Yes,No,No,No,One year,Yes,Electronic check,85.4,5806.36,No
CUST-02059,Female,1,No,No,4,Yes,No,Fiber optic,Yes,No,No,No,Yes,Yes,Month-to-month,Yes,Electronic check,112.48,427.6,Yes
CUST-02060,Male,1,No,Yes,17,Yes,No,No,No internet service,No internet service,No internet service,No internet service,No internet service,No internet service,Month-to-month,Yes,Electronic check,36.24,612.03,Yes
CUST-02061,Male,0,No,No,45,Yes,Yes,DSL,Yes,Yes,No,Yes,No,No,One year,No,Mailed check,91.11,4087.18,No
CUST-02062,Female,0,Yes,No,29,Yes,No,DSL,Yes,Yes,No,Yes,Yes,No,Month-to-month,Yes,Credit card (automatic),92.61,2690.66,Yes
CUST-02063,Male,0,No,No,17,Yes,No,Fiber optic,No,No,Yes,Yes,Yes,Yes,Month-to-month,Yes,Electronic check,118.47,2028.78,Yes
CUST-02064,Female,0,Yes,No,21,Yes,Yes,DSL,Yes,Yes,No,Yes,Yes,Yes,Month-to-month,Yes,Bank transfer (automatic),113.3,2387.77,Yes
CUST-02065,Male,1,No,Yes,71,Yes,No,Fiber optic,Yes,No,No,No,Yes,No,Month-to-month,No,Electronic check,97.16,6910.06,Yes
CUST-02066,Female,0,Yes,Yes,21,No,No phone service,DSL,Yes,Yes,No,Yes,No,No,One year,Yes,Bank transfer (automatic),66.21,1391.84,Yes
CUST-02067,Female,0,No,Yes,6,No,No phone service,Fiber optic,No,Yes,Yes,Yes,No,No,Month-to-month,Yes,Credit card (automatic),84.19,503.03,Yes
CUST-02068,Male,1,Yes,No,23,No,No phone service,No,No internet service,No internet service,No internet service,No internet service,No internet service,No internet service,Month-to-month,Yes,Credit card (automatic),20.43,452.3,Yes
CUST-02069,Female,0,Yes,No,34,Yes,No,Fiber optic,Yes,No,Yes,No,No,No,Month-to-month,No,Mailed check,92.23,3106.95,Yes
CUST-02070,Male,1,No,Yes,48,Yes,No,DSL,Yes,No,No,No,No,Yes,Month-to-month,No,Electronic check,81.29,3879.3,Yes
CUST-02071,Male,0,Yes,Yes,69,Yes,No,No,No internet service,No internet service,No internet service,No internet service,No internet service,No internet service,Month-to-month,Yes,Bank transfer (automatic),34.76,2388.49,Yes
CUST-02072,Male,0,Yes,Yes,63,Yes,No,DSL,No,No,No,No,No,No,Month-to-month,No,Electronic check,61.75,3903.94,Yes
CUST-02073,Female,0,No,No,8,Yes,No,Fiber optic,Yes,No,Yes,Yes,Yes,Yes,Month-to-month,No,Electronic check,125.06,982.05,Yes
CUST-02074,Female,0,No,No,56,Yes,No,Fiber optic,Yes,Yes,No,Yes,No,No,Month-to-month,No,Credit card (automatic),99.82,5577.59,Yes
CUST-02075,Male,0,No,No,51,Yes,Yes,No,No internet service,No internet service,No internet service,No internet service,No internet service,No internet service,Two year,No,Mailed check,43.13,2192.57,No
CUST-02076,Male,0,Yes,No,41,No,No phone service,DSL,Yes,Yes,Yes,Yes,No,No,Two year,No,Bank transfer (automatic),70.92,2927.04,No
CUST-02077,Female,0,No,No,24,Yes,No,Fiber optic,Yes,Yes,No,No,No,Yes,One year,No,Credit card (automatic),105.35,2527.83,Yes
CUST-02078,Male,0,No,Yes,48,Yes,Yes,Fiber optic,No,No,No,No,No,Yes,Two year,Yes,Electronic check,100.16,4809.7,No
CUST-02079,Male,0,Yes,Yes,53,Yes,No,DSL,Yes,No,Yes,No,Yes,No,One year,No,Mailed check,85.25,4524.41,No
CUST-02080,Female,0,No,Yes,9,Yes,No,No,No internet service,No internet service,No internet service,No internet service,No internet service,No internet service,Month-to-month,Yes,Mailed check,37.01,354.01,Yes
CUST-02081,Male,0,Yes,No,70,No,No phone service,Fiber optic,Yes,No,No,No,Yes,Yes,Month-to-month,No,Credit card (automatic),95.14,6661.06,Yes
CUST-02082,Female,0,Yes,No,6,Yes,Yes,Fiber optic,Yes,No,Yes,No,No,Yes,Two year,Yes,Electronic check,115.37,665.74,Yes
CUST-02083,Male,0,Yes,Yes,72,Yes,No,DSL,Yes,Yes,Yes,Yes,Yes,No,Two year,Yes,Mailed check,98.21,7073.02,No
CUST-02084,Female,0,Yes,Yes,43,No,No phone service,Fiber optic,Yes,No,No,No,Yes,No,One year,No,Mailed check,83.86,3627.59,Yes
CUST-02085,Male,0,No,No,24,Yes,No,No,No internet service,No internet service,No internet service,No internet service,No internet service,No internet service,One year,Yes,Electronic check,37.24,903.38,No
CUST-02086,Male,0,No,No,3,Yes,Yes,Fiber optic,No,Yes,No,Yes,No,No,Month-to-month,No,Mailed check,101.67,308.24,Yes
CUST-02087,Female,0,No,No,1,Yes,Yes,Fiber optic,No,No,No,No,No,Yes,Month-to-month,No,Mailed check,100.85,106.16,Yes
CUST-02088,Male,0,No,No,43,Yes,Yes,No,No internet service,No internet service,No internet service,No internet service,No internet service,No internet service,Two year,Yes,Electronic check,46.88,1988.28,No
CUST-02089,Female,1,Yes,No,57,Yes,Yes,No,No internet service,No internet service,No internet service,No internet service,No internet service,No internet service,One year,Yes,Credit card (automatic),47.15,2657.9,No
CUST-02090,Male,0,No,No,31,Yes,No,Fiber optic,No,No,No,No,No,No,One year,No,Mailed check,77.89,2428.0,Yes
CUST-02091,Female,0,No,No,9,No,No phone service,Fiber optic,No,Yes,Yes,No,No,Yes,Month-to-month,No,Electronic check,91.34,841.35,Yes
CUST-02092,Female,0,Yes,Yes,1,Yes,Yes,No,No internet service,No internet service,No internet service,No internet service,No internet service,No internet service,Month-to-month,Yes,Electronic check,41.14,41.14,Yes
CUST-02093,Female,0,No,No,62,Yes,Yes,DSL,Yes,Yes,No,Yes,Yes,Yes,Two year,No,Electronic check,114.94,7129.18,No
CUST-02094,Female,1,No,No,37,Yes,No,Fiber optic,Yes,Yes,No,Yes,Yes,Yes,Two year,No,Credit card (automatic),124.33,4609.52,No
CUST-02095,Male,0,No,No,56,Yes,Yes,No,No internet service,No internet service,No internet service,No internet service,No internet service,No internet service,Month-to-month,Yes,Credit card (automatic),43.9,2483.3,Yes
CUST-02096,Male,0,No,No,26,No,No phone service,No,No internet service,No internet service,No internet service,No internet service,No internet service,No internet service,Month-to-month,No,Credit card (automatic),18.99,492.54,No
CUST-02097,Female,0,Yes,Yes,60,Yes,No,No,No internet service,No internet service,No internet service,No internet service,No internet service,No internet service,One year,No,Mailed check,34.05,2054.07,No
CUST-02098,Female,0,Yes,No,58,Yes,Yes,DSL,Yes,No,No,No,Yes,No,Two year,Yes,Credit card (automatic),87.69,5115.92,No
CUST-02099,Female,0,Yes,No,71,Yes,No,No,No internet service,No internet service,No internet service,No internet service,No internet service,No internet service,One year,No,Credit card (automatic),37.98,2692.37,No
CUST-02100,Male,0,No,No,42,Yes,No,Fiber optic,No,No,No,No,Yes,No,Two year,Yes,Electronic check,93.23,3916.63,Yes
CUST-02101,Male,0,No,No,6,Yes,No,DSL,Yes,Yes,No,No,Yes,No,Month-to-month,No,Bank transfer (automatic),86.15,500.32,No
CUST-02102,Male,0,No,Yes,30,Yes,No,Fiber optic,No,Yes,Yes,No,Yes,No,Month-to-month,Yes,Credit card (automatic),103.52,3089.77,Yes
CUST-02103,Male,0,Yes,No,26,Yes,No,No,No internet service,No internet service,No internet service,No internet service,No internet service,No internet service,Month-to-month,Yes,Electronic check,35.35,932.23,No
CUST-02104,Female,0,Yes,No,40,Yes,No,DSL,No,No,No,No,Yes,No,Month-to-month,Yes,Bank transfer (automatic),70.39,2833.51,No
CUST-02105,Female,0,No,No,47,Yes,Yes,No,No internet service,No internet service,No internet service,No internet service,No internet service,No internet service,One year,Yes,Bank transfer (automatic),44.58,2112.71,No
CUST-02106,Female,0,No,No,3,Yes,Yes,No,No internet service,No internet service,No internet service,No internet service,No internet service,No internet service,One year,No,Mailed check,44.17,117.01,No
CUST-02107,Male,1,Yes,No,38,Yes,No,DSL,Yes,Yes,No,No,No,Yes,One year,Yes,Mailed check,84.73,3216.65,Yes
CUST-02108,Male,0,No,No,56,No,No phone service,No,No internet service,No internet service,No internet service,No internet service,No internet service,No internet service,One year,Yes,Mailed check,18.94,1067.82,No
CUST-02109,Male,1,No,Yes,71,Yes,Yes,No,No internet service,No internet service,No internet service,No internet service,No internet service,No internet service,Two year,No,Mailed check,43.74,3071.4,No
CUST-02110,Female,0,No,No,44,Yes,No,DSL,Yes,No,No,Yes,Yes,Yes,Month-to-month,Yes,Electronic check,98.59,4344.81,Yes
CUST-02111,Female,0,No,No,71,Yes,Yes,DSL,Yes,Yes,No,Yes,No,Yes,Month-to-month,No,Credit card (automatic),101.92,7264.53,Yes
CUST-02112,Male,0,Yes,No,18,Yes,No,Fiber optic,Yes,No,No,No,No,Yes,Month-to-month,Yes,Bank transfer (automatic),96.95,1762.15,No
CUST-02113,Female,0,No,No,28,Yes,Yes,Fiber optic,Yes,No,No,No,No,Yes,Two year,Yes,Credit card (automatic),106.73,2952.29,No
CUST-02114,Male,0,No,No,27,Yes,Yes,Fiber optic,No,Yes,Yes,Yes,No,Yes,Two year,No,Electronic check,120.95,3271.61,Yes
CUST-02115,Male,0,Yes,No,17,Yes,No,Fiber optic,Yes,Yes,No,No,Yes,No,One year,No,Electronic check,105.22,1791.98,Yes
CUST-02116,Female,0,Yes,Yes,58,Yes,No,No,No internet service,No internet service,No internet service,No internet service,No internet service,No internet service,One year,Yes,Electronic check,35.63,2070.61,No
CUST-02117,Male,1,No,No,13,Yes,Yes,No,No internet service,No internet service,No internet service,No internet service,No internet service,No internet service,One year,No,Mailed check,43.87,571.92,No
CUST-02118,Female,0,Yes,No,16,Yes,Yes,DSL,No,Yes,Yes,No,No,No,Month-to-month,Yes,Electronic check,80.93,1289.98,Yes
CUST-02119,Male,0,Yes,No,19,Yes,No,Fiber optic,No,Yes,No,Yes,No,Yes,One year,No,Mailed check,104.28,1946.44,Yes
CUST-02120,Female,0,No,No,18,Yes,No,Fiber optic,No,No,Yes,No,No,No,Month-to-month,No,Bank transfer (automatic),85.41,1542.04,Yes
CUST-02121,Female,0,Yes,Yes,29,Yes,Yes,Fiber optic,No,Yes,Yes,No,Yes,No,Month-to-month,Yes,Electronic check,114.18,3320.63,Yes
CUST-02122,Female,0,No,No,37,Yes,Yes,Fiber optic,No,No,Yes,No,Yes,No,Month-to-month,No,Bank transfer (automatic),106.68,3938.83,Yes
CUST-02123,Male,0,Yes,No,21,Yes,No,DSL,Yes,Yes,No,Yes,No,No,One year,No,Credit card (automatic),83.28,1767.76,Yes
CUST-02124,Male,1,No,No,4,Yes,Yes,DSL,No,No,No,No,No,No,Month-to-month,Yes,Electronic check,70.94,259.16,Yes
CUST-02125,Female,0,Yes,Yes,49,Yes,No,DSL,Yes,Yes,No,Yes,Yes,No,Month-to-month,Yes,Bank transfer (automatic),91.95,4479.67,Yes
CUST-02126,Female,0,Yes,No,20,Yes,Yes,No,No internet service,No internet service,No internet service,No internet service,No internet service,No internet service,One year,No,Mailed check,45.13,903.87,No
CUST-02127,Male,0,Yes,Yes,70,Yes,Yes,DSL,No,Yes,Yes,Yes,Yes,Yes,Two year,No,Bank transfer (automatic),111.91,7823.47,No
CUST-02128,Male,1,No,No,59,Yes,No,DSL,No,Yes,Yes,No,Yes,Yes,Two year,Yes,Bank transfer (automatic),94.2,5572.38,No
CUST-02129,Male,0,No,No,11,Yes,No,Fiber optic,No,No,Yes,Yes,Yes,No,Month-to-month,Yes,Electronic check,107.98,1181.37,Yes
CUST-02130,Female,0,Yes,Yes,29,Yes,Yes,DSL,No,No,Yes,Yes,Yes,Yes,Month-to-month,No,Bank transfer (automatic),110.45,3223.42,Yes
CUST-02131,Male,0,No,No,24,No,No phone service,DSL,No,No,Yes,Yes,No,No,Two year,Yes,Electronic check,55.68,1325.49,Yes
CUST-02132,Male,0,No,No,21,Yes,Yes,Fiber optic,No,Yes,No,No,Yes,No,Month-to-month,Yes,Credit card (automatic),108.71,2285.07,No
CUST-02133,Female,0,No,No,22,Yes,Yes,Fiber optic,Yes,No,No,No,No,No,Month-to-month,Yes,Electronic check,98.07,2127.77,Yes
CUST-02134,Male,0,Yes,Yes,48,Yes,Yes,DSL,No,No,No,No,No,Yes,Two year,Yes,Electronic check,81.49,3910.72,No
CUST-02135,Male,0,No,No,48,Yes,No,Fiber optic,Yes,No,Yes,No,No,No,One year,Yes,Electronic check,94.28,4526.53,Yes
CUST-02136,Male,0,Yes,Yes,2,Yes,Yes,Fiber optic,Yes,Yes,No,No,Yes,Yes,One year,Yes,Credit card (automatic),127.15,272.44,No
CUST-02137,Female,0,Yes,No,28,Yes,Yes,Fiber optic,Yes,No,Yes,Yes,Yes,No,Month-to-month,Yes,Bank transfer (automatic),122.68,3412.37,No
CUST-02138,Female,0,No,No,7,No,No phone service,Fiber optic,No,Yes,Yes,No,No,No,Month-to-month,No,Credit card (automatic),76.63,532.17,Yes
CUST-02139,Female,0,No,No,32,Yes,Yes,DSL,No,No,No,No,No,Yes,Two year,Yes,Bank transfer (automatic),82.14,2650.27,No
CUST-02140,Female,0,Yes,No,61,Yes,Yes,Fiber optic,No,Yes,No,No,Yes,Yes,One year,Yes,Electronic check,119.33,7302.91,Yes
CUST-02141,Female,0,Yes,No,22,Yes,Yes,No,No internet service,No internet service,No internet service,No internet service,No internet service,No internet service,One year,No,Credit card (automatic),45.44,987.16,No
CUST-02142,Female,0,No,No,41,Yes,No,No,No internet service,No internet service,No internet service,No internet service,No internet service,No internet service,One year,Yes,Electronic check,35.38,1440.29,No
CUST-02143,Female,0,No,No,63,Yes,Yes,No,No internet service,No internet service,No internet service,No internet service,No internet service,No internet service,Two year,Yes,Electronic check,44.35,2768.55,No
CUST-02144,Male,1,Yes,Yes,65,Yes,No,Fiber optic,Yes,No,No,No,Yes,No,One year,No,Electronic check,95.08,6148.35,Yes
CUST-02145,Male,1,No,No,58,Yes,No,Fiber optic,Yes,Yes,Yes,Yes,Yes,Yes,Month-to-month,Yes,Electronic check,129.71,7517.35,No
CUST-02146,Female,0,Yes,No,22,Yes,No,Fiber optic,Yes,No,No,No,Yes,Yes,Month-to-month,Yes,Electronic check,108.47,2376.66,Yes
CUST-02147,Male,0,Yes,Yes,9,Yes,Yes,No,No internet service,No internet service,No internet service,No internet service,No internet service,No internet service,One year,Yes,Electronic check,43.32,420.8,No
CUST-02148,Male,0,No,No,14,Yes,No,No,No internet service,No internet service,No internet service,No internet service,No internet service,No internet service,Month-to-month,Yes,Mailed check,33.97,480.8,No
CUST-02149,Female,0,Yes,Yes,35,Yes,No,DSL,No,Yes,No,No,No,No,Month-to-month,No,Bank transfer (automatic),67.24,2350.27,No
CUST-02150,Male,0,Yes,Yes,25,No,No phone service,DSL,No,Yes,No,No,No,Yes,One year,Yes,Electronic check,61.33,1543.09,Yes
CUST-02151,Male,0,No,No,7,Yes,No,Fiber optic,Yes,Yes,No,No,No,No,Month-to-month,Yes,Bank transfer (automatic),90.67,650.12,Yes
CUST-02152,Male,0,No,No,3,Yes,No,DSL,Yes,No,Yes,Yes,No,Yes,Month-to-month,Yes,Electronic check,93.06,297.39,Yes
CUST-02153,Male,0,Yes,Yes,38,Yes,Yes,No,No internet service,No internet service,No internet service,No internet service,No internet service,No internet service,Two year,No,Credit card (automatic),43.85,1670.19,No
CUST-02154,Male,0,No,No,34,Yes,No,DSL,No,Yes,Yes,No,Yes,No,Month-to-month,No,Electronic check,82.31,2798.19,Yes
CUST-02155,Female,0,No,No,58,No,No phone service,DSL,No,Yes,No,No,No,No,One year,Yes,Credit card (automatic),52.21,3030.55,No
CUST-02156,Female,0,Yes,Yes,30,Yes,No,No,No internet service,No internet service,No internet service,No internet service,No internet service,No internet service,Month-to-month,Yes,Mailed check,34.81,1043.42,No
CUST-02157,Female,0,No,No,67,Yes,No,DSL,Yes,Yes,No,No,No,No,One year,No,Bank transfer (automatic),72.1,4822.76,No
CUST-02158,Male,1,Yes,Yes,9,Yes,No,DSL,No,Yes,Yes,Yes,No,No,Month-to-month,Yes,Electronic check,79.66,732.59,Yes
CUST-02159,Female,1,Yes,Yes,45,Yes,No,Fiber optic,No,No,Yes,No,No,No,One year,No,Electronic check,86.63,3895.46,Yes
CUST-02160,Male,0,No,No,29,Yes,Yes,Fiber optic,Yes,No,Yes,No,Yes,No,Month-to-month,No,Credit card (automatic),115.03,3320.65,Yes
CUST-02161,Male,0,No,No,29,Yes,Yes,DSL,Yes,Yes,No,No,No,Yes,One year,No,Mailed check,93.82,2721.09,No
CUST-02162,Male,0,Yes,No,61,Yes,No,Fiber optic,Yes,Yes,Yes,No,Yes,No,Two year,Yes,Mailed check,107.75,6583.5,No
CUST-02163,Male,0,Yes,Yes,2,No,No phone service,DSL,No,No,Yes,Yes,Yes,No,Month-to-month,Yes,Credit card (automatic),71.45,121.06,Yes
CUST-02164,Female,0,No,No,45,Yes,No,Fiber optic,No,No,No,No,No,No,One year,Yes,Electronic check,79.49,3573.02,Yes
CUST-02165,Female,0,Yes,Yes,43,Yes,Yes,Fiber optic,Yes,No,Yes,Yes,Yes,No,One year,Yes,Electronic check,123.29,5289.44,Yes
CUST-02166,Male,0,Yes,No,43,Yes,No,No,No internet service,No internet service,No internet service,No internet service,No internet service,No internet service,Two year,No,Bank transfer (automatic),33.66,1480.12,No
CUST-02167,Female,0,Yes,No,25,Yes,Yes,Fiber optic,No,Yes,No,Yes,No,Yes,One year,No,Mailed check,115.53,2889.63,Yes
CUST-02168,Male,0,No,No,36,Yes,Yes,Fiber optic,No,No,Yes,No,Yes,No,Two year,No,Bank transfer (automatic),105.78,3831.36,No
CUST-02169,Female,0,Yes,No,46,Yes,Yes,Fiber optic,Yes,Yes,No,No,No,No,Month-to-month,Yes,Credit card (automatic),103.17,4749.48,Yes
CUST-02170,Female,0,Yes,Yes,4,Yes,Yes,DSL,Yes,No,No,No,No,No,Month-to-month,No,Electronic check,77.84,316.36,Yes
CUST-02171,Male,0,No,Yes,51,Yes,No,DSL,No,No,Yes,No,Yes,No,Month-to-month,Yes,Bank transfer (automatic),77.27,3939.85,No
CUST-02172,Female,1,No,No,27,Yes,No,No,No internet service,No internet service,No internet service,No internet service,No internet service,No internet service,Month-to-month,Yes,Mailed check,34.71,933.82,Yes
CUST-02173,Male,0,No,No,4,Yes,Yes,DSL,No,Yes,No,No,No,Yes,Month-to-month,Yes,Bank transfer (automatic),86.79,346.05,Yes
CUST-02174,Female,0,Yes,No,57,Yes,Yes,Fiber optic,No,Yes,No,No,Yes,No,Two year,Yes,Electronic check,106.93,6085.15,No
CUST-02175,Male,1,No,No,72,Yes,Yes,DSL,No,Yes,Yes,Yes,No,Yes,Two year,Yes,Mailed check,103.04,7418.71,No
CUST-02176,Male,1,Yes,No,29,Yes,Yes,No,No internet service,No internet service,No internet service,No internet service,No internet service,No internet service,Two year,Yes,Electronic check,44.24,1258.6,No
CUST-02177,Female,0,Yes,Yes,24,Yes,Yes,No,No internet service,No internet service,No internet service,No internet service,No internet service,No internet service,Month-to-month,No,Mailed check,45.71,1099.64,No
CUST-02178,Female,0,No,No,70,Yes,No,Fiber optic,No,Yes,No,Yes,No,Yes,Two year,Yes,Electronic check,105.98,7400.53,No
CUST-02179,Male,0,Yes,Yes,38,Yes,No,Fiber optic,Yes,Yes,Yes,No,No,No,Two year,Yes,Credit card (automatic),99.13,3768.36,No
CUST-02180,Female,0,Yes,Yes,56,Yes,No,Fiber optic,Yes,Yes,No,No,No,Yes,Month-to-month,No,Mailed check,103.41,5795.77,No
CUST-02181,Female,0,Yes,Yes,33,Yes,No,No,No internet service,No internet service,No internet service,No internet service,No internet service,No internet service,One year,Yes,Mailed check,36.63,1230.05,No
CUST-02182,Male,0,Yes,No,22,Yes,Yes,DSL,Yes,No,Yes,Yes,No,Yes,One year,Yes,Credit card (automatic),104.81,2310.57,No
CUST-02183,Male,0,Yes,Yes,44,Yes,Yes,Fiber optic,No,Yes,Yes,No,No,No,One year,No,Mailed check,99.45,4371.8,No
CUST-02184,Female,0,No,No,37,Yes,Yes,Fiber optic,No,Yes,No,Yes,No,No,Month-to-month,No,Bank transfer (automatic),103.86,3833.39,Yes
CUST-02185,Male,0,Yes,Yes,1,Yes,Yes,Fiber optic,Yes,No,No,Yes,Yes,No,Month-to-month,Yes,Electronic check,115.86,126.6,Yes
CUST-02186,Male,0,Yes,No,30,Yes,No,DSL,No,Yes,Yes,No,Yes,No,Month-to-month,Yes,Bank transfer (automatic),82.93,2486.41,No
CUST-02187,Male,0,Yes,No,66,Yes,Yes,DSL,Yes,No,No,No,No,No,Month-to-month,Yes,Electronic check,76.61,5044.97,No
CUST-02188,Female,0,No,No,10,Yes,No,No,No internet service,No internet service,No internet service,No internet service,No internet service,No internet service,One year,Yes,Bank transfer (automatic),36.68,369.1,No
CUST-02189,Female,0,No,No,62,No,No phone service,DSL,No,No,No,Yes,No,Yes,One year,No,Credit card (automatic),62.04,3818.63,No
CUST-02190,Male,0,Yes,Yes,36,Yes,Yes,Fiber optic,Yes,Yes,Yes,Yes,Yes,Yes,One year,Yes,Electronic check,136.93,4930.68,Yes
CUST-02191,Female,0,No,No,8,Yes,No,DSL,Yes,No,Yes,No,No,No,Month-to-month,Yes,Credit card (automatic),74.49,584.21,Yes
CUST-02192,Male,1,Yes,Yes,13,Yes,Yes,DSL,No,No,No,No,Yes,Yes,Two year,Yes,Mailed check,93.64,1212.42,No
CUST-02193,Female,0,Yes,No,5,Yes,No,Fiber optic,No,No,No,Yes,Yes,Yes,Month-to-month,Yes,Bank transfer (automatic),112.13,590.56,Yes
CUST-02194,Male,0,Yes,No,72,No,No phone service,No,No internet service,No internet service,No internet service,No internet service,No internet service,No internet service,One year,Yes,Mailed check,18.5,1324.72,Yes
CUST-02195,Male,0,Yes,Yes,56,Yes,No,Fiber optic,No,No,Yes,No,No,No,Two year,Yes,Mailed check,86.07,4831.77,No
CUST-02196,Female,0,Yes,Yes,6,Yes,No,No,No internet service,No internet service,No internet service,No internet service,No internet service,No internet service,Month-to-month,Yes,Credit card (automatic),37.05,238.04,Yes
CUST-02197,Male,0,No,No,39,Yes,No,Fiber optic,Yes,No,Yes,No,Yes,No,Two year,No,Credit card (automatic),104.74,4097.67,No
CUST-02198,Female,0,Yes,Yes,26,Yes,No,Fiber optic,No,Yes,No,Yes,Yes,No,Month-to-month,Yes,Mailed check,106.29,2769.11,Yes
CUST-02199,Female,0,No,No,60,Yes,Yes,Fiber optic,No,Yes,Yes,Yes,No,Yes,One year,Yes,Mailed check,119.35,7144.39,No
CUST-02200,Male,0,Yes,No,7,Yes,Yes,No,No internet service,No internet service,No internet service,No internet service,No internet service,No internet service,Month-to-month,Yes,Electronic check,46.11,313.01,No
CUST-02201,Male,1,Yes,Yes,54,Yes,Yes,Fiber optic,No,No,Yes,Yes,No,Yes,Two year,No,Electronic check,116.01,6247.05,No
CUST-02202,Female,0,Yes,No,46,Yes,Yes,Fiber optic,No,No,Yes,No,No,Yes,Two year,No,Mailed check,107.09,4920.86,No
CUST-02203,Male,0,No,No,50,Yes,No,Fiber optic,Yes,Yes,Yes,No,Yes,Yes,Month-to-month,Yes,Electronic check,122.96,6142.9,Yes
CUST-02204,Male,1,Yes,No,70,Yes,Yes,DSL,No,Yes,Yes,Yes,Yes,No,Month-to-month,No,Bank transfer (automatic),100.73,7037.39,No
CUST-02205,Male,0,No,No,3,Yes,No,DSL,Yes,Yes,Yes,No,Yes,No,Month-to-month,No,Bank transfer (automatic),90.84,280.73,No
CUST-02206,Male,0,Yes,Yes,42,Yes,No,DSL,Yes,No,Yes,No,Yes,No,Two year,Yes,Bank transfer (automatic),85.83,3597.46,No
CUST-02207,Male,0,Yes,No,38,Yes,Yes,Fiber optic,Yes,Yes,No,No,Yes,Yes,One year,Yes,Mailed check,126.23,4791.3,Yes
CUST-02208,Female,0,Yes,No,52,Yes,No,DSL,Yes,Yes,No,No,Yes,Yes,Two year,No,Bank transfer (automatic),95.36,4935.19,No
CUST-02209,Female,0,Yes,Yes,23,Yes,No,Fiber optic,No,No,Yes,Yes,No,Yes,Month-to-month,Yes,Electronic check,105.14,2419.26,Yes
CUST-02210,Male,0,Yes,Yes,69,Yes,Yes,No,No internet service,No internet service,No internet service,No internet service,No internet service,No internet service,One year,Yes,Mailed check,45.57,3142.92,No
CUST-02211,Male,0,Yes,No,9,Yes,Yes,Fiber optic,No,No,No,Yes,Yes,No,Month-to-month,Yes,Electronic check,109.35,975.16,Yes
CUST-02212,Male,0,No,No,16,Yes,Yes,DSL,No,Yes,Yes,Yes,Yes,No,One year,Yes,Bank transfer (automatic),105.55,1694.52,Yes
CUST-02213,Female,0,Yes,No,61,Yes,No,No,No internet service,No internet service,No internet service,No internet service,No internet service,No internet service,One year,No,Mailed check,32.88,2007.46,No
CUST-02214,Male,0,No,No,36,Yes,Yes,DSL,Yes,No,Yes,No,No,Yes,Month-to-month,Yes,Electronic check,93.81,3385.97,Yes
CUST-02215,Female,0,Yes,No,30,Yes,Yes,Fiber optic,No,No,No,No,No,Yes,One year,Yes,Electronic check,102.41,3081.79,No
CUST-02216,Female,0,No,No,53,Yes,Yes,Fiber optic,No,Yes,No,No,Yes,No,One year,Yes,Electronic check,108.23,5746.92,No
CUST-02217,Female,0,No,No,7,No,No phone service,DSL,No,Yes,No,No,Yes,No,Month-to-month,Yes,Credit card (automatic),62.16,460.15,Yes
CUST-02218,Male,0,Yes,No,44,Yes,Yes,DSL,No,No,No,No,Yes,No,Month-to-month,Yes,Mailed check,83.85,3691.33,No
CUST-02219,Female,0,Yes,Yes,68,Yes,No,DSL,No,No,No,No,No,Yes,Two year,No,Bank transfer (automatic),73.0,4949.81,No
CUST-02220,Male,0,No,No,36,Yes,No,DSL,Yes,No,No,Yes,Yes,No,Two year,Yes,Credit card (automatic),87.11,3129.51,No
CUST-02221,Female,0,No,No,27,Yes,Yes,DSL,No,No,No,No,Yes,No,Month-to-month,No,Electronic check,81.0,2180.95,No
CUST-02222,Male,0,Yes,Yes,27,Yes,Yes,No,No internet service,No internet service,No internet service,No internet service,No internet service,No internet service,Month-to-month,Yes,Credit card (automatic),44.4,1185.0,Yes
CUST-02223,Female,1,Yes,Yes,22,Yes,No,Fiber optic,No,Yes,No,No,Yes,Yes,One year,Yes,Mailed check,110.73,2398.36,Yes
CUST-02224,Male,0,No,No,27,Yes,Yes,No,No internet service,No internet service,No internet service,No internet service,No internet service,No internet service,One year,Yes,Credit card (automatic),43.35,1173.92,No
CUST-02225,Female,0,Yes,No,9,Yes,No,Fiber optic,Yes,No,No,Yes,No,Yes,Month-to-month,Yes,Electronic check,107.0,963.5,Yes
CUST-02226,Male,0,No,No,61,Yes,No,Fiber optic,No,No,Yes,Yes,Yes,No,One year,No,Electronic check,105.85,6485.56,No
CUST-02227,Male,0,Yes,Yes,6,Yes,No,DSL,Yes,No,Yes,No,No,No,Month-to-month,Yes,Electronic check,73.6,469.36,Yes
CUST-02228,Male,0,Yes,Yes,8,Yes,No,DSL,No,Yes,No,Yes,No,No,One year,Yes,Bank transfer (automatic),73.36,597.08,No
CUST-02229,Male,0,No,Yes,17,Yes,No,Fiber optic,No,Yes,Yes,No,No,No,One year,No,Electronic check,94.72,1618.68,Yes
CUST-02230,Female,0,No,No,10,Yes,Yes,No,No internet service,No internet service,No internet service,No internet service,No internet service,No internet service,Month-to-month,No,Credit card (automatic),45.62,443.76,Yes
CUST-02231,Female,0,Yes,No,8,Yes,No,DSL,Yes,Yes,No,No,Yes,No,Month-to-month,No,Electronic check,84.78,681.07,Yes
CUST-02232,Male,0,Yes,No,64,Yes,No,Fiber optic,Yes,No,Yes,No,Yes,Yes,Month-to-month,Yes,Electronic check,114.96,7355.69,Yes
CUST-02233,Female,0,No,No,10,Yes,Yes,DSL,No,No,No,Yes,Yes,Yes,Month-to-month,No,Electronic check,102.38,1025.99,No
CUST-02234,Male,1,No,No,54,Yes,No,Fiber optic,No,No,Yes,Yes,No,Yes,One year,No,Bank transfer (automatic),105.18,5668.19,No
CUST-02235,Male,0,Yes,Yes,32,Yes,Yes,Fiber optic,Yes,No,No,Yes,No,No,One year,Yes,Credit card (automatic),101.69,3260.37,Yes
CUST-02236,Female,0,No,No,71,Yes,Yes,Fiber optic,No,Yes,Yes,No,Yes,Yes,Month-to-month,Yes,Credit card (automatic),125.71,8904.87,Yes
CUST-02237,Male,0,No,No,26,Yes,Yes,DSL,No,No,No,Yes,No,Yes,Two year,No,Electronic check,91.74,2430.77,No
CUST-02238,Male,0,No,No,33,Yes,Yes,DSL,No,No,No,No,No,Yes,One year,Yes,Electronic check,81.9,2724.41,Yes
CUST-02239,Female,0,No,No,41,Yes,Yes,Fiber optic,Yes,Yes,No,Yes,Yes,No,Month-to-month,No,Bank transfer (automatic),121.56,5003.87,Yes
CUST-02240,Male,0,Yes,No,43,Yes,Yes,No,No internet service,No internet service,No internet service,No internet service,No internet service,No internet service,Month-to-month,Yes,Bank transfer (automatic),44.54,1896.09,No
CUST-02241,Male,0,No,No,17,Yes,No,Fiber optic,No,Yes,No,No,No,Yes,Month-to-month,No,Mailed check,101.36,1698.81,Yes
CUST-02242,Male,0,No,No,38,Yes,No,Fiber optic,No,No,Yes,No,No,No,Two year,Yes,Credit card (automatic),86.91,3306.7,No
CUST-02243,Male,0,Yes,No,10,Yes,No,Fiber optic,Yes,No,No,No,No,Yes,Month-to-month,Yes,Electronic check,95.61,951.53,Yes
CUST-02244,Female,0,Yes,No,15,Yes,Yes,DSL,Yes,Yes,No,No,No,No,Month-to-month,Yes,Bank transfer (automatic),81.19,1245.57,Yes
CUST-02245,Female,0,Yes,Yes,28,Yes,Yes,Fiber optic,Yes,No,No,No,No,Yes,Month-to-month,No,Electronic check,107.4,3016.62,Yes
CUST-02246,Female,1,No,No,5,No,No phone service,DSL,No,Yes,Yes,No,Yes,No,Month-to-month,Yes,Mailed check,67.92,338.98,Yes
CUST-02247,Male,0,Yes,Yes,24,Yes,Yes,Fiber optic,No,Yes,No,No,Yes,Yes,Month-to-month,Yes,Mailed check,120.1,2904.6,Yes
CUST-02248,Male,0,No,No,58,Yes,Yes,Fiber optic,No,Yes,Yes,No,Yes,Yes,Month-to-month,Yes,Credit card (automatic),125.14,7260.85,Yes
CUST-02249,Female,0,No,No,56,Yes,No,Fiber optic,Yes,No,No,Yes,No,Yes,Two year,Yes,Mailed check,105.23,5896.31,No
CUST-02250,Male,1,No,Yes,17,Yes,No,DSL,No,Yes,No,Yes,No,No,Two year,Yes,Credit card (automatic),74.23,1277.54,No
CUST-02251,Male,0,No,No,35,Yes,No,No,No internet service,No internet service,No internet service,No internet service,No internet service,No internet service,Month-to-month,No,Electronic check,32.69,1133.99,Yes
CUST-02252,Male,0,No,No,70,Yes,Yes,DSL,Yes,No,No,Yes,Yes,Yes,One year,Yes,Bank transfer (automatic),104.77,7349.18,No
CUST-02253,Male,0,Yes,No,63,Yes,No,Fiber optic,No,Yes,No,No,Yes,Yes,One year,Yes,Bank transfer (automatic),111.86,7055.67,No
CUST-02254,Female,0,No,No,48,Yes,No,No,No internet service,No internet service,No internet service,No internet service,No internet service,No internet service,Two year,No,Credit card (automatic),36.26,1726.67,No
CUST-02255,Female,0,Yes,No,24,Yes,Yes,Fiber optic,Yes,Yes,Yes,No,No,No,Month-to-month,No,Bank transfer (automatic),108.55,2634.57,No
CUST-02256,Female,0,No,No,31,Yes,No,DSL,No,No,Yes,No,Yes,Yes,One year,No,Bank transfer (automatic),90.46,2797.4,Yes
CUST-02257,Male,1,Yes,Yes,54,Yes,Yes,No,No internet service,No internet service,No internet service,No internet service,No internet service,No internet service,One year,Yes,Bank transfer (automatic),44.72,2390.36,No
CUST-02258,Female,0,No,Yes,6,No,No phone service,DSL,No,Yes,No,Yes,Yes,Yes,Month-to-month,Yes,Credit card (automatic),87.52,513.46,Yes
CUST-02259,Female,0,No,Yes,44,No,No phone service,No,No internet service,No internet service,No internet service,No internet service,No internet service,No internet service,One year,No,Electronic check,20.29,877.22,No
CUST-02260,Male,0,No,No,70,Yes,No,DSL,Yes,No,No,No,Yes,No,Two year,No,Electronic check,81.91,5736.64,No
CUST-02261,Male,0,Yes,No,30,Yes,Yes,Fiber optic,No,No,Yes,Yes,No,Yes,Month-to-month,Yes,Bank transfer (automatic),119.09,3597.04,No
CUST-02262,Female,1,Yes,Yes,62,Yes,No,DSL,No,No,No,No,No,No,Two year,No,Electronic check,60.69,3766.51,No
CUST-02263,Female,0,No,No,41,Yes,No,DSL,Yes,No,No,Yes,Yes,Yes,Two year,No,Bank transfer (automatic),97.69,4029.08,No
CUST-02264,Female,0,Yes,Yes,61,Yes,Yes,DSL,No,Yes,No,No,No,No,Two year,No,Electronic check,76.02,4653.22,No
CUST-02265,Female,0,No,No,36,Yes,Yes,DSL,No,Yes,No,Yes,Yes,Yes,Month-to-month,No,Electronic check,107.4,3826.4,Yes
CUST-02266,Male,0,Yes,Yes,22,Yes,No,No,No internet service,No internet service,No internet service,No internet service,No internet service,No internet service,Month-to-month,Yes,Bank transfer (automatic),35.69,798.67,Yes
CUST-02267,Female,0,No,No,18,Yes,Yes,Fiber optic,No,No,No,Yes,No,No,Two year,No,Electronic check,99.01,1773.47,Yes
CUST-02268,Female,0,Yes,Yes,12,Yes,Yes,DSL,No,Yes,No,Yes,No,Yes,Two year,Yes,Electronic check,94.16,1137.61,Yes
CUST-02269,Male,0,No,No,62,Yes,No,DSL,Yes,Yes,Yes,No,Yes,Yes,Month-to-month,No,Electronic check,105.92,6566.17,Yes
CUST-02270,Female,1,No,No,47,Yes,Yes,Fiber optic,No,No,No,Yes,No,Yes,One year,Yes,Electronic check,108.83,5156.8,Yes
CUST-02271,Male,0,Yes,No,7,Yes,No,Fiber optic,Yes,No,Yes,Yes,No,Yes,Month-to-month,No,Credit card (automatic),107.97,762.33,Yes
CUST-02272,Male,1,Yes,Yes,31,Yes,No,No,No internet service,No internet service,No internet service,No internet service,No internet service,No internet service,Month-to-month,Yes,Bank transfer (automatic),34.88,1090.04,Yes
CUST-02273,Male,0,Yes,No,25,No,No phone service,Fiber optic,Yes,Yes,No,No,Yes,Yes,Month-to-month,No,Credit card (automatic),99.28,2498.17,Yes
CUST-02274,Female,0,No,No,33,Yes,No,Fiber optic,No,Yes,No,No,Yes,No,Month-to-month,Yes,Bank transfer (automatic),97.92,3209.02,No
CUST-02275,Female,0,No,No,62,Yes,No,Fiber optic,No,Yes,Yes,Yes,Yes,No,One year,No,Credit card (automatic),112.11,6967.07,No
CUST-02276,Male,0,No,No,6,Yes,No,Fiber optic,No,Yes,No,Yes,No,No,Month-to-month,Yes,Mailed check,94.67,564.79,Yes
CUST-02277,Female,0,No,No,11,Yes,No,DSL,No,No,Yes,No,No,No,Two year,No,Electronic check,67.51,732.24,No
CUST-02278,Female,0,Yes,No,6,Yes,No,Fiber optic,No,No,No,Yes,Yes,Yes,Month-to-month,Yes,Electronic check,110.49,675.24,Yes
CUST-02279,Male,0,Yes,No,69,Yes,Yes,DSL,Yes,No,Yes,No,No,No,One year,No,Bank transfer (automatic),81.45,5597.73,Yes
CUST-02280,Male,0,Yes,Yes,50,Yes,Yes,Fiber optic,No,No,No,Yes,Yes,No,Two year,No,Electronic check,111.02,5565.08,No
CUST-02281,Female,0,Yes,Yes,32,Yes,Yes,Fiber optic,No,No,No,No,Yes,No,One year,No,Electronic check,101.01,3229.96,No
CUST-02282,Male,0,No,No,5,Yes,No,Fiber optic,No,Yes,No,No,No,No,Month-to-month,Yes,Electronic check,83.18,414.4,Yes
CUST-02283,Female,0,No,No,39,Yes,Yes,DSL,Yes,Yes,No,No,Yes,No,One year,Yes,Mailed check,94.93,3668.61,No
CUST-02284,Female,0,Yes,Yes,16,Yes,No,Fiber optic,No,Yes,Yes,Yes,Yes,No,Month-to-month,No,Mailed check,111.15,1791.91,Yes
CUST-02285,Female,0,No,No,71,Yes,No,DSL,Yes,No,No,No,No,No,Two year,Yes,Credit card (automatic),65.05,4622.26,No
CUST-02286,Female,0,No,No,49,Yes,No,Fiber optic,No,No,No,No,No,No,Two year,No,Electronic check,80.18,3921.81,No
CUST-02287,Male,1,Yes,No,56,Yes,Yes,No,No internet service,No internet service,No internet service,No internet service,No internet service,No internet service,One year,Yes,Mailed check,45.01,2506.65,No
CUST-02288,Male,0,Yes,Yes,2,Yes,No,Fiber optic,No,No,No,No,No,No,Month-to-month,Yes,Mailed check,81.5,174.72,Yes
CUST-02289,Male,0,Yes,Yes,2,Yes,No,No,No internet service,No internet service,No internet service,No internet service,No internet service,No internet service,Month-to-month,No,Electronic check,33.13,71.48,Yes
CUST-02290,Male,0,No,Yes,19,Yes,Yes,No,No internet service,No internet service,No internet service,No internet service,No internet service,No internet service,Month-to-month,No,Bank transfer (automatic),48.39,919.49,No
CUST-02291,Female,0,No,No,61,Yes,No,Fiber optic,Yes,No,Yes,Yes,No,Yes,Month-to-month,Yes,Mailed check,109.88,6687.86,Yes
CUST-02292,Female,0,No,No,24,Yes,No,DSL,Yes,No,Yes,Yes,No,No,Two year,Yes,Mailed check,79.42,1910.62,Yes
CUST-02293,Male,0,Yes,No,36,Yes,Yes,DSL,No,No,No,No,No,Yes,Two year,No,Bank transfer (automatic),80.7,2908.85,No
CUST-02294,Female,1,Yes,Yes,54,Yes,No,Fiber optic,Yes,No,No,No,Yes,No,One year,Yes,Electronic check,98.08,5316.06,Yes
CUST-02295,Female,0,No,No,12,Yes,Yes,No,No internet service,No internet service,No internet service,No internet service,No internet service,No internet service,One year,Yes,Electronic check,45.03,522.4,No
CUST-02296,Female,0,No,No,41,No,No phone service,Fiber optic,No,Yes,No,No,Yes,No,Month-to-month,No,Electronic check,83.25,3402.51,Yes
CUST-02297,Male,0,No,No,41,Yes,No,DSL,Yes,Yes,No,Yes,No,Yes,One year,Yes,Mailed check,92.39,3817.14,Yes
CUST-02298,Male,0,No,No,63,Yes,No,No,No internet service,No internet service,No internet service,No internet service,No internet service,No internet service,Two year,Yes,Mailed check,36.96,2331.35,No
CUST-02299,Male,0,Yes,Yes,24,Yes,No,Fiber optic,No,Yes,Yes,Yes,Yes,No,One year,Yes,Electronic check,112.23,2697.31,Yes
CUST-02300,Female,0,No,No,72,Yes,Yes,Fiber optic,No,No,No,No,Yes,Yes,One year,No,Electronic check,116.08,8372.25,Yes
CUST-02301,Male,0,No,No,14,Yes,No,No,No internet service,No internet service,No internet service,No internet service,No internet service,No internet service,Month-to-month,No,Electronic check,32.37,480.37,No
CUST-02302,Male,1,Yes,No,39,Yes,Yes,No,No internet service,No internet service,No internet service,No internet service,No internet service,No internet service,Two year,Yes,Electronic check,41.72,1609.65,No
CUST-02303,Male,0,No,No,66,Yes,Yes,No,No internet service,No internet service,No internet service,No internet service,No internet service,No internet service,Two year,Yes,Electronic check,45.19,3015.27,No
CUST-02304,Male,0,Yes,No,65,Yes,Yes,No,No internet service,No internet service,No internet service,No internet service,No internet service,No internet service,Two year,No,Mailed check,45.49,2956.2,No
CUST-02305,Male,0,Yes,No,53,Yes,No,Fiber optic,No,Yes,No,Yes,No,No,Month-to-month,Yes,Electronic check,93.2,4943.56,Yes
CUST-02306,Male,0,Yes,Yes,69,Yes,No,Fiber optic,Yes,No,No,Yes,No,Yes,Two year,No,Credit card (automatic),105.98,7313.52,No
CUST-02307,Female,0,Yes,Yes,71,Yes,No,Fiber optic,Yes,Yes,Yes,No,Yes,No,Two year,Yes,Mailed check,111.61,7946.78,No
CUST-02308,Female,0,Yes,No,23,Yes,No,No,No internet service,No internet service,No internet service,No internet service,No internet service,No internet service,One year,Yes,Bank transfer (automatic),36.01,842.61,No
CUST-02309,Male,0,Yes,Yes,34,Yes,Yes,Fiber optic,No,No,No,No,Yes,No,One year,No,Electronic check,101.51,3449.17,No
CUST-02310,Male,0,No,No,43,Yes,Yes,DSL,No,No,Yes,No,No,No,Two year,Yes,Mailed check,76.3,3264.0,Yes
CUST-02311,Female,0,Yes,No,72,Yes,No,Fiber optic,No,No,No,No,Yes,Yes,Month-to-month,Yes,Bank transfer (automatic),105.14,7566.44,Yes
CUST-02312,Female,1,Yes,No,66,Yes,No,Fiber optic,Yes,Yes,Yes,No,No,Yes,One year,Yes,Electronic check,108.16,7118.5,No
CUST-02313,Male,0,Yes,Yes,47,Yes,Yes,DSL,Yes,No,No,Yes,No,No,Two year,Yes,Electronic check,82.79,3904.5,No
CUST-02314,Male,1,No,No,10,Yes,Yes,Fiber optic,No,No,Yes,No,Yes,No,Month-to-month,No,Credit card (automatic),109.39,1083.72,Yes
CUST-02315,Male,1,Yes,No,21,Yes,No,DSL,No,No,No,Yes,No,Yes,Two year,No,Credit card (automatic),77.41,1624.07,No
CUST-02316,Male,0,Yes,Yes,61,Yes,No,DSL,Yes,No,No,No,No,Yes,Month-to-month,Yes,Mailed check,76.36,4675.56,Yes
CUST-02317,Female,0,No,No,53,Yes,No,DSL,No,Yes,Yes,Yes,No,No,One year,Yes,Credit card (automatic),78.18,4155.65,No
CUST-02318,Male,0,No,No,33,No,No phone service,Fiber optic,No,Yes,No,Yes,Yes,Yes,Two year,Yes,Bank transfer (automatic),104.38,3450.29,No
CUST-02319,Male,0,No,No,68,Yes,Yes,DSL,No,No,No,No,No,Yes,Month-to-month,No,Electronic check,80.37,5453.23,Yes
CUST-02320,Male,0,No,No,28,Yes,No,Fiber optic,No,Yes,Yes,No,Yes,No,Month-to-month,No,Mailed check,105.19,2952.6,Yes
CUST-02321,Male,0,Yes,Yes,35,Yes,Yes,No,No internet service,No internet service,No internet service,No internet service,No internet service,No internet service,Month-to-month,No,Bank transfer (automatic),44.47,1544.52,No
CUST-02322,Female,1,No,No,14,No,No phone service,No,No internet service,No internet service,No internet service,No internet service,No internet service,No internet service,One year,Yes,Mailed check,22.67,324.8,No
CUST-02323,Female,0,Yes,Yes,1,Yes,No,No,No internet service,No internet service,No internet service,No internet service,No internet service,No internet service,Month-to-month,No,Credit card (automatic),35.19,35.19,Yes
CUST-02324,Female,0,Yes,No,12,Yes,Yes,Fiber optic,No,Yes,Yes,No,Yes,Yes,Month-to-month,No,Electronic check,127.6,1549.31,Yes
CUST-02325,Male,0,Yes,Yes,35,Yes,No,No,No internet service,No internet service,No internet service,No internet service,No internet service,No internet service,Two year,No,Electronic check,35.69,1252.14,No
CUST-02326,Male,1,No,No,72,Yes,No,Fiber optic,No,No,No,No,No,Yes,One year,Yes,Bank transfer (automatic),91.32,6574.85,Yes
CUST-02327,Female,0,Yes,No,63,Yes,No,No,No internet service,No internet service,No internet service,No internet service,No internet service,No internet service,Two year,Yes,Bank transfer (automatic),34.98,2209.61,No
CUST-02328,Male,1,No,Yes,54,No,No phone service,DSL,No,Yes,No,No,No,No,One year,Yes,Bank transfer (automatic),51.01,2752.81,No
CUST-02329,Male,0,No,No,62,Yes,No,DSL,Yes,Yes,No,Yes,Yes,Yes,Month-to-month,Yes,Electronic check,103.31,6406.24,Yes
CUST-02330,Female,0,Yes,Yes,14,Yes,No,DSL,Yes,Yes,Yes,Yes,No,No,One year,Yes,Bank transfer (automatic),87.33,1241.99,Yes
CUST-02331,Female,0,No,No,39,Yes,Yes,No,No internet service,No internet service,No internet service,No internet service,No internet service,No internet service,Month-to-month,No,Electronic check,48.77,1917.89,Yes
CUST-02332,Female,0,No,No,54,Yes,No,Fiber optic,No,Yes,Yes,Yes,No,Yes,One year,No,Bank transfer (automatic),112.17,6067.87,No
CUST-02333,Female,0,No,No,66,Yes,No,Fiber optic,Yes,No,No,Yes,Yes,Yes,Two year,Yes,Bank transfer (automatic),119.07,7862.4,No
CUST-02334,Male,0,Yes,No,34,Yes,No,Fiber optic,No,No,Yes,Yes,Yes,Yes,One year,No,Mailed check,118.79,4034.11,No
CUST-02335,Male,0,No,No,25,No,No phone service,No,No internet service,No internet service,No internet service,No internet service,No internet service,No internet service,One year,Yes,Mailed check,18.5,478.59,Yes
CUST-02336,Female,0,Yes,Yes,10,Yes,No,No,No internet service,No internet service,No internet service,No internet service,No internet service,No internet service,Month-to-month,No,Bank transfer (automatic),35.74,343.74,Yes
CUST-02337,Male,0,No,No,18,Yes,No,Fiber optic,Yes,No,Yes,No,Yes,No,One year,Yes,Electronic check,104.66,1910.64,Yes
CUST-02338,Female,1,No,No,58,Yes,No,Fiber optic,Yes,Yes,No,No,No,No,Month-to-month,No,Credit card (automatic),90.13,5238.21,Yes
CUST-02339,Female,0,Yes,No,35,Yes,Yes,DSL,No,No,Yes,Yes,No,No,One year,Yes,Electronic check,81.32,2863.93,No
CUST-02340,Male,0,No,No,6,Yes,No,Fiber optic,No,No,Yes,No,Yes,No,Month-to-month,Yes,Mailed check,98.64,598.86,Yes
CUST-02341,Female,0,No,Yes,23,Yes,No,No,No internet service,No internet service,No internet service,No internet service,No internet service,No internet service,One year,Yes,Mailed check,37.47,859.97,No
CUST-02342,Male,0,No,No,41,Yes,No,No,No internet service,No internet service,No internet service,No internet service,No internet service,No internet service,Month-to-month,Yes,Bank transfer (automatic),34.45,1426.68,Yes
CUST-02343,Male,0,Yes,Yes,28,Yes,No,Fiber optic,Yes,Yes,No,Yes,No,No,Month-to-month,Yes,Electronic check,99.5,2764.89,Yes
CUST-02344,Male,0,Yes,No,41,Yes,Yes,DSL,Yes,Yes,No,No,Yes,Yes,Two year,No,Electronic check,109.46,4479.03,No
CUST-02345,Male,0,No,No,3,Yes,No,DSL,Yes,No,Yes,No,Yes,Yes,One year,No,Bank transfer (automatic),97.34,289.15,Yes
CUST-02346,Female,0,No,No,4,Yes,No,DSL,No,No,No,No,No,No,Month-to-month,No,Mailed check,58.18,212.01,Yes
CUST-02347,Male,0,No,No,35,Yes,Yes,Fiber optic,No,Yes,No,No,Yes,No,One year,Yes,Electronic check,106.93,3752.11,Yes
CUST-02348,Female,0,Yes,No,39,Yes,No,Fiber optic,No,Yes,No,No,No,No,Month-to-month,No,Bank transfer (automatic),89.27,3500.52,Yes
CUST-02349,Female,0,Yes,Yes,41,Yes,No,No,No internet service,No internet service,No internet service,No internet service,No internet service,No internet service,One year,No,Electronic check,34.01,1368.78,Yes
CUST-02350,Female,0,No,No,12,No,No phone service,Fiber optic,Yes,No,No,No,No,No,Two year,No,Bank transfer (automatic),70.2,836.17,No
CUST-02351,Female,0,No,Yes,14,Yes,No,DSL,No,Yes,Yes,No,Yes,Yes,Two year,Yes,Mailed check,97.01,1355.6,No
CUST-02352,Male,0,Yes,No,43,Yes,Yes,DSL,Yes,No,Yes,No,Yes,Yes,One year,Yes,Electronic check,105.6,4545.64,No
CUST-02353,Male,0,No,Yes,2,Yes,Yes,No,No internet service,No internet service,No internet service,No internet service,No internet service,No internet service,Month-to-month,Yes,Mailed check,45.67,104.16,Yes
CUST-02354,Female,1,No,No,1,Yes,Yes,Fiber optic,Yes,No,Yes,No,Yes,Yes,Month-to-month,Yes,Electronic check,126.43,126.43,Yes
CUST-02355,Female,0,Yes,Yes,12,Yes,Yes,Fiber optic,No,No,No,No,Yes,Yes,Month-to-month,No,Bank transfer (automatic),113.78,1379.47,Yes
CUST-02356,Male,0,Yes,Yes,57,Yes,Yes,Fiber optic,No,Yes,Yes,No,No,Yes,Month-to-month,No,Bank transfer (automatic),115.81,6602.5,Yes
CUST-02357,Female,0,Yes,No,59,Yes,Yes,DSL,No,No,No,Yes,No,Yes,One year,No,Mailed check,88.09,5188.27,No
CUST-02358,Male,0,No,No,14,Yes,No,DSL,Yes,No,Yes,No,Yes,Yes,Month-to-month,Yes,Electronic check,96.18,1349.98,Yes
CUST-02359,Female,0,Yes,Yes,40,Yes,No,Fiber optic,No,Yes,No,No,No,Yes,One year,Yes,Credit card (automatic),97.13,3866.25,Yes
CUST-02360,Male,0,Yes,Yes,25,Yes,Yes,Fiber optic,No,No,Yes,Yes,Yes,No,Two year,Yes,Bank transfer (automatic),118.46,2957.68,No
CUST-02361,Female,0,No,No,65,Yes,Yes,Fiber optic,No,Yes,No,Yes,No,Yes,One year,No,Bank transfer (automatic),115.74,7520.47,No
CUST-02362,Female,0,Yes,Yes,52,Yes,No,Fiber optic,Yes,Yes,No,Yes,No,No,Month-to-month,Yes,Electronic check,102.88,5340.69,Yes
CUST-02363,Male,0,Yes,No,33,Yes,No,No,No internet service,No internet service,No internet service,No internet service,No internet service,No internet service,One year,Yes,Bank transfer (automatic),34.37,1172.2,No
CUST-02364,Female,0,Yes,Yes,53,Yes,Yes,No,No internet service,No internet service,No internet service,No internet service,No internet service,No internet service,Two year,Yes,Mailed check,45.16,2413.0,No
CUST-02365,Female,0,No,Yes,17,Yes,No,Fiber optic,No,No,No,Yes,No,No,Month-to-month,Yes,Mailed check,89.63,1526.71,No
CUST-02366,Male,0,No,No,26,Yes,No,Fiber optic,Yes,No,Yes,No,No,No,One year,Yes,Credit card (automatic),90.57,2361.23,Yes
CUST-02367,Female,0,Yes,No,36,Yes,Yes,Fiber optic,No,Yes,Yes,Yes,No,No,Two year,No,Electronic check,112.26,4049.11,Yes
CUST-02368,Male,0,No,No,21,No,No phone service,DSL,No,No,Yes,No,Yes,No,Month-to-month,Yes,Electronic check,63.04,1333.21,No
CUST-02369,Male,0,No,No,3,Yes,No,No,No internet service,No internet service,No internet service,No internet service,No internet service,No internet service,Month-to-month,No,Mailed check,35.62,130.29,Yes
CUST-02370,Female,0,Yes,No,58,Yes,No,Fiber optic,No,No,No,Yes,Yes,No,One year,No,Electronic check,100.82,5861.47,No
CUST-02371,Female,0,Yes,Yes,40,Yes,Yes,No,No internet service,No internet service,No internet service,No internet service,No internet service,No internet service,Two year,Yes,Mailed check,44.89,1765.81,Yes
CUST-02372,Female,0,Yes,Yes,10,Yes,No,No,No internet service,No internet service,No internet service,No internet service,No internet service,No internet service,Month-to-month,No,Mailed check,33.79,350.4,No
CUST-02373,Female,0,Yes,Yes,29,Yes,Yes,Fiber optic,No,No,No,No,Yes,Yes,Two year,Yes,Bank transfer (automatic),114.14,3297.51,Yes
CUST-02374,Female,0,No,No,11,Yes,Yes,DSL,No,Yes,Yes,No,No,No,Month-to-month,No,Bank transfer (automatic),78.98,860.47,Yes
CUST-02375,Female,0,No,Yes,71,Yes,Yes,Fiber optic,No,No,No,No,Yes,Yes,Two year,No,Bank transfer (automatic),112.03,7968.85,No
CUST-02376,Female,0,Yes,No,70,Yes,Yes,Fiber optic,No,Yes,Yes,No,Yes,No,One year,No,Mailed check,113.79,7937.35,No
CUST-02377,Male,0,Yes,Yes,2,Yes,No,No,No internet service,No internet service,No internet service,No internet service,No internet service,No internet service,One year,Yes,Mailed check,37.32,100.33,No
CUST-02378,Female,1,Yes,No,66,Yes,No,DSL,Yes,Yes,Yes,Yes,Yes,No,Two year,No,Bank transfer (automatic),100.28,6630.74,No
CUST-02379,Male,0,No,No,3,Yes,Yes,Fiber optic,No,Yes,Yes,No,Yes,No,Month-to-month,No,Electronic check,115.47,351.42,Yes
CUST-02380,Female,0,Yes,No,66,Yes,No,No,No internet service,No internet service,No internet service,No internet service,No internet service,No internet service,Month-to-month,No,Credit card (automatic),32.69,2170.05,No
CUST-02381,Female,0,No,Yes,18,Yes,No,No,No internet service,No internet service,No internet service,No internet service,No internet service,No internet service,One year,Yes,Mailed check,35.45,655.33,No
CUST-02382,Male,0,Yes,No,48,Yes,Yes,DSL,Yes,Yes,No,Yes,No,Yes,Month-to-month,Yes,Credit card (automatic),100.71,4837.42,Yes
CUST-02383,Female,0,No,No,44,Yes,Yes,No,No internet service,No internet service,No internet service,No internet service,No internet service,No internet service,Two year,Yes,Credit card (automatic),44.9,1987.21,No
CUST-02384,Female,0,No,No,62,No,No phone service,DSL,Yes,No,No,No,No,No,One year,No,Mailed check,52.43,3235.96,No
CUST-02385,Male,1,Yes,Yes,2,Yes,Yes,No,No internet service,No internet service,No internet service,No internet service,No internet service,No internet service,Month-to-month,Yes,Electronic check,45.99,104.16,Yes
CUST-02386,Female,0,No,No,42,Yes,Yes,DSL,No,No,No,Yes,No,Yes,Month-to-month,No,Credit card (automatic),91.92,3869.76,Yes
CUST-02387,Female,1,No,Yes,13,Yes,Yes,No,No internet service,No internet service,No internet service,No internet service,No internet service,No internet service,Month-to-month,Yes,Electronic check,42.89, ,Yes
CUST-02388,Female,0,Yes,Yes,30,Yes,Yes,Fiber optic,No,Yes,Yes,No,No,Yes,Month-to-month,Yes,Mailed check,112.47,3376.71,No
CUST-02389,Male,0,No,No,49,Yes,No,Fiber optic,No,No,No,No,Yes,Yes,Two year,Yes,Credit card (automatic),106.26,5211.34,Yes
CUST-02390,Female,0,Yes,Yes,43,Yes,No,DSL,No,No,No,Yes,Yes,No,Month-to-month,No,Credit card (automatic),82.28,3524.19,Yes
CUST-02391,Female,0,No,No,53,Yes,Yes,DSL,Yes,Yes,No,Yes,Yes,No,One year,Yes,Electronic check,101.98,5404.93,Yes
CUST-02392,Female,0,Yes,No,62,Yes,No,Fiber optic,No,No,Yes,Yes,No,Yes,Month-to-month,Yes,Electronic check,105.96,6578.69,No
CUST-02393,Female,0,No,No,34,Yes,Yes,No,No internet service,No internet service,No internet service,No internet service,No internet service,No internet service,Two year,Yes,Electronic check,46.76,1600.43,No
CUST-02394,Male,0,No,No,60,Yes,Yes,Fiber optic,No,No,Yes,No,No,No,Two year,No,Mailed check,96.8,5833.7,No
CUST-02395,Male,1,No,No,11,Yes,Yes,No,No internet service,No internet service,No internet service,No internet service,No internet service,No internet service,Month-to-month,No,Mailed check,45.91,511.93,Yes
CUST-02396,Female,1,No,No,69,Yes,Yes,No,No internet service,No internet service,No internet service,No internet service,No internet service,No internet service,Two year,Yes,Electronic check,43.61,3007.7,No
CUST-02397,Female,0,No,No,49,Yes,Yes,No,No internet service,No internet service,No internet service,No internet service,No internet service,No internet service,Two year,Yes,Electronic check,46.72,2297.63,No
CUST-02398,Male,0,Yes,Yes,57,Yes,No,Fiber optic,No,Yes,No,Yes,Yes,Yes,Two year,Yes,Mailed check,117.7,6700.54,No
CUST-02399,Male,0,No,Yes,54,Yes,No,DSL,Yes,No,Yes,No,Yes,No,One year,Yes,Electronic check,81.91,4443.02,No
CUST-02400,Female,0,No,No,26,No,No phone service,No,No internet service,No internet service,No internet service,No internet service,No internet service,No internet service,Month-to-month,No,Credit card (automatic),18.83,479.18,No
CUST-02401,Male,0,No,No,43,Yes,No,DSL,No,Yes,No,Yes,Yes,No,Two year,No,Bank transfer (automatic),85.1,3653.22,No
CUST-02402,Female,0,No,No,34,Yes,No,No,No internet service,No internet service,No internet service,No internet service,No internet service,No internet service,Month-to-month,Yes,Credit card (automatic),37.22,1249.35,Yes
CUST-02403,Male,0,No,No,69,No,No phone service,Fiber optic,Yes,No,Yes,Yes,Yes,No,One year,Yes,Credit card (automatic),95.96,6622.48,Yes
CUST-02404,Male,0,No,No,46,Yes,No,DSL,Yes,No,No,No,No,No,One year,Yes,Mailed check,66.58,3072.36,No
CUST-02405,Male,1,Yes,No,41,Yes,Yes,DSL,Yes,Yes,Yes,Yes,Yes,No,Month-to-month,No,Mailed check,104.83,4322.83,Yes
CUST-02406,Male,0,Yes,Yes,41,Yes,No,Fiber optic,Yes,Yes,No,No,Yes,No,Month-to-month,Yes,Credit card (automatic),105.41,4320.95,Yes
CUST-02407,Female,1,Yes,Yes,21,Yes,No,DSL,Yes,No,No,Yes,Yes,No,Month-to-month,Yes,Credit card (automatic),84.81,1777.64,No
CUST-02408,Male,0,Yes,Yes,13,Yes,No,No,No internet service,No internet service,No internet service,No internet service,No internet service,No internet service,One year,Yes,Credit card (automatic),35.59,422.64,No
CUST-02409,Male,0,No,No,60,Yes,No,DSL,No,Yes,No,No,No,Yes,Month-to-month,Yes,Bank transfer (automatic),78.59,4718.75,No
CUST-02410,Female,0,Yes,No,69,Yes,No,DSL,Yes,Yes,Yes,Yes,Yes,Yes,Month-to-month,No,Mailed check,110.95,7655.96,Yes
CUST-02411,Male,0,Yes,No,56,Yes,No,DSL,Yes,No,No,Yes,Yes,Yes,Two year,Yes,Credit card (automatic),98.5,5516.24,No
CUST-02412,Male,0,No,No,54,No,No phone service,DSL,No,Yes,Yes,Yes,No,Yes,One year,No,Credit card (automatic),79.87,4335.57,No
CUST-02413,Female,0,Yes,Yes,8,Yes,Yes,Fiber optic,No,Yes,Yes,No,Yes,Yes,One year,No,Mailed check,126.31,1018.67,Yes
CUST-02414,Male,0,Yes,No,21,Yes,No,Fiber optic,No,Yes,No,Yes,No,No,Month-to-month,Yes,Electronic check,97.37,2038.53,Yes
CUST-02415,Female,0,Yes,Yes,44,No,No phone service,DSL,Yes,No,No,Yes,Yes,Yes,Two year,Yes,Electronic check,83.96,3680.65,No
CUST-02416,Female,0,Yes,Yes,12,Yes,No,DSL,Yes,Yes,No,No,No,Yes,Month-to-month,Yes,Mailed check,84.41,995.56,Yes
CUST-02417,Female,0,No,No,71,Yes,No,DSL,No,Yes,No,Yes,Yes,No,Month-to-month,No,Electronic check,87.34,6194.46,No
CUST-02418,Female,0,No,No,38,Yes,Yes,Fiber optic,No,Yes,Yes,Yes,No,Yes,Two year,No,Electronic check,122.3,4653.01,No
CUST-02419,Male,0,No,No,58,Yes,Yes,Fiber optic,Yes,No,No,Yes,No,Yes,Two year,No,Electronic check,116.67,6735.21,No
CUST-02420,Female,0,Yes,Yes,69,Yes,Yes,DSL,Yes,No,Yes,No,No,Yes,Two year,No,Electronic check,94.52,6519.85,No
CUST-02421,Male,0,No,No,1,Yes,Yes,DSL,Yes,No,No,No,Yes,Yes,Month-to-month,No,Bank transfer (automatic),100.37,112.4,Yes
CUST-02422,Male,1,Yes,Yes,4,Yes,No,Fiber optic,Yes,Yes,No,No,No,No,Month-to-month,No,Electronic check,95.18,365.19,Yes
CUST-02423,Male,0,Yes,Yes,20,Yes,No,DSL,Yes,No,No,No,No,No,One year,No,Credit card (automatic),69.41,1385.53,Yes
CUST-02424,Male,0,Yes,Yes,3,Yes,No,Fiber optic,No,No,No,No,No,Yes,Month-to-month,Yes,Electronic check,92.49,262.6,Yes
CUST-02425,Male,0,Yes,No,13,Yes,Yes,No,No internet service,No internet service,No internet service,No internet service,No internet service,No internet service,Month-to-month,Yes,Bank transfer (automatic),46.89,568.95,No
CUST-02426,Male,0,Yes,No,1,Yes,No,DSL,No,Yes,No,No,No,No,Month-to-month,No,Credit card (automatic),67.8,67.8,Yes
CUST-02427,Male,0,Yes,Yes,3,Yes,Yes,DSL,No,No,No,Yes,No,No,Month-to-month,Yes,Credit card (automatic),79.64,222.97,Yes
CUST-02428,Male,0,No,No,27,Yes,No,DSL,Yes,No,No,No,No,No,One year,No,Credit card (automatic),66.82,1815.77,Yes
CUST-02429,Male,0,Yes,Yes,44,Yes,No,Fiber optic,Yes,Yes,No,No,Yes,No,One year,Yes,Electronic check,105.0,4627.21,Yes
CUST-02430,Male,0,Yes,No,23,Yes,No,DSL,Yes,No,No,No,Yes,No,One year,Yes,Credit card (automatic),78.86,1798.15,No
CUST-02431,Female,0,Yes,No,51,Yes,Yes,Fiber optic,Yes,Yes,No,No,No,Yes,Month-to-month,No,Electronic check,112.92,5778.31,Yes
CUST-02432,Female,0,No,No,22,Yes,No,No,No internet service,No internet service,No internet service,No internet service,No internet service,No internet service,One year,Yes,Credit card (automatic),34.9,778.68,No
CUST-02433,Female,0,Yes,No,9,Yes,Yes,DSL,Yes,Yes,No,No,Yes,Yes,Month-to-month,No,Mailed check,104.2,933.95,Yes
CUST-02434,Male,1,No,No,30,Yes,No,Fiber optic,Yes,Yes,No,No,No,Yes,Month-to-month,Yes,Electronic check,104.86,3150.75,Yes
CUST-02435,Female,0,No,No,57,Yes,No,Fiber optic,No,Yes,Yes,No,Yes,No,Month-to-month,No,Bank transfer (automatic),104.65,5950.87,No
CUST-02436,Female,0,Yes,No,40,Yes,No,DSL,No,Yes,Yes,Yes,Yes,Yes,Month-to-month,Yes,Bank transfer (automatic),105.05,4165.07,Yes
CUST-02437,Female,0,Yes,Yes,62,Yes,No,DSL,No,Yes,No,No,Yes,Yes,Month-to-month,Yes,Electronic check,88.84,5509.44,No
CUST-02438,Male,0,Yes,Yes,39,Yes,No,Fiber optic,No,No,Yes,No,Yes,Yes,Month-to-month,No,Credit card (automatic),111.45,4326.09,Yes
CUST-02439,Male,1,No,No,25,No,No phone service,DSL,Yes,No,No,No,Yes,No,Month-to-month,Yes,Electronic check,63.71,1589.35,No
CUST-02440,Male,0,Yes,Yes,14,Yes,No,No,No internet service,No internet service,No internet service,No internet service,No internet service,No internet service,Month-to-month,Yes,Electronic check,38.35,543.07,Yes
CUST-02441,Male,1,Yes,No,56,Yes,No,DSL,Yes,Yes,No,Yes,No,No,Two year,Yes,Credit card (automatic),81.21,4518.61,No
CUST-02442,Female,1,Yes,No,66,Yes,Yes,Fiber optic,No,No,Yes,Yes,Yes,Yes,Month-to-month,Yes,Electronic check,127.1,8391.7,Yes
CUST-02443,Female,0,No,No,44,Yes,No,Fiber optic,Yes,Yes,Yes,No,Yes,Yes,Two year,No,Electronic check,119.97,5291.08,Yes
CUST-02444,Female,0,Yes,Yes,4,Yes,No,DSL,No,No,Yes,Yes,No,No,Month-to-month,Yes,Credit card (automatic),74.33,266.14,Yes
CUST-02445,Female,0,Yes,Yes,59,No,No phone service,DSL,No,No,No,No,No,No,One year,Yes,Mailed check,43.46,2574.72,Yes
CUST-02446,Male,1,No,No,18,Yes,Yes,DSL,Yes,No,Yes,No,Yes,No,Month-to-month,No,Mailed check,92.9,1700.68,No
CUST-02447,Male,0,No,No,9,Yes,Yes,No,No internet service,No internet service,No internet service,No internet service,No internet service,No internet service,Month-to-month,Yes,Mailed check,43.55,388.12,Yes
CUST-02448,Male,0,No,No,50,Yes,No,Fiber optic,No,Yes,Yes,Yes,No,No,Two year,Yes,Bank transfer (automatic),99.13,4967.61,No
CUST-02449,Female,0,Yes,No,17,Yes,Yes,DSL,No,No,No,No,No,Yes,Month-to-month,Yes,Credit card (automatic),84.18,1415.99,No
CUST-02450,Male,0,No,No,39,Yes,Yes,Fiber optic,Yes,No,Yes,Yes,No,No,One year,Yes,Bank transfer (automatic),108.55,4247.25,Yes
CUST-02451,Male,0,No,No,24,Yes,No,Fiber optic,No,Yes,No,No,No,Yes,One year,No,Bank transfer (automatic),97.36,2344.29,Yes
CUST-02452,Female,0,Yes,No,35,Yes,No,No,No internet service,No internet service,No internet service,No internet service,No internet service,No internet service,Month-to-month,No,Electronic check,32.85,1153.02,Yes
CUST-02453,Female,1,No,Yes,42,Yes,No,Fiber optic,No,No,No,No,No,No,Two year,No,Mailed check,77.44,3254.89,No
CUST-02454,Male,0,Yes,No,64,Yes,No,No,No internet service,No internet service,No internet service,No internet service,No internet service,No internet service,Two year,No,Bank transfer (automatic),34.58,2219.04,No
CUST-02455,Male,1,No,Yes,60,Yes,Yes,Fiber optic,No,No,No,No,No,No,One year,No,Bank transfer (automatic),90.31,5417.64,No
CUST-02456,Male,0,Yes,Yes,44,Yes,No,No,No internet service,No internet service,No internet service,No internet service,No internet service,No internet service,Two year,No,Electronic check,33.27,1449.29,No
CUST-02457,Male,0,No,No,70,Yes,No,DSL,No,No,No,Yes,Yes,No,One year,No,Credit card (automatic),77.72,5438.18,No
CUST-02458,Male,0,Yes,Yes,26,Yes,Yes,DSL,No,Yes,No,Yes,Yes,Yes,One year,Yes,Electronic check,105.19,2734.22,No
CUST-02459,Male,0,No,No,60,Yes,Yes,No,No internet service,No internet service,No internet service,No internet service,No internet service,No internet service,Two year,Yes,Electronic check,45.22,2695.59,No
CUST-02460,Female,0,Yes,Yes,38,Yes,Yes,No,No internet service,No internet service,No internet service,No internet service,No internet service,No internet service,One year,Yes,Electronic check,46.4,1761.54,No
CUST-02461,Female,0,No,Yes,33,Yes,Yes,DSL,No,No,No,No,Yes,No,One year,Yes,Bank transfer (automatic),79.86,2634.45,No
CUST-02462,Female,0,No,No,60,Yes,Yes,Fiber optic,No,Yes,No,No,Yes,No,Two year,Yes,Electronic check,107.03,6413.99,No
CUST-02463,Male,1,Yes,No,11,Yes,Yes,Fiber optic,No,Yes,No,Yes,Yes,Yes,Month-to-month,No,Credit card (automatic),129.62,1431.1,Yes
CUST-02464,Female,0,No,No,54,Yes,No,DSL,Yes,No,Yes,No,Yes,No,Two year,Yes,Credit card (automatic),83.68,4527.56,No
CUST-02465,Male,0,No,No,19,Yes,No,DSL,Yes,Yes,Yes,No,No,Yes,Month-to-month,Yes,Electronic check,89.85,1697.19,No
CUST-02466,Male,0,Yes,Yes,13,Yes,No,DSL,Yes,Yes,No,Yes,No,Yes,One year,Yes,Mailed check,92.57,1205.65,No
CUST-02467,Female,0,Yes,Yes,47,Yes,No,Fiber optic,No,No,Yes,Yes,No,No,Month-to-month,Yes,Electronic check,93.34,4400.62,Yes
CUST-02468,Male,0,No,No,30,Yes,No,DSL,Yes,Yes,Yes,No,Yes,Yes,Month-to-month,Yes,Mailed check,100.83,3009.74,Yes
CUST-02469,Male,1,Yes,No,54,Yes,Yes,DSL,No,No,Yes,No,No,No,One year,Yes,Mailed check,76.46,4103.89,No
CUST-02470,Female,1,Yes,No,58,Yes,No,No,No internet service,No internet service,No internet service,No internet service,No internet service,No internet service,One year,Yes,Credit card (automatic),32.93,1895.82,No
CUST-02471,Female,1,Yes,No,28,Yes,No,DSL,Yes,No,Yes,No,No,Yes,Month-to-month,Yes,Electronic check,81.58,2292.14,No
CUST-02472,Female,1,Yes,No,38,Yes,Yes,Fiber optic,No,No,Yes,Yes,Yes,Yes,Two year,No,Credit card (automatic),126.96,4817.63,No
CUST-02473,Male,0,Yes,Yes,40,Yes,No,No,No internet service,No internet service,No internet service,No internet service,No internet service,No internet service,One year,No,Credit card (automatic),36.07,1424.22,No
CUST-02474,Female,0,Yes,Yes,71,Yes,Yes,DSL,No,No,Yes,No,Yes,No,One year,Yes,Bank transfer (automatic),89.74,6390.58,No
CUST-02475,Female,0,No,No,61,Yes,Yes,DSL,No,No,Yes,No,No,Yes,One year,No,Mailed check,87.29,5306.98,Yes
CUST-02476,Male,0,No,No,6,Yes,Yes,Fiber optic,Yes,No,No,No,Yes,Yes,Month-to-month,No,Mailed check,121.25,724.94,Yes
CUST-02477,Female,0,Yes,Yes,38,Yes,Yes,Fiber optic,Yes,Yes,Yes,No,No,Yes,Two year,Yes,Electronic check,122.07,4649.71,Yes
CUST-02478,Female,0,No,No,18,Yes,Yes,Fiber optic,No,Yes,Yes,No,No,Yes,One year,Yes,Bank transfer (automatic),114.06,2063.13,No
CUST-02479,Female,0,No,No,11,Yes,Yes,Fiber optic,No,No,No,Yes,Yes,No,Month-to-month,No,Mailed check,110.95,1226.71,Yes
CUST-02480,Male,0,No,No,62,Yes,Yes,No,No internet service,No internet service,No internet service,No internet service,No internet service,No internet service,Month-to-month,Yes,Electronic check,47.8,2953.58,No
CUST-02481,Male,0,Yes,No,68,Yes,Yes,DSL,Yes,Yes,Yes,Yes,No,No,One year,Yes,Mailed check,94.94,6464.29,No
CUST-02482,Male,0,Yes,No,68,Yes,No,Fiber optic,No,Yes,No,Yes,No,Yes,Two year,Yes,Electronic check,105.64,7183.74,No
CUST-02483,Male,0,No,Yes,21,Yes,No,DSL,Yes,Yes,No,No,No,Yes,Month-to-month,Yes,Bank transfer (automatic),86.4,1820.5,Yes
CUST-02484,Female,0,No,No,59,Yes,Yes,Fiber optic,Yes,No,No,No,Yes,Yes,Month-to-month,Yes,Bank transfer (automatic),118.59,7017.37,Yes
CUST-02485,Male,0,No,No,53,Yes,Yes,DSL,Yes,Yes,No,No,No,No,Month-to-month,Yes,Mailed check,82.23,4340.28,No
CUST-02486,Male,0,No,No,68,Yes,Yes,Fiber optic,Yes,No,No,No,No,No,Two year,Yes,Electronic check,95.06,6469.86,No
CUST-02487,Female,0,Yes,Yes,12,Yes,No,No,No internet service,No internet service,No internet service,No internet service,No internet service,No internet service,One year,No,Credit card (automatic),37.05,446.73,Yes
CUST-02488,Female,0,No,No,12,Yes,No,DSL,Yes,Yes,No,No,Yes,Yes,Two year,No,Bank transfer (automatic),94.22,1144.81,No
CUST-02489,Female,0,Yes,Yes,72,Yes,No,DSL,Yes,Yes,No,No,Yes,Yes,Two year,No,Bank transfer (automatic),95.9,6931.47,No
CUST-02490,Male,0,Yes,No,40,Yes,Yes,Fiber optic,No,Yes,No,Yes,Yes,No,Two year,Yes,Bank transfer (automatic),114.43,4603.41,Yes
CUST-02491,Male,0,No,Yes,30,Yes,Yes,DSL,Yes,No,No,Yes,No,No,Month-to-month,Yes,Electronic check,81.8,2466.53,No
CUST-02492,Male,0,Yes,Yes,59,Yes,No,Fiber optic,No,Yes,No,No,No,Yes,One year,Yes,Electronic check,95.15,5604.87,No
CUST-02493,Female,0,Yes,Yes,19,Yes,Yes,No,No internet service,No internet service,No internet service,No internet service,No internet service,No internet service,One year,Yes,Mailed check,44.75,843.92,No
CUST-02494,Female,0,No,No,52,Yes,No,No,No internet service,No internet service,No internet service,No internet service,No internet service,No internet service,One year,Yes,Credit card (automatic),35.73,1868.78,No
CUST-02495,Male,0,Yes,Yes,43,Yes,No,Fiber optic,No,Yes,Yes,No,No,No,Month-to-month,Yes,Mailed check,92.03,3937.99,Yes
CUST-02496,Female,0,No,No,6,Yes,No,Fiber optic,Yes,No,Yes,No,No,Yes,Month-to-month,Yes,Credit card (automatic),104.35,622.6,Yes
CUST-02497,Female,0,No,No,58,Yes,Yes,DSL,Yes,Yes,Yes,Yes,No,No,Two year,Yes,Electronic check,95.35,5519.23,No
CUST-02498,Female,0,No,No,23,Yes,Yes,Fiber optic,No,Yes,No,No,Yes,Yes,Month-to-month,No,Bank transfer (automatic),121.48,2776.39,Yes
CUST-02499,Male,0,Yes,No,32,Yes,No,Fiber optic,No,No,No,No,No,No,One year,Yes,Electronic check,81.09,2598.6,Yes
CUST-02500,Female,0,Yes,No,68,Yes,No,No,No internet service,No internet service,No internet service,No internet service,No internet service,No internet service,Two year,No,Mailed check,35.19,2404.76,No
CUST-02501,Female,0,Yes,No,55,Yes,Yes,No,No internet service,No internet service,No internet service,No internet service,No internet service,No internet service,Month-to-month,No,Electronic check,45.31,2501.05,Yes
CUST-02502,Male,0,Yes,Yes,23,Yes,No,No,No internet service,No internet service,No internet service,No internet service,No internet service,No internet service,Month-to-month,Yes,Bank transfer (automatic),34.3,790.67,No
CUST-02503,Male,0,Yes,Yes,2,Yes,Yes,Fiber optic,Yes,Yes,Yes,No,Yes,Yes,Month-to-month,No,Mailed check,134.92,264.56,Yes
CUST-02504,Female,0,No,No,19,Yes,Yes,Fiber optic,Yes,Yes,Yes,No,Yes,Yes,Month-to-month,No,Mailed check,133.21,2523.12,No
CUST-02505,Female,0,Yes,Yes,9,Yes,No,No,No internet service,No internet service,No internet service,No internet service,No internet service,No internet service,Month-to-month,Yes,Electronic check,34.85,326.72,No
CUST-02506,Male,0,No,No,2,Yes,No,Fiber optic,No,No,No,Yes,Yes,Yes,Month-to-month,No,Electronic check,111.74,215.81,Yes
CUST-02507,Male,0,Yes,No,71,Yes,No,Fiber optic,No,No,Yes,No,No,Yes,Two year,No,Electronic check,97.42,6908.72,No
CUST-02508,Female,0,No,No,10,No,No phone service,DSL,Yes,Yes,No,No,Yes,No,Month-to-month,Yes,Mailed check,68.55,691.67,No
CUST-02509,Female,0,No,No,18,Yes,No,No,No internet service,No internet service,No internet service,No internet service,No internet service,No internet service,One year,No,Electronic check,35.37,621.94,No
CUST-02510,Female,1,Yes,No,4,No,No phone service,Fiber optic,No,No,No,No,No,Yes,Month-to-month,Yes,Electronic check,74.44,299.04,Yes
CUST-02511,Female,0,Yes,Yes,64,Yes,Yes,Fiber optic,No,No,Yes,No,No,No,Two year,No,Mailed check,95.63,6112.38,Yes
CUST-02512,Male,0,No,No,29,Yes,No,No,No internet service,No internet service,No internet service,No internet service,No internet service,No internet service,Month-to-month,No,Electronic check,34.8,999.13,No
CUST-02513,Female,0,No,No,39,Yes,Yes,Fiber optic,No,No,No,No,No,No,One year,Yes,Bank transfer (automatic),89.99,3505.86,Yes
CUST-02514,Female,0,No,No,65,Yes,Yes,Fiber optic,No,No,No,Yes,No,Yes,Month-to-month,No,Electronic check,110.26,7178.22,Yes
CUST-02515,Male,0,Yes,No,18,Yes,Yes,Fiber optic,Yes,No,Yes,Yes,No,No,Month-to-month,No,Credit card (automatic),110.05,1983.55,No
CUST-02516,Female,0,Yes,Yes,49,Yes,No,Fiber optic,No,Yes,No,Yes,No,Yes,One year,No,Bank transfer (automatic),106.61,5228.29,No
CUST-02517,Male,0,No,No,2,Yes,Yes,DSL,No,Yes,Yes,No,Yes,No,Month-to-month,No,Mailed check,93.8,198.98,Yes
CUST-02518,Female,1,No,No,20,Yes,Yes,Fiber optic,No,Yes,No,No,No,Yes,Month-to-month,No,Credit card (automatic),109.48,2198.96,Yes
CUST-02519,Female,0,Yes,Yes,2,Yes,No,Fiber optic,No,Yes,Yes,No,No,Yes,One year,No,Credit card (automatic),104.99,207.3,No
CUST-02520,Male,0,No,No,58,Yes,No,Fiber optic,Yes,No,No,Yes,Yes,Yes,Two year,No,Mailed check,121.37,7047.81,No
CUST-02521,Male,1,Yes,Yes,63,Yes,Yes,No,No internet service,No internet service,No internet service,No internet service,No internet service,No internet service,One year,No,Electronic check,46.05,2898.62,No
CUST-02522,Female,0,Yes,No,56,Yes,No,DSL,No,Yes,No,Yes,Yes,Yes,Month-to-month,Yes,Electronic check,96.88,5431.85,Yes
CUST-02523,Female,1,Yes,No,67,Yes,No,No,No internet service,No internet service,No internet service,No internet service,No internet service,No internet service,Two year,Yes,Electronic check,34.76,2344.54,No
CUST-02524,Female,0,Yes,Yes,63,Yes,Yes,Fiber optic,No,Yes,Yes,No,Yes,No,Month-to-month,Yes,Bank transfer (automatic),113.24,7141.93,No
CUST-02525,Male,0,No,No,2,Yes,No,Fiber optic,Yes,Yes,No,Yes,Yes,Yes,Month-to-month,Yes,Mailed check,124.01,229.32,Yes
CUST-02526,Female,0,Yes,No,40,Yes,No,DSL,No,No,Yes,No,No,Yes,One year,No,Credit card (automatic),79.65,3178.55,No
CUST-02527,Male,0,Yes,Yes,67,Yes,Yes,DSL,No,No,No,Yes,No,Yes,Month-to-month,Yes,Mailed check,89.51,6006.88,No
CUST-02528,Male,1,No,No,62,Yes,Yes,Fiber optic,No,No,No,No,Yes,Yes,One year,Yes,Bank transfer (automatic),113.15,6982.97,No
CUST-02529,Female,0,No,No,21,Yes,No,DSL,Yes,No,No,No,Yes,Yes,Month-to-month,Yes,Electronic check,90.77,1911.02,Yes
CUST-02530,Male,0,No,No,70,Yes,No,No,No internet service,No internet service,No internet service,No internet service,No internet service,No internet service,Two year,No,Bank transfer (automatic),33.78,2368.61,No
CUST-02531,Female,0,No,No,35,Yes,Yes,DSL,Yes,Yes,No,Yes,Yes,Yes,Month-to-month,Yes,Bank transfer (automatic),112.69,3985.06,No
CUST-02532,Female,0,Yes,No,7,Yes,Yes,No,No internet service,No internet service,No internet service,No internet service,No internet service,No internet service,Month-to-month,Yes,Bank transfer (automatic),45.57,325.47,Yes
CUST-02533,Female,0,No,No,69,Yes,Yes,Fiber optic,Yes,Yes,No,No,No,Yes,Month-to-month,Yes,Credit card (automatic),111.31,7678.76,Yes
CUST-02534,Female,0,No,No,61,Yes,No,Fiber optic,Yes,No,Yes,No,No,No,Two year,Yes,Electronic check,91.28,5585.54,No
CUST-02535,Female,0,No,No,68,Yes,Yes,DSL,No,No,Yes,Yes,Yes,No,One year,Yes,Mailed check,97.28,6609.87,No
CUST-02536,Male,0,Yes,No,51,Yes,No,Fiber optic,No,No,No,Yes,No,No,Two year,No,Electronic check,85.25,4348.38,No
CUST-02537,Male,0,Yes,No,56,Yes,Yes,DSL,No,Yes,No,No,Yes,No,Two year,Yes,Bank transfer (automatic),85.36,4781.49,No
CUST-02538,Female,0,No,No,51,Yes,No,Fiber optic,Yes,No,Yes,No,No,Yes,Two year,No,Electronic check,101.85,5203.35,No
CUST-02539,Female,0,Yes,Yes,72,Yes,No,Fiber optic,Yes,No,No,No,Yes,Yes,Month-to-month,Yes,Mailed check,105.9,7610.95,No
CUST-02540,Male,0,No,No,29,Yes,No,Fiber optic,No,No,No,Yes,No,No,Month-to-month,Yes,Credit card (automatic),90.84,2646.86,Yes
CUST-02541,Male,0,No,Yes,32,Yes,No,No,No internet service,No internet service,No internet service,No internet service,No internet service,No internet service,One year,No,Electronic check,35.18,1117.87,No
CUST-02542,Male,0,No,No,19,Yes,No,Fiber optic,Yes,No,No,No,No,Yes,Month-to-month,Yes,Electronic check,96.99,1873.7,Yes
CUST-02543,Male,0,No,No,17,Yes,Yes,DSL,Yes,No,No,No,No,No,Two year,Yes,Bank transfer (automatic),74.06,1236.32,No
CUST-02544,Female,0,No,No,11,Yes,Yes,DSL,No,No,Yes,No,Yes,No,Month-to-month,Yes,Credit card (automatic),91.3,992.94,Yes
CUST-02545,Female,0,Yes,Yes,61,Yes,No,No,No internet service,No internet service,No internet service,No internet service,No internet service,No internet service,Month-to-month,No,Electronic check,35.98,2164.34,No
CUST-02546,Male,0,No,No,34,Yes,No,DSL,Yes,Yes,Yes,No,No,Yes,One year,Yes,Credit card (automatic),89.81,3098.01,No
CUST-02547,Female,0,No,No,61,Yes,Yes,Fiber optic,No,No,Yes,Yes,Yes,No,Month-to-month,No,Electronic check,117.83,7169.23,No
CUST-02548,Male,0,Yes,No,3,Yes,No,DSL,No,No,Yes,No,No,Yes,Month-to-month,Yes,Electronic check,78.58,247.14,Yes
CUST-02549,Female,0,Yes,No,71,Yes,No,DSL,No,Yes,No,No,No,Yes,Month-to-month,Yes,Mailed check,77.25,5495.66,No
CUST-02550,Male,0,Yes,No,70,Yes,No,Fiber optic,No,Yes,No,No,Yes,No,One year,No,Bank transfer (automatic),97.09,6782.71,No
CUST-02551,Female,1,No,No,8,Yes,No,Fiber optic,No,No,Yes,Yes,Yes,No,Month-to-month,No,Credit card (automatic),105.11,852.48,Yes
CUST-02552,Male,0,Yes,Yes,19,Yes,No,Fiber optic,No,No,Yes,No,No,Yes,Month-to-month,No,Electronic check,96.48,1817.09,No
CUST-02553,Male,0,No,No,70,Yes,Yes,Fiber optic,Yes,No,Yes,No,No,Yes,Two year,No,Bank transfer (automatic),115.67,8084.7,No
CUST-02554,Female,1,Yes,No,70,Yes,No,DSL,No,Yes,No,Yes,No,Yes,Month-to-month,Yes,Electronic check,85.22,5941.97,Yes
CUST-02555,Male,0,Yes,No,48,Yes,Yes,DSL,Yes,No,No,No,Yes,Yes,Two year,No,Credit card (automatic),102.03,4907.48,No
CUST-02556,Female,0,No,No,58,Yes,No,Fiber optic,No,Yes,Yes,No,Yes,No,Two year,Yes,Electronic check,102.76,5930.7,Yes
CUST-02557,Female,0,Yes,No,6,Yes,No,Fiber optic,Yes,No,No,Yes,No,No,Month-to-month,Yes,Bank transfer (automatic),93.1,564.5,Yes
CUST-02558,Male,0,No,No,51,Yes,No,DSL,Yes,Yes,No,Yes,Yes,Yes,One year,Yes,Electronic check,103.32,5267.47,No
CUST-02559,Female,1,No,No,57,Yes,Yes,Fiber optic,No,No,No,No,No,No,Month-to-month,No,Credit card (automatic),88.65,5079.2,Yes
CUST-02560,Female,1,No,No,2,Yes,No,Fiber optic,Yes,Yes,No,No,No,No,Month-to-month,No,Electronic check,91.12,182.73,Yes
CUST-02561,Female,0,Yes,No,36,No,No phone service,DSL,Yes,No,Yes,No,Yes,Yes,One year,Yes,Electronic check,81.83,2958.6,Yes
CUST-02562,Female,0,No,No,28,Yes,No,Fiber optic,No,No,Yes,No,No,Yes,Month-to-month,Yes,Bank transfer (automatic),99.8,2802.07,No
CUST-02563,Female,1,No,No,39,Yes,No,Fiber optic,No,No,No,Yes,No,No,Two year,Yes,Credit card (automatic),88.45,3448.0,No
CUST-02564,Male,0,No,No,13,Yes,No,DSL,No,No,Yes,Yes,Yes,No,Month-to-month,Yes,Credit card (automatic),84.21,1111.45,Yes
CUST-02565,Female,0,No,No,13,Yes,No,Fiber optic,No,No,No,No,Yes,No,One year,Yes,Electronic check,91.1,1190.0,Yes
CUST-02566,Female,1,No,No,27,Yes,No,Fiber optic,No,Yes,Yes,No,No,Yes,One year,Yes,Electronic check,103.13,2797.99,Yes
CUST-02567,Female,0,No,No,27,Yes,No,No,No internet service,No internet service,No internet service,No internet service,No internet service,No internet service,Month-to-month,No,Credit card (automatic),37.55,999.93,No
CUST-02568,Female,0,No,No,41,Yes,Yes,Fiber optic,No,Yes,No,No,No,Yes,Two year,No,Electronic check,109.48,4496.6,No
CUST-02569,Female,0,Yes,No,24,No,No phone service,DSL,Yes,Yes,Yes,No,Yes,Yes,Month-to-month,Yes,Bank transfer (automatic),88.82,2143.71,Yes
CUST-02570,Male,1,Yes,Yes,71,Yes,No,DSL,Yes,No,Yes,No,Yes,No,Month-to-month,No,Mailed check,82.94,5872.4,No
CUST-02571,Female,0,Yes,No,58,Yes,Yes,No,No internet service,No internet service,No internet service,No internet service,No internet service,No internet service,Month-to-month,Yes,Bank transfer (automatic),43.09,2498.11,No
CUST-02572,Male,0,Yes,No,31,No,No phone service,No,No internet service,No internet service,No internet service,No internet service,No internet service,No internet service,Month-to-month,Yes,Mailed check,20.86,620.58,No
CUST-02573,Male,0,Yes,Yes,44,Yes,No,DSL,Yes,Yes,No,No,No,Yes,Month-to-month,Yes,Bank transfer (automatic),83.31,3641.84,Yes
CUST-02574,Male,0,Yes,Yes,49,Yes,No,DSL,Yes,No,Yes,No,No,No,One year,Yes,Bank transfer (automatic),72.44,3548.66,No
CUST-02575,Male,0,No,No,42,Yes,Yes,Fiber optic,No,Yes,Yes,No,Yes,Yes,Two year,No,Bank transfer (automatic),126.62,5345.04,Yes
CUST-02576,Female,0,Yes,Yes,61,Yes,Yes,Fiber optic,No,No,Yes,Yes,No,No,Two year,Yes,Bank transfer (automatic),103.41,6336.17,No
CUST-02577,Male,0,No,No,20,Yes,Yes,DSL,Yes,No,Yes,No,No,Yes,Month-to-month,No,Mailed check,95.51,1905.63,Yes
CUST-02578,Male,0,Yes,Yes,22,Yes,Yes,Fiber optic,No,No,No,Yes,No,Yes,Two year,No,Bank transfer (automatic),107.81,2357.55,No
CUST-02579,Female,1,Yes,Yes,13,Yes,Yes,DSL,Yes,Yes,No,Yes,Yes,No,Two year,Yes,Bank transfer (automatic),102.16,1341.99,No
CUST-02580,Female,0,Yes,Yes,32,Yes,Yes,DSL,No,No,No,Yes,Yes,Yes,Month-to-month,Yes,Bank transfer (automatic),103.02,3266.59,Yes
CUST-02581,Female,1,Yes,No,39,Yes,No,DSL,No,Yes,Yes,No,Yes,No,Two year,Yes,Credit card (automatic),86.55,3369.4,No
CUST-02582,Male,0,No,No,70,Yes,No,Fiber optic,No,Yes,Yes,No,Yes,No,Two year,Yes,Electronic check,104.2,7282.78,No
CUST-02583,Female,0,No,No,63,Yes,Yes,No,No internet service,No internet service,No internet service,No internet service,No internet service,No internet service,Two year,No,Bank transfer (automatic),46.89,2952.78,No
CUST-02584,Female,0,Yes,No,21,Yes,Yes,Fiber optic,Yes,No,Yes,Yes,No,Yes,Month-to-month,Yes,Credit card (automatic),123.79,2620.22,Yes
CUST-02585,Male,0,Yes,Yes,22,No,No phone service,DSL,Yes,No,Yes,Yes,No,No,One year,No,Mailed check,68.51,1468.4,No
CUST-02586,Female,1,Yes,Yes,7,Yes,Yes,No,No internet service,No internet service,No internet service,No internet service,No internet service,No internet service,Month-to-month,Yes,Bank transfer (automatic),45.49,323.09,Yes
CUST-02587,Female,0,No,No,25,No,No phone service,DSL,No,No,No,No,Yes,Yes,Two year,Yes,Electronic check,72.08,1807.15,No
CUST-02588,Female,0,No,No,62,Yes,No,No,No internet service,No internet service,No internet service,No internet service,No internet service,No internet service,Month-to-month,Yes,Electronic check,36.22,2244.73,No
CUST-02589,Female,0,No,Yes,17,Yes,Yes,No,No internet service,No internet service,No internet service,No internet service,No internet service,No internet service,Two year,No,Mailed check,42.7,730.27,No
CUST-02590,Male,0,No,No,5,Yes,No,DSL,Yes,Yes,No,Yes,No,Yes,Month-to-month,Yes,Credit card (automatic),92.04,467.91,Yes
CUST-02591,Female,0,No,No,57,No,No phone service,DSL,No,No,No,No,Yes,No,Month-to-month,Yes,Electronic check,55.63,3173.28,Yes
CUST-02592,Female,0,Yes,No,70,Yes,Yes,No,No internet service,No internet service,No internet service,No internet service,No internet service,No internet service,Two year,Yes,Electronic check,47.3,3280.47,No
CUST-02593,Male,0,Yes,Yes,71,Yes,No,Fiber optic,No,Yes,No,Yes,No,No,Two year,Yes,Electronic check,94.25,6678.41,No
CUST-02594,Female,0,No,No,67,Yes,Yes,DSL,No,Yes,No,No,Yes,No,One year,Yes,Electronic check,86.02,5787.3,Yes
CUST-02595,Male,0,No,No,16,Yes,No,No,No internet service,No internet service,No internet service,No internet service,No internet service,No internet service,Two year,No,Bank transfer (automatic),36.32,563.61,No
CUST-02596,Female,0,No,Yes,24,No,No phone service,Fiber optic,No,Yes,Yes,No,No,Yes,Two year,Yes,Electronic check,90.98,2184.73,Yes
CUST-02597,Male,0,No,No,70,Yes,No,Fiber optic,Yes,Yes,Yes,Yes,No,No,Two year,No,Credit card (automatic),105.4,7367.18,No
CUST-02598,Male,0,Yes,Yes,69,No,No phone service,Fiber optic,Yes,No,Yes,No,No,Yes,One year,No,Electronic check,88.33,6103.69,No
CUST-02599,Male,0,No,No,38,Yes,Yes,Fiber optic,Yes,Yes,Yes,No,Yes,Yes,Two year,Yes,Mailed check,132.3,5024.36,Yes
CUST-02600,Male,0,No,No,26,Yes,Yes,Fiber optic,No,Yes,Yes,No,Yes,Yes,One year,Yes,Mailed check,123.28,3215.1,Yes
CUST-02601,Female,0,Yes,Yes,17,Yes,No,DSL,No,No,Yes,No,No,No,Two year,No,Credit card (automatic),67.06,1145.77,No
CUST-02602,Male,0,No,No,43,Yes,Yes,Fiber optic,No,Yes,No,No,No,Yes,One year,Yes,Mailed check,110.54,4747.37,Yes
CUST-02603,Female,1,No,No,70,Yes,Yes,Fiber optic,Yes,Yes,No,Yes,No,No,One year,Yes,Mailed check,109.02,7597.96,Yes
CUST-02604,Male,0,Yes,Yes,70,Yes,No,No,No internet service,No internet service,No internet service,No internet service,No internet service,No internet service,Two year,Yes,Bank transfer (automatic),37.76,2630.2,No
CUST-02605,Male,0,Yes,No,61,Yes,No,Fiber optic,No,No,No,No,No,Yes,One year,Yes,Electronic check,93.49,5684.8,No
CUST-02606,Male,1,Yes,Yes,47,Yes,No,Fiber optic,No,Yes,No,No,No,Yes,Two year,Yes,Electronic check,97.88,4582.15,No
CUST-02607,Female,1,No,No,26,Yes,Yes,DSL,Yes,Yes,No,No,No,No,Two year,Yes,Mailed check,82.95,2164.25,No
CUST-02608,Male,0,Yes,No,25,Yes,Yes,No,No internet service,No internet service,No internet service,No internet service,No internet service,No internet service,One year,Yes,Mailed check,47.4,1215.37,No
CUST-02609,Female,1,No,No,22,Yes,No,DSL,Yes,No,No,No,No,Yes,Month-to-month,Yes,Electronic check,78.21,1683.64,No
CUST-02610,Female,0,No,No,72,Yes,Yes,Fiber optic,No,No,Yes,No,No,Yes,Month-to-month,Yes,Mailed check,108.59,7795.89,Yes
CUST-02611,Female,0,Yes,Yes,68,Yes,Yes,No,No internet service,No internet service,No internet service,No internet service,No internet service,No internet service,One year,Yes,Bank transfer (automatic),44.2,3009.08,No
CUST-02612,Female,0,No,No,51,No,No phone service,No,No internet service,No internet service,No internet service,No internet service,No internet service,No internet service,Two year,No,Credit card (automatic),19.82,1007.02,No
CUST-02613,Female,0,No,No,4,Yes,Yes,Fiber optic,Yes,Yes,Yes,Yes,No,No,Month-to-month,Yes,Bank transfer (automatic),117.05,475.0,Yes
CUST-02614,Female,0,Yes,Yes,24,Yes,Yes,Fiber optic,Yes,No,No,Yes,No,Yes,Month-to-month,Yes,Mailed check,115.73,2776.82,No
CUST-02615,Female,0,Yes,No,71,Yes,Yes,No,No internet service,No internet service,No internet service,No internet service,No internet service,No internet service,One year,No,Electronic check,44.24,3160.8,No
CUST-02616,Female,0,No,No,18,Yes,No,No,No internet service,No internet service,No internet service,No internet service,No internet service,No internet service,Two year,Yes,Electronic check,36.73,669.7,No
CUST-02617,Female,0,No,No,51,Yes,Yes,Fiber optic,Yes,Yes,No,No,No,Yes,Month-to-month,No,Mailed check,114.72,5863.87,Yes
CUST-02618,Male,1,Yes,Yes,28,Yes,Yes,Fiber optic,No,Yes,No,Yes,Yes,Yes,Month-to-month,No,Mailed check,127.28,3579.11,Yes
CUST-02619,Male,0,Yes,Yes,20,Yes,No,DSL,No,No,Yes,Yes,No,Yes,One year,Yes,Bank transfer (automatic),88.63,1754.71,No
CUST-02620,Male,1,Yes,No,5,Yes,Yes,Fiber optic,No,Yes,No,Yes,Yes,Yes,Month-to-month,No,Bank transfer (automatic),131.17,664.66,Yes
CUST-02621,Male,1,No,No,46,Yes,No,DSL,Yes,No,No,No,No,No,Month-to-month,Yes,Credit card (automatic),67.52,3115.56,Yes
CUST-02622,Male,0,Yes,No,62,Yes,No,Fiber optic,No,Yes,Yes,No,Yes,No,Month-to-month,No,Electronic check,102.21,6331.89,Yes
CUST-02623,Female,0,No,No,25,No,No phone service,Fiber optic,No,Yes,No,No,No,Yes,One year,Yes,Electronic check,83.61,2085.03,No
CUST-02624,Female,0,No,No,24,No,No phone service,DSL,No,No,No,Yes,No,No,Month-to-month,Yes,Electronic check,53.88,1288.32,Yes
CUST-02625,Female,1,Yes,Yes,33,Yes,Yes,DSL,No,No,No,No,Yes,No,Two year,No,Credit card (automatic),79.62,2614.27,No
CUST-02626,Female,0,No,No,64,Yes,Yes,Fiber optic,No,Yes,No,Yes,No,Yes,Month-to-month,No,Bank transfer (automatic),117.79, ,Yes
CUST-02627,Female,0,Yes,Yes,62,Yes,Yes,DSL,Yes,No,No,No,Yes,No,Two year,Yes,Electronic check,88.31,5507.4,No
CUST-02628,Female,0,No,No,35,Yes,No,Fiber optic,Yes,Yes,No,Yes,No,Yes,One year,Yes,Electronic check,113.68,3995.0,Yes
CUST-02629,Female,0,Yes,No,61,Yes,Yes,No,No internet service,No internet service,No internet service,No internet service,No internet service,No internet service,Two year,No,Electronic check,44.54,2717.33,No
CUST-02630,Male,0,No,No,52,Yes,Yes,Fiber optic,No,No,No,No,Yes,Yes,Month-to-month,Yes,Credit card (automatic),114.73,5943.95,Yes
CUST-02631,Male,0,No,No,17,Yes,No,DSL,Yes,Yes,Yes,No,No,No,One year,No,Electronic check,78.8,1347.79,No
CUST-02632,Male,0,Yes,Yes,71,Yes,Yes,DSL,No,Yes,Yes,Yes,No,Yes,Two year,No,Mailed check,102.28,7256.42,No
CUST-02633,Male,0,Yes,Yes,70,Yes,Yes,Fiber optic,Yes,No,No,Yes,Yes,Yes,One year,Yes,Electronic check,128.74,9009.45,No
CUST-02634,Female,1,Yes,Yes,6,No,No phone service,Fiber optic,Yes,Yes,No,Yes,Yes,No,Month-to-month,No,Mailed check,96.79,614.46,Yes
CUST-02635,Female,0,Yes,No,28,Yes,No,Fiber optic,No,No,Yes,No,No,Yes,Month-to-month,No,Credit card (automatic),96.23,2722.91,No
CUST-02636,Female,1,No,No,8,Yes,No,DSL,No,Yes,Yes,No,No,No,Month-to-month,Yes,Electronic check,68.94,516.04,Yes
CUST-02637,Male,0,No,No,45,Yes,No,DSL,No,Yes,No,No,No,No,Month-to-month,Yes,Electronic check,65.07,2933.63,Yes
CUST-02638,Female,0,Yes,No,67,Yes,Yes,DSL,No,Yes,No,No,Yes,Yes,Two year,Yes,Mailed check,101.19,6782.21,No
CUST-02639,Female,0,No,No,19,No,No phone service,Fiber optic,No,No,No,No,Yes,No,One year,Yes,Electronic check,75.44,1438.69,Yes
CUST-02640,Female,0,No,No,1,Yes,No,No,No internet service,No internet service,No internet service,No internet service,No internet service,No internet service,Month-to-month,No,Bank transfer (automatic),36.59,36.59,No
CUST-02641,Male,1,No,No,56,Yes,No,No,No internet service,No internet service,No internet service,No internet service,No internet service,No internet service,One year,Yes,Mailed check,37.09,2077.08,No
CUST-02642,Female,0,Yes,No,13,Yes,No,Fiber optic,Yes,Yes,Yes,No,No,No,One year,Yes,Bank transfer (automatic),98.71,1266.82,Yes
CUST-02643,Male,1,Yes,No,50,Yes,No,No,No internet service,No internet service,No internet service,No internet service,No internet service,No internet service,Month-to-month,Yes,Bank transfer (automatic),34.75,1753.06,No
CUST-02644,Male,0,Yes,No,15,Yes,No,No,No internet service,No internet service,No internet service,No internet service,No internet service,No internet service,One year,Yes,Electronic check,36.54,563.2,No
CUST-02645,Male,0,No,No,46,Yes,No,Fiber optic,Yes,No,No,No,No,Yes,Month-to-month,Yes,Bank transfer (automatic),99.74,4612.65,Yes
CUST-02646,Male,0,Yes,Yes,24,No,No phone service,Fiber optic,Yes,Yes,Yes,No,No,No,Month-to-month,No,Mailed check,82.66,1972.23,Yes
CUST-02647,Female,0,Yes,Yes,60,Yes,No,No,No internet service,No internet service,No internet service,No internet service,No internet service,No internet service,Two year,Yes,Electronic check,35.13,2111.85,No
CUST-02648,Male,0,Yes,Yes,4,Yes,No,DSL,No,Yes,Yes,Yes,Yes,Yes,Month-to-month,Yes,Electronic check,102.78,441.77,Yes
CUST-02649,Male,1,No,No,4,Yes,Yes,DSL,No,Yes,Yes,No,No,No,Month-to-month,No,Mailed check,82.43,319.59,Yes
CUST-02650,Female,0,Yes,No,6,Yes,No,No,No internet service,No internet service,No internet service,No internet service,No internet service,No internet service,One year,No,Electronic check,31.9,176.26,No
CUST-02651,Female,0,Yes,Yes,71,Yes,Yes,Fiber optic,Yes,No,No,Yes,Yes,No,One year,Yes,Mailed check,115.56,8209.26,Yes
CUST-02652,Male,0,Yes,Yes,71,No,No phone service,No,No internet service,No internet service,No internet service,No internet service,No internet service,No internet service,Two year,Yes,Bank transfer (automatic),18.72,1346.6,No
CUST-02653,Female,0,Yes,Yes,40,Yes,Yes,No,No internet service,No internet service,No internet service,No internet service,No internet service,No internet service,Two year,Yes,Electronic check,44.87,1784.79,No
CUST-02654,Male,1,No,No,55,Yes,No,Fiber optic,No,Yes,No,No,Yes,Yes,Month-to-month,Yes,Bank transfer (automatic),108.81,6013.54,Yes
CUST-02655,Male,0,Yes,Yes,71,Yes,No,Fiber optic,No,Yes,No,Yes,Yes,Yes,Month-to-month,No,Credit card (automatic),115.13,8160.49,Yes
CUST-02656,Male,0,Yes,Yes,61,Yes,Yes,Fiber optic,Yes,Yes,Yes,No,Yes,No,Two year,No,Electronic check,119.02,7270.09,No
CUST-02657,Male,1,No,No,26,Yes,Yes,DSL,No,No,No,Yes,No,Yes,One year,Yes,Mailed check,89.29,2311.39,No
CUST-02658,Female,0,Yes,Yes,32,Yes,No,DSL,No,No,Yes,No,Yes,Yes,One year,Yes,Electronic check,91.6,2924.21,No
CUST-02659,Male,0,Yes,Yes,8,Yes,No,Fiber optic,No,No,No,No,Yes,Yes,Month-to-month,Yes,Mailed check,103.04,836.66,Yes
CUST-02660,Female,0,No,Yes,34,Yes,No,DSL,No,No,No,No,No,No,One year,Yes,Bank transfer (automatic),58.73,1993.68,Yes
CUST-02661,Female,0,Yes,Yes,2,Yes,Yes,Fiber optic,Yes,Yes,No,Yes,Yes,Yes,Month-to-month,No,Electronic check,132.21,241.63,Yes
CUST-02662,Female,0,Yes,No,68,Yes,Yes,DSL,No,Yes,Yes,Yes,Yes,No,Two year,No,Electronic check,103.71,7040.3,No
CUST-02663,Female,0,Yes,No,69,Yes,No,Fiber optic,No,Yes,No,No,No,Yes,Two year,Yes,Bank transfer (automatic),97.67,6750.06,No
CUST-02664,Male,0,No,No,25,Yes,No,No,No internet service,No internet service,No internet service,No internet service,No internet service,No internet service,One year,Yes,Bank transfer (automatic),35.41,891.21,No
CUST-02665,Female,0,No,No,10,Yes,No,Fiber optic,No,Yes,Yes,No,Yes,No,Month-to-month,No,Mailed check,101.68,1027.68,Yes
CUST-02666,Male,0,No,No,51,Yes,Yes,Fiber optic,No,Yes,No,No,No,Yes,One year,Yes,Mailed check,105.37,5364.83,No
CUST-02667,Female,0,No,No,43,Yes,No,No,No internet service,No internet service,No internet service,No internet service,No internet service,No internet service,Month-to-month,No,Electronic check,33.65,1431.05,Yes
CUST-02668,Female,1,Yes,No,4,Yes,Yes,DSL,No,No,Yes,No,Yes,Yes,Month-to-month,Yes,Electronic check,102.43,397.44,Yes
CUST-02669,Male,0,Yes,Yes,69,Yes,No,DSL,Yes,Yes,Yes,No,Yes,No,Two year,Yes,Electronic check,88.36,6085.58,No
CUST-02670,Male,0,No,No,64,Yes,Yes,DSL,No,No,Yes,No,No,No,Two year,No,Bank transfer (automatic),75.06,4803.14,No
CUST-02671,Male,0,No,No,69,No,No phone service,Fiber optic,No,Yes,No,No,Yes,Yes,Two year,Yes,Mailed check,95.02,6538.62,No
CUST-02672,Female,1,Yes,Yes,20,Yes,No,DSL,Yes,No,No,Yes,Yes,Yes,Month-to-month,Yes,Bank transfer (automatic),97.06,1957.18,Yes
CUST-02673,Female,0,No,No,39,Yes,Yes,DSL,Yes,No,No,No,No,No,Two year,Yes,Bank transfer (automatic),76.72,2999.82,No
CUST-02674,Male,0,Yes,Yes,28,Yes,No,DSL,No,No,Yes,No,No,Yes,Month-to-month,Yes,Mailed check,76.75,2136.03,Yes
CUST-02675,Male,0,Yes,Yes,33,Yes,Yes,Fiber optic,No,Yes,Yes,No,No,No,Month-to-month,No,Electronic check,100.35,3308.57,Yes
CUST-02676,Male,1,Yes,No,41,Yes,No,Fiber optic,Yes,Yes,No,No,No,Yes,One year,Yes,Mailed check,108.08,4417.98,No
CUST-02677,Male,0,Yes,Yes,25,Yes,Yes,Fiber optic,No,Yes,Yes,Yes,Yes,No,Two year,Yes,Credit card (automatic),120.59,3012.51,No
CUST-02678,Female,1,No,No,71,Yes,No,Fiber optic,Yes,Yes,No,No,No,Yes,One year,Yes,Bank transfer (automatic),105.19,7455.97,No
CUST-02679,Male,0,No,Yes,30,Yes,No,DSL,Yes,Yes,Yes,No,Yes,Yes,Month-to-month,No,Mailed check,100.59,3049.84,Yes
CUST-02680,Male,0,Yes,Yes,24,Yes,No,No,No internet service,No internet service,No internet service,No internet service,No internet service,No internet service,Month-to-month,Yes,Electronic check,32.69,760.7,Yes
CUST-02681,Male,0,Yes,No,11,Yes,No,Fiber optic,No,Yes,No,Yes,Yes,Yes,Month-to-month,Yes,Bank transfer (automatic),117.86,1277.42,Yes
CUST-02682,Male,0,No,No,66,Yes,No,DSL,No,No,No,No,No,No,One year,Yes,Bank transfer (automatic),57.99,3823.77,No
CUST-02683,Female,1,Yes,Yes,11,Yes,No,DSL,Yes,No,Yes,Yes,Yes,No,One year,Yes,Bank transfer (automatic),91.41,1006.92,Yes
CUST-02684,Male,0,No,No,44,Yes,No,No,No internet service,No internet service,No internet service,No internet service,No internet service,No internet service,One year,Yes,Electronic check,33.81,1489.14,Yes
CUST-02685,Female,0,Yes,Yes,10,Yes,No,Fiber optic,No,No,No,No,Yes,No,Month-to-month,Yes,Electronic check,93.88,952.57,Yes
CUST-02686,Male,0,No,No,55,Yes,No,Fiber optic,No,No,Yes,Yes,Yes,Yes,Two year,No,Mailed check,115.69,6369.59,No
CUST-02687,Male,0,Yes,No,20,Yes,No,DSL,No,Yes,Yes,No,Yes,Yes,Month-to-month,Yes,Credit card (automatic),97.01,1926.37,Yes
CUST-02688,Female,0,Yes,Yes,22,Yes,No,Fiber optic,Yes,No,No,No,Yes,No,One year,Yes,Credit card (automatic),98.43,2181.39,No
CUST-02689,Male,0,Yes,No,58,Yes,No,Fiber optic,No,Yes,Yes,No,No,Yes,Two year,Yes,Mailed check,103.66,6021.7,No
CUST-02690,Female,1,Yes,Yes,41,Yes,Yes,No,No internet service,No internet service,No internet service,No internet service,No internet service,No internet service,Two year,No,Mailed check,43.86,1819.06,No
CUST-02691,Female,0,Yes,No,63,Yes,No,Fiber optic,Yes,Yes,Yes,No,Yes,No,Two year,No,Electronic check,110.26,6947.15,No
CUST-02692,Male,0,No,No,36,Yes,Yes,DSL,No,No,Yes,No,Yes,No,Two year,No,Electronic check,88.34,3196.59,Yes
CUST-02693,Female,0,Yes,Yes,68,Yes,No,DSL,Yes,No,Yes,Yes,No,Yes,Two year,No,Electronic check,92.59,6255.28,Yes
CUST-02694,Female,0,Yes,No,11,Yes,Yes,DSL,Yes,No,No,Yes,No,No,One year,Yes,Bank transfer (automatic),83.6,912.32,Yes
CUST-02695,Female,0,No,No,25,Yes,No,Fiber optic,Yes,No,Yes,No,No,Yes,Month-to-month,Yes,Electronic check,102.28,2543.31,Yes
CUST-02696,Female,1,No,No,39,Yes,Yes,DSL,Yes,No,No,No,Yes,No,Two year,No,Bank transfer (automatic),89.32,3494.01,No
CUST-02697,Female,0,No,No,32,Yes,No,Fiber optic,No,Yes,Yes,Yes,No,No,Month-to-month,No,Mailed check,99.99,3188.59,Yes
CUST-02698,Female,0,No,No,35,Yes,No,Fiber optic,No,Yes,No,No,No,Yes,Month-to-month,Yes,Credit card (automatic),97.08,3412.43,Yes
CUST-02699,Female,0,Yes,No,5,Yes,No,DSL,Yes,Yes,No,Yes,Yes,Yes,Month-to-month,Yes,Credit card (automatic),102.5,524.31,Yes
CUST-02700,Female,1,No,Yes,4,Yes,No,Fiber optic,Yes,No,No,Yes,No,No,Month-to-month,No,Credit card (automatic),95.38,372.41,No
CUST-02701,Male,0,No,No,6,Yes,No,Fiber optic,Yes,No,No,Yes,No,No,Month-to-month,No,Mailed check,96.08,580.06,Yes
CUST-02702,Male,0,No,Yes,31,Yes,No,Fiber optic,No,No,Yes,Yes,No,No,Month-to-month,Yes,Bank transfer (automatic),94.86,2937.44,Yes
CUST-02703,Female,0,Yes,No,45,No,No phone service,No,No internet service,No internet service,No internet service,No internet service,No internet service,No internet service,Month-to-month,Yes,Bank transfer (automatic),20.96,944.95,Yes
CUST-02704,Male,0,Yes,No,65,No,No phone service,Fiber optic,No,No,Yes,No,Yes,No,Month-to-month,No,Electronic check,84.76,5520.64,Yes
CUST-02705,Female,0,Yes,Yes,26,Yes,Yes,Fiber optic,Yes,No,Yes,Yes,No,Yes,Month-to-month,Yes,Mailed check,121.46,3153.07,Yes
CUST-02706,Female,0,No,Yes,66,Yes,No,No,No internet service,No internet service,No internet service,No internet service,No internet service,No internet service,One year,No,Credit card (automatic),38.2,2496.36,No
CUST-02707,Male,0,No,No,1,Yes,No,Fiber optic,Yes,No,No,No,No,Yes,Month-to-month,Yes,Bank transfer (automatic),96.41,105.34,Yes
CUST-02708,Female,0,No,No,67,Yes,Yes,No,No internet service,No internet service,No internet service,No internet service,No internet service,No internet service,Two year,No,Electronic check,44.63,3006.3,No
CUST-02709,Female,0,Yes,Yes,58,Yes,Yes,Fiber optic,No,Yes,Yes,No,No,Yes,One year,Yes,Electronic check,112.84,6519.22,No
CUST-02710,Female,0,No,No,9,No,No phone service,Fiber optic,No,Yes,No,Yes,No,Yes,One year,No,Electronic check,91.1,819.35,Yes
CUST-02711,Female,0,No,No,51,Yes,No,Fiber optic,No,No,No,No,No,No,One year,Yes,Electronic check,82.6,4198.62,No
CUST-02712,Male,0,Yes,Yes,19,No,No phone service,Fiber optic,No,Yes,Yes,Yes,No,No,Month-to-month,Yes,Credit card (automatic),84.64,1625.06,Yes
CUST-02713,Female,0,No,No,63,Yes,Yes,DSL,Yes,No,Yes,Yes,No,Yes,Two year,Yes,Mailed check,102.63,6483.43,No
CUST-02714,Female,0,Yes,No,59,No,No phone service,No,No internet service,No internet service,No internet service,No internet service,No internet service,No internet service,One year,No,Mailed check,18.5,1079.35,No
CUST-02715,Female,0,No,No,62,Yes,No,Fiber optic,Yes,Yes,No,No,Yes,No,Two year,Yes,Electronic check,104.64,6467.95,No
CUST-02716,Male,0,No,No,7,Yes,No,Fiber optic,No,Yes,Yes,No,No,Yes,Month-to-month,No,Credit card (automatic),105.5,742.17,Yes
CUST-02717,Female,0,No,No,9,Yes,No,Fiber optic,No,No,Yes,No,Yes,Yes,Month-to-month,Yes,Credit card (automatic),110.18,974.98,Yes
CUST-02718,Male,1,No,No,32,Yes,No,Fiber optic,Yes,Yes,No,Yes,Yes,Yes,Month-to-month,No,Electronic check,122.4,3929.67,Yes
CUST-02719,Male,0,No,No,51,Yes,No,Fiber optic,Yes,Yes,No,No,No,No,Two year,Yes,Bank transfer (automatic),90.2,4598.23,No
CUST-02720,Female,1,No,No,1,Yes,No,Fiber optic,No,No,Yes,No,No,Yes,Month-to-month,No,Credit card (automatic),97.17,121.25,Yes
CUST-02721,Female,0,Yes,No,4,Yes,No,DSL,No,No,No,No,Yes,Yes,Month-to-month,No,Mailed check,82.19,353.51,Yes
CUST-02722,Male,0,No,No,10,Yes,Yes,DSL,Yes,Yes,No,Yes,Yes,Yes,Month-to-month,Yes,Mailed check,116.36,1186.88,Yes
CUST-02723,Female,0,Yes,No,3,Yes,Yes,No,No internet service,No internet service,No internet service,No internet service,No internet service,No internet service,Month-to-month,Yes,Mailed check,45.7,143.14,Yes
CUST-02724,Male,0,Yes,No,16,No,No phone service,No,No internet service,No internet service,No internet service,No internet service,No internet service,No internet service,Month-to-month,No,Electronic check,22.17,340.53,Yes
CUST-02725,Male,0,No,No,8,Yes,Yes,DSL,No,No,No,No,Yes,No,Two year,Yes,Electronic check,81.57,630.31,Yes
CUST-02726,Female,0,No,No,63,Yes,Yes,DSL,No,Yes,No,No,Yes,Yes,Two year,No,Bank transfer (automatic),98.85,6236.47,No
CUST-02727,Female,1,Yes,No,48,Yes,Yes,DSL,Yes,Yes,No,No,No,Yes,Two year,Yes,Credit card (automatic),92.95,4471.64,No
CUST-02728,Male,1,Yes,No,59,Yes,Yes,No,No internet service,No internet service,No internet service,No internet service,No internet service,No internet service,Two year,No,Mailed check,44.31,2618.22,No
CUST-02729,Male,0,Yes,No,52,No,No phone service,DSL,No,No,No,Yes,No,Yes,Two year,No,Electronic check,64.26,3321.59,No
CUST-02730,Male,0,Yes,Yes,69,Yes,Yes,DSL,No,Yes,Yes,Yes,No,No,Two year,No,Mailed check,91.83,6324.31,No
CUST-02731,Male,0,Yes,Yes,15,Yes,No,DSL,No,Yes,No,No,No,No,Two year,No,Mailed check,67.37,1011.8,Yes
CUST-02732,Female,0,No,Yes,72,Yes,No,Fiber optic,No,Yes,Yes,No,Yes,No,Two year,Yes,Electronic check,104.41,7508.32,No
CUST-02733,Female,0,Yes,No,64,No,No phone service,No,No internet service,No internet service,No internet service,No internet service,No internet service,No internet service,One year,Yes,Electronic check,18.5,1172.36,No
CUST-02734,Female,1,Yes,Yes,31,Yes,No,Fiber optic,Yes,No,Yes,No,No,No,Month-to-month,Yes,Mailed check,92.44,2851.14,Yes
CUST-02735,Female,0,Yes,Yes,69,Yes,No,DSL,No,No,Yes,No,No,Yes,Two year,Yes,Electronic check,77.53,5347.54,No
CUST-02736,Female,0,No,No,2,Yes,No,Fiber optic,No,No,No,Yes,Yes,Yes,Month-to-month,Yes,Mailed check,114.11,225.11,Yes
CUST-02737,Male,0,Yes,Yes,7,Yes,No,DSL,No,No,Yes,Yes,Yes,No,Month-to-month,Yes,Electronic check,87.34,598.98,Yes
CUST-02738,Female,0,Yes,No,69,Yes,Yes,DSL,No,No,No,No,No,Yes,Two year,No,Bank transfer (automatic),82.21,5672.64,No
CUST-02739,Female,0,Yes,No,18,No,No phone service,No,No internet service,No internet service,No internet service,No internet service,No internet service,No internet service,One year,Yes,Bank transfer (automatic),18.5,336.74,No
CUST-02740,Female,0,No,No,68,Yes,No,No,No internet service,No internet service,No internet service,No internet service,No internet service,No internet service,Two year,Yes,Mailed check,34.8,2371.69,No
CUST-02741,Female,0,No,No,8,Yes,No,No,No internet service,No internet service,No internet service,No internet service,No internet service,No internet service,One year,Yes,Electronic check,34.02,257.8,No
CUST-02742,Female,0,Yes,No,71,Yes,No,Fiber optic,Yes,No,No,Yes,No,Yes,Two year,No,Electronic check,106.61,7564.7,No
CUST-02743,Male,0,Yes,Yes,36,Yes,Yes,DSL,Yes,No,Yes,No,No,Yes,One year,Yes,Electronic check,92.29,3322.68,No
CUST-02744,Male,1,Yes,Yes,9,Yes,No,Fiber optic,Yes,Yes,No,No,No,No,Month-to-month,Yes,Electronic check,92.39,833.39,Yes
CUST-02745,Male,0,No,No,18,Yes,No,DSL,No,No,No,No,No,Yes,Month-to-month,Yes,Electronic check,68.67,1216.04,Yes
CUST-02746,Female,0,No,No,59,Yes,Yes,DSL,No,No,No,Yes,Yes,Yes,One year,Yes,Electronic check,99.92,5890.16,No
CUST-02747,Male,0,Yes,Yes,54,Yes,Yes,DSL,Yes,No,No,Yes,No,No,Month-to-month,No,Bank transfer (automatic),82.68,4473.61,Yes
CUST-02748,Male,0,Yes,No,6,Yes,Yes,No,No internet service,No internet service,No internet service,No internet service,No internet service,No internet service,Month-to-month,No,Bank transfer (automatic),44.18,256.17,No
CUST-02749,Female,0,Yes,Yes,47,Yes,Yes,Fiber optic,Yes,No,Yes,No,Yes,Yes,Two year,No,Electronic check,126.58,5954.59,No
CUST-02750,Female,0,Yes,Yes,70,Yes,No,DSL,Yes,No,Yes,No,No,Yes,Two year,No,Electronic check,81.52,5706.62,No
CUST-02751,Female,0,No,No,58,No,No phone service,DSL,No,No,No,Yes,No,Yes,Two year,No,Electronic check,64.04,3707.42,No
CUST-02752,Male,0,Yes,Yes,49,Yes,Yes,No,No internet service,No internet service,No internet service,No internet service,No internet service,No internet service,Two year,Yes,Electronic check,44.08,2178.85,No
CUST-02753,Male,0,Yes,Yes,21,Yes,No,No,No internet service,No internet service,No internet service,No internet service,No internet service,No internet service,Month-to-month,Yes,Electronic check,36.03,752.09,Yes
CUST-02754,Female,0,Yes,Yes,23,Yes,Yes,Fiber optic,No,No,Yes,No,No,No,One year,Yes,Electronic check,95.71,2198.17,Yes
CUST-02755,Female,1,No,No,10,No,No phone service,DSL,Yes,Yes,Yes,No,Yes,Yes,Month-to-month,Yes,Mailed check,85.55,848.23,Yes
CUST-02756,Male,1,No,No,72,Yes,No,Fiber optic,Yes,Yes,Yes,No,No,Yes,Two year,No,Credit card (automatic),108.38,7825.57,Yes
CUST-02757,Male,0,Yes,Yes,4,Yes,No,Fiber optic,No,No,No,No,Yes,No,Month-to-month,Yes,Mailed check,91.17,385.54,Yes
CUST-02758,Female,0,Yes,No,56,Yes,No,No,No internet service,No internet service,No internet service,No internet service,No internet service,No internet service,Month-to-month,No,Electronic check,32.53,1838.88,No
CUST-02759,Female,0,Yes,Yes,13,Yes,No,DSL,Yes,No,Yes,Yes,Yes,No,Month-to-month,Yes,Bank transfer (automatic),94.44,1240.76,No
CUST-02760,Male,1,No,No,21,Yes,No,Fiber optic,No,No,No,No,Yes,Yes,One year,Yes,Mailed check,103.99,2170.53,No
CUST-02761,Female,0,Yes,Yes,16,Yes,No,DSL,No,No,Yes,Yes,No,Yes,Month-to-month,No,Credit card (automatic),84.63,1347.33,No
CUST-02762,Male,1,No,No,7,Yes,Yes,Fiber optic,No,Yes,Yes,No,No,No,One year,No,Mailed check,100.42,691.38,Yes
CUST-02763,Male,0,No,No,9,Yes,No,DSL,No,No,No,No,No,No,Month-to-month,Yes,Bank transfer (automatic),58.19,539.16,Yes
CUST-02764,Male,0,No,No,52,No,No phone service,No,No internet service,No internet service,No internet service,No internet service,No internet service,No internet service,One year,Yes,Electronic check,20.56,1104.15,No
CUST-02765,Male,0,Yes,No,70,No,No phone service,DSL,Yes,No,Yes,Yes,No,No,One year,Yes,Bank transfer (automatic),62.52,4386.59,No
CUST-02766,Female,1,No,No,49,Yes,No,Fiber optic,Yes,No,Yes,No,Yes,Yes,One year,Yes,Electronic check,115.73,5695.91,Yes
CUST-02767,Female,1,No,No,31,Yes,Yes,Fiber optic,No,Yes,No,No,No,Yes,One year,Yes,Electronic check,108.86,3381.52,No
CUST-02768,Male,0,Yes,No,2,Yes,Yes,No,No internet service,No internet service,No internet service,No internet service,No internet service,No internet service,Month-to-month,Yes,Credit card (automatic),44.12,92.99,Yes
CUST-02769,Male,0,Yes,Yes,32,Yes,No,Fiber optic,Yes,No,Yes,No,No,Yes,Month-to-month,Yes,Bank transfer (automatic),102.48,3270.66,Yes
CUST-02770,Male,0,Yes,Yes,59,Yes,No,DSL,No,No,No,No,No,No,One year,Yes,Credit card (automatic),61.26,3623.54,No
CUST-02771,Male,0,Yes,No,53,Yes,Yes,DSL,No,No,Yes,Yes,No,Yes,One year,Yes,Mailed check,94.3,5011.59,Yes
CUST-02772,Male,0,Yes,No,4,Yes,No,Fiber optic,No,No,Yes,Yes,No,No,Month-to-month,No,Bank transfer (automatic),93.58,390.13,Yes
CUST-02773,Female,0,No,No,69,Yes,No,Fiber optic,No,Yes,Yes,No,No,No,One year,No,Mailed check,92.17,6361.28,No
CUST-02774,Female,0,Yes,Yes,40,Yes,No,DSL,Yes,No,No,No,No,No,One year,Yes,Mailed check,65.09,2606.57,No
CUST-02775,Female,0,No,No,71,No,No phone service,No,No internet service,No internet service,No internet service,No internet service,No internet service,No internet service,Month-to-month,Yes,Bank transfer (automatic),18.5,1312.58,No
CUST-02776,Female,0,Yes,Yes,14,Yes,Yes,DSL,Yes,No,Yes,No,No,Yes,One year,Yes,Electronic check,93.16,1295.77,No
CUST-02777,Male,0,No,No,26,Yes,No,No,No internet service,No internet service,No internet service,No internet service,No internet service,No internet service,One year,Yes,Electronic check,35.51,936.48,No
CUST-02778,Male,0,Yes,No,65,Yes,No,DSL,No,No,Yes,No,No,No,One year,Yes,Electronic check,64.91,4190.72,No
CUST-02779,Male,0,No,No,67,Yes,Yes,DSL,No,No,No,No,Yes,Yes,One year,Yes,Mailed check,94.68,6318.47,No
CUST-02780,Male,0,Yes,Yes,20,Yes,No,DSL,No,No,No,No,Yes,Yes,Two year,Yes,Mailed check,83.62,1664.2,No
CUST-02781,Male,0,Yes,No,9,Yes,No,Fiber optic,No,No,Yes,Yes,No,No,Month-to-month,No,Bank transfer (automatic),93.09,818.71,Yes
CUST-02782,Female,0,No,No,8,Yes,No,DSL,Yes,No,No,No,No,No,Month-to-month,No,Electronic check,64.91,535.57,Yes
CUST-02783,Male,0,Yes,Yes,45,Yes,Yes,Fiber optic,Yes,No,Yes,No,No,Yes,One year,No,Mailed check,114.35,5139.11,No
CUST-02784,Female,0,No,No,3,Yes,Yes,Fiber optic,Yes,Yes,No,No,Yes,Yes,Month-to-month,No,Electronic check,127.69,396.23,Yes
CUST-02785,Female,0,No,No,16,No,No phone service,DSL,Yes,Yes,No,Yes,No,Yes,One year,No,Mailed check,77.18,1254.45,No
CUST-02786,Female,0,Yes,No,10,Yes,Yes,No,No internet service,No internet service,No internet service,No internet service,No internet service,No internet service,Month-to-month,No,Bank transfer (automatic),43.55,436.42,No
CUST-02787,Female,1,No,No,36,Yes,No,No,No internet service,No internet service,No internet service,No internet service,No internet service,No internet service,Month-to-month,No,Bank transfer (automatic),36.64,1323.95,Yes
CUST-02788,Male,1,No,No,59,Yes,No,Fiber optic,Yes,No,Yes,Yes,Yes,Yes,Two year,Yes,Electronic check,122.67,7255.93,Yes
CUST-02789,Female,0,Yes,Yes,19,Yes,No,No,No internet service,No internet service,No internet service,No internet service,No internet service,No internet service,One year,No,Bank transfer (automatic),37.59,729.2,No
CUST-02790,Female,0,No,No,60,Yes,No,DSL,No,Yes,No,No,No,No,One year,Yes,Bank transfer (automatic),65.76,3914.54,No
CUST-02791,Female,0,No,No,8,Yes,Yes,DSL,Yes,No,Yes,No,No,Yes,Month-to-month,Yes,Credit card (automatic),92.68,735.26,Yes
CUST-02792,Male,1,Yes,Yes,49,No,No phone service,DSL,Yes,Yes,No,Yes,No,Yes,One year,Yes,Bank transfer (automatic),77.84,3821.85,No
CUST-02793,Male,0,Yes,No,16,Yes,Yes,No,No internet service,No internet service,No internet service,No internet service,No internet service,No internet service,One year,Yes,Bank transfer (automatic),44.53,715.72,No
CUST-02794,Male,0,No,No,1,Yes,Yes,Fiber optic,Yes,Yes,Yes,No,Yes,Yes,Month-to-month,No,Credit card (automatic),132.66,132.66,Yes
CUST-02795,Female,0,Yes,Yes,52,Yes,No,DSL,No,No,No,Yes,Yes,Yes,Two year,No,Electronic check,92.14,4765.67,No
CUST-02796,Female,0,Yes,No,56,Yes,No,Fiber optic,Yes,No,No,No,No,No,Month-to-month,No,Bank transfer (automatic),83.93,4709.25,Yes
CUST-02797,Male,0,Yes,No,23,Yes,Yes,DSL,No,Yes,No,No,Yes,Yes,One year,Yes,Electronic check,99.89,2284.82,Yes
CUST-02798,Female,0,No,No,33,Yes,No,DSL,Yes,No,Yes,No,No,Yes,Month-to-month,No,Credit card (automatic),84.75,2794.73,No
CUST-02799,Male,0,Yes,No,34,Yes,Yes,Fiber optic,No,Yes,Yes,No,No,No,One year,No,Mailed check,102.17,3475.95,Yes
CUST-02800,Male,0,Yes,Yes,7,Yes,No,DSL,Yes,No,No,No,No,Yes,Month-to-month,Yes,Bank transfer (automatic),79.88,556.72,Yes
CUST-02801,Female,0,No,No,40,Yes,Yes,DSL,Yes,No,No,No,Yes,No,One year,Yes,Electronic check,88.47,3524.82,No
CUST-02802,Female,0,Yes,Yes,2,Yes,Yes,DSL,No,No,No,Yes,No,No,One year,Yes,Bank transfer (automatic),77.64,154.04,Yes
CUST-02803,Female,1,No,No,63,Yes,No,Fiber optic,Yes,Yes,No,No,Yes,No,One year,Yes,Electronic check,104.32,6563.99,No
CUST-02804,Female,0,No,No,38,Yes,No,Fiber optic,Yes,No,No,No,No,No,Month-to-month,Yes,Bank transfer (automatic),85.26,3264.72,Yes
CUST-02805,Male,0,No,No,5,No,No phone service,Fiber optic,Yes,No,Yes,Yes,Yes,Yes,Month-to-month,Yes,Electronic check,109.54,550.9,Yes
CUST-02806,Male,0,No,No,11,Yes,No,Fiber optic,Yes,No,No,Yes,Yes,Yes,Month-to-month,Yes,Electronic check,118.54,1342.44,Yes
CUST-02807,Male,0,Yes,Yes,15,No,No phone service,DSL,Yes,Yes,No,Yes,Yes,Yes,Month-to-month,No,Electronic check,87.14,1287.32,Yes
CUST-02808,Male,1,No,No,42,Yes,Yes,DSL,No,Yes,Yes,Yes,No,Yes,Month-to-month,No,Electronic check,103.16,4328.21,Yes
CUST-02809,Male,0,Yes,Yes,16,Yes,No,No,No internet service,No internet service,No internet service,No internet service,No internet service,No internet service,Month-to-month,Yes,Mailed check,38.35,609.04,No
CUST-02810,Female,1,Yes,No,65,Yes,No,DSL,No,Yes,Yes,No,Yes,No,Month-to-month,No,Electronic check,84.82,5501.65,No
CUST-02811,Male,0,Yes,Yes,32,Yes,Yes,Fiber optic,Yes,No,No,Yes,Yes,Yes,Month-to-month,Yes,Electronic check,124.95,3993.13,Yes
CUST-02812,Male,1,Yes,No,35,Yes,Yes,No,No internet service,No internet service,No internet service,No internet service,No internet service,No internet service,Month-to-month,Yes,Credit card (automatic),44.36,1545.4,Yes
CUST-02813,Male,0,No,No,5,Yes,Yes,Fiber optic,No,Yes,No,Yes,Yes,Yes,Month-to-month,No,Electronic check,126.08,615.72,Yes
CUST-02814,Female,0,Yes,Yes,26,Yes,No,DSL,No,Yes,Yes,No,Yes,Yes,Month-to-month,Yes,Bank transfer (automatic),95.56,2511.48,No
CUST-02815,Female,0,No,No,58,Yes,No,No,No internet service,No internet service,No internet service,No internet service,No internet service,No internet service,One year,Yes,Electronic check,36.03,2088.49,No
CUST-02816,Female,1,No,Yes,71,Yes,Yes,DSL,No,Yes,Yes,Yes,Yes,No,One year,No,Credit card (automatic),100.92,7179.22,No
CUST-02817,Female,1,No,No,66,Yes,No,Fiber optic,No,Yes,Yes,Yes,No,Yes,Month-to-month,No,Bank transfer (automatic),114.83,7593.63,Yes
CUST-02818,Male,0,Yes,No,27,Yes,Yes,DSL,No,Yes,Yes,No,No,Yes,One year,Yes,Bank transfer (automatic),89.68,2442.78,No
CUST-02819,Male,1,No,No,8,No,No phone service,Fiber optic,Yes,No,No,No,No,Yes,Month-to-month,No,Mailed check,82.63,646.31,Yes
CUST-02820,Female,0,Yes,Yes,45,Yes,Yes,Fiber optic,No,Yes,Yes,No,Yes,Yes,Month-to-month,No,Credit card (automatic),126.57,5714.65,Yes
CUST-02821,Female,0,Yes,Yes,32,Yes,No,Fiber optic,Yes,No,No,Yes,No,Yes,One year,No,Mailed check,104.17,3332.33,No
CUST-02822,Male,0,No,No,70,Yes,No,Fiber optic,No,No,Yes,No,No,No,Two year,No,Bank transfer (automatic),84.37,5936.44,No
CUST-02823,Male,0,Yes,Yes,22,Yes,No,No,No internet service,No internet service,No internet service,No internet service,No internet service,No internet service,Two year,Yes,Bank transfer (automatic),36.13,802.73,No
CUST-02824,Female,0,Yes,No,58,Yes,No,DSL,No,No,Yes,Yes,No,Yes,One year,Yes,Credit card (automatic),88.89,5138.33,No
CUST-02825,Female,0,No,No,71,Yes,No,No,No internet service,No internet service,No internet service,No internet service,No internet service,No internet service,Month-to-month,Yes,Electronic check,38.07,2721.84,No
CUST-02826,Female,0,Yes,Yes,20,Yes,Yes,DSL,Yes,Yes,Yes,No,No,No,Month-to-month,No,Electronic check,87.48,1766.99,Yes
CUST-02827,Female,0,No,No,21,Yes,No,DSL,Yes,Yes,Yes,Yes,No,Yes,Month-to-month,No,Mailed check,100.03,2081.25,No
CUST-02828,Male,0,Yes,Yes,4,Yes,No,No,No internet service,No internet service,No internet service,No internet service,No internet service,No internet service,Month-to-month,No,Credit card (automatic),34.9,150.77,Yes
CUST-02829,Male,0,Yes,Yes,69,Yes,No,Fiber optic,No,Yes,No,No,No,Yes,Two year,Yes,Electronic check,99.38,6881.27,No
CUST-02830,Male,0,Yes,Yes,16,Yes,No,DSL,Yes,No,No,No,No,No,Month-to-month,No,Electronic check,65.68,1058.06,No
CUST-02831,Female,0,Yes,Yes,68,Yes,No,Fiber optic,Yes,Yes,Yes,No,Yes,No,One year,No,Electronic check,108.3,7349.79,Yes
CUST-02832,Female,0,Yes,Yes,21,Yes,No,DSL,No,No,Yes,Yes,Yes,No,Month-to-month,Yes,Electronic check,88.4,1871.55,No
CUST-02833,Male,0,No,No,44,Yes,No,Fiber optic,Yes,Yes,No,No,Yes,Yes,Month-to-month,No,Electronic check,118.79,5236.74,Yes
CUST-02834,Male,0,No,No,23,Yes,No,Fiber optic,Yes,No,No,Yes,Yes,No,Two year,No,Credit card (automatic),105.37,2420.05,No
CUST-02835,Male,0,No,No,6,Yes,No,No,No internet service,No internet service,No internet service,No internet service,No internet service,No internet service,Month-to-month,No,Electronic check,36.4,211.5,No
CUST-02836,Male,0,Yes,No,12,Yes,Yes,DSL,Yes,No,No,No,Yes,No,Month-to-month,Yes,Mailed check,87.78,1063.27,Yes
CUST-02837,Female,0,No,No,49,Yes,No,DSL,Yes,Yes,Yes,No,Yes,Yes,One year,Yes,Electronic check,105.27,5144.57,No
CUST-02838,Male,0,No,No,25,Yes,No,DSL,No,No,Yes,No,No,Yes,One year,No,Credit card (automatic),75.76,1897.03,No
CUST-02839,Male,0,No,Yes,2,Yes,Yes,DSL,Yes,No,No,No,No,No,Month-to-month,No,Bank transfer (automatic),75.73,169.44,Yes
CUST-02840,Male,0,Yes,Yes,39,Yes,Yes,No,No internet service,No internet service,No internet service,No internet service,No internet service,No internet service,One year,Yes,Bank transfer (automatic),42.83,1693.17,No
CUST-02841,Male,1,No,No,9,Yes,No,No,No internet service,No internet service,No internet service,No internet service,No internet service,No internet service,Month-to-month,Yes,Bank transfer (automatic),32.62,285.7,No
CUST-02842,Male,1,No,No,36,Yes,No,Fiber optic,No,No,Yes,No,No,Yes,One year,No,Credit card (automatic),97.83,3498.08,Yes
CUST-02843,Male,0,Yes,Yes,55,Yes,Yes,Fiber optic,No,Yes,Yes,Yes,No,No,Month-to-month,Yes,Mailed check,109.32,6001.99,Yes
CUST-02844,Male,0,No,No,20,No,No phone service,No,No internet service,No internet service,No internet service,No internet service,No internet service,No internet service,One year,No,Credit card (automatic),18.5,382.25,No
CUST-02845,Female,0,Yes,Yes,67,Yes,No,DSL,No,No,Yes,Yes,Yes,No,Month-to-month,Yes,Electronic check,87.26,5835.31,Yes
CUST-02846,Female,0,No,No,66,No,No phone service,DSL,Yes,No,Yes,No,Yes,No,Two year,Yes,Mailed check,70.95,4698.94,No
CUST-02847,Female,1,No,No,36,Yes,No,DSL,No,Yes,Yes,Yes,No,No,Two year,Yes,Electronic check,80.77,2896.58,No
CUST-02848,Female,0,No,No,50,Yes,No,No,No internet service,No internet service,No internet service,No internet service,No internet service,No internet service,Two year,Yes,Electronic check,32.18,1600.64,No
CUST-02849,Male,0,Yes,Yes,18,Yes,Yes,Fiber optic,No,Yes,No,Yes,Yes,Yes,One year,No,Mailed check,128.51,2310.59,No
CUST-02850,Female,0,Yes,Yes,57,Yes,No,Fiber optic,Yes,Yes,No,No,No,No,Month-to-month,Yes,Credit card (automatic),92.49,5286.1,Yes
CUST-02851,Female,1,No,No,17,Yes,No,DSL,No,Yes,No,Yes,Yes,Yes,Month-to-month,Yes,Electronic check,96.74,1620.83,Yes
CUST-02852,Male,0,Yes,Yes,9,Yes,No,Fiber optic,No,Yes,Yes,No,Yes,No,Month-to-month,Yes,Bank transfer (automatic),104.52,944.88,Yes
CUST-02853,Male,0,Yes,No,37,Yes,No,No,No internet service,No internet service,No internet service,No internet service,No internet service,No internet service,One year,Yes,Credit card (automatic),34.24,1270.81,Yes
CUST-02854,Female,0,No,No,70,No,No phone service,DSL,No,No,No,Yes,No,Yes,One year,Yes,Electronic check,63.77,4449.03,No
CUST-02855,Female,0,No,No,18,Yes,No,Fiber optic,Yes,Yes,No,Yes,No,Yes,Month-to-month,Yes,Electronic check,110.23,1989.48,No
CUST-02856,Male,0,Yes,Yes,34,No,No phone service,DSL,Yes,No,No,No,No,No,One year,Yes,Bank transfer (automatic),52.25,1773.8,Yes
CUST-02857,Female,0,Yes,No,44,Yes,Yes,No,No internet service,No internet service,No internet service,No internet service,No internet service,No internet service,Two year,Yes,Electronic check,46.94,2048.39,No
CUST-02858,Male,1,Yes,No,68,Yes,No,Fiber optic,No,No,No,No,Yes,Yes,One year,Yes,Bank transfer (automatic),103.79,7056.61,No
CUST-02859,Male,1,No,No,54,Yes,Yes,DSL,Yes,No,No,No,Yes,Yes,Two year,No,Electronic check,101.48,5464.29,No
CUST-02860,Male,1,No,No,30,Yes,No,Fiber optic,Yes,No,Yes,Yes,No,Yes,Month-to-month,Yes,Electronic check,114.29,3419.09,Yes
CUST-02861,Male,0,No,No,49,Yes,No,DSL,No,No,No,No,Yes,Yes,Month-to-month,Yes,Bank transfer (automatic),84.2,4139.0,Yes
CUST-02862,Female,0,No,No,55,Yes,No,No,No internet service,No internet service,No internet service,No internet service,No internet service,No internet service,One year,Yes,Credit card (automatic),34.88,1913.72,No
CUST-02863,Male,0,No,No,2,No,No phone service,No,No internet service,No internet service,No internet service,No internet service,No internet service,No internet service,Month-to-month,No,Electronic check,20.7,54.29,No
CUST-02864,Male,0,No,No,63,Yes,Yes,Fiber optic,No,No,No,Yes,No,Yes,Two year,Yes,Bank transfer (automatic),108.74,6848.27,No
CUST-02865,Female,0,Yes,Yes,12,Yes,No,DSL,Yes,Yes,No,No,No,No,One year,No,Mailed check,72.82,859.4,Yes
CUST-02866,Male,0,No,No,70,Yes,Yes,Fiber optic,Yes,No,No,No,Yes,No,Month-to-month,Yes,Credit card (automatic),108.23,7583.3,No
CUST-02867,Female,0,Yes,Yes,19,Yes,No,Fiber optic,Yes,Yes,Yes,Yes,No,Yes,Month-to-month,Yes,Mailed check,116.04,2213.16,Yes
CUST-02868,Female,0,No,No,62,Yes,No,DSL,Yes,Yes,No,No,No,Yes,Month-to-month,No,Credit card (automatic),82.06,5069.26,No
CUST-02869,Female,0,No,No,71,Yes,Yes,DSL,Yes,No,No,No,Yes,Yes,Two year,Yes,Electronic check,98.52,7011.96,No
CUST-02870,Male,0,Yes,No,34,Yes,No,No,No internet service,No internet service,No internet service,No internet service,No internet service,No internet service,One year,No,Credit card (automatic),35.77,1238.99,No
CUST-02871,Female,0,No,No,44,No,No phone service,No,No internet service,No internet service,No internet service,No internet service,No internet service,No internet service,Two year,Yes,Credit card (automatic),19.49,866.96,No
CUST-02872,Female,0,Yes,No,69,No,No phone service,No,No internet service,No internet service,No internet service,No internet service,No internet service,No internet service,One year,Yes,Credit card (automatic),19.96,1378.4,No
CUST-02873,Male,0,No,Yes,66,Yes,No,Fiber optic,Yes,Yes,No,Yes,Yes,No,Month-to-month,Yes,Credit card (automatic),114.05,7557.48,Yes
CUST-02874,Female,0,Yes,Yes,2,Yes,No,Fiber optic,Yes,No,Yes,Yes,No,Yes,Month-to-month,Yes,Credit card (automatic),112.66,233.41,Yes
CUST-02875,Female,0,No,No,29,Yes,No,Fiber optic,No,Yes,No,Yes,No,No,One year,Yes,Credit card (automatic),93.04,2701.12,No
CUST-02876,Female,0,Yes,Yes,64,Yes,Yes,Fiber optic,No,No,Yes,No,No,No,One year,No,Credit card (automatic),94.52,6074.78,No
CUST-02877,Female,0,Yes,No,25,Yes,No,No,No internet service,No internet service,No internet service,No internet service,No internet service,No internet service,Month-to-month,No,Mailed check,35.46,910.54,Yes
CUST-02878,Female,0,Yes,No,60,Yes,Yes,No,No internet service,No internet service,No internet service,No internet service,No internet service,No internet service,Two year,Yes,Credit card (automatic),43.54,2590.81,No
CUST-02879,Male,0,Yes,Yes,18,Yes,Yes,No,No internet service,No internet service,No internet service,No internet service,No internet service,No internet service,One year,Yes,Mailed check,46.88,836.28,No
CUST-02880,Female,0,Yes,Yes,8,Yes,No,Fiber optic,No,No,Yes,No,Yes,Yes,Month-to-month,Yes,Bank transfer (automatic),110.37,891.74,Yes
CUST-02881,Female,0,No,No,31,Yes,No,Fiber optic,Yes,Yes,Yes,No,Yes,Yes,One year,Yes,Bank transfer (automatic),122.19,3806.3,Yes
CUST-02882,Male,0,Yes,No,70,Yes,Yes,Fiber optic,No,Yes,No,No,Yes,No,Two year,No,Credit card (automatic),106.57,7442.42,No
CUST-02883,Male,0,Yes,No,69,Yes,Yes,No,No internet service,No internet service,No internet service,No internet service,No internet service,No internet service,One year,No,Bank transfer (automatic),45.93,3182.79,No
CUST-02884,Male,0,Yes,Yes,46,Yes,No,Fiber optic,No,Yes,No,No,Yes,Yes,Two year,No,Electronic check,111.69,5131.67,Yes
CUST-02885,Female,0,No,No,46,Yes,Yes,DSL,No,No,Yes,No,Yes,No,Month-to-month,Yes,Bank transfer (automatic),87.8,4049.56,Yes
CUST-02886,Male,1,No,No,39,Yes,Yes,Fiber optic,Yes,No,Yes,No,No,No,Two year,Yes,Electronic check,103.39,4023.71,No
CUST-02887,Female,0,No,No,2,Yes,No,No,No internet service,No internet service,No internet service,No internet service,No internet service,No internet service,Month-to-month,No,Mailed check,34.39,34.39,No
CUST-02888,Female,0,No,No,41,Yes,Yes,Fiber optic,No,Yes,Yes,Yes,Yes,No,One year,Yes,Credit card (automatic),121.91,4971.74,No
CUST-02889,Male,0,Yes,No,42,Yes,No,No,No internet service,No internet service,No internet service,No internet service,No internet service,No internet service,Two year,No,Credit card (automatic),38.13,1584.57,No
CUST-02890,Male,0,Yes,No,9,Yes,No,DSL,No,No,Yes,No,Yes,Yes,Month-to-month,Yes,Credit card (automatic),89.44,796.09,Yes
CUST-02891,Female,0,Yes,No,65,Yes,No,No,No internet service,No internet service,No internet service,No internet service,No internet service,No internet service,Two year,Yes,Bank transfer (automatic),35.81,2327.54,No
CUST-02892,Male,0,No,No,46,Yes,No,Fiber optic,Yes,No,Yes,No,Yes,Yes,One year,No,Electronic check,115.42,5301.56,Yes
CUST-02893,Female,0,No,Yes,5,Yes,Yes,Fiber optic,No,No,No,Yes,No,Yes,Month-to-month,Yes,Mailed check,110.42,551.39,Yes
CUST-02894,Male,0,No,No,51,Yes,No,Fiber optic,No,Yes,No,No,Yes,Yes,Month-to-month,Yes,Mailed check,111.04,5655.59,No
CUST-02895,Male,0,Yes,Yes,5,Yes,No,No,No internet service,No internet service,No internet service,No internet service,No internet service,No internet service,Month-to-month,No,Electronic check,33.65,168.18,No
CUST-02896,Male,0,Yes,Yes,30,Yes,Yes,No,No internet service,No internet service,No internet service,No internet service,No internet service,No internet service,Month-to-month,Yes,Mailed check,43.94,1332.16,Yes
CUST-02897,Female,0,Yes,Yes,41,Yes,No,No,No internet service,No internet service,No internet service,No internet service,No internet service,No internet service,Two year,Yes,Credit card (automatic),35.85,1469.63,No
CUST-02898,Male,0,No,No,50,Yes,No,DSL,No,Yes,No,Yes,No,No,One year,Yes,Mailed check,74.24,3720.11,No
CUST-02899,Female,0,Yes,No,70,Yes,Yes,DSL,No,No,No,No,Yes,No,One year,No,Bank transfer (automatic),83.76,5873.92,No
CUST-02900,Female,1,No,No,64,Yes,No,No,No internet service,No internet service,No internet service,No internet service,No internet service,No internet service,Month-to-month,Yes,Mailed check,35.4,2263.23,Yes
CUST-02901,Female,0,Yes,No,9,Yes,Yes,No,No internet service,No internet service,No internet service,No internet service,No internet service,No internet service,Two year,Yes,Bank transfer (automatic),47.79,403.25,No
CUST-02902,Female,0,No,No,55,Yes,No,DSL,No,Yes,Yes,No,No,No,Two year,Yes,Electronic check,73.05,4021.54,Yes
CUST-02903,Male,0,No,No,19,No,No phone service,DSL,Yes,Yes,No,Yes,No,No,Month-to-month,No,Credit card (automatic),67.82,1278.47,Yes
CUST-02904,Female,0,No,No,17,Yes,Yes,DSL,No,No,Yes,Yes,Yes,No,Two year,No,Mailed check,98.53,1687.95,No
CUST-02905,Female,1,No,No,3,Yes,No,Fiber optic,No,No,No,Yes,Yes,No,One year,No,Bank transfer (automatic),99.04,317.6,Yes
CUST-02906,Male,0,No,No,64,Yes,No,Fiber optic,Yes,Yes,Yes,Yes,Yes,No,One year,No,Bank transfer (automatic),120.22,7690.22,No
CUST-02907,Female,1,No,No,22,Yes,No,DSL,Yes,Yes,No,No,No,No,Month-to-month,No,Credit card (automatic),73.41,1617.48,Yes
CUST-02908,Male,0,No,Yes,10,No,No phone service,DSL,Yes,No,Yes,Yes,Yes,No,Month-to-month,No,Electronic check,78.31, ,Yes
CUST-02909,Female,0,No,No,7,Yes,No,No,No internet service,No internet service,No internet service,No internet service,No internet service,No internet service,Month-to-month,Yes,Credit card (automatic),36.78,245.27,Yes
CUST-02910,Male,0,No,Yes,43,Yes,No,DSL,Yes,Yes,No,No,Yes,Yes,One year,Yes,Credit card (automatic),95.54,4108.36,Yes
CUST-02911,Female,1,No,No,63,Yes,Yes,Fiber optic,Yes,Yes,Yes,No,No,No,Two year,No,Credit card (automatic),108.49,6811.66,No
CUST-02912,Male,0,No,No,9,Yes,No,Fiber optic,No,No,No,Yes,No,Yes,Month-to-month,No,Mailed check,99.37,909.99,Yes
CUST-02913,Female,0,No,No,70,Yes,No,Fiber optic,Yes,Yes,Yes,No,Yes,No,Two year,No,Credit card (automatic),113.46,7967.49,No
CUST-02914,Female,0,Yes,Yes,31,Yes,No,DSL,Yes,Yes,No,Yes,Yes,Yes,Two year,Yes,Bank transfer (automatic),102.87,3190.47,No
CUST-02915,Male,0,Yes,No,10,Yes,Yes,DSL,No,Yes,No,No,Yes,Yes,Month-to-month,No,Mailed check,98.08,969.52,Yes
CUST-02916,Male,1,No,No,14,Yes,Yes,Fiber optic,No,No,Yes,No,No,No,One year,No,Bank transfer (automatic),94.77,1330.7,Yes
CUST-02917,Male,0,No,No,16,Yes,No,No,No internet service,No internet service,No internet service,No internet service,No internet service,No internet service,One year,No,Bank transfer (automatic),34.92,539.6,No
CUST-02918,Male,0,No,No,35,Yes,Yes,Fiber optic,Yes,Yes,Yes,No,Yes,Yes,One year,No,Electronic check,131.91,4610.31,No
CUST-02919,Female,0,Yes,Yes,11,Yes,Yes,DSL,No,No,Yes,No,Yes,Yes,Month-to-month,No,Electronic check,101.34,1108.47,Yes
CUST-02920,Female,0,No,No,9,Yes,No,No,No internet service,No internet service,No internet service,No internet service,No internet service,No internet service,Month-to-month,Yes,Bank transfer (automatic),35.05,307.62,Yes
CUST-02921,Male,1,No,No,8,Yes,Yes,DSL,Yes,No,No,Yes,Yes,Yes,Month-to-month,Yes,Credit card (automatic),107.26,861.37,No
CUST-02922,Female,0,Yes,Yes,56,Yes,No,No,No internet service,No internet service,No internet service,No internet service,No internet service,No internet service,One year,No,Credit card (automatic),35.72,2006.83,No
CUST-02923,Male,0,No,No,41,Yes,Yes,DSL,No,Yes,Yes,No,Yes,No,Two year,Yes,Credit card (automatic),95.75,3925.96,No
CUST-02924,Male,1,No,No,8,Yes,No,Fiber optic,Yes,Yes,No,No,No,Yes,Month-to-month,No,Electronic check,104.31,847.99,Yes
CUST-02925,Female,0,Yes,Yes,31,Yes,Yes,DSL,Yes,No,No,Yes,No,Yes,Two year,Yes,Mailed check,97.3,3022.16,No
CUST-02926,Female,0,No,No,16,Yes,No,Fiber optic,Yes,Yes,Yes,Yes,Yes,No,One year,No,Mailed check,118.13,1882.67,Yes
CUST-02927,Female,0,No,No,65,Yes,No,Fiber optic,No,No,No,Yes,Yes,Yes,Two year,Yes,Mailed check,111.61,7253.03,No
CUST-02928,Female,0,Yes,Yes,14,Yes,Yes,Fiber optic,No,No,No,Yes,Yes,Yes,One year,No,Electronic check,123.05,1721.49,Yes
CUST-02929,Female,0,Yes,No,39,Yes,Yes,DSL,Yes,No,No,No,No,Yes,Month-to-month,Yes,Electronic check,88.34,3439.51,Yes
CUST-02930,Female,1,No,No,55,Yes,Yes,No,No internet service,No internet service,No internet service,No internet service,No internet service,No internet service,Two year,Yes,Electronic check,46.51,2565.69,No
CUST-02931,Female,0,Yes,Yes,17,No,No phone service,No,No internet service,No internet service,No internet service,No internet service,No internet service,No internet service,One year,No,Bank transfer (automatic),22.31,347.3,No
CUST-02932,Male,0,Yes,No,69,Yes,Yes,Fiber optic,No,Yes,No,Yes,No,No,Month-to-month,Yes,Mailed check,103.83,7164.75,No
CUST-02933,Male,1,Yes,Yes,57,Yes,Yes,Fiber optic,Yes,No,Yes,No,Yes,Yes,One year,No,Electronic check,126.97,7241.93,Yes
CUST-02934,Male,0,No,Yes,14,Yes,Yes,Fiber optic,Yes,No,Yes,No,Yes,No,One year,Yes,Mailed check,115.6,1627.39,No
CUST-02935,Male,0,No,No,49,Yes,No,DSL,Yes,Yes,No,Yes,No,Yes,Two year,No,Electronic check,92.62,4555.01,No
CUST-02936,Male,0,No,No,2,Yes,No,No,No internet service,No internet service,No internet service,No internet service,No internet service,No internet service,Month-to-month,Yes,Bank transfer (automatic),35.77,69.43,Yes
CUST-02937,Female,1,Yes,No,56,Yes,No,DSL,No,No,No,Yes,No,No,Month-to-month,Yes,Electronic check,68.22,3832.8,No
CUST-02938,Male,0,No,No,70,Yes,Yes,Fiber optic,Yes,No,No,Yes,Yes,Yes,Two year,No,Electronic check,128.38,8995.76,No
CUST-02939,Male,0,Yes,Yes,27,Yes,No,Fiber optic,No,No,Yes,No,No,No,One year,Yes,Bank transfer (automatic),86.78,2347.02,No
CUST-02940,Male,0,Yes,Yes,55,Yes,No,Fiber optic,Yes,No,Yes,No,Yes,Yes,One year,No,Electronic check,115.09,6309.08,No
CUST-02941,Male,0,Yes,Yes,55,Yes,No,No,No internet service,No internet service,No internet service,No internet service,No internet service,No internet service,Month-to-month,Yes,Bank transfer (automatic),32.45,1801.11,No
CUST-02942,Male,0,Yes,No,52,Yes,Yes,DSL,No,Yes,Yes,No,No,Yes,Month-to-month,Yes,Electronic check,93.87,4882.69,Yes
CUST-02943,Male,1,No,No,51,Yes,No,Fiber optic,No,Yes,Yes,Yes,No,No,One year,Yes,Electronic check,99.75,5083.47,No
CUST-02944,Male,0,No,No,45,Yes,No,Fiber optic,No,No,No,No,No,No,Two year,Yes,Electronic check,82.43,3692.0,No
CUST-02945,Female,0,Yes,Yes,25,Yes,No,DSL,No,Yes,Yes,Yes,No,Yes,Month-to-month,No,Electronic check,92.44,2274.34,Yes
CUST-02946,Female,1,No,No,55,Yes,No,Fiber optic,No,Yes,No,Yes,No,No,One year,Yes,Electronic check,94.84,5244.73,No
CUST-02947,Male,0,No,No,44,Yes,No,No,No internet service,No internet service,No internet service,No internet service,No internet service,No internet service,One year,Yes,Mailed check,34.38,1517.32,No
CUST-02948,Female,0,No,No,12,Yes,No,DSL,No,No,Yes,Yes,Yes,No,Month-to-month,Yes,Mailed check,85.11,1004.72,No
CUST-02949,Female,0,Yes,No,47,Yes,No,Fiber optic,Yes,No,No,Yes,Yes,Yes,One year,No,Bank transfer (automatic),116.75,5468.34,No
CUST-02950,Female,1,No,No,55,Yes,Yes,Fiber optic,No,Yes,Yes,No,Yes,No,Two year,No,Electronic check,112.11,6161.87,No
CUST-02951,Female,0,Yes,Yes,15,Yes,Yes,Fiber optic,No,Yes,No,No,No,No,One year,Yes,Mailed check,97.09,1468.47,Yes
CUST-02952,Male,0,No,Yes,24,Yes,No,No,No internet service,No internet service,No internet service,No internet service,No internet service,No internet service,One year,Yes,Credit card (automatic),35.46,860.51,No
CUST-02953,Female,0,Yes,No,23,Yes,Yes,DSL,No,Yes,No,No,Yes,Yes,One year,No,Electronic check,102.22,2361.29,Yes
CUST-02954,Female,0,No,No,61,Yes,Yes,Fiber optic,Yes,Yes,No,No,Yes,No,One year,Yes,Electronic check,114.82,6990.71,Yes
CUST-02955,Female,0,Yes,Yes,57,Yes,Yes,Fiber optic,Yes,No,No,No,No,No,Two year,Yes,Credit card (automatic),96.36,5489.84,No
CUST-02956,Male,0,Yes,No,15,Yes,No,DSL,No,Yes,Yes,Yes,Yes,Yes,One year,Yes,Mailed check,101.03,1517.36,Yes
CUST-02957,Male,0,No,No,57,Yes,No,No,No internet service,No internet service,No internet service,No internet service,No internet service,No internet service,Two year,Yes,Credit card (automatic),37.86,2157.17,No
CUST-02958,Male,0,No,No,30,Yes,Yes,DSL,No,Yes,No,Yes,No,Yes,One year,No,Mailed check,96.06,2889.99,No
CUST-02959,Male,0,No,No,48,Yes,No,DSL,No,No,Yes,Yes,Yes,Yes,Two year,Yes,Electronic check,94.87,4577.37,No
CUST-02960,Male,0,No,No,24,Yes,No,Fiber optic,Yes,No,No,No,No,No,Month-to-month,Yes,Mailed check,86.34,2075.32,Yes
CUST-02961,Male,0,Yes,Yes,30,Yes,No,DSL,No,No,No,Yes,No,No,Month-to-month,Yes,Bank transfer (automatic),66.78,1994.63,Yes
CUST-02962,Male,0,No,No,30,Yes,Yes,Fiber optic,No,No,Yes,Yes,No,No,One year,Yes,Mailed check,102.73,3060.11,Yes
CUST-02963,Female,0,Yes,No,71,Yes,No,No,No internet service,No internet service,No internet service,No internet service,No internet service,No internet service,Two year,No,Mailed check,35.4,2516.04,No
CUST-02964,Female,0,Yes,Yes,49,Yes,No,DSL,No,Yes,Yes,No,Yes,No,Two year,Yes,Credit card (automatic),83.12,4062.98,No
CUST-02965,Female,0,No,No,2,Yes,Yes,DSL,Yes,No,No,No,No,Yes,One year,No,Mailed check,89.54,185.51,Yes
CUST-02966,Male,0,No,No,25,Yes,Yes,DSL,Yes,No,No,No,No,Yes,Month-to-month,Yes,Bank transfer (automatic),87.83,2201.22,No
CUST-02967,Male,1,No,No,72,Yes,No,DSL,No,Yes,Yes,No,Yes,Yes,Two year,No,Bank transfer (automatic),96.6,6978.65,No
CUST-02968,Male,0,No,No,45,Yes,No,DSL,No,Yes,Yes,Yes,No,Yes,Month-to-month,Yes,Electronic check,92.85,4181.46,Yes
CUST-02969,Male,1,No,No,11,Yes,Yes,No,No internet service,No internet service,No internet service,No internet service,No internet service,No internet service,One year,Yes,Mailed check,45.38,506.01,No
CUST-02970,Male,0,Yes,Yes,22,Yes,No,Fiber optic,No,No,Yes,Yes,Yes,Yes,One year,No,Credit card (automatic),118.32,2593.21,Yes
CUST-02971,Female,0,Yes,Yes,19,Yes,Yes,DSL,No,No,No,No,Yes,No,Month-to-month,Yes,Bank transfer (automatic),82.21,1540.51,Yes
CUST-02972,Female,1,No,No,53,Yes,Yes,No,No internet service,No internet service,No internet service,No internet service,No internet service,No internet service,Two year,No,Electronic check,47.24,2519.84,No
CUST-02973,Male,0,Yes,No,6,Yes,No,DSL,No,Yes,No,No,Yes,Yes,Month-to-month,Yes,Mailed check,91.27,565.72,No
CUST-02974,Male,0,Yes,Yes,56,Yes,No,Fiber optic,Yes,Yes,No,No,No,Yes,Month-to-month,Yes,Electronic check,102.96,5760.8,Yes
CUST-02975,Male,0,Yes,No,54,Yes,No,DSL,No,Yes,No,Yes,No,Yes,Month-to-month,Yes,Bank transfer (automatic),84.33,4524.81,No
CUST-02976,Male,0,No,No,70,Yes,Yes,DSL,Yes,Yes,Yes,No,Yes,No,Month-to-month,No,Electronic check,98.81,6937.11,No
CUST-02977,Female,0,Yes,Yes,9,Yes,No,Fiber optic,No,Yes,Yes,No,Yes,Yes,Month-to-month,No,Electronic check,116.64,1067.58,Yes
CUST-02978,Male,0,No,No,14,Yes,No,Fiber optic,Yes,Yes,Yes,No,No,No,Month-to-month,No,Mailed check,96.34,1347.01,No
CUST-02979,Male,0,No,Yes,10,Yes,No,Fiber optic,Yes,No,No,Yes,Yes,Yes,Two year,Yes,Mailed check,117.02,1186.23,No
CUST-02980,Male,0,Yes,No,16,Yes,No,Fiber optic,No,No,No,Yes,No,No,Month-to-month,No,Bank transfer (automatic),85.99,1375.22,Yes
CUST-02981,Male,1,No,No,20,Yes,No,DSL,Yes,No,Yes,Yes,Yes,Yes,One year,Yes,Credit card (automatic),105.4,2111.26,No
CUST-02982,Female,0,No,No,12,Yes,No,Fiber optic,No,No,No,No,Yes,Yes,Two year,Yes,Electronic check,104.99,1235.49,No
CUST-02983,Male,0,No,No,6,Yes,Yes,No,No internet service,No internet service,No internet service,No internet service,No internet service,No internet service,Month-to-month,Yes,Electronic check,46.32,296.25,Yes
CUST-02984,Male,1,No,No,15,Yes,No,DSL,Yes,No,Yes,No,No,No,Month-to-month,No,Credit card (automatic),71.29,1043.05,No
CUST-02985,Female,0,Yes,Yes,66,Yes,No,Fiber optic,No,No,No,Yes,Yes,Yes,One year,Yes,Credit card (automatic),109.36,7243.58,No
CUST-02986,Female,0,No,Yes,13,Yes,Yes,Fiber optic,No,Yes,Yes,No,Yes,Yes,Two year,Yes,Credit card (automatic),124.75,1649.09,Yes
CUST-02987,Female,0,Yes,No,41,No,No phone service,Fiber optic,Yes,No,No,No,Yes,Yes,Two year,Yes,Electronic check,92.98,3773.86,No
CUST-02988,Male,0,No,No,46,Yes,Yes,Fiber optic,No,Yes,No,No,Yes,Yes,One year,No,Electronic check,117.96,5449.51,Yes
CUST-02989,Male,0,No,No,12,No,No phone service,Fiber optic,No,No,No,Yes,Yes,Yes,Month-to-month,No,Mailed check,98.71,1180.94,Yes
CUST-02990,Female,0,No,No,23,Yes,Yes,No,No internet service,No internet service,No internet service,No internet service,No internet service,No internet service,One year,Yes,Credit card (automatic),44.63,1032.82,No
CUST-02991,Female,1,Yes,No,8,Yes,No,Fiber optic,No,Yes,No,No,Yes,No,Month-to-month,No,Electronic check,98.43,766.28,Yes
CUST-02992,Female,0,Yes,Yes,38,Yes,No,Fiber optic,No,No,Yes,No,No,No,Month-to-month,No,Credit card (automatic),87.65,3325.86,Yes
CUST-02993,Female,0,Yes,Yes,67,Yes,No,Fiber optic,No,Yes,Yes,No,Yes,No,Two year,Yes,Electronic check,102.47,6847.77,No
CUST-02994,Female,0,Yes,Yes,44,Yes,Yes,Fiber optic,No,Yes,Yes,No,No,Yes,Two year,No,Electronic check,114.92,5044.64,Yes
CUST-02995,Female,0,Yes,Yes,55,Yes,Yes,Fiber optic,Yes,Yes,Yes,Yes,Yes,Yes,Month-to-month,Yes,Electronic check,137.82,7598.43,Yes
CUST-02996,Male,1,No,No,44,Yes,Yes,Fiber optic,Yes,Yes,Yes,No,Yes,Yes,One year,Yes,Electronic check,132.38,5839.71,Yes
CUST-02997,Male,0,Yes,No,1,Yes,No,Fiber optic,No,No,No,Yes,Yes,No,Month-to-month,Yes,Credit card (automatic),101.6,113.91,Yes
CUST-02998,Male,0,No,No,11,No,No phone service,Fiber optic,No,Yes,Yes,No,Yes,Yes,Month-to-month,No,Mailed check,99.29,1084.1,Yes
CUST-02999,Female,0,Yes,Yes,36,Yes,Yes,DSL,Yes,Yes,No,No,Yes,Yes,Two year,Yes,Electronic check,107.24,3850.28,No
CUST-03000,Female,0,No,No,53,Yes,Yes,Fiber optic,No,Yes,Yes,Yes,Yes,No,Two year,Yes,Electronic check,122.34,6459.28,No
CUST-03001,Female,0,No,No,55,Yes,No,No,No internet service,No internet service,No internet service,No internet service,No internet service,No internet service,Month-to-month,Yes,Mailed check,34.32,1897.77,No
CUST-03002,Female,0,No,No,52,Yes,No,No,No internet service,No internet service,No internet service,No internet service,No internet service,No internet service,Two year,No,Electronic check,33.2,1755.45,No
CUST-03003,Female,1,No,No,3,Yes,No,Fiber optic,No,No,No,Yes,No,No,Month-to-month,No,Electronic check,88.36,286.92,Yes
CUST-03004,Female,0,Yes,Yes,53,Yes,No,Fiber optic,Yes,Yes,Yes,Yes,No,No,Month-to-month,No,Electronic check,106.74,5657.68,Yes
CUST-03005,Male,1,No,No,65,Yes,No,DSL,No,No,No,No,No,No,Month-to-month,Yes,Electronic check,59.52,3876.2,Yes
CUST-03006,Male,0,Yes,No,2,Yes,Yes,Fiber optic,No,Yes,Yes,No,No,Yes,Month-to-month,Yes,Credit card (automatic),112.53,228.77,Yes
CUST-03007,Female,0,Yes,No,28,Yes,Yes,DSL,No,Yes,No,No,Yes,No,Month-to-month,No,Mailed check,89.14,2509.56,No
CUST-03008,Male,1,No,No,18,Yes,Yes,No,No internet service,No internet service,No internet service,No internet service,No internet service,No internet service,One year,Yes,Bank transfer (automatic),46.78,868.17,Yes
CUST-03009,Female,0,No,No,60,Yes,No,DSL,No,Yes,Yes,Yes,Yes,Yes,Month-to-month,Yes,Bank transfer (automatic),105.43,6317.26,No
CUST-03010,Male,0,No,No,7,Yes,No,Fiber optic,No,No,No,No,Yes,No,Month-to-month,Yes,Credit card (automatic),94.38,652.67,Yes
CUST-03011,Female,0,Yes,No,48,Yes,Yes,No,No internet service,No internet service,No internet service,No internet service,No internet service,No internet service,One year,No,Electronic check,44.02,2108.65,No
CUST-03012,Female,0,Yes,No,37,Yes,No,No,No internet service,No internet service,No internet service,No internet service,No internet service,No internet service,Two year,Yes,Mailed check,32.88,1216.07,No
CUST-03013,Male,0,Yes,No,65,Yes,No,Fiber optic,No,No,No,No,No,Yes,One year,Yes,Electronic check,92.62,6031.22,Yes
CUST-03014,Male,0,Yes,Yes,69,Yes,Yes,Fiber optic,Yes,Yes,Yes,Yes,No,Yes,Two year,No,Mailed check,127.4,8789.59,No
CUST-03015,Female,0,Yes,No,53,Yes,No,Fiber optic,No,No,Yes,No,No,No,One year,No,Electronic check,87.48,4623.64,No
CUST-03016,Female,0,Yes,No,16,Yes,No,DSL,No,Yes,No,Yes,No,No,One year,Yes,Electronic check,72.44,1146.44,Yes
CUST-03017,Male,0,Yes,No,60,Yes,No,DSL,No,Yes,Yes,No,Yes,Yes,One year,No,Bank transfer (automatic),94.55,5655.37,No
CUST-03018,Male,0,No,Yes,70,Yes,Yes,DSL,No,No,Yes,No,Yes,No,Two year,No,Electronic check,88.1,6165.39,Yes
CUST-03019,Female,0,Yes,Yes,66,Yes,No,DSL,No,No,Yes,Yes,Yes,Yes,Two year,Yes,Credit card (automatic),98.26,6500.67,No
CUST-03020,Male,1,No,No,22,Yes,No,No,No internet service,No internet service,No internet service,No internet service,No internet service,No internet service,One year,No,Electronic check,36.01,798.53,No
CUST-03021,Female,0,Yes,No,33,Yes,Yes,DSL,No,No,Yes,No,Yes,No,One year,No,Bank transfer (automatic),87.85,2907.5,No
CUST-03022,Female,0,No,No,9,Yes,No,Fiber optic,No,No,Yes,Yes,Yes,Yes,Month-to-month,Yes,Bank transfer (automatic),115.12,1019.82,Yes
CUST-03023,Female,1,No,No,49,Yes,No,DSL,No,No,No,No,Yes,Yes,Two year,No,Electronic check,89.18,4352.23,No
CUST-03024,Female,0,Yes,No,35,Yes,No,No,No internet service,No internet service,No internet service,No internet service,No internet service,No internet service,Two year,No,Credit card (automatic),35.05,1229.43,No
CUST-03025,Male,1,No,No,30,Yes,No,Fiber optic,No,Yes,Yes,Yes,No,Yes,One year,No,Mailed check,116.33,3508.59,No
CUST-03026,Male,0,Yes,Yes,1,Yes,No,Fiber optic,Yes,Yes,No,No,No,No,One year,Yes,Credit card (automatic),91.81,104.48,Yes
CUST-03027,Male,0,No,No,15,Yes,Yes,Fiber optic,No,No,No,No,Yes,No,Month-to-month,Yes,Electronic check,100.42,1496.2,Yes
CUST-03028,Male,0,Yes,Yes,71,Yes,No,No,No internet service,No internet service,No internet service,No internet service,No internet service,No internet service,Two year,Yes,Bank transfer (automatic),34.52,2485.29,No
CUST-03029,Male,0,No,No,57,Yes,Yes,DSL,No,No,No,Yes,No,Yes,Two year,Yes,Electronic check,91.65,5193.6,No
CUST-03030,Male,0,Yes,Yes,17,Yes,No,No,No internet service,No internet service,No internet service,No internet service,No internet service,No internet service,One year,No,Mailed check,35.93,611.25,No
CUST-03031,Male,0,Yes,Yes,4,Yes,No,Fiber optic,No,No,Yes,Yes,No,Yes,Month-to-month,No,Mailed check,106.46,427.38,Yes
CUST-03032,Female,0,No,No,19,Yes,No,DSL,Yes,No,Yes,Yes,No,Yes,Month-to-month,Yes,Mailed check,91.91,1743.15,Yes
CUST-03033,Male,0,Yes,Yes,15,Yes,No,DSL,No,No,No,Yes,Yes,No,One year,No,Electronic check,80.19,1210.73,No
CUST-03034,Male,0,No,No,68,Yes,No,Fiber optic,No,No,No,Yes,Yes,No,Two year,Yes,Bank transfer (automatic),99.78,6782.01,No
CUST-03035,Female,0,Yes,Yes,43,Yes,No,DSL,No,No,No,Yes,No,No,One year,Yes,Credit card (automatic),69.8,2978.97,No
CUST-03036,Male,0,No,No,18,Yes,No,No,No internet service,No internet service,No internet service,No internet service,No internet service,No internet service,Two year,Yes,Electronic check,36.37,653.33,No
CUST-03037,Male,0,Yes,Yes,24,Yes,Yes,DSL,No,Yes,No,No,Yes,No,Month-to-month,Yes,Mailed check,86.59,2080.63,Yes
CUST-03038,Female,1,No,No,18,Yes,No,Fiber optic,Yes,Yes,No,No,No,Yes,Month-to-month,Yes,Mailed check,101.78,1845.71,Yes
CUST-03039,Male,0,No,No,44,Yes,No,Fiber optic,Yes,Yes,No,No,No,Yes,One year,Yes,Bank transfer (automatic),102.16,4516.3,No
CUST-03040,Male,1,Yes,No,67,Yes,Yes,Fiber optic,Yes,No,No,Yes,No,Yes,Two year,No,Electronic check,115.47,7723.66,No
CUST-03041,Male,0,Yes,Yes,69,Yes,No,DSL,No,No,No,No,No,No,Month-to-month,Yes,Credit card (automatic),60.33,4187.85,Yes
CUST-03042,Female,0,Yes,No,39,Yes,Yes,No,No internet service,No internet service,No internet service,No internet service,No internet service,No internet service,Two year,Yes,Credit card (automatic),44.92,1745.46,No
CUST-03043,Male,0,No,No,14,Yes,Yes,Fiber optic,No,No,No,No,Yes,Yes,One year,No,Bank transfer (automatic),114.95,1601.64,Yes
CUST-03044,Male,0,Yes,No,60,Yes,Yes,Fiber optic,No,No,No,Yes,No,No,One year,Yes,Bank transfer (automatic),97.98,5872.64,No
CUST-03045,Female,0,Yes,Yes,60,Yes,No,Fiber optic,Yes,No,Yes,Yes,Yes,Yes,One year,No,Credit card (automatic),126.39,7554.13,No
CUST-03046,Male,0,Yes,No,32,Yes,Yes,Fiber optic,No,Yes,No,No,No,No,Month-to-month,Yes,Credit card (automatic),96.76,3089.98,Yes
CUST-03047,Female,0,Yes,Yes,46,Yes,Yes,No,No internet service,No internet service,No internet service,No internet service,No internet service,No internet service,One year,Yes,Bank transfer (automatic),45.03,2091.05,No
CUST-03048,Female,0,No,No,56,Yes,Yes,No,No internet service,No internet service,No internet service,No internet service,No internet service,No internet service,One year,Yes,Mailed check,42.73,2400.04,No
CUST-03049,Male,0,No,No,63,Yes,Yes,DSL,No,No,No,No,Yes,No,One year,Yes,Mailed check,82.53,5202.8,No
CUST-03050,Female,0,No,No,63,Yes,No,DSL,No,Yes,Yes,No,Yes,No,Two year,No,Mailed check,84.75,5344.51,No
CUST-03051,Female,0,No,No,52,Yes,Yes,No,No internet service,No internet service,No internet service,No internet service,No internet service,No internet service,Two year,Yes,Mailed check,43.93,2303.28,No
CUST-03052,Male,0,No,Yes,47,Yes,No,DSL,No,Yes,No,Yes,No,Yes,One year,Yes,Bank transfer (automatic),84.27,3947.52,No
CUST-03053,Female,0,Yes,No,40,Yes,Yes,No,No internet service,No internet service,No internet service,No internet service,No internet service,No internet service,One year,Yes,Credit card (automatic),46.64,1879.16,No
CUST-03054,Female,0,Yes,No,60,Yes,No,Fiber optic,No,No,Yes,Yes,Yes,No,Month-to-month,Yes,Electronic check,104.55,6274.0,Yes
CUST-03055,Male,0,No,No,66,No,No phone service,DSL,No,Yes,No,No,No,Yes,Two year,Yes,Electronic check,63.25,4162.74,No
CUST-03056,Male,0,No,Yes,41,Yes,No,DSL,No,Yes,No,No,Yes,No,Two year,Yes,Electronic check,78.04,3206.59,No
CUST-03057,Male,0,No,No,8,Yes,No,Fiber optic,No,No,No,Yes,No,Yes,One year,Yes,Credit card (automatic),100.67,806.62,Yes
CUST-03058,Female,0,Yes,Yes,51,Yes,Yes,No,No internet service,No internet service,No internet service,No internet service,No internet service,No internet service,Month-to-month,Yes,Mailed check,43.56,2209.46,No
CUST-03059,Male,0,Yes,No,29,Yes,Yes,DSL,No,Yes,Yes,Yes,No,Yes,Month-to-month,No,Mailed check,101.82,2936.74,Yes
CUST-03060,Female,0,Yes,Yes,5,Yes,Yes,DSL,No,No,No,Yes,Yes,Yes,Two year,Yes,Mailed check,100.55,496.23,No
CUST-03061,Female,1,No,No,66,Yes,Yes,No,No internet service,No internet service,No internet service,No internet service,No internet service,No internet service,Month-to-month,No,Credit card (automatic),45.11,2969.59,No
CUST-03062,Female,1,No,No,52,Yes,No,DSL,No,No,No,Yes,Yes,Yes,One year,No,Mailed check,92.76,4841.83,No
CUST-03063,Female,0,No,No,53,Yes,No,Fiber optic,Yes,Yes,No,No,Yes,Yes,Month-to-month,No,Bank transfer (automatic),117.34,6215.81,Yes
CUST-03064,Female,0,Yes,No,28,Yes,No,Fiber optic,Yes,No,No,No,No,Yes,One year,Yes,Electronic check,100.24,2801.12,Yes
CUST-03065,Female,0,No,No,19,Yes,No,DSL,No,Yes,No,No,No,No,Month-to-month,No,Bank transfer (automatic),65.6,1263.33,Yes
CUST-03066,Female,0,Yes,No,44,Yes,Yes,DSL,Yes,No,No,Yes,No,No,Two year,Yes,Electronic check,83.58,3697.76,No
CUST-03067,Male,0,Yes,No,70,Yes,Yes,Fiber optic,No,Yes,Yes,Yes,Yes,No,Month-to-month,No,Credit card (automatic),123.91,8661.23,No
CUST-03068,Male,0,No,No,2,Yes,No,DSL,No,Yes,Yes,Yes,Yes,No,Month-to-month,No,Bank transfer (automatic),92.86,167.06,Yes
CUST-03069,Female,1,Yes,No,46,Yes,No,Fiber optic,No,No,No,Yes,No,No,One year,No,Electronic check,89.86,4141.29,No
CUST-03070,Female,0,Yes,No,19,Yes,No,Fiber optic,Yes,No,No,Yes,Yes,No,Month-to-month,Yes,Electronic check,108.93,2066.56,Yes
CUST-03071,Male,0,No,No,65,Yes,No,Fiber optic,Yes,No,Yes,No,No,Yes,Month-to-month,Yes,Electronic check,102.73,6669.27,Yes
CUST-03072,Female,0,No,No,68,Yes,No,Fiber optic,Yes,Yes,Yes,No,Yes,No,Month-to-month,Yes,Electronic check,111.21,7577.85,Yes
CUST-03073,Male,0,Yes,Yes,55,Yes,No,Fiber optic,No,No,No,No,Yes,No,Month-to-month,No,Bank transfer (automatic),91.1,5006.59,No
CUST-03074,Male,0,No,No,56,Yes,No,DSL,No,Yes,No,No,No,No,Two year,Yes,Credit card (automatic),68.35,3856.37,No
CUST-03075,Male,1,Yes,No,10,Yes,Yes,DSL,Yes,Yes,No,No,No,No,Month-to-month,Yes,Bank transfer (automatic),80.22,802.92,No
CUST-03076,Female,0,No,No,30,Yes,No,Fiber optic,No,No,Yes,No,Yes,No,Two year,No,Electronic check,99.38,2983.86,Yes
CUST-03077,Female,0,No,No,2,Yes,Yes,No,No internet service,No internet service,No internet service,No internet service,No internet service,No internet service,Month-to-month,No,Mailed check,44.17,121.94,Yes
CUST-03078,Male,0,No,No,47,Yes,Yes,DSL,No,No,Yes,No,No,No,Month-to-month,Yes,Credit card (automatic),76.83,3615.65,No
CUST-03079,Male,0,No,No,3,Yes,No,Fiber optic,No,No,No,No,No,Yes,Month-to-month,No,Credit card (automatic),93.9,271.11,Yes
CUST-03080,Male,0,Yes,No,56,No,No phone service,Fiber optic,No,Yes,Yes,Yes,No,Yes,Month-to-month,No,Electronic check,96.03,5362.37,No
CUST-03081,Male,0,Yes,Yes,62,Yes,Yes,Fiber optic,No,No,Yes,No,No,Yes,One year,Yes,Mailed check,105.8,6552.67,Yes
CUST-03082,Male,0,Yes,Yes,42,Yes,Yes,No,No internet service,No internet service,No internet service,No internet service,No internet service,No internet service,Month-to-month,Yes,Mailed check,44.61,1877.16,No
CUST-03083,Female,1,Yes,Yes,1,Yes,No,DSL,No,Yes,No,Yes,Yes,Yes,Month-to-month,No,Mailed check,97.42,111.09,Yes
CUST-03084,Male,0,No,No,38,Yes,No,DSL,Yes,No,No,No,Yes,No,Two year,Yes,Mailed check,76.07,2868.1,No
CUST-03085,Female,0,Yes,Yes,6,Yes,Yes,DSL,Yes,No,No,No,Yes,Yes,One year,No,Mailed check,96.99,581.99,Yes
CUST-03086,Male,0,Yes,Yes,38,Yes,No,DSL,Yes,Yes,No,No,Yes,No,One year,Yes,Electronic check,85.82,3280.34,No
CUST-03087,Female,0,Yes,Yes,28,Yes,No,Fiber optic,Yes,No,No,Yes,Yes,No,One year,No,Electronic check,108.24, ,Yes
CUST-03088,Female,0,No,No,39,Yes,No,No,No internet service,No internet service,No internet service,No internet service,No internet service,No internet service,Month-to-month,Yes,Mailed check,34.1,1350.24,Yes
CUST-03089,Female,0,Yes,No,57,Yes,No,Fiber optic,No,Yes,Yes,Yes,No,No,Two year,Yes,Credit card (automatic),99.56,5652.3,No
CUST-03090,Female,0,No,No,59,No,No phone service,DSL,No,No,No,No,Yes,No,Two year,No,Electronic check,58.21,3430.99,No
CUST-03091,Female,0,Yes,Yes,45,Yes,Yes,DSL,Yes,Yes,No,No,No,Yes,One year,Yes,Bank transfer (automatic),95.24,4287.61,No
CUST-03092,Female,0,Yes,Yes,72,Yes,Yes,No,No internet service,No internet service,No internet service,No internet service,No internet service,No internet service,Two year,No,Electronic check,47.67,3440.54,No
CUST-03093,Male,1,No,No,36,Yes,No,Fiber optic,Yes,No,Yes,No,No,Yes,Two year,No,Mailed check,104.93,3764.71,No
CUST-03094,Female,0,No,No,45,Yes,No,No,No internet service,No internet service,No internet service,No internet service,No internet service,No internet service,Two year,No,Credit card (automatic),33.46,1511.94,No
CUST-03095,Male,0,No,No,31,Yes,Yes,Fiber optic,Yes,No,No,No,No,Yes,One year,No,Bank transfer (automatic),109.19,3392.3,Yes
CUST-03096,Female,0,No,No,36,Yes,Yes,No,No internet service,No internet service,No internet service,No internet service,No internet service,No internet service,Month-to-month,Yes,Bank transfer (automatic),43.95,1581.1,No
CUST-03097,Female,1,Yes,Yes,43,Yes,Yes,No,No internet service,No internet service,No internet service,No internet service,No internet service,No internet service,Two year,No,Bank transfer (automatic),44.9,1937.75,No
CUST-03098,Male,0,Yes,Yes,71,Yes,No,Fiber optic,No,No,Yes,Yes,No,No,Month-to-month,Yes,Electronic check,95.67,6797.31,Yes
CUST-03099,Female,0,No,No,13,Yes,No,Fiber optic,No,Yes,Yes,No,Yes,No,One year,Yes,Bank transfer (automatic),102.64,1324.44,Yes
CUST-03100,Male,0,Yes,Yes,67,Yes,Yes,Fiber optic,Yes,No,No,Yes,No,Yes,Month-to-month,Yes,Mailed check,115.89,7762.26,No
CUST-03101,Male,0,No,No,25,Yes,No,DSL,Yes,Yes,Yes,No,Yes,Yes,Two year,Yes,Credit card (automatic),100.16,2485.27,No
CUST-03102,Male,0,No,No,51,Yes,Yes,DSL,No,No,Yes,No,Yes,No,Two year,Yes,Bank transfer (automatic),86.52,4390.08,No
CUST-03103,Male,0,Yes,Yes,22,Yes,Yes,Fiber optic,No,Yes,No,Yes,No,Yes,One year,Yes,Bank transfer (automatic),115.18,2537.77,No
CUST-03104,Female,0,No,No,30,Yes,No,DSL,Yes,No,No,No,No,Yes,Month-to-month,Yes,Credit card (automatic),80.45,2385.09,Yes
CUST-03105,Female,0,Yes,No,24,Yes,Yes,DSL,No,Yes,No,No,No,No,One year,Yes,Credit card (automatic),76.05,1821.57,No
CUST-03106,Male,0,Yes,No,24,Yes,No,Fiber optic,No,No,Yes,Yes,Yes,Yes,Two year,Yes,Mailed check,121.97,2933.48,No
CUST-03107,Female,0,Yes,Yes,27,Yes,Yes,No,No internet service,No internet service,No internet service,No internet service,No internet service,No internet service,One year,Yes,Mailed check,46.43,1253.86,No
CUST-03108,Female,0,No,No,11,Yes,Yes,Fiber optic,Yes,Yes,No,Yes,No,No,Two year,No,Credit card (automatic),111.47,1258.95,No
CUST-03109,Male,0,Yes,No,29,Yes,Yes,Fiber optic,No,Yes,No,No,Yes,Yes,Month-to-month,Yes,Electronic check,118.36,3438.84,Yes
CUST-03110,Female,1,No,No,54,Yes,Yes,DSL,No,Yes,Yes,No,No,No,Two year,Yes,Electronic check,81.77,4411.55,Yes
CUST-03111,Male,1,No,No,58,Yes,No,DSL,Yes,Yes,No,No,Yes,Yes,One year,Yes,Electronic check,94.29,5477.94,Yes
CUST-03112,Male,1,No,No,57,Yes,Yes,Fiber optic,No,No,Yes,No,Yes,Yes,Month-to-month,Yes,Electronic check,119.54,6794.1,Yes
CUST-03113,Female,0,No,No,49,Yes,Yes,No,No internet service,No internet service,No internet service,No internet service,No internet service,No internet service,Two year,No,Bank transfer (automatic),44.31,2186.19,No
CUST-03114,Female,0,Yes,Yes,37,Yes,No,Fiber optic,Yes,No,Yes,No,Yes,No,Two year,Yes,Credit card (automatic),103.94,3838.21,No
CUST-03115,Female,0,Yes,No,71,Yes,No,Fiber optic,No,No,Yes,Yes,Yes,No,Month-to-month,No,Electronic check,107.24,7630.64,Yes
CUST-03116,Male,0,Yes,Yes,67,Yes,Yes,Fiber optic,No,No,No,Yes,No,Yes,Two year,No,Credit card (automatic),109.61,7349.88,No
CUST-03117,Male,0,No,Yes,55,Yes,No,DSL,Yes,Yes,Yes,Yes,No,Yes,Month-to-month,No,Mailed check,99.27,5469.23,No
CUST-03118,Female,0,No,No,29,Yes,Yes,Fiber optic,No,No,No,No,Yes,No,One year,Yes,Bank transfer (automatic),99.8,2885.89,No
CUST-03119,Female,0,No,No,68,Yes,No,Fiber optic,Yes,Yes,Yes,Yes,Yes,No,Two year,No,Bank transfer (automatic),118.67,8052.39,No
CUST-03120,Female,0,No,No,3,Yes,No,Fiber optic,No,No,Yes,Yes,No,No,Month-to-month,Yes,Bank transfer (automatic),93.35,262.61,Yes
CUST-03121,Female,0,No,No,23,Yes,No,DSL,No,No,Yes,No,Yes,Yes,One year,No,Electronic check,90.38,2053.0,No
CUST-03122,Male,1,Yes,Yes,18,Yes,Yes,DSL,No,Yes,Yes,Yes,Yes,No,Month-to-month,No,Electronic check,103.29,1853.47,No
CUST-03123,Female,0,No,No,42,Yes,Yes,Fiber optic,Yes,No,Yes,No,Yes,No,Two year,Yes,Credit card (automatic),111.84,4688.47,Yes
CUST-03124,Male,0,No,No,65,Yes,No,DSL,No,Yes,Yes,Yes,Yes,Yes,One year,Yes,Electronic check,106.2,6918.18,No
CUST-03125,Male,1,Yes,Yes,23,Yes,Yes,No,No internet service,No internet service,No internet service,No internet service,No internet service,No internet service,Month-to-month,Yes,Electronic check,44.71,1012.83,No
CUST-03126,Female,0,No,No,17,Yes,No,DSL,Yes,No,Yes,No,Yes,No,Month-to-month,No,Mailed check,86.79,1508.34,No
CUST-03127,Female,0,Yes,Yes,45,Yes,Yes,DSL,No,Yes,Yes,Yes,Yes,No,Two year,No,Credit card (automatic),102.11,4579.93,No
CUST-03128,Female,0,No,No,6,Yes,Yes,DSL,No,No,No,No,Yes,No,Month-to-month,Yes,Bank transfer (automatic),83.98,490.27,Yes
CUST-03129,Male,0,No,No,50,Yes,No,No,No internet service,No internet service,No internet service,No internet service,No internet service,No internet service,Month-to-month,No,Bank transfer (automatic),35.09,1732.3,Yes
CUST-03130,Female,1,No,No,40,Yes,No,No,No internet service,No internet service,No internet service,No internet service,No internet service,No internet service,Month-to-month,No,Bank transfer (automatic),35.4,1416.15,No
CUST-03131,Female,0,Yes,No,5,Yes,No,No,No internet service,No internet service,No internet service,No internet service,No internet service,No internet service,Month-to-month,No,Credit card (automatic),35.17,171.02,Yes
CUST-03132,Male,0,No,No,42,Yes,No,Fiber optic,Yes,No,No,No,No,No,Month-to-month,Yes,Electronic check,85.67,3596.52,Yes
CUST-03133,Female,0,No,No,26,Yes,No,No,No internet service,No internet service,No internet service,No internet service,No internet service,No internet service,Month-to-month,Yes,Electronic check,34.61,905.96,Yes
CUST-03134,Male,0,Yes,Yes,21,Yes,No,No,No internet service,No internet service,No internet service,No internet service,No internet service,No internet service,Month-to-month,No,Electronic check,35.34,756.88,Yes
CUST-03135,Female,1,No,No,24,Yes,Yes,Fiber optic,Yes,No,No,No,No,Yes,Month-to-month,Yes,Electronic check,108.82,2594.13,Yes
CUST-03136,Male,0,No,No,60,Yes,No,No,No internet service,No internet service,No internet service,No internet service,No internet service,No internet service,Month-to-month,Yes,Electronic check,35.35,2121.29,No
CUST-03137,Female,0,No,No,10,Yes,No,No,No internet service,No internet service,No internet service,No internet service,No internet service,No internet service,Month-to-month,No,Bank transfer (automatic),35.78,370.63,Yes
CUST-03138,Female,0,Yes,Yes,54,Yes,Yes,No,No internet service,No internet service,No internet service,No internet service,No internet service,No internet service,One year,No,Credit card (automatic),42.72,2290.47,Yes
CUST-03139,Male,0,No,No,47,Yes,Yes,No,No internet service,No internet service,No internet service,No internet service,No internet service,No internet service,Two year,Yes,Bank transfer (automatic),46.36,2220.39,No
CUST-03140,Male,1,No,No,54,Yes,Yes,Fiber optic,No,No,No,Yes,No,No,Two year,Yes,Electronic check,96.89,5267.18,Yes
CUST-03141,Female,0,Yes,No,5,Yes,Yes,No,No internet service,No internet service,No internet service,No internet service,No internet service,No internet service,Month-to-month,No,Bank transfer (automatic),42.53,211.52,No
CUST-03142,Male,0,Yes,Yes,37,Yes,No,Fiber optic,No,Yes,No,No,Yes,No,One year,Yes,Mailed check,100.77,3711.89,No
CUST-03143,Male,0,No,No,43,Yes,Yes,No,No internet service,No internet service,No internet service,No internet service,No internet service,No internet service,Two year,Yes,Credit card (automatic),47.12,2011.49,No
CUST-03144,Male,0,No,No,17,Yes,No,DSL,Yes,Yes,No,Yes,No,Yes,Two year,No,Credit card (automatic),91.98,1567.17,Yes
CUST-03145,Male,0,No,No,40,Yes,Yes,Fiber optic,Yes,No,No,No,No,Yes,Two year,Yes,Bank transfer (automatic),109.6,4393.6,No
CUST-03146,Female,1,Yes,No,46,Yes,No,No,No internet service,No internet service,No internet service,No internet service,No internet service,No internet service,Month-to-month,No,Mailed check,34.5,1559.37,No
CUST-03147,Female,0,Yes,No,39,Yes,Yes,Fiber optic,Yes,No,Yes,No,No,Yes,One year,Yes,Mailed check,113.3,4404.51,Yes
CUST-03148,Male,1,Yes,No,70,Yes,No,No,No internet service,No internet service,No internet service,No internet service,No internet service,No internet service,One year,Yes,Credit card (automatic),34.11,2389.83,No
CUST-03149,Male,0,Yes,No,2,Yes,No,Fiber optic,No,No,Yes,No,Yes,No,Month-to-month,No,Electronic check,97.04,173.01,Yes
CUST-03150,Male,0,No,No,14,Yes,Yes,Fiber optic,No,No,Yes,Yes,Yes,No,One year,No,Electronic check,115.61,1614.08,Yes
CUST-03151,Male,0,No,No,64,Yes,Yes,DSL,No,No,No,No,No,No,Two year,Yes,Electronic check,68.93,4417.99,No
CUST-03152,Female,0,No,No,23,Yes,No,DSL,Yes,Yes,No,No,Yes,Yes,Month-to-month,Yes,Bank transfer (automatic),91.73,2107.36,Yes
CUST-03153,Female,1,Yes,Yes,42,No,No phone service,Fiber optic,Yes,No,Yes,Yes,No,Yes,One year,Yes,Electronic check,96.72,4051.23,No
CUST-03154,Male,0,No,No,10,No,No phone service,Fiber optic,Yes,No,No,No,No,No,Month-to-month,Yes,Electronic check,69.55,696.81,Yes
CUST-03155,Male,0,Yes,Yes,15,Yes,Yes,DSL,Yes,No,No,No,Yes,Yes,One year,No,Electronic check,100.45,1514.35,No
CUST-03156,Male,0,Yes,Yes,47,Yes,No,DSL,No,No,No,No,Yes,No,Month-to-month,Yes,Mailed check,71.64,3353.27,Yes
CUST-03157,Female,0,No,No,8,Yes,Yes,Fiber optic,No,No,Yes,No,Yes,No,Month-to-month,No,Mailed check,108.95,876.77,Yes
CUST-03158,Male,0,No,No,41,Yes,Yes,Fiber optic,No,No,No,No,No,No,Two year,Yes,Bank transfer (automatic),90.02,3695.69,Yes
CUST-03159,Female,0,No,No,44,Yes,No,Fiber optic,No,Yes,No,No,No,Yes,Two year,Yes,Bank transfer (automatic),96.1,4236.19,No
CUST-03160,Male,0,Yes,Yes,52,Yes,No,DSL,No,No,No,Yes,Yes,Yes,One year,Yes,Credit card (automatic),90.1,4689.14,No
CUST-03161,Female,0,No,No,57,Yes,No,Fiber optic,No,Yes,Yes,No,Yes,Yes,One year,No,Electronic check,114.14,6507.93,Yes
CUST-03162,Male,0,No,No,5,Yes,No,DSL,No,Yes,No,No,No,No,Month-to-month,Yes,Mailed check,64.7,321.16,No
CUST-03163,Female,0,No,No,63,No,No phone service,Fiber optic,Yes,Yes,No,Yes,Yes,No,Two year,Yes,Mailed check,95.95,6040.36,Yes
CUST-03164,Male,0,Yes,Yes,13,Yes,Yes,DSL,No,Yes,Yes,Yes,No,Yes,One year,Yes,Electronic check,103.38,1354.78,No
CUST-03165,Male,0,No,No,15,Yes,Yes,No,No internet service,No internet service,No internet service,No internet service,No internet service,No internet service,Month-to-month,No,Electronic check,45.28,677.77,Yes
CUST-03166,Male,1,No,No,70,Yes,Yes,DSL,Yes,Yes,Yes,No,No,No,Two year,No,Electronic check,85.21,5972.73,No
CUST-03167,Female,0,No,No,58,Yes,No,Fiber optic,No,No,Yes,No,No,Yes,Two year,Yes,Bank transfer (automatic),96.69,5615.81,No
CUST-03168,Male,0,Yes,Yes,9,Yes,No,Fiber optic,No,No,No,Yes,No,Yes,Month-to-month,Yes,Electronic check,99.95,885.45,No
CUST-03169,Female,0,Yes,No,39,Yes,No,DSL,No,Yes,No,Yes,Yes,Yes,Month-to-month,No,Electronic check,96.49,3758.33,Yes
CUST-03170,Female,0,Yes,No,67,Yes,Yes,DSL,Yes,Yes,No,No,No,No,Two year,No,Bank transfer (automatic),82.12,5501.25,No
CUST-03171,Male,0,Yes,Yes,44,Yes,No,Fiber optic,Yes,No,No,No,Yes,Yes,One year,No,Bank transfer (automatic),108.74,4785.91,Yes
CUST-03172,Male,0,No,No,60,Yes,Yes,No,No internet service,No internet service,No internet service,No internet service,No internet service,No internet service,Two year,Yes,Electronic check,44.8,2694.44,No
CUST-03173,Male,0,Yes,Yes,8,Yes,No,DSL,No,Yes,Yes,Yes,No,Yes,Month-to-month,No,Credit card (automatic),91.15,731.88,Yes
CUST-03174,Female,0,Yes,No,51,No,No phone service,Fiber optic,No,Yes,No,Yes,Yes,Yes,One year,Yes,Electronic check,103.17,5262.3,Yes
CUST-03175,Male,0,Yes,Yes,68,Yes,Yes,Fiber optic,Yes,No,No,No,Yes,No,Two year,Yes,Electronic check,110.16,7484.35,No
CUST-03176,Female,0,Yes,No,68,Yes,No,DSL,Yes,Yes,Yes,No,No,Yes,Two year,No,Electronic check,91.34,6226.97,No
CUST-03177,Female,1,Yes,No,38,Yes,Yes,DSL,Yes,No,Yes,No,No,No,Month-to-month,Yes,Electronic check,80.38,3059.65,No
CUST-03178,Male,0,No,No,12,Yes,No,No,No internet service,No internet service,No internet service,No internet service,No internet service,No internet service,One year,No,Electronic check,38.77,463.56,No
CUST-03179,Male,0,No,No,9,Yes,Yes,DSL,No,No,Yes,No,Yes,No,Month-to-month,Yes,Bank transfer (automatic),89.77,802.09,Yes
CUST-03180,Male,1,Yes,Yes,68,Yes,Yes,DSL,Yes,No,Yes,No,No,Yes,Month-to-month,Yes,Credit card (automatic),92.97,6326.16,No
CUST-03181,Male,0,Yes,Yes,47,Yes,No,Fiber optic,Yes,No,No,No,Yes,Yes,Two year,Yes,Mailed check,108.7,5109.34,No
CUST-03182,Male,0,Yes,Yes,16,Yes,No,DSL,No,No,Yes,No,Yes,Yes,Month-to-month,No,Electronic check,90.51,1425.3,Yes
CUST-03183,Male,0,Yes,Yes,17,Yes,Yes,Fiber optic,No,Yes,No,No,No,Yes,Two year,Yes,Credit card (automatic),109.06,1839.16,No
CUST-03184,Female,1,No,No,55,Yes,No,DSL,No,No,No,Yes,No,No,One year,Yes,Electronic check,70.65,3905.32,No
CUST-03185,Female,0,No,No,70,Yes,Yes,No,No internet service,No internet service,No internet service,No internet service,No internet service,No internet service,Two year,Yes,Mailed check,45.76,3208.76,No
CUST-03186,Female,1,No,No,43,Yes,Yes,Fiber optic,No,No,No,No,No,Yes,One year,Yes,Electronic check,101.0,4333.4,Yes
CUST-03187,Male,0,No,No,27,Yes,No,No,No internet service,No internet service,No internet service,No internet service,No internet service,No internet service,Two year,Yes,Mailed check,34.24,918.89,No
CUST-03188,Female,0,Yes,No,62,Yes,Yes,Fiber optic,Yes,Yes,No,No,No,Yes,One year,Yes,Mailed check,114.94,7113.35,Yes
CUST-03189,Female,1,No,Yes,56,No,No phone service,Fiber optic,No,Yes,No,Yes,No,No,Month-to-month,Yes,Mailed check,76.99,4303.57,Yes
CUST-03190,Female,0,No,No,45,Yes,Yes,No,No internet service,No internet service,No internet service,No internet service,No internet service,No internet service,Two year,Yes,Mailed check,47.24,2141.17,No
CUST-03191,Female,0,No,No,15,Yes,Yes,DSL,Yes,No,No,No,Yes,Yes,Month-to-month,No,Credit card (automatic),99.18,1484.98,No
CUST-03192,Female,0,Yes,Yes,67,Yes,Yes,Fiber optic,No,Yes,Yes,No,No,Yes,Two year,Yes,Electronic check,115.44,7746.98,Yes
CUST-03193,Male,0,No,No,69,Yes,No,DSL,No,No,Yes,No,Yes,No,Month-to-month,Yes,Bank transfer (automatic),79.8,5530.62,No
CUST-03194,Male,1,No,No,70,Yes,Yes,No,No internet service,No internet service,No internet service,No internet service,No internet service,No internet service,One year,Yes,Electronic check,49.58,3464.67,No
CUST-03195,Female,0,No,No,17,Yes,No,DSL,Yes,Yes,No,No,No,No,One year,No,Mailed check,71.54,1196.75,No
CUST-03196,Female,0,Yes,No,10,Yes,Yes,Fiber optic,Yes,Yes,Yes,Yes,Yes,Yes,Month-to-month,Yes,Electronic check,139.58,1402.29,No
CUST-03197,Female,0,No,No,60,Yes,No,Fiber optic,Yes,No,Yes,Yes,No,Yes,Two year,No,Credit card (automatic),111.51,6678.3,No
CUST-03198,Male,0,No,No,51,Yes,No,DSL,No,No,No,No,No,Yes,One year,No,Bank transfer (automatic),72.26,3685.27,No
CUST-03199,Male,0,No,Yes,64,Yes,No,DSL,Yes,Yes,Yes,No,No,Yes,One year,No,Mailed check,89.03,5700.45,No
CUST-03200,Female,0,No,No,21,Yes,No,No,No internet service,No internet service,No internet service,No internet service,No internet service,No internet service,Month-to-month,No,Credit card (automatic),36.82,801.08,No
CUST-03201,Male,0,No,No,13,No,No phone service,Fiber optic,Yes,Yes,No,No,Yes,Yes,Month-to-month,Yes,Bank transfer (automatic),102.51,1337.47,Yes
CUST-03202,Male,1,Yes,Yes,16,Yes,Yes,Fiber optic,No,No,No,No,No,Yes,One year,Yes,Credit card (automatic),101.61,1618.9,Yes
CUST-03203,Female,0,No,No,36,Yes,No,Fiber optic,Yes,Yes,Yes,Yes,No,No,One year,Yes,Bank transfer (automatic),104.93,3786.87,No
CUST-03204,Male,0,Yes,No,51,No,No phone service,DSL,No,Yes,Yes,No,No,No,One year,No,Electronic check,56.35,2886.08,No
CUST-03205,Male,1,No,Yes,21,Yes,No,Fiber optic,No,No,Yes,No,Yes,No,Two year,Yes,Bank transfer (automatic),97.3,2061.37,No
CUST-03206,Female,0,Yes,No,72,Yes,No,Fiber optic,No,No,Yes,No,Yes,No,One year,No,Credit card (automatic),98.74,7095.44,Yes
CUST-03207,Male,0,No,No,28,Yes,No,Fiber optic,Yes,No,No,No,No,No,Two year,Yes,Electronic check,86.29,2435.48,No
CUST-03208,Male,0,No,No,41,Yes,No,Fiber optic,No,Yes,Yes,No,Yes,Yes,Two year,No,Credit card (automatic),117.23,4840.72,No
CUST-03209,Female,1,No,No,16,Yes,No,No,No internet service,No internet service,No internet service,No internet service,No internet service,No internet service,One year,No,Electronic check,37.23,614.71,No
CUST-03210,Male,0,No,No,30,No,No phone service,DSL,Yes,Yes,No,No,No,Yes,Month-to-month,Yes,Mailed check,69.45,2105.26,No
CUST-03211,Male,1,No,No,53,No,No phone service,DSL,No,Yes,Yes,No,Yes,No,Two year,No,Electronic check,69.89,3697.65,No
CUST-03212,Female,0,No,No,47,Yes,No,No,No internet service,No internet service,No internet service,No internet service,No internet service,No internet service,Month-to-month,Yes,Electronic check,38.68,1843.3,Yes
CUST-03213,Female,0,Yes,Yes,44,Yes,No,Fiber optic,No,No,No,Yes,No,Yes,One year,No,Bank transfer (automatic),100.86,4430.7,No
CUST-03214,Female,0,Yes,No,50,Yes,No,DSL,Yes,No,No,No,No,No,Two year,No,Electronic check,65.27,3262.92,No
CUST-03215,Male,0,Yes,Yes,16,Yes,No,Fiber optic,No,No,No,No,Yes,Yes,Month-to-month,No,Electronic check,103.9,1655.43,Yes
CUST-03216,Female,0,Yes,Yes,22,Yes,Yes,Fiber optic,No,Yes,No,No,No,Yes,One year,Yes,Bank transfer (automatic),105.5,2312.28,No
CUST-03217,Male,0,No,No,38,Yes,Yes,DSL,No,No,Yes,Yes,No,No,One year,Yes,Credit card (automatic),84.82,3223.08,No
CUST-03218,Female,0,No,No,60,Yes,Yes,Fiber optic,Yes,No,No,Yes,Yes,No,One year,No,Electronic check,115.18,6893.49,No
CUST-03219,Male,0,No,No,49,Yes,Yes,DSL,Yes,Yes,No,No,No,Yes,One year,No,Electronic check,92.66,4530.03,No
CUST-03220,Female,0,Yes,Yes,33,Yes,Yes,DSL,Yes,No,Yes,Yes,No,Yes,Two year,Yes,Electronic check,100.7,3308.51,No
CUST-03221,Female,0,Yes,Yes,69,Yes,No,DSL,Yes,No,Yes,No,No,Yes,One year,No,Electronic check,85.72,5937.69,No
CUST-03222,Female,0,No,No,68,Yes,No,Fiber optic,Yes,Yes,No,No,No,Yes,Month-to-month,Yes,Bank transfer (automatic),103.61,7069.78,No
CUST-03223,Female,0,No,No,55,Yes,Yes,DSL,No,Yes,No,No,No,Yes,Month-to-month,No,Credit card (automatic),89.15,4941.43,Yes
CUST-03224,Male,0,Yes,No,14,Yes,Yes,No,No internet service,No internet service,No internet service,No internet service,No internet service,No internet service,Month-to-month,No,Mailed check,45.58,637.12,Yes
CUST-03225,Female,0,No,No,56,Yes,No,Fiber optic,No,No,No,Yes,Yes,Yes,One year,No,Electronic check,112.3,6289.24,No
CUST-03226,Female,0,No,No,41,Yes,No,DSL,No,No,No,Yes,No,Yes,Month-to-month,Yes,Bank transfer (automatic),79.43,3268.2,Yes
CUST-03227,Male,0,Yes,Yes,48,No,No phone service,Fiber optic,No,Yes,No,No,Yes,No,One year,No,Electronic check,83.74,4000.37,Yes
CUST-03228,Female,1,No,No,23,Yes,Yes,No,No internet service,No internet service,No internet service,No internet service,No internet service,No internet service,Month-to-month,Yes,Electronic check,44.36,1005.6,Yes
CUST-03229,Male,0,Yes,Yes,57,No,No phone service,Fiber optic,Yes,Yes,No,No,No,Yes,One year,Yes,Bank transfer (automatic),89.23,5062.15,Yes
CUST-03230,Female,0,No,Yes,5,Yes,Yes,DSL,No,No,Yes,No,No,Yes,Month-to-month,Yes,Electronic check,89.66,460.85,No
CUST-03231,Female,0,Yes,Yes,40,Yes,No,DSL,Yes,No,No,No,Yes,No,Two year,Yes,Mailed check,79.98,3186.28,No
CUST-03232,Female,0,Yes,Yes,64,Yes,Yes,No,No internet service,No internet service,No internet service,No internet service,No internet service,No internet service,One year,Yes,Electronic check,44.35,2853.42,No
CUST-03233,Male,0,No,No,2,Yes,Yes,DSL,Yes,No,Yes,Yes,Yes,Yes,Month-to-month,No,Credit card (automatic),114.56,222.19,Yes
CUST-03234,Female,0,Yes,Yes,20,No,No phone service,DSL,No,No,Yes,No,No,Yes,One year,No,Electronic check,63.88,1277.66,Yes
CUST-03235,Female,0,No,No,29,Yes,No,Fiber optic,No,No,Yes,Yes,Yes,Yes,Month-to-month,Yes,Mailed check,118.36,3429.87,No
CUST-03236,Female,0,Yes,No,18,Yes,Yes,DSL,No,Yes,Yes,No,Yes,No,One year,No,Electronic check,95.15,1715.55,No
CUST-03237,Male,0,Yes,Yes,24,Yes,Yes,No,No internet service,No internet service,No internet service,No internet service,No internet service,No internet service,Month-to-month,No,Electronic check,46.16,1100.5,No
CUST-03238,Male,0,Yes,No,21,Yes,No,No,No internet service,No internet service,No internet service,No internet service,No internet service,No internet service,One year,Yes,Mailed check,37.76,808.56,No
CUST-03239,Female,0,No,No,15,No,No phone service,Fiber optic,No,No,Yes,No,No,Yes,Month-to-month,Yes,Credit card (automatic),86.23,1290.94,Yes
CUST-03240,Male,0,No,No,70,Yes,Yes,No,No internet service,No internet service,No internet service,No internet service,No internet service,No internet service,One year,No,Mailed check,44.75,3137.96,No
CUST-03241,Female,1,Yes,Yes,16,Yes,No,Fiber optic,No,No,No,No,No,Yes,Month-to-month,No,Bank transfer (automatic),94.49,1513.48,Yes
CUST-03242,Female,0,No,No,70,Yes,Yes,No,No internet service,No internet service,No internet service,No internet service,No internet service,No internet service,One year,Yes,Electronic check,45.66,3181.0,Yes
CUST-03243,Female,0,No,No,20,Yes,Yes,Fiber optic,No,Yes,Yes,Yes,Yes,Yes,One year,No,Electronic check,133.73,2694.84,Yes
CUST-03244,Female,1,No,No,11,Yes,No,DSL,Yes,Yes,No,Yes,Yes,No,Month-to-month,No,Electronic check,92.91,1012.24,Yes
CUST-03245,Female,0,No,No,16,Yes,No,No,No internet service,No internet service,No internet service,No internet service,No internet service,No internet service,One year,No,Mailed check,34.65,566.53,No
CUST-03246,Female,0,No,No,48,Yes,Yes,No,No internet service,No internet service,No internet service,No internet service,No internet service,No internet service,Two year,Yes,Credit card (automatic),44.94,2168.05,No
CUST-03247,Female,0,No,Yes,33,Yes,Yes,No,No internet service,No internet service,No internet service,No internet service,No internet service,No internet service,One year,No,Mailed check,43.36,1408.4,No
CUST-03248,Male,1,Yes,Yes,19,Yes,No,Fiber optic,Yes,No,No,No,No,Yes,Month-to-month,No,Bank transfer (automatic),98.12,1861.58,Yes
CUST-03249,Male,0,Yes,No,45,Yes,Yes,Fiber optic,No,No,No,Yes,No,Yes,Month-to-month,Yes,Credit card (automatic),111.4,5021.7,Yes
CUST-03250,Male,0,Yes,Yes,38,Yes,No,DSL,Yes,Yes,No,Yes,No,No,Two year,No,Mailed check,81.08,3076.7,No
CUST-03251,Male,0,Yes,No,59,Yes,No,DSL,Yes,Yes,No,No,Yes,Yes,Two year,Yes,Mailed check,96.55,5694.53,No
CUST-03252,Male,1,No,No,33,Yes,Yes,DSL,No,Yes,Yes,Yes,Yes,No,One year,Yes,Electronic check,104.61,3455.39,No
CUST-03253,Male,0,Yes,Yes,63,Yes,Yes,DSL,No,Yes,No,Yes,Yes,Yes,One year,No,Electronic check,111.2,6999.96,No
CUST-03254,Male,0,Yes,Yes,33,No,No phone service,Fiber optic,No,Yes,No,No,No,No,One year,Yes,Bank transfer (automatic),71.75,2373.11,Yes
CUST-03255,Female,1,No,No,24,Yes,Yes,Fiber optic,No,No,Yes,No,Yes,Yes,One year,Yes,Credit card (automatic),122.4,2938.24,Yes
CUST-03256,Female,0,Yes,Yes,72,No,No phone service,DSL,No,No,Yes,No,No,Yes,Two year,Yes,Bank transfer (automatic),63.52,4570.49,No
CUST-03257,Female,0,Yes,Yes,63,Yes,No,Fiber optic,No,Yes,Yes,Yes,No,No,Month-to-month,Yes,Electronic check,100.13,6293.63,Yes
CUST-03258,Female,0,Yes,Yes,46,Yes,No,Fiber optic,No,Yes,Yes,Yes,Yes,Yes,Month-to-month,Yes,Electronic check,125.44,5776.32,Yes
CUST-03259,Male,0,No,No,19,Yes,Yes,Fiber optic,No,Yes,No,No,Yes,Yes,Two year,Yes,Bank transfer (automatic),119.89,2241.77,Yes
CUST-03260,Male,1,Yes,Yes,14,Yes,No,No,No internet service,No internet service,No internet service,No internet service,No internet service,No internet service,Month-to-month,Yes,Credit card (automatic),31.46,444.37,No
CUST-03261,Female,0,Yes,No,1,Yes,No,Fiber optic,No,Yes,No,No,Yes,No,Month-to-month,Yes,Bank transfer (automatic),97.61,97.83,Yes
CUST-03262,Female,0,No,No,43,Yes,Yes,DSL,Yes,No,Yes,Yes,Yes,Yes,Two year,Yes,Electronic check,111.74,4792.62,No
CUST-03263,Male,0,No,No,69,Yes,Yes,Fiber optic,Yes,No,No,Yes,No,Yes,Two year,No,Electronic check,115.42,7943.14,No
CUST-03264,Female,0,No,No,32,Yes,No,Fiber optic,No,No,Yes,No,No,No,One year,No,Credit card (automatic),85.18,2732.03,Yes
CUST-03265,Female,1,No,No,36,Yes,No,Fiber optic,Yes,No,No,Yes,Yes,Yes,One year,Yes,Electronic check,117.19,4215.13,Yes
CUST-03266,Female,0,Yes,No,5,Yes,Yes,No,No internet service,No internet service,No internet service,No internet service,No internet service,No internet service,Month-to-month,Yes,Electronic check,43.42,219.18,No
CUST-03267,Female,0,Yes,Yes,30,No,No phone service,DSL,No,No,Yes,No,No,No,One year,Yes,Bank transfer (automatic),49.2,1448.44,No
CUST-03268,Male,0,Yes,No,44,Yes,Yes,DSL,No,Yes,No,No,No,No,Two year,Yes,Electronic check,75.03,3308.47,No
CUST-03269,Female,1,Yes,No,70,Yes,No,DSL,No,Yes,No,No,No,No,Month-to-month,No,Electronic check,65.44,4594.89,Yes
CUST-03270,Female,0,Yes,No,17,Yes,No,Fiber optic,Yes,Yes,Yes,No,No,No,Month-to-month,No,Electronic check,97.55,1656.06,Yes
CUST-03271,Male,0,Yes,Yes,72,Yes,No,Fiber optic,Yes,No,No,No,No,Yes,One year,Yes,Credit card (automatic),98.39,7070.63,No
CUST-03272,Male,0,No,No,39,Yes,Yes,DSL,No,No,No,Yes,No,Yes,Two year,Yes,Electronic check,91.06,3557.85,No
CUST-03273,Female,0,No,No,59,Yes,No,DSL,Yes,No,No,Yes,No,No,One year,No,Credit card (automatic),72.49,4272.65,No
CUST-03274,Male,0,Yes,No,17,Yes,Yes,Fiber optic,No,No,Yes,Yes,No,Yes,Month-to-month,Yes,Electronic check,114.69,1962.68,Yes
CUST-03275,Female,0,No,No,33,Yes,No,No,No internet service,No internet service,No internet service,No internet service,No internet service,No internet service,Month-to-month,Yes,Credit card (automatic),37.5,1237.81,Yes
CUST-03276,Female,0,Yes,Yes,49,Yes,No,Fiber optic,Yes,No,No,Yes,No,No,Two year,No,Credit card (automatic),95.14,4629.73,No
CUST-03277,Male,0,Yes,Yes,5,Yes,Yes,DSL,No,No,Yes,No,Yes,No,Month-to-month,Yes,Mailed check,86.84,398.96,Yes
CUST-03278,Female,0,No,No,69,No,No phone service,Fiber optic,Yes,No,Yes,No,No,No,One year,No,Bank transfer (automatic),75.12,5172.62,Yes
CUST-03279,Female,1,Yes,Yes,46,Yes,No,DSL,Yes,No,Yes,No,Yes,No,One year,No,Electronic check,83.25,3836.29,No
CUST-03280,Female,0,Yes,No,26,Yes,Yes,Fiber optic,No,No,No,Yes,No,Yes,Month-to-month,Yes,Mailed check,109.62,2842.74,Yes
CUST-03281,Female,1,Yes,No,9,Yes,No,Fiber optic,No,Yes,Yes,Yes,No,Yes,Month-to-month,Yes,Mailed check,113.02,1024.56,Yes
CUST-03282,Male,0,No,No,17,Yes,No,Fiber optic,No,No,Yes,No,Yes,Yes,One year,No,Credit card (automatic),106.55,1801.42,Yes
CUST-03283,Male,0,No,No,6,Yes,No,No,No internet service,No internet service,No internet service,No internet service,No internet service,No internet service,Month-to-month,Yes,Bank transfer (automatic),33.55,232.24,Yes
CUST-03284,Female,1,Yes,Yes,66,Yes,No,DSL,Yes,No,Yes,No,No,Yes,Two year,Yes,Electronic check,86.7,5719.38,No
CUST-03285,Male,0,No,No,71,Yes,No,No,No internet service,No internet service,No internet service,No internet service,No internet service,No internet service,One year,No,Electronic check,35.02,2490.46,No
CUST-03286,Female,0,No,No,4,Yes,Yes,No,No internet service,No internet service,No internet service,No internet service,No internet service,No internet service,Month-to-month,Yes,Credit card (automatic),45.09,165.98,Yes
CUST-03287,Female,1,No,No,33,Yes,No,Fiber optic,Yes,Yes,No,Yes,Yes,No,One year,Yes,Electronic check,111.15,3661.68,No
CUST-03288,Female,0,No,No,14,Yes,Yes,DSL,No,No,No,No,Yes,No,Month-to-month,Yes,Mailed check,83.18,1171.93,Yes
CUST-03289,Female,0,Yes,Yes,7,Yes,No,No,No internet service,No internet service,No internet service,No internet service,No internet service,No internet service,Month-to-month,No,Mailed check,32.29,225.34,No
CUST-03290,Female,0,Yes,Yes,55,Yes,No,Fiber optic,Yes,Yes,No,No,Yes,Yes,Two year,No,Electronic check,115.36,6303.08,No
CUST-03291,Male,0,No,No,49,No,No phone service,DSL,Yes,No,Yes,No,No,No,One year,Yes,Electronic check,53.88,2647.61,No
CUST-03292,Female,0,No,No,69,No,No phone service,Fiber optic,Yes,No,Yes,Yes,Yes,Yes,Month-to-month,Yes,Credit card (automatic),108.97,7528.07,No
CUST-03293,Male,0,No,No,8,Yes,No,Fiber optic,No,Yes,No,No,Yes,No,Month-to-month,Yes,Credit card (automatic),97.33,789.6,Yes
CUST-03294,Male,0,No,No,59,Yes,Yes,DSL,No,Yes,No,No,Yes,Yes,Month-to-month,No,Bank transfer (automatic),97.56,5772.53,Yes
CUST-03295,Female,0,No,No,38,Yes,No,Fiber optic,No,Yes,No,No,No,No,Two year,No,Bank transfer (automatic),87.52,3328.47,No
CUST-03296,Female,0,No,No,45,Yes,No,Fiber optic,No,No,Yes,No,No,Yes,Month-to-month,Yes,Mailed check,99.04,4492.73,Yes
CUST-03297,Female,0,No,No,54,Yes,No,No,No internet service,No internet service,No internet service,No internet service,No internet service,No internet service,One year,No,Electronic check,36.54,1976.66,No
CUST-03298,Female,0,No,No,15,Yes,No,Fiber optic,No,No,Yes,No,No,Yes,Two year,No,Bank transfer (automatic),95.74,1401.56,Yes
CUST-03299,Female,0,No,No,56,No,No phone service,Fiber optic,Yes,Yes,Yes,No,Yes,Yes,Month-to-month,No,Credit card (automatic),105.49,5910.8,No
CUST-03300,Male,0,Yes,Yes,32,Yes,No,Fiber optic,No,Yes,No,No,Yes,Yes,Two year,No,Electronic check,111.8,3594.41,Yes
CUST-03301,Female,0,Yes,Yes,59,Yes,No,DSL,Yes,No,No,No,Yes,No,Month-to-month,Yes,Credit card (automatic),79.22,4653.31,No
CUST-03302,Female,0,No,No,29,Yes,No,Fiber optic,Yes,Yes,Yes,Yes,Yes,Yes,Two year,No,Credit card (automatic),132.11,3827.13,No
CUST-03303,Male,0,No,Yes,34,No,No phone service,Fiber optic,No,Yes,No,No,Yes,No,Month-to-month,Yes,Electronic check,82.64,2827.95,Yes
CUST-03304,Male,1,No,Yes,56,Yes,No,No,No internet service,No internet service,No internet service,No internet service,No internet service,No internet service,Month-to-month,No,Credit card (automatic),34.84,1942.57,No
CUST-03305,Female,0,No,No,31,Yes,Yes,Fiber optic,Yes,No,Yes,Yes,Yes,No,Month-to-month,No,Bank transfer (automatic),122.92,3806.96,No
CUST-03306,Male,0,Yes,No,23,Yes,Yes,Fiber optic,No,Yes,Yes,No,Yes,No,Month-to-month,Yes,Mailed check,111.97,2587.02,Yes
CUST-03307,Female,0,Yes,Yes,45,Yes,Yes,DSL,No,Yes,No,No,Yes,Yes,Month-to-month,No,Electronic check,100.29,4493.82,Yes
CUST-03308,Male,0,No,No,70,Yes,No,No,No internet service,No internet service,No internet service,No internet service,No internet service,No internet service,One year,Yes,Bank transfer (automatic),38.8,2715.82,No
CUST-03309,Male,1,Yes,No,26,Yes,No,Fiber optic,Yes,No,Yes,Yes,Yes,No,One year,No,Credit card (automatic),111.46,2883.38,Yes
CUST-03310,Female,1,Yes,Yes,62,Yes,Yes,No,No internet service,No internet service,No internet service,No internet service,No internet service,No internet service,Two year,Yes,Electronic check,42.59,2636.56,No
CUST-03311,Male,0,Yes,Yes,70,Yes,No,Fiber optic,No,Yes,No,No,No,No,Two year,Yes,Mailed check,86.62,6066.95,No
CUST-03312,Male,0,Yes,Yes,18,Yes,No,DSL,No,Yes,Yes,No,Yes,Yes,One year,No,Bank transfer (automatic),94.65,1719.6,No
CUST-03313,Male,1,No,No,58,Yes,Yes,No,No internet service,No internet service,No internet service,No internet service,No internet service,No internet service,Month-to-month,Yes,Electronic check,44.84,2605.41,No
CUST-03314,Male,1,Yes,No,53,Yes,Yes,No,No internet service,No internet service,No internet service,No internet service,No internet service,No internet service,One year,Yes,Credit card (automatic),46.63,2462.91,Yes
CUST-03315,Male,0,No,No,32,Yes,Yes,No,No internet service,No internet service,No internet service,No internet service,No internet service,No internet service,Month-to-month,Yes,Credit card (automatic),45.84,1484.84,Yes
CUST-03316,Male,0,Yes,Yes,72,Yes,Yes,DSL,No,No,No,No,Yes,Yes,Month-to-month,No,Bank transfer (automatic),93.27,6724.67,No
CUST-03317,Female,0,No,No,48,Yes,Yes,No,No internet service,No internet service,No internet service,No internet service,No internet service,No internet service,Two year,No,Electronic check,46.26,2191.36,No
CUST-03318,Female,1,Yes,Yes,12,Yes,Yes,Fiber optic,No,No,No,Yes,No,Yes,One year,Yes,Credit card (automatic),107.5,1302.57,No
CUST-03319,Male,0,No,No,28,Yes,No,Fiber optic,No,No,Yes,No,Yes,Yes,One year,No,Credit card (automatic),110.3,3089.37,Yes
CUST-03320,Female,0,No,No,22,Yes,Yes,No,No internet service,No internet service,No internet service,No internet service,No internet service,No internet service,Two year,No,Electronic check,44.42,976.75,No
CUST-03321,Female,0,Yes,No,65,Yes,Yes,Fiber optic,Yes,Yes,Yes,No,Yes,Yes,One year,No,Bank transfer (automatic),128.46,8367.76,No
CUST-03322,Female,0,No,Yes,29,Yes,No,DSL,No,No,No,No,No,No,Two year,No,Electronic check,58.18,1684.16,Yes
CUST-03323,Male,0,No,No,37,Yes,No,Fiber optic,Yes,No,Yes,Yes,No,No,One year,Yes,Electronic check,99.98,3712.67,No
CUST-03324,Female,1,Yes,Yes,17,Yes,No,Fiber optic,No,Yes,Yes,Yes,Yes,Yes,Two year,No,Electronic check,125.12,2146.2,Yes
CUST-03325,Male,0,Yes,No,65,Yes,Yes,No,No internet service,No internet service,No internet service,No internet service,No internet service,No internet service,Month-to-month,No,Mailed check,45.03,2927.88,No
CUST-03326,Female,0,No,No,24,Yes,No,DSL,No,No,Yes,No,Yes,No,Month-to-month,No,Credit card (automatic),77.56,1868.15,Yes
CUST-03327,Male,0,No,No,42,Yes,No,No,No internet service,No internet service,No internet service,No internet service,No internet service,No internet service,One year,Yes,Electronic check,36.21,1531.23,No
CUST-03328,Male,0,Yes,Yes,68,No,No phone service,No,No internet service,No internet service,No internet service,No internet service,No internet service,No internet service,Month-to-month,Yes,Bank transfer (automatic),20.41,1394.82,No
CUST-03329,Female,0,Yes,Yes,57,Yes,No,DSL,No,Yes,Yes,No,Yes,No,Month-to-month,No,Credit card (automatic),85.5,4886.84,No
CUST-03330,Female,0,No,No,8,Yes,Yes,DSL,Yes,Yes,No,Yes,Yes,No,Month-to-month,Yes,Bank transfer (automatic),102.86,807.21,Yes
CUST-03331,Male,0,No,No,71,Yes,Yes,Fiber optic,Yes,Yes,Yes,Yes,No,No,Two year,Yes,Credit card (automatic),114.93,8150.41,No
CUST-03332,Female,0,No,No,42,Yes,No,No,No internet service,No internet service,No internet service,No internet service,No internet service,No internet service,Two year,No,Credit card (automatic),36.01,1493.53,No
CUST-03333,Female,0,Yes,Yes,55,Yes,No,Fiber optic,No,Yes,Yes,No,No,No,One year,Yes,Bank transfer (automatic),93.44,5164.49,No
CUST-03334,Female,0,No,No,61,Yes,No,No,No internet service,No internet service,No internet service,No internet service,No internet service,No internet service,Two year,Yes,Bank transfer (automatic),37.1,2237.96,No
CUST-03335,Male,1,Yes,Yes,26,Yes,No,Fiber optic,No,No,Yes,No,Yes,Yes,One year,No,Electronic check,109.21,2859.27,Yes
CUST-03336,Male,1,Yes,No,31,Yes,Yes,Fiber optic,Yes,No,Yes,No,Yes,Yes,Month-to-month,No,Mailed check,125.46,3896.34,Yes
CUST-03337,Female,0,No,Yes,2,Yes,No,DSL,No,Yes,No,Yes,Yes,No,Month-to-month,Yes,Mailed check,87.32,161.5,Yes
CUST-03338,Female,0,No,No,9,Yes,No,DSL,Yes,No,Yes,No,No,No,Two year,Yes,Mailed check,73.26,640.27,No
CUST-03339,Female,1,Yes,Yes,31,Yes,No,Fiber optic,No,Yes,No,Yes,Yes,No,One year,No,Mailed check,105.23,3261.56,Yes
CUST-03340,Male,0,Yes,Yes,5,Yes,No,Fiber optic,No,Yes,Yes,No,No,Yes,Month-to-month,No,Credit card (automatic),102.99,511.58,Yes
CUST-03341,Male,0,No,No,21,Yes,Yes,Fiber optic,No,Yes,No,No,Yes,No,Month-to-month,No,Credit card (automatic),107.35,2260.28,Yes
CUST-03342,Female,1,No,No,31,Yes,No,Fiber optic,No,No,Yes,No,No,No,One year,Yes,Electronic check,86.12,2636.73,Yes
CUST-03343,Female,0,No,No,23,Yes,No,Fiber optic,No,No,Yes,No,Yes,No,One year,No,Mailed check,96.67,2220.58,No
CUST-03344,Female,0,No,No,48,Yes,No,DSL,No,No,No,No,Yes,Yes,Month-to-month,Yes,Credit card (automatic),84.63,4049.09,No
CUST-03345,Female,1,Yes,No,59,Yes,No,Fiber optic,No,Yes,No,No,No,No,One year,No,Bank transfer (automatic),83.41,4940.34,Yes
CUST-03346,Female,0,No,No,3,Yes,No,Fiber optic,No,Yes,No,No,Yes,No,Month-to-month,No,Credit card (automatic),96.75,296.39,Yes
CUST-03347,Female,0,No,No,61,Yes,No,Fiber optic,No,No,No,Yes,No,Yes,Month-to-month,Yes,Mailed check,100.28,6109.47,Yes
CUST-03348,Male,0,No,No,20,Yes,Yes,Fiber optic,No,No,No,No,No,No,One year,Yes,Mailed check,88.62,1793.72,No
CUST-03349,Female,0,No,No,29,Yes,No,Fiber optic,No,No,Yes,No,Yes,Yes,One year,No,Electronic check,109.37,3165.19,No
CUST-03350,Male,0,No,No,62,Yes,No,DSL,No,No,No,No,No,No,One year,No,Electronic check,59.81,3706.66,No
CUST-03351,Female,0,Yes,No,46,Yes,Yes,Fiber optic,No,No,No,No,No,Yes,One year,Yes,Credit card (automatic),105.18,4842.34,No
CUST-03352,Female,1,Yes,Yes,53,Yes,No,Fiber optic,Yes,No,Yes,No,Yes,No,Two year,Yes,Electronic check,102.04,5421.76,No
CUST-03353,Male,0,No,No,62,Yes,Yes,Fiber optic,No,Yes,Yes,Yes,No,No,Two year,Yes,Mailed check,110.35,6841.88,No
CUST-03354,Male,0,Yes,No,19,Yes,No,Fiber optic,No,Yes,No,Yes,Yes,Yes,One year,Yes,Bank transfer (automatic),116.46,2234.05,No
CUST-03355,Male,0,Yes,Yes,23,Yes,No,DSL,No,Yes,No,Yes,Yes,Yes,One year,Yes,Mailed check,96.41,2211.4,Yes
CUST-03356,Male,0,No,No,11,Yes,No,No,No internet service,No internet service,No internet service,No internet service,No internet service,No internet service,Month-to-month,No,Mailed check,33.69,355.88,Yes
CUST-03357,Female,0,No,No,19,Yes,No,Fiber optic,No,Yes,Yes,No,No,Yes,One year,No,Credit card (automatic),103.77,1995.52,Yes
CUST-03358,Male,1,Yes,No,1,No,No phone service,DSL,No,No,No,No,No,No,Month-to-month,No,Credit card (automatic),47.15,47.15,Yes
CUST-03359,Female,1,No,No,68,Yes,Yes,Fiber optic,Yes,Yes,Yes,Yes,No,No,Month-to-month,No,Credit card (automatic),117.76,8016.58,Yes
CUST-03360,Male,0,No,No,20,Yes,No,Fiber optic,No,Yes,Yes,No,No,No,Month-to-month,No,Bank transfer (automatic),91.31,1837.72,Yes
CUST-03361,Female,0,No,No,20,Yes,Yes,Fiber optic,No,Yes,No,Yes,No,Yes,Month-to-month,Yes,Bank transfer (automatic),115.6,2343.24,Yes
CUST-03362,Female,0,No,No,6,Yes,Yes,Fiber optic,Yes,No,No,No,No,Yes,Month-to-month,No,Electronic check,108.89,648.88,Yes
CUST-03363,Female,0,Yes,Yes,53,Yes,No,DSL,No,Yes,No,No,Yes,No,Two year,Yes,Electronic check,78.09,4146.69,No
CUST-03364,Female,0,Yes,Yes,40,Yes,Yes,Fiber optic,No,No,Yes,Yes,No,No,Month-to-month,Yes,Electronic check,103.05,4110.26,No
CUST-03365,Female,0,Yes,Yes,7,Yes,No,DSL,Yes,No,Yes,Yes,Yes,Yes,Month-to-month,Yes,Bank transfer (automatic),104.99,727.71,Yes
CUST-03366,Female,1,No,No,3,Yes,Yes,Fiber optic,No,Yes,No,No,Yes,Yes,Month-to-month,Yes,Electronic check,122.43,355.92,Yes
CUST-03367,Male,0,No,No,60,Yes,Yes,Fiber optic,Yes,Yes,Yes,No,Yes,No,Two year,Yes,Credit card (automatic),121.59,7308.1,No
CUST-03368,Female,0,No,No,42,Yes,No,Fiber optic,No,Yes,Yes,Yes,No,Yes,One year,Yes,Bank transfer (automatic),114.03,4803.06,Yes
CUST-03369,Male,0,No,No,54,Yes,No,Fiber optic,Yes,No,No,No,No,No,Two year,Yes,Electronic check,85.79,4638.19,No
CUST-03370,Male,0,No,No,59,Yes,No,Fiber optic,No,Yes,No,Yes,No,No,Month-to-month,Yes,Electronic check,92.38,5438.78,Yes
CUST-03371,Female,0,No,No,4,Yes,No,DSL,No,Yes,No,No,Yes,No,One year,No,Bank transfer (automatic),75.0,290.24,No
CUST-03372,Male,0,Yes,Yes,51,Yes,No,DSL,Yes,No,Yes,No,No,No,Month-to-month,Yes,Credit card (automatic),68.89,3502.86,No
CUST-03373,Female,0,Yes,Yes,4,Yes,Yes,DSL,No,Yes,Yes,Yes,No,Yes,Month-to-month,Yes,Credit card (automatic),101.69,412.11,No
CUST-03374,Male,0,No,No,34,Yes,No,DSL,No,No,No,Yes,Yes,No,Month-to-month,Yes,Bank transfer (automatic),80.76,2722.12,No
CUST-03375,Female,0,Yes,Yes,2,Yes,No,Fiber optic,Yes,No,Yes,Yes,Yes,Yes,Month-to-month,Yes,Electronic check,125.26,244.57,No
CUST-03376,Male,0,Yes,No,15,Yes,No,No,No internet service,No internet service,No internet service,No internet service,No internet service,No internet service,Month-to-month,No,Credit card (automatic),35.36,510.31,Yes
CUST-03377,Female,0,No,No,67,Yes,No,Fiber optic,No,No,Yes,Yes,No,Yes,Month-to-month,No,Credit card (automatic),104.92,7037.24,No
CUST-03378,Female,0,Yes,No,68,Yes,No,Fiber optic,No,Yes,Yes,No,Yes,Yes,Month-to-month,Yes,Credit card (automatic),116.98,7939.77,No
CUST-03379,Female,0,No,No,45,Yes,No,DSL,No,No,No,Yes,No,Yes,One year,Yes,Electronic check,78.2,3548.37,No
CUST-03380,Female,0,Yes,No,56,Yes,No,Fiber optic,Yes,No,Yes,No,Yes,Yes,Month-to-month,Yes,Bank transfer (automatic),114.34,6418.72,Yes
CUST-03381,Male,0,Yes,Yes,40,Yes,No,Fiber optic,Yes,Yes,No,No,Yes,No,One year,Yes,Credit card (automatic),104.92,4195.46,Yes
CUST-03382,Female,0,Yes,Yes,2,Yes,Yes,DSL,Yes,Yes,No,No,No,No,Month-to-month,Yes,Electronic check,80.15,166.5,Yes
CUST-03383,Male,0,No,No,8,Yes,Yes,No,No internet service,No internet service,No internet service,No internet service,No internet service,No internet service,Month-to-month,Yes,Bank transfer (automatic),43.85,357.83,Yes
CUST-03384,Male,0,Yes,Yes,17,Yes,No,DSL,No,Yes,No,No,No,No,Month-to-month,Yes,Electronic check,64.53,1082.61,Yes
CUST-03385,Male,0,No,No,36,Yes,Yes,Fiber optic,Yes,No,No,Yes,Yes,No,Two year,No,Electronic check,116.25,4203.57,No
CUST-03386,Female,0,No,No,72,Yes,No,Fiber optic,Yes,Yes,No,Yes,No,No,Month-to-month,No,Mailed check,100.88,7261.92,No
CUST-03387,Male,0,No,No,14,Yes,Yes,No,No internet service,No internet service,No internet service,No internet service,No internet service,No internet service,Month-to-month,No,Credit card (automatic),45.92,631.36,No
CUST-03388,Male,1,Yes,Yes,5,Yes,No,No,No internet service,No internet service,No internet service,No internet service,No internet service,No internet service,Month-to-month,No,Electronic check,34.13,178.77,Yes
CUST-03389,Male,0,Yes,No,2,Yes,Yes,No,No internet service,No internet service,No internet service,No internet service,No internet service,No internet service,Two year,Yes,Credit card (automatic),44.75,72.66,No
CUST-03390,Female,1,No,No,71,Yes,Yes,Fiber optic,Yes,Yes,No,No,Yes,Yes,One year,Yes,Bank transfer (automatic),127.1,9033.94,Yes
CUST-03391,Female,0,No,No,64,Yes,Yes,Fiber optic,Yes,Yes,No,No,Yes,No,One year,Yes,Mailed check,113.2,7249.95,No
CUST-03392,Male,0,No,No,45,No,No phone service,DSL,No,No,No,No,No,No,Two year,No,Mailed check,43.63,1953.6,No
CUST-03393,Female,1,Yes,Yes,30,Yes,Yes,Fiber optic,Yes,No,Yes,Yes,No,No,Month-to-month,No,Mailed check,109.04,3285.55,Yes
CUST-03394,Female,0,No,No,27,Yes,No,No,No internet service,No internet service,No internet service,No internet service,No internet service,No internet service,Month-to-month,Yes,Credit card (automatic),34.09,931.01,No
CUST-03395,Male,0,Yes,Yes,17,Yes,No,Fiber optic,Yes,No,Yes,No,No,No,Month-to-month,Yes,Electronic check,92.05,1560.02,Yes
CUST-03396,Male,0,Yes,Yes,61,Yes,Yes,DSL,Yes,Yes,No,No,No,Yes,Two year,No,Mailed check,93.96,5739.65,No
CUST-03397,Female,0,Yes,Yes,46,Yes,No,DSL,No,Yes,No,No,Yes,Yes,Two year,Yes,Electronic check,89.75,4108.52,No
CUST-03398,Male,0,Yes,Yes,71,Yes,No,Fiber optic,Yes,No,Yes,No,Yes,Yes,One year,No,Electronic check,114.8,8158.17,No
CUST-03399,Female,0,No,No,29,Yes,No,DSL,Yes,Yes,Yes,No,Yes,No,Two year,Yes,Bank transfer (automatic),88.6,2547.52,No
CUST-03400,Female,1,Yes,Yes,2,No,No phone service,Fiber optic,No,Yes,No,No,Yes,No,Month-to-month,Yes,Electronic check,83.97,169.87,Yes
CUST-03401,Female,0,No,No,47,Yes,Yes,DSL,No,Yes,Yes,Yes,Yes,No,One year,No,Electronic check,102.51,4828.31,Yes
CUST-03402,Female,1,Yes,No,20,Yes,No,DSL,No,Yes,Yes,No,No,No,One year,Yes,Electronic check,71.35,1432.08,No
CUST-03403,Female,1,No,Yes,50,Yes,Yes,DSL,Yes,Yes,No,No,No,Yes,One year,Yes,Electronic check,93.91,4718.8,No
CUST-03404,Female,0,Yes,Yes,43,Yes,Yes,No,No internet service,No internet service,No internet service,No internet service,No internet service,No internet service,One year,No,Bank transfer (automatic),46.82,2001.36,No
CUST-03405,Male,0,Yes,Yes,51,Yes,No,Fiber optic,Yes,Yes,No,No,No,Yes,One year,Yes,Bank transfer (automatic),103.89,5304.52,Yes
CUST-03406,Male,1,Yes,Yes,23,Yes,No,Fiber optic,No,Yes,No,No,Yes,Yes,Month-to-month,Yes,Bank transfer (automatic),109.99,2497.78,Yes
CUST-03407,Female,1,Yes,No,45,No,No phone service,Fiber optic,Yes,Yes,No,No,Yes,No,Two year,Yes,Mailed check,91.29,4100.37,No
CUST-03408,Female,0,No,No,39,Yes,Yes,Fiber optic,No,Yes,Yes,Yes,No,Yes,Month-to-month,Yes,Electronic check,123.61,4816.25,No
CUST-03409,Female,0,Yes,Yes,6,Yes,Yes,No,No internet service,No internet service,No internet service,No internet service,No internet service,No internet service,Month-to-month,Yes,Credit card (automatic),44.04,287.75,Yes
CUST-03410,Male,0,No,No,15,Yes,No,No,No internet service,No internet service,No internet service,No internet service,No internet service,No internet service,Month-to-month,Yes,Electronic check,36.61,548.8,No
CUST-03411,Female,0,Yes,Yes,61,Yes,No,DSL,Yes,Yes,No,No,Yes,Yes,One year,Yes,Mailed check,95.75,5854.45,Yes
CUST-03412,Male,0,No,No,22,Yes,No,DSL,No,No,Yes,Yes,Yes,No,Month-to-month,Yes,Electronic check,84.42,1843.67,Yes
CUST-03413,Female,0,No,No,3,Yes,No,Fiber optic,Yes,No,No,No,No,Yes,Two year,No,Electronic check,99.96,294.89,No
CUST-03414,Female,0,Yes,Yes,47,Yes,No,DSL,Yes,Yes,Yes,No,No,No,One year,Yes,Bank transfer (automatic),76.94,3603.63,Yes
CUST-03415,Male,0,Yes,No,5,Yes,Yes,No,No internet service,No internet service,No internet service,No internet service,No internet service,No internet service,Month-to-month,No,Electronic check,44.24,206.29,No
CUST-03416,Male,0,Yes,Yes,6,Yes,Yes,Fiber optic,Yes,No,No,No,Yes,Yes,Month-to-month,Yes,Mailed check,119.43,702.7,Yes
CUST-03417,Female,0,No,No,70,Yes,Yes,Fiber optic,No,Yes,Yes,No,Yes,No,Two year,Yes,Bank transfer (automatic),117.06,8184.99,No
CUST-03418,Female,0,Yes,No,43,Yes,No,Fiber optic,Yes,No,No,Yes,Yes,Yes,Month-to-month,Yes,Credit card (automatic),116.57,5043.15,Yes
CUST-03419,Female,0,No,No,16,Yes,No,Fiber optic,No,Yes,Yes,Yes,Yes,Yes,One year,No,Mailed check,123.1,1968.72,No
CUST-03420,Male,0,No,No,7,Yes,Yes,DSL,Yes,No,No,No,Yes,No,Month-to-month,Yes,Electronic check,87.49,592.14,Yes
CUST-03421,Male,0,No,No,39,Yes,Yes,No,No internet service,No internet service,No internet service,No internet service,No internet service,No internet service,Two year,Yes,Mailed check,45.79,1777.95,No
CUST-03422,Male,0,No,No,21,Yes,No,DSL,No,No,Yes,No,No,No,Two year,Yes,Mailed check,65.9,1399.15,No
CUST-03423,Male,1,No,No,31,Yes,Yes,No,No internet service,No internet service,No internet service,No internet service,No internet service,No internet service,One year,No,Electronic check,44.0,1353.47,No
CUST-03424,Male,0,Yes,No,10,Yes,Yes,DSL,No,Yes,Yes,No,Yes,Yes,One year,No,Electronic check,106.94,1091.71,Yes
CUST-03425,Male,0,No,No,65,Yes,Yes,Fiber optic,No,No,Yes,Yes,Yes,No,Month-to-month,Yes,Mailed check,118.03,7687.39,Yes
CUST-03426,Female,0,No,Yes,32,Yes,No,DSL,Yes,Yes,Yes,No,No,No,Month-to-month,Yes,Bank transfer (automatic),75.57,2415.33,No
CUST-03427,Female,1,Yes,Yes,6,Yes,Yes,Fiber optic,Yes,No,Yes,No,No,No,Month-to-month,Yes,Electronic check,100.98,596.04,Yes
CUST-03428,Male,0,No,Yes,37,Yes,No,Fiber optic,No,No,No,No,No,Yes,Two year,No,Credit card (automatic),92.77,3418.23,Yes
CUST-03429,Female,0,Yes,Yes,26,Yes,Yes,DSL,No,No,Yes,No,Yes,No,Month-to-month,No,Electronic check,86.15,2242.79,Yes
CUST-03430,Female,0,No,No,1,Yes,No,Fiber optic,Yes,No,No,No,No,Yes,Month-to-month,Yes,Bank transfer (automatic),97.77,103.99,Yes
CUST-03431,Male,0,No,No,5,Yes,No,DSL,No,No,Yes,No,No,No,Month-to-month,Yes,Credit card (automatic),67.91,359.65,Yes
CUST-03432,Female,0,Yes,No,36,Yes,No,Fiber optic,Yes,No,No,No,Yes,Yes,Two year,Yes,Credit card (automatic),110.93,3998.83,No
CUST-03433,Male,0,No,No,16,Yes,No,Fiber optic,No,No,Yes,No,No,No,Month-to-month,No,Mailed check,86.78,1383.19,Yes
CUST-03434,Male,0,Yes,Yes,1,No,No phone service,No,No internet service,No internet service,No internet service,No internet service,No internet service,No internet service,Month-to-month,Yes,Electronic check,21.12,41.74,Yes
CUST-03435,Female,0,Yes,Yes,19,Yes,Yes,DSL,No,No,Yes,No,No,Yes,One year,No,Credit card (automatic),88.49,1693.6,No
CUST-03436,Male,0,Yes,No,6,Yes,No,DSL,No,No,Yes,Yes,Yes,Yes,Month-to-month,Yes,Electronic check,97.49,574.63,Yes
CUST-03437,Male,0,No,No,67,Yes,Yes,Fiber optic,No,No,Yes,No,Yes,No,Two year,Yes,Credit card (automatic),109.45,7331.9,No
CUST-03438,Male,1,Yes,No,65,Yes,No,No,No internet service,No internet service,No internet service,No internet service,No internet service,No internet service,Month-to-month,Yes,Bank transfer (automatic),34.29,2238.76,No
CUST-03439,Male,0,Yes,No,49,Yes,No,No,No internet service,No internet service,No internet service,No internet service,No internet service,No internet service,Two year,No,Credit card (automatic),34.76,1707.81,No
CUST-03440,Male,1,No,No,33,No,No phone service,Fiber optic,Yes,Yes,Yes,Yes,No,No,Month-to-month,Yes,Bank transfer (automatic),88.52,2906.04,No
CUST-03441,Male,0,Yes,Yes,27,Yes,No,No,No internet service,No internet service,No internet service,No internet service,No internet service,No internet service,One year,No,Credit card (automatic),34.28,928.2,No
CUST-03442,Male,0,Yes,No,54,Yes,No,No,No internet service,No internet service,No internet service,No internet service,No internet service,No internet service,One year,Yes,Mailed check,35.12,1886.35,No
CUST-03443,Male,0,Yes,No,56,Yes,Yes,DSL,Yes,No,No,No,Yes,No,Month-to-month,Yes,Electronic check,88.04,4931.19,Yes
CUST-03444,Female,1,Yes,No,29,Yes,No,DSL,Yes,No,No,No,Yes,Yes,Month-to-month,No,Mailed check,91.39,2630.82,Yes
CUST-03445,Female,0,Yes,Yes,38,Yes,Yes,DSL,No,No,No,Yes,Yes,No,Two year,No,Mailed check,89.34,3381.56,No
CUST-03446,Female,0,Yes,No,9,Yes,No,DSL,Yes,No,No,No,Yes,Yes,Month-to-month,No,Mailed check,89.4,836.08,Yes
CUST-03447,Male,0,No,No,50,Yes,No,Fiber optic,No,Yes,No,No,Yes,Yes,One year,Yes,Credit card (automatic),109.19,5453.11,No
CUST-03448,Male,0,No,No,65,Yes,No,Fiber optic,No,Yes,Yes,No,No,No,Two year,Yes,Bank transfer (automatic),92.36,6020.1,No
CUST-03449,Female,0,Yes,No,56,Yes,Yes,Fiber optic,Yes,Yes,No,No,Yes,Yes,One year,Yes,Bank transfer (automatic),128.32,7184.03,No
CUST-03450,Female,0,Yes,Yes,6,Yes,Yes,DSL,Yes,No,No,No,Yes,Yes,Month-to-month,Yes,Electronic check,96.53,561.14,Yes
CUST-03451,Female,0,Yes,No,11,Yes,No,No,No internet service,No internet service,No internet service,No internet service,No internet service,No internet service,Month-to-month,No,Credit card (automatic),34.27,360.77,Yes
CUST-03452,Male,0,No,No,63,Yes,No,Fiber optic,Yes,No,No,Yes,Yes,Yes,Month-to-month,Yes,Electronic check,117.47,7388.72,Yes
CUST-03453,Female,0,Yes,No,2,Yes,Yes,Fiber optic,No,No,No,No,No,No,Month-to-month,Yes,Electronic check,86.8,205.79,Yes
CUST-03454,Female,0,Yes,Yes,1,Yes,Yes,No,No internet service,No internet service,No internet service,No internet service,No internet service,No internet service,Month-to-month,Yes,Bank transfer (automatic),44.81,44.81,No
CUST-03455,Male,0,No,No,16,Yes,No,DSL,Yes,Yes,No,Yes,Yes,No,Month-to-month,No,Credit card (automatic),91.47,1466.24,Yes
CUST-03456,Female,0,Yes,No,40,Yes,Yes,Fiber optic,Yes,No,No,Yes,No,Yes,Two year,Yes,Mailed check,115.34,4623.83,No
CUST-03457,Male,0,Yes,Yes,34,No,No phone service,Fiber optic,Yes,No,No,No,No,No,Month-to-month,Yes,Mailed check,69.34,2365.13,Yes
CUST-03458,Male,0,No,No,44,Yes,No,No,No internet service,No internet service,No internet service,No internet service,No internet service,No internet service,One year,No,Mailed check,34.87,1547.25,Yes
CUST-03459,Male,1,No,Yes,49,Yes,No,DSL,No,Yes,Yes,No,Yes,Yes,One year,Yes,Electronic check,94.25,4610.37,No
CUST-03460,Female,1,Yes,Yes,21,Yes,Yes,Fiber optic,No,Yes,Yes,Yes,No,No,Month-to-month,Yes,Credit card (automatic),108.74,2265.78,Yes
CUST-03461,Female,0,No,No,33,Yes,Yes,No,No internet service,No internet service,No internet service,No internet service,No internet service,No internet service,Month-to-month,Yes,Bank transfer (automatic),44.7,1460.93,Yes
CUST-03462,Male,0,Yes,Yes,58,Yes,Yes,Fiber optic,No,No,No,No,No,Yes,One year,No,Mailed check,103.53,5981.76,Yes
CUST-03463,Female,0,No,No,65,No,No phone service,DSL,Yes,No,Yes,Yes,No,Yes,One year,No,Mailed check,77.62,5037.5,No
CUST-03464,Female,0,No,Yes,43,No,No phone service,Fiber optic,Yes,No,No,No,No,Yes,Month-to-month,Yes,Electronic check,83.92,3552.67,Yes
CUST-03465,Female,0,No,No,72,Yes,No,DSL,Yes,No,Yes,No,No,No,One year,Yes,Bank transfer (automatic),74.94,5406.55,No
CUST-03466,Female,0,No,No,49,Yes,No,Fiber optic,No,No,Yes,No,Yes,No,One year,Yes,Credit card (automatic),98.66,4842.92,Yes
CUST-03467,Male,0,No,No,20,No,No phone service,No,No internet service,No internet service,No internet service,No internet service,No internet service,No internet service,One year,Yes,Bank transfer (automatic),18.5,355.37,No
CUST-03468,Female,1,No,Yes,50,Yes,Yes,Fiber optic,No,Yes,No,Yes,Yes,No,One year,Yes,Mailed check,115.16,5737.35,No
CUST-03469,Male,1,No,No,21,Yes,Yes,DSL,No,Yes,No,No,Yes,Yes,Month-to-month,Yes,Electronic check,98.71,2095.83,Yes
CUST-03470,Male,0,Yes,Yes,54,Yes,Yes,DSL,No,Yes,Yes,No,Yes,No,Two year,No,Credit card (automatic),93.8,5079.7,No
CUST-03471,Female,0,Yes,Yes,31,Yes,No,Fiber optic,Yes,No,No,Yes,Yes,No,One year,Yes,Electronic check,105.38,3262.92,No
CUST-03472,Male,0,No,No,32,No,No phone service,Fiber optic,Yes,Yes,Yes,Yes,Yes,Yes,Two year,Yes,Electronic check,113.59,3624.75,No
CUST-03473,Female,0,No,No,18,Yes,No,Fiber optic,Yes,Yes,Yes,No,Yes,No,Month-to-month,No,Mailed check,111.39,2005.59,Yes
CUST-03474,Female,0,Yes,Yes,8,Yes,No,Fiber optic,No,Yes,No,Yes,Yes,No,Month-to-month,No,Mailed check,107.49,838.31,Yes
CUST-03475,Male,0,No,No,17,Yes,No,Fiber optic,No,Yes,No,Yes,Yes,Yes,Month-to-month,Yes,Credit card (automatic),118.27,2014.98,Yes
CUST-03476,Male,0,No,Yes,67,Yes,No,No,No internet service,No internet service,No internet service,No internet service,No internet service,No internet service,One year,No,Electronic check,33.5,2226.47,No
CUST-03477,Male,0,No,No,55,Yes,No,No,No internet service,No internet service,No internet service,No internet service,No internet service,No internet service,One year,Yes,Bank transfer (automatic),35.18,1899.04,No
CUST-03478,Male,0,No,No,67,Yes,Yes,DSL,No,No,No,Yes,No,Yes,Month-to-month,Yes,Electronic check,89.08,5956.15,Yes
CUST-03479,Female,0,Yes,Yes,37,Yes,Yes,DSL,No,Yes,Yes,No,Yes,No,Two year,Yes,Electronic check,95.93,3534.18,No
CUST-03480,Female,0,Yes,No,41,Yes,Yes,DSL,Yes,No,Yes,No,Yes,No,One year,No,Bank transfer (automatic),92.21,3807.71,Yes
CUST-03481,Female,0,Yes,No,29,Yes,Yes,DSL,Yes,No,No,No,Yes,Yes,Month-to-month,No,Credit card (automatic),100.99,2953.83,Yes
CUST-03482,Male,0,Yes,Yes,6,Yes,No,DSL,No,Yes,Yes,No,Yes,Yes,Month-to-month,No,Mailed check,96.95,564.96,Yes
CUST-03483,Male,0,No,No,65,Yes,Yes,Fiber optic,Yes,Yes,Yes,Yes,Yes,No,One year,Yes,Bank transfer (automatic),129.34,8405.6,No
CUST-03484,Male,0,No,No,8,No,No phone service,DSL,Yes,Yes,No,No,Yes,Yes,Month-to-month,No,Credit card (automatic),81.29,640.48,Yes
CUST-03485,Female,0,No,No,36,No,No phone service,DSL,Yes,No,No,No,Yes,No,Month-to-month,Yes,Credit card (automatic),62.5,2277.57,No
CUST-03486,Male,1,No,No,5,Yes,Yes,DSL,Yes,No,No,No,Yes,No,Month-to-month,No,Electronic check,91.59,430.65,Yes
CUST-03487,Female,0,Yes,Yes,34,Yes,Yes,DSL,No,No,Yes,Yes,No,Yes,One year,Yes,Electronic check,94.68,3226.1,No
CUST-03488,Male,0,Yes,No,64,No,No phone service,Fiber optic,Yes,Yes,No,No,Yes,No,One year,Yes,Bank transfer (automatic),90.08,5784.29,Yes
CUST-03489,Female,0,Yes,Yes,42,Yes,No,DSL,No,No,Yes,Yes,No,Yes,Month-to-month,No,Bank transfer (automatic),86.03,3605.07,Yes
CUST-03490,Female,1,Yes,Yes,63,Yes,No,No,No internet service,No internet service,No internet service,No internet service,No internet service,No internet service,One year,Yes,Mailed check,35.51,2237.48,No
CUST-03491,Male,0,No,No,28,Yes,Yes,DSL,No,Yes,No,No,Yes,Yes,Month-to-month,Yes,Electronic check,100.51,2830.08,Yes
CUST-03492,Male,0,Yes,Yes,37,Yes,Yes,No,No internet service,No internet service,No internet service,No internet service,No internet service,No internet service,Month-to-month,Yes,Bank transfer (automatic),43.38,1588.46,Yes
CUST-03493,Female,0,Yes,Yes,38,Yes,Yes,DSL,No,No,Yes,No,Yes,Yes,Two year,No,Mailed check,97.99,3733.17,No
CUST-03494,Female,0,Yes,Yes,22,Yes,Yes,Fiber optic,No,Yes,Yes,No,No,Yes,Two year,Yes,Electronic check,112.08,2442.53,No
CUST-03495,Male,0,No,No,28,Yes,No,DSL,No,Yes,No,No,No,Yes,One year,Yes,Bank transfer (automatic),77.33,2141.31,Yes
CUST-03496,Male,0,Yes,Yes,6,No,No phone service,No,No internet service,No internet service,No internet service,No internet service,No internet service,No internet service,Month-to-month,Yes,Bank transfer (automatic),20.37,134.98,Yes
CUST-03497,Female,0,No,No,45,Yes,Yes,DSL,No,Yes,No,Yes,Yes,Yes,Two year,Yes,Mailed check,106.97,4799.15,No
CUST-03498,Male,1,Yes,Yes,49,Yes,Yes,No,No internet service,No internet service,No internet service,No internet service,No internet service,No internet service,Two year,No,Credit card (automatic),42.85,2102.34,No
CUST-03499,Female,0,No,No,21,Yes,Yes,DSL,Yes,No,No,Yes,Yes,No,Month-to-month,No,Electronic check,97.38,2027.31,Yes
CUST-03500,Female,0,Yes,No,31,Yes,Yes,DSL,Yes,No,Yes,No,Yes,Yes,Month-to-month,No,Mailed check,103.69,3218.6,No
CUST-03501,Male,0,No,No,11,Yes,No,Fiber optic,No,Yes,Yes,No,No,No,Month-to-month,Yes,Credit card (automatic),92.72,995.03,No
CUST-03502,Male,0,No,No,26,Yes,Yes,Fiber optic,No,Yes,No,No,Yes,Yes,Month-to-month,No,Electronic check,118.87,3110.05,Yes
CUST-03503,Male,0,No,No,68,Yes,No,No,No internet service,No internet service,No internet service,No internet service,No internet service,No internet service,Month-to-month,Yes,Electronic check,36.83,2516.64,Yes
CUST-03504,Male,0,No,Yes,67,Yes,Yes,Fiber optic,No,No,Yes,Yes,Yes,Yes,One year,Yes,Mailed check,127.21,8514.05,Yes
CUST-03505,Male,0,Yes,Yes,25,Yes,Yes,Fiber optic,Yes,Yes,Yes,No,Yes,Yes,Month-to-month,No,Electronic check,129.36,3206.05,Yes
CUST-03506,Female,0,Yes,No,7,Yes,Yes,Fiber optic,Yes,No,No,Yes,No,No,Month-to-month,No,Electronic check,103.94,724.51,Yes
CUST-03507,Female,0,Yes,No,38,Yes,Yes,Fiber optic,Yes,No,Yes,Yes,Yes,Yes,Month-to-month,Yes,Credit card (automatic),132.74,5038.74,Yes
CUST-03508,Male,0,No,No,15,Yes,No,Fiber optic,No,Yes,Yes,Yes,Yes,No,Two year,No,Electronic check,113.22,1690.13,No
CUST-03509,Male,0,Yes,Yes,31,Yes,No,DSL,No,Yes,No,Yes,No,No,One year,No,Electronic check,74.49,2324.95,No
CUST-03510,Male,0,Yes,No,18,Yes,Yes,Fiber optic,No,No,Yes,No,Yes,Yes,Month-to-month,No,Credit card (automatic),119.06,2161.28,Yes
CUST-03511,Female,0,No,No,22,Yes,No,No,No internet service,No internet service,No internet service,No internet service,No internet service,No internet service,Month-to-month,No,Mailed check,33.5,743.41,No
CUST-03512,Male,1,No,No,36,Yes,No,Fiber optic,No,No,Yes,No,Yes,No,Two year,Yes,Bank transfer (automatic),96.35,3490.96,No
CUST-03513,Male,1,Yes,No,67,Yes,Yes,No,No internet service,No internet service,No internet service,No internet service,No internet service,No internet service,One year,No,Mailed check,44.12,2913.99,Yes
CUST-03514,Female,0,No,No,20,Yes,No,No,No internet service,No internet service,No internet service,No internet service,No internet service,No internet service,Month-to-month,Yes,Credit card (automatic),37.05,736.44,No
CUST-03515,Female,0,No,No,28,Yes,No,No,No internet service,No internet service,No internet service,No internet service,No internet service,No internet service,One year,Yes,Electronic check,34.78,968.56,No
CUST-03516,Male,0,Yes,Yes,64,Yes,No,DSL,Yes,No,No,Yes,No,No,Month-to-month,Yes,Bank transfer (automatic),75.42,4839.51,No
CUST-03517,Male,0,Yes,Yes,24,Yes,No,DSL,No,Yes,No,No,Yes,No,Month-to-month,No,Credit card (automatic),75.78,1813.94,Yes
CUST-03518,Male,0,No,No,40,Yes,No,DSL,Yes,No,Yes,No,Yes,No,Two year,No,Electronic check,81.12,3253.13,No
CUST-03519,Female,0,No,No,42,No,No phone service,No,No internet service,No internet service,No internet service,No internet service,No internet service,No internet service,Month-to-month,No,Credit card (automatic),18.58,773.14,No
CUST-03520,Male,0,Yes,Yes,69,No,No phone service,DSL,Yes,Yes,No,No,No,Yes,Two year,Yes,Credit card (automatic),69.99,4819.2,No
CUST-03521,Male,1,Yes,Yes,71,Yes,No,Fiber optic,Yes,Yes,No,Yes,No,Yes,Month-to-month,Yes,Credit card (automatic),111.57,7933.49,No
CUST-03522,Male,0,No,No,4,Yes,Yes,DSL,No,No,No,No,No,No,Two year,No,Credit card (automatic),71.33,285.29,No
CUST-03523,Female,0,No,No,55,Yes,No,DSL,No,No,No,No,Yes,No,Two year,No,Mailed check,73.9,4069.11,No
CUST-03524,Female,0,No,No,10,Yes,No,DSL,No,No,Yes,No,No,Yes,Two year,No,Bank transfer (automatic),76.56,747.0,No
CUST-03525,Male,0,Yes,No,53,Yes,No,DSL,No,No,No,No,No,No,Two year,Yes,Credit card (automatic),61.25,3256.42,No
CUST-03526,Male,0,Yes,No,61,Yes,Yes,Fiber optic,Yes,No,No,No,No,No,Month-to-month,No,Electronic check,98.08,5966.72,No
CUST-03527,Female,0,No,No,71,Yes,No,No,No internet service,No internet service,No internet service,No internet service,No internet service,No internet service,Two year,Yes,Bank transfer (automatic),36.55,2620.75,No
CUST-03528,Female,0,Yes,Yes,64,Yes,No,Fiber optic,Yes,No,Yes,Yes,No,Yes,Two year,No,Electronic check,109.61,7011.19,No
CUST-03529,Female,0,No,No,61,Yes,Yes,Fiber optic,No,No,No,No,No,Yes,One year,Yes,Bank transfer (automatic),99.22,6046.21,No
CUST-03530,Female,0,No,No,45,Yes,No,Fiber optic,No,Yes,No,Yes,No,No,One year,Yes,Credit card (automatic),93.33,4213.23,Yes
CUST-03531,Female,0,Yes,No,30,Yes,No,No,No internet service,No internet service,No internet service,No internet service,No internet service,No internet service,Month-to-month,No,Bank transfer (automatic),34.38,1030.62,Yes
CUST-03532,Female,0,No,No,20,Yes,Yes,No,No internet service,No internet service,No internet service,No internet service,No internet service,No internet service,One year,Yes,Credit card (automatic),46.26,935.96,No
CUST-03533,Female,0,Yes,Yes,54,Yes,No,No,No internet service,No internet service,No internet service,No internet service,No internet service,No internet service,One year,Yes,Mailed check,33.55,1807.22,No
CUST-03534,Female,0,No,No,11,Yes,No,DSL,No,Yes,No,No,No,No,One year,Yes,Mailed check,66.62,743.52,No
CUST-03535,Female,0,Yes,Yes,8,Yes,No,No,No internet service,No internet service,No internet service,No internet service,No internet service,No internet service,Month-to-month,Yes,Mailed check,33.38,265.89,Yes
CUST-03536,Male,0,Yes,Yes,2,Yes,Yes,DSL,No,No,No,Yes,No,Yes,Month-to-month,Yes,Credit card (automatic),90.52,194.04,Yes
CUST-03537,Male,0,No,No,67,Yes,Yes,Fiber optic,Yes,No,No,Yes,No,No,Two year,Yes,Credit card (automatic),103.31,6939.03,No
CUST-03538,Male,1,No,No,50,Yes,No,Fiber optic,Yes,Yes,No,Yes,Yes,No,Month-to-month,Yes,Credit card (automatic),112.54,5603.23,Yes
CUST-03539,Female,0,Yes,No,23,Yes,No,Fiber optic,Yes,Yes,No,No,Yes,Yes,Month-to-month,Yes,Credit card (automatic),115.45,2660.72,Yes
CUST-03540,Male,0,No,No,21,No,No phone service,Fiber optic,No,Yes,No,No,No,No,Month-to-month,Yes,Credit card (automatic),67.69,1448.93,Yes
CUST-03541,Female,0,Yes,Yes,46,Yes,No,DSL,No,No,No,Yes,Yes,Yes,One year,Yes,Credit card (automatic),92.76,4276.23,Yes
CUST-03542,Female,0,Yes,No,40,Yes,Yes,No,No internet service,No internet service,No internet service,No internet service,No internet service,No internet service,One year,Yes,Electronic check,46.76,1906.98,No
CUST-03543,Male,1,Yes,Yes,3,Yes,No,Fiber optic,Yes,No,Yes,No,No,Yes,One year,Yes,Electronic check,102.75,294.33,Yes
CUST-03544,Female,0,Yes,No,50,Yes,No,DSL,No,No,Yes,No,Yes,Yes,Two year,No,Credit card (automatic),91.21,4564.37,No
CUST-03545,Male,0,Yes,Yes,48,No,No phone service,Fiber optic,Yes,No,No,Yes,No,Yes,One year,No,Bank transfer (automatic),90.08,4331.15,No
CUST-03546,Male,0,Yes,No,27,Yes,Yes,Fiber optic,No,Yes,Yes,Yes,No,Yes,Two year,No,Credit card (automatic),119.98,3231.56,No
CUST-03547,Male,0,Yes,No,46,Yes,No,DSL,No,No,No,No,Yes,Yes,Month-to-month,Yes,Bank transfer (automatic),83.08,3803.15,No
CUST-03548,Female,0,Yes,No,29,Yes,No,DSL,No,Yes,No,Yes,Yes,No,One year,Yes,Electronic check,85.72,2518.43,Yes
CUST-03549,Male,0,Yes,No,45,Yes,Yes,No,No internet service,No internet service,No internet service,No internet service,No internet service,No internet service,One year,Yes,Credit card (automatic),43.02,1952.73,Yes
CUST-03550,Female,0,No,No,50,Yes,Yes,No,No internet service,No internet service,No internet service,No internet service,No internet service,No internet service,Month-to-month,No,Bank transfer (automatic),47.02,2359.37,No
CUST-03551,Male,0,Yes,Yes,11,No,No phone service,DSL,No,No,No,No,No,No,One year,Yes,Bank transfer (automatic),42.7,470.42,No
CUST-03552,Male,0,No,No,68,Yes,Yes,Fiber optic,No,Yes,No,No,No,No,Two year,No,Mailed check,95.19,6475.03,No
CUST-03553,Male,1,No,No,15,Yes,Yes,Fiber optic,No,Yes,No,No,No,Yes,Two year,No,Bank transfer (automatic),106.62,1608.72,No
CUST-03554,Female,0,No,No,35,Yes,No,Fiber optic,No,Yes,Yes,Yes,No,No,Two year,No,Mailed check,102.03,3592.69,Yes
CUST-03555,Female,1,No,No,23,Yes,No,Fiber optic,Yes,Yes,Yes,No,Yes,Yes,Month-to-month,No,Credit card (automatic),119.74,2743.42,Yes
CUST-03556,Female,0,No,No,61,Yes,No,DSL,Yes,No,No,No,No,No,Two year,No,Credit card (automatic),67.24,4103.22,No
CUST-03557,Male,0,Yes,Yes,63,Yes,No,DSL,No,Yes,No,Yes,No,Yes,One year,Yes,Electronic check,86.3,5431.35,Yes
CUST-03558,Male,0,No,No,49,Yes,No,DSL,No,No,Yes,Yes,No,Yes,Two year,No,Electronic check,84.13,4106.52,No
CUST-03559,Female,0,No,No,55,No,No phone service,Fiber optic,No,No,No,Yes,No,No,Month-to-month,No,Electronic check,72.47,3976.64,No
CUST-03560,Female,0,No,No,36,Yes,No,No,No internet service,No internet service,No internet service,No internet service,No internet service,No internet service,Month-to-month,No,Bank transfer (automatic),34.73,1253.52,Yes
CUST-03561,Female,0,No,No,2,Yes,No,No,No internet service,No internet service,No internet service,No internet service,No internet service,No internet service,Month-to-month,Yes,Credit card (automatic),35.88,67.27,Yes
CUST-03562,Female,1,Yes,Yes,55,No,No phone service,No,No internet service,No internet service,No internet service,No internet service,No internet service,No internet service,Month-to-month,Yes,Electronic check,19.03,1047.06,No
CUST-03563,Female,0,No,No,64,No,No phone service,No,No internet service,No internet service,No internet service,No internet service,No internet service,No internet service,One year,No,Electronic check,20.95,1351.67,No
CUST-03564,Female,0,No,Yes,29,Yes,No,DSL,Yes,No,No,Yes,No,Yes,Month-to-month,Yes,Credit card (automatic),86.07,2513.36,No
CUST-03565,Male,1,Yes,Yes,71,Yes,No,Fiber optic,No,Yes,No,No,No,Yes,Month-to-month,Yes,Electronic check,98.68,7046.09,Yes
CUST-03566,Female,0,Yes,Yes,21,Yes,No,DSL,Yes,No,No,No,Yes,No,Month-to-month,Yes,Electronic check,76.68,1621.85,Yes
CUST-03567,Male,0,No,No,16,Yes,Yes,No,No internet service,No internet service,No internet service,No internet service,No internet service,No internet service,Month-to-month,Yes,Electronic check,44.64,704.99,Yes
CUST-03568,Male,0,No,No,6,Yes,No,No,No internet service,No internet service,No internet service,No internet service,No internet service,No internet service,Month-to-month,Yes,Credit card (automatic),35.17,227.56,No
CUST-03569,Female,1,No,No,33,Yes,No,Fiber optic,No,Yes,Yes,Yes,No,No,Month-to-month,Yes,Electronic check,100.12,3299.19,Yes
CUST-03570,Female,1,No,No,58,Yes,Yes,Fiber optic,No,Yes,No,No,No,Yes,Month-to-month,Yes,Electronic check,107.94,6250.03,Yes
CUST-03571,Male,1,Yes,Yes,22,Yes,Yes,DSL,Yes,No,No,No,No,Yes,One year,Yes,Credit card (automatic),91.14,2014.42,Yes
CUST-03572,Female,0,Yes,Yes,38,Yes,No,DSL,Yes,Yes,Yes,No,Yes,Yes,Month-to-month,Yes,Electronic check,102.86,3929.89,Yes
CUST-03573,Female,0,Yes,No,46,Yes,No,No,No internet service,No internet service,No internet service,No internet service,No internet service,No internet service,Month-to-month,No,Bank transfer (automatic),36.09,1651.06,No
CUST-03574,Male,0,Yes,Yes,50,Yes,Yes,No,No internet service,No internet service,No internet service,No internet service,No internet service,No internet service,One year,Yes,Electronic check,45.37,2273.23,No
CUST-03575,Male,0,Yes,Yes,65,Yes,No,DSL,No,Yes,Yes,Yes,No,No,Two year,Yes,Bank transfer (automatic),80.8,5258.85,No
CUST-03576,Male,0,Yes,No,52,Yes,No,DSL,Yes,No,Yes,Yes,Yes,No,Two year,Yes,Electronic check,92.3,4785.37,No
CUST-03577,Female,0,No,Yes,47,Yes,Yes,DSL,No,Yes,No,Yes,Yes,No,Two year,Yes,Bank transfer (automatic),98.73,4618.84,No
CUST-03578,Male,1,No,Yes,62,No,No phone service,No,No internet service,No internet service,No internet service,No internet service,No internet service,No internet service,One year,Yes,Mailed check,19.91,1213.38,No
CUST-03579,Female,1,Yes,No,2,Yes,No,No,No internet service,No internet service,No internet service,No internet service,No internet service,No internet service,Month-to-month,No,Credit card (automatic),36.25,91.68,Yes
CUST-03580,Male,0,Yes,No,21,Yes,No,Fiber optic,No,Yes,No,No,Yes,Yes,Two year,Yes,Bank transfer (automatic),113.13,2368.77,Yes
CUST-03581,Male,0,Yes,Yes,67,Yes,No,Fiber optic,Yes,No,Yes,No,No,Yes,One year,Yes,Credit card (automatic),104.98,7024.21,No
CUST-03582,Male,0,No,No,48,Yes,No,Fiber optic,No,No,Yes,Yes,Yes,No,Month-to-month,No,Mailed check,105.57,5072.14,No
CUST-03583,Female,0,Yes,Yes,9,Yes,Yes,DSL,No,No,Yes,No,No,Yes,One year,No,Bank transfer (automatic),86.9,801.61,Yes
CUST-03584,Female,0,Yes,No,2,Yes,No,No,No internet service,No internet service,No internet service,No internet service,No internet service,No internet service,Month-to-month,No,Credit card (automatic),34.26,51.05,Yes
CUST-03585,Male,0,No,No,16,Yes,No,Fiber optic,Yes,No,Yes,No,Yes,Yes,One year,Yes,Electronic check,116.59, ,Yes
CUST-03586,Male,0,No,No,30,Yes,Yes,DSL,No,No,No,Yes,No,Yes,Month-to-month,Yes,Electronic check,92.68,2802.53,Yes
CUST-03587,Male,0,Yes,No,1,Yes,No,Fiber optic,No,No,Yes,Yes,No,No,Month-to-month,No,Bank transfer (automatic),94.91,102.62,Yes
CUST-03588,Female,0,Yes,Yes,69,Yes,No,Fiber optic,No,Yes,No,Yes,No,No,One year,No,Mailed check,93.42,6429.89,No
CUST-03589,Male,1,Yes,Yes,21,Yes,No,Fiber optic,Yes,No,Yes,No,Yes,Yes,Month-to-month,Yes,Mailed check,115.54,2419.77,Yes
CUST-03590,Female,0,No,No,35,Yes,No,Fiber optic,Yes,No,No,No,Yes,No,Two year,Yes,Mailed check,97.78,3407.26,No
CUST-03591,Male,0,No,No,8,Yes,Yes,No,No internet service,No internet service,No internet service,No internet service,No internet service,No internet service,Month-to-month,Yes,Credit card (automatic),42.99,353.52,No
CUST-03592,Male,0,Yes,Yes,18,Yes,No,Fiber optic,No,Yes,No,No,Yes,Yes,Month-to-month,Yes,Electronic check,109.31,1982.92,No
CUST-03593,Male,0,No,No,25,Yes,No,Fiber optic,No,Yes,No,Yes,No,No,One year,Yes,Mailed check,93.25,2341.29,Yes
CUST-03594,Male,1,Yes,No,12,Yes,Yes,Fiber optic,Yes,No,No,No,Yes,No,One year,Yes,Electronic check,112.17,1348.54,Yes
CUST-03595,Male,0,Yes,Yes,66,No,No phone service,DSL,No,No,No,Yes,Yes,Yes,Two year,Yes,Credit card (automatic),78.39,5179.41,No
CUST-03596,Male,0,Yes,Yes,49,Yes,No,Fiber optic,No,Yes,No,Yes,Yes,No,One year,Yes,Electronic check,104.39,5103.98,No
CUST-03597,Female,0,No,No,42,Yes,No,DSL,No,Yes,Yes,No,No,Yes,Two year,Yes,Electronic check,81.65,3422.64,No
CUST-03598,Male,0,Yes,Yes,71,Yes,No,No,No internet service,No internet service,No internet service,No internet service,No internet service,No internet service,Two year,Yes,Credit card (automatic),33.04,2345.93,No
CUST-03599,Female,0,Yes,Yes,46,Yes,No,No,No internet service,No internet service,No internet service,No internet service,No internet service,No internet service,Month-to-month,No,Mailed check,37.12,1703.37,No
CUST-03600,Male,0,Yes,No,44,Yes,No,DSL,No,No,No,No,No,Yes,Two year,No,Credit card (automatic),69.98,3079.13,No
CUST-03601,Male,0,Yes,Yes,53,Yes,No,No,No internet service,No internet service,No internet service,No internet service,No internet service,No internet service,Two year,Yes,Mailed check,37.41,1958.47,No
CUST-03602,Female,0,No,No,12,Yes,No,Fiber optic,No,Yes,Yes,No,Yes,Yes,Two year,Yes,Mailed check,116.36,1409.54,No
CUST-03603,Male,0,Yes,Yes,53,Yes,No,No,No internet service,No internet service,No internet service,No internet service,No internet service,No internet service,One year,Yes,Credit card (automatic),34.63,1819.31,No
CUST-03604,Female,0,Yes,Yes,27,Yes,No,Fiber optic,No,Yes,No,Yes,Yes,Yes,One year,No,Credit card (automatic),116.28,3107.94,No
CUST-03605,Female,0,No,Yes,13,Yes,Yes,Fiber optic,No,Yes,No,No,Yes,Yes,Month-to-month,Yes,Bank transfer (automatic),121.9,1573.97,Yes
CUST-03606,Male,0,No,No,49,Yes,Yes,Fiber optic,No,No,No,Yes,Yes,Yes,Two year,No,Credit card (automatic),122.82,6014.95,No
CUST-03607,Female,1,No,Yes,66,Yes,No,DSL,No,No,No,No,Yes,No,One year,No,Credit card (automatic),73.35,4871.37,No
CUST-03608,Female,1,No,No,41,Yes,Yes,DSL,No,Yes,No,No,No,Yes,One year,No,Mailed check,87.59,3583.86,Yes
CUST-03609,Male,0,Yes,Yes,65,Yes,Yes,DSL,No,No,Yes,Yes,No,No,Two year,Yes,Credit card (automatic),85.0,5528.15,No
CUST-03610,Female,0,No,No,46,Yes,Yes,DSL,Yes,No,Yes,Yes,No,No,One year,No,Electronic check,92.22,4246.93,No
CUST-03611,Male,0,No,Yes,23,Yes,No,DSL,No,No,No,No,Yes,Yes,One year,Yes,Credit card (automatic),84.89,1929.75,No
CUST-03612,Male,0,Yes,No,10,Yes,Yes,Fiber optic,No,Yes,No,No,No,Yes,One year,Yes,Electronic check,106.42,1062.62,Yes
CUST-03613,Male,0,No,No,2,Yes,Yes,Fiber optic,Yes,Yes,No,No,No,No,Month-to-month,No,Electronic check,102.78,201.59,Yes
CUST-03614,Male,0,Yes,Yes,70,Yes,No,No,No internet service,No internet service,No internet service,No internet service,No internet service,No internet service,One year,Yes,Bank transfer (automatic),36.13,2530.35,No
CUST-03615,Female,0,No,No,68,Yes,Yes,DSL,No,No,No,No,No,Yes,Two year,Yes,Credit card (automatic),84.52,5753.71,No
CUST-03616,Male,1,No,No,69,Yes,Yes,No,No internet service,No internet service,No internet service,No internet service,No internet service,No internet service,Two year,Yes,Electronic check,45.88,3178.48,No
CUST-03617,Male,1,No,No,70,Yes,No,Fiber optic,Yes,Yes,No,No,No,No,One year,Yes,Mailed check,93.65,6542.65,Yes
CUST-03618,Female,0,No,No,22,Yes,No,Fiber optic,Yes,No,Yes,Yes,Yes,Yes,Month-to-month,No,Bank transfer (automatic),124.92,2755.49,Yes
CUST-03619,Male,0,No,No,32,Yes,No,Fiber optic,Yes,No,Yes,No,No,No,Two year,No,Electronic check,89.97,2868.11,No
CUST-03620,Male,0,Yes,Yes,45,Yes,No,Fiber optic,No,No,Yes,No,No,No,One year,No,Electronic check,87.24,3912.15,No
CUST-03621,Female,0,Yes,Yes,52,Yes,No,DSL,Yes,No,No,No,Yes,Yes,Month-to-month,No,Mailed check,90.18,4715.65,Yes
CUST-03622,Female,1,Yes,Yes,41,No,No phone service,Fiber optic,Yes,Yes,No,No,Yes,No,One year,Yes,Mailed check,92.0,3744.8,Yes
CUST-03623,Female,0,Yes,No,61,No,No phone service,Fiber optic,No,Yes,Yes,No,No,No,One year,Yes,Bank transfer (automatic),74.84,4557.49,No
CUST-03624,Female,0,No,No,18,No,No phone service,No,No internet service,No internet service,No internet service,No internet service,No internet service,No internet service,Two year,Yes,Electronic check,18.5,336.33,Yes
CUST-03625,Female,0,Yes,Yes,70,Yes,No,No,No internet service,No internet service,No internet service,No internet service,No internet service,No internet service,One year,Yes,Credit card (automatic),36.09,2517.31,No
CUST-03626,Female,1,Yes,Yes,47,Yes,Yes,Fiber optic,Yes,No,No,Yes,Yes,Yes,One year,No,Mailed check,130.27,6124.95,No
CUST-03627,Female,0,No,No,54,Yes,Yes,Fiber optic,Yes,No,Yes,Yes,Yes,No,Two year,Yes,Credit card (automatic),121.82,6558.14,No
CUST-03628,Male,0,No,No,59,Yes,No,No,No internet service,No internet service,No internet service,No internet service,No internet service,No internet service,One year,Yes,Mailed check,34.83,2027.29,No
CUST-03629,Female,0,Yes,No,3,No,No phone service,No,No internet service,No internet service,No internet service,No internet service,No internet service,No internet service,Month-to-month,No,Mailed check,20.31,47.81,Yes
CUST-03630,Female,0,Yes,No,57,Yes,No,No,No internet service,No internet service,No internet service,No internet service,No internet service,No internet service,Two year,No,Electronic check,34.27,1955.67,No
CUST-03631,Female,0,Yes,Yes,11,Yes,No,Fiber optic,No,No,Yes,No,Yes,No,One year,Yes,Electronic check,99.48,1091.71,Yes
CUST-03632,Male,0,No,No,67,Yes,Yes,DSL,No,Yes,Yes,No,Yes,Yes,Month-to-month,Yes,Mailed check,105.28,7063.3,Yes
CUST-03633,Male,0,Yes,Yes,61,Yes,No,No,No internet service,No internet service,No internet service,No internet service,No internet service,No internet service,Two year,No,Mailed check,36.05,2177.68,No
CUST-03634,Female,0,No,No,22,Yes,Yes,DSL,No,Yes,No,Yes,No,No,Month-to-month,Yes,Mailed check,82.02,1795.81,No
CUST-03635,Female,0,Yes,No,25,Yes,No,Fiber optic,No,No,No,No,Yes,No,Month-to-month,No,Credit card (automatic),94.58,2363.42,Yes
CUST-03636,Female,0,Yes,No,38,Yes,No,Fiber optic,No,No,No,No,No,Yes,Month-to-month,Yes,Mailed check,88.82,3360.63,Yes
CUST-03637,Male,0,No,Yes,68,Yes,No,Fiber optic,No,No,No,No,No,Yes,Month-to-month,Yes,Electronic check,90.41,6149.95,No
CUST-03638,Male,1,Yes,Yes,55,No,No phone service,DSL,No,No,No,No,No,No,One year,Yes,Credit card (automatic),48.38,2656.68,Yes
CUST-03639,Female,0,Yes,No,63,Yes,No,No,No internet service,No internet service,No internet service,No internet service,No internet service,No internet service,Month-to-month,Yes,Bank transfer (automatic),35.15,2221.75,No
CUST-03640,Male,0,Yes,No,56,Yes,Yes,Fiber optic,Yes,Yes,Yes,No,Yes,No,Month-to-month,No,Electronic check,119.01,6668.89,No
CUST-03641,Female,0,No,No,31,Yes,No,Fiber optic,Yes,No,No,No,No,Yes,One year,No,Electronic check,96.08,2950.68,Yes
CUST-03642,Male,0,No,No,54,Yes,No,Fiber optic,No,Yes,Yes,Yes,Yes,No,Two year,No,Electronic check,111.35,6034.99,No
CUST-03643,Male,0,Yes,No,68,Yes,Yes,No,No internet service,No internet service,No internet service,No internet service,No internet service,No internet service,Two year,No,Electronic check,45.43,3056.66,No
CUST-03644,Female,0,Yes,No,62,Yes,No,Fiber optic,No,No,No,Yes,Yes,Yes,Month-to-month,Yes,Credit card (automatic),112.73,6965.98,No
CUST-03645,Female,0,Yes,No,39,Yes,No,Fiber optic,No,Yes,No,No,Yes,No,Month-to-month,Yes,Bank transfer (automatic),98.48,3839.6,Yes
CUST-03646,Female,0,No,No,62,Yes,Yes,Fiber optic,Yes,Yes,Yes,No,Yes,No,One year,Yes,Credit card (automatic),117.32,7278.28,Yes
CUST-03647,Female,0,No,Yes,52,Yes,No,No,No internet service,No internet service,No internet service,No internet service,No internet service,No internet service,One year,No,Credit card (automatic),35.21,1826.69,No
CUST-03648,Male,0,No,No,22,Yes,Yes,Fiber optic,No,No,No,Yes,Yes,Yes,One year,Yes,Electronic check,122.51,2687.09,Yes
CUST-03649,Male,0,No,No,1,Yes,Yes,No,No internet service,No internet service,No internet service,No internet service,No internet service,No internet service,Month-to-month,Yes,Mailed check,45.52,45.52,Yes
CUST-03650,Male,0,Yes,No,44,Yes,No,DSL,No,No,No,No,Yes,Yes,Two year,Yes,Credit card (automatic),84.04,3705.67,No
CUST-03651,Female,0,Yes,Yes,41,Yes,No,DSL,No,No,Yes,No,Yes,Yes,Month-to-month,Yes,Electronic check,88.16,3597.36,Yes
CUST-03652,Male,0,Yes,Yes,16,Yes,No,DSL,No,No,No,No,Yes,No,Month-to-month,Yes,Electronic check,70.62,1113.21,No
CUST-03653,Female,0,Yes,Yes,41,Yes,No,Fiber optic,No,Yes,No,Yes,Yes,No,One year,No,Electronic check,107.82,4407.64,Yes
CUST-03654,Male,0,Yes,No,6,Yes,Yes,Fiber optic,No,Yes,Yes,No,No,Yes,Month-to-month,Yes,Mailed check,112.84,696.84,Yes
CUST-03655,Female,0,No,No,46,Yes,No,Fiber optic,Yes,Yes,Yes,Yes,No,No,One year,Yes,Electronic check,104.92,4831.91,Yes
CUST-03656,Female,0,No,No,46,Yes,No,Fiber optic,No,Yes,Yes,No,Yes,No,Month-to-month,Yes,Mailed check,103.56,4772.35,Yes
CUST-03657,Male,0,No,Yes,8,No,No phone service,Fiber optic,Yes,No,Yes,No,Yes,No,Month-to-month,No,Electronic check,87.18,721.31,Yes
CUST-03658,Female,1,Yes,Yes,50,No,No phone service,No,No internet service,No internet service,No internet service,No internet service,No internet service,No internet service,Month-to-month,Yes,Electronic check,20.95,1059.31,No
CUST-03659,Female,1,No,Yes,71,Yes,No,No,No internet service,No internet service,No internet service,No internet service,No internet service,No internet service,Two year,Yes,Electronic check,33.1,2352.45,No
CUST-03660,Male,0,No,No,12,Yes,No,Fiber optic,No,No,No,No,Yes,Yes,Month-to-month,Yes,Electronic check,105.63,1290.93,Yes
CUST-03661,Female,0,No,No,57,Yes,Yes,No,No internet service,No internet service,No internet service,No internet service,No internet service,No internet service,One year,Yes,Electronic check,42.98,2435.28,No
CUST-03662,Female,0,Yes,Yes,29,Yes,Yes,Fiber optic,No,Yes,Yes,No,Yes,Yes,Month-to-month,Yes,Bank transfer (automatic),125.58,3637.84,Yes
CUST-03663,Female,0,Yes,No,69,Yes,Yes,DSL,Yes,No,Yes,Yes,No,Yes,Month-to-month,No,Credit card (automatic),102.52,7091.22,No
CUST-03664,Male,0,Yes,No,36,Yes,Yes,DSL,No,No,No,No,No,No,Two year,Yes,Credit card (automatic),71.19,2529.93,Yes
CUST-03665,Male,0,Yes,Yes,38,Yes,No,DSL,No,No,Yes,No,Yes,No,Two year,No,Credit card (automatic),77.66,2939.13,No
CUST-03666,Female,0,No,No,69,No,No phone service,Fiber optic,No,Yes,Yes,No,Yes,No,Two year,No,Bank transfer (automatic),87.95,6080.39,No
CUST-03667,Male,0,Yes,Yes,45,Yes,No,No,No internet service,No internet service,No internet service,No internet service,No internet service,No internet service,One year,Yes,Credit card (automatic),37.13,1672.45,No
CUST-03668,Female,1,Yes,Yes,70,Yes,No,No,No internet service,No internet service,No internet service,No internet service,No internet service,No internet service,Two year,Yes,Credit card (automatic),35.27,2476.61,No
CUST-03669,Female,0,No,No,68,Yes,Yes,DSL,Yes,No,Yes,No,Yes,Yes,One year,No,Bank transfer (automatic),105.74,7161.57,No
CUST-03670,Female,0,No,No,55,Yes,No,Fiber optic,No,No,No,No,Yes,Yes,Month-to-month,Yes,Bank transfer (automatic),101.27,5557.24,No
CUST-03671,Female,1,Yes,Yes,14,No,No phone service,Fiber optic,No,Yes,No,Yes,No,Yes,Two year,Yes,Electronic check,91.29,1287.8,No
CUST-03672,Female,0,No,No,11,Yes,Yes,No,No internet service,No internet service,No internet service,No internet service,No internet service,No internet service,Two year,Yes,Electronic check,44.99,481.36,No
CUST-03673,Male,0,Yes,Yes,64,Yes,Yes,DSL,No,Yes,No,No,No,No,One year,Yes,Electronic check,73.97,4746.45,No
CUST-03674,Female,0,Yes,Yes,42,Yes,Yes,Fiber optic,No,No,Yes,No,Yes,No,Month-to-month,No,Bank transfer (automatic),106.83,4491.17,Yes
CUST-03675,Male,1,Yes,No,14,Yes,No,No,No internet service,No internet service,No internet service,No internet service,No internet service,No internet service,Month-to-month,Yes,Electronic check,35.14,474.38,Yes
CUST-03676,Male,0,No,No,46,Yes,No,No,No internet service,No internet service,No internet service,No internet service,No internet service,No internet service,One year,Yes,Credit card (automatic),35.7,1647.38,No
CUST-03677,Female,0,No,No,36,Yes,No,DSL,No,No,Yes,No,Yes,Yes,Two year,Yes,Mailed check,88.47,3196.15,No
CUST-03678,Female,0,Yes,No,28,Yes,No,DSL,No,No,No,No,No,Yes,Month-to-month,No,Electronic check,70.49,1979.14,Yes
CUST-03679,Male,0,No,No,26,Yes,Yes,Fiber optic,Yes,Yes,No,No,No,Yes,One year,Yes,Mailed check,114.17,2976.48,Yes
CUST-03680,Male,0,Yes,Yes,6,Yes,Yes,No,No internet service,No internet service,No internet service,No internet service,No internet service,No internet service,Month-to-month,No,Bank transfer (automatic),43.74,236.51,Yes
CUST-03681,Male,0,No,No,59,Yes,Yes,DSL,Yes,Yes,No,No,No,Yes,Two year,Yes,Electronic check,93.7,5562.13,No
CUST-03682,Female,0,Yes,No,3,Yes,No,No,No internet service,No internet service,No internet service,No internet service,No internet service,No internet service,Month-to-month,No,Electronic check,37.66,155.29,No
CUST-03683,Male,1,Yes,No,29,Yes,No,DSL,No,No,No,Yes,Yes,No,Two year,Yes,Bank transfer (automatic),79.94,2339.69,No
CUST-03684,Female,0,No,No,59,No,No phone service,Fiber optic,No,No,No,No,Yes,No,Two year,Yes,Credit card (automatic),78.53,4635.0,No
CUST-03685,Female,0,No,No,35,Yes,Yes,Fiber optic,No,No,No,No,No,No,Month-to-month,No,Bank transfer (automatic),88.13,3078.48,Yes
CUST-03686,Female,0,Yes,Yes,34,Yes,No,Fiber optic,No,Yes,Yes,No,No,No,Month-to-month,Yes,Mailed check,90.85,3083.14,Yes
CUST-03687,Male,0,Yes,No,63,No,No phone service,Fiber optic,No,No,No,No,Yes,Yes,One year,No,Bank transfer (automatic),87.82,5544.42,Yes
CUST-03688,Female,1,Yes,No,29,No,No phone service,Fiber optic,Yes,No,Yes,No,No,Yes,Month-to-month,No,Bank transfer (automatic),87.34,2548.9,No
CUST-03689,Female,0,Yes,Yes,46,Yes,Yes,No,No internet service,No internet service,No internet service,No internet service,No internet service,No internet service,Two year,Yes,Electronic check,42.35,1938.36,No
CUST-03690,Female,0,No,No,5,Yes,Yes,DSL,No,No,No,No,Yes,No,Month-to-month,No,Electronic check,82.29,411.13,Yes
CUST-03691,Female,0,No,No,3,Yes,No,Fiber optic,Yes,No,No,No,No,No,One year,Yes,Credit card (automatic),86.58,278.59,Yes
CUST-03692,Female,0,Yes,Yes,33,Yes,Yes,Fiber optic,Yes,No,Yes,Yes,No,Yes,Month-to-month,Yes,Credit card (automatic),120.58,3977.6,No
CUST-03693,Male,0,Yes,No,72,Yes,Yes,Fiber optic,Yes,Yes,No,No,Yes,No,Month-to-month,Yes,Mailed check,112.88,8129.04,Yes
CUST-03694,Female,0,No,No,23,Yes,No,No,No internet service,No internet service,No internet service,No internet service,No internet service,No internet service,Month-to-month,No,Mailed check,35.12,828.41,No
CUST-03695,Female,0,Yes,No,39,Yes,No,Fiber optic,No,No,No,No,No,No,Two year,Yes,Electronic check,80.03,3139.4,No
CUST-03696,Male,0,No,No,24,Yes,No,Fiber optic,No,No,No,Yes,No,No,One year,No,Bank transfer (automatic),89.55,2161.27,Yes
CUST-03697,Female,0,Yes,No,52,Yes,No,Fiber optic,No,Yes,No,No,Yes,No,Month-to-month,Yes,Electronic check,99.7,5168.36,Yes
CUST-03698,Male,0,No,No,5,Yes,Yes,Fiber optic,No,No,No,No,No,Yes,Month-to-month,No,Electronic check,101.0,489.15,Yes
CUST-03699,Female,1,No,No,32,Yes,No,DSL,No,No,No,No,No,Yes,Month-to-month,No,Electronic check,71.9,2289.76,Yes
CUST-03700,Male,0,No,No,48,Yes,Yes,No,No internet service,No internet service,No internet service,No internet service,No internet service,No internet service,One year,Yes,Bank transfer (automatic),43.5,2080.17,No
CUST-03701,Male,0,No,No,28,Yes,No,DSL,Yes,No,No,No,Yes,Yes,Two year,No,Mailed check,92.25,2586.24,No
CUST-03702,Female,0,Yes,No,16,Yes,Yes,Fiber optic,Yes,No,Yes,No,No,Yes,One year,Yes,Electronic check,114.4,1829.0,Yes
CUST-03703,Female,0,No,No,61,Yes,Yes,Fiber optic,Yes,Yes,Yes,Yes,No,Yes,Month-to-month,Yes,Bank transfer (automatic),129.49,7896.47,Yes
CUST-03704,Female,0,No,No,61,Yes,Yes,DSL,No,No,No,Yes,Yes,No,Month-to-month,No,Credit card (automatic),89.46,5453.19,No
CUST-03705,Male,1,Yes,Yes,61,Yes,No,DSL,No,No,No,No,No,No,Month-to-month,No,Credit card (automatic),61.53,3740.17,No
CUST-03706,Male,0,Yes,Yes,5,Yes,No,DSL,No,No,Yes,No,Yes,Yes,Month-to-month,Yes,Mailed check,91.12,448.68,Yes
CUST-03707,Male,1,Yes,No,60,Yes,No,DSL,Yes,No,No,Yes,No,No,Two year,Yes,Bank transfer (automatic),75.92,4591.7,No
CUST-03708,Female,0,Yes,Yes,12,Yes,No,No,No internet service,No internet service,No internet service,No internet service,No internet service,No internet service,One year,Yes,Credit card (automatic),32.98,406.25,Yes
CUST-03709,Male,0,Yes,No,13,No,No phone service,No,No internet service,No internet service,No internet service,No internet service,No internet service,No internet service,One year,No,Credit card (automatic),20.11,261.73,No
CUST-03710,Male,1,No,No,59,No,No phone service,DSL,Yes,No,No,No,No,No,One year,No,Mailed check,52.65,3083.84,No
CUST-03711,Female,0,Yes,Yes,29,Yes,No,DSL,No,No,Yes,Yes,Yes,No,Two year,Yes,Mailed check,84.6,2438.54,No
CUST-03712,Male,1,No,No,41,Yes,Yes,No,No internet service,No internet service,No internet service,No internet service,No internet service,No internet service,Month-to-month,Yes,Credit card (automatic),45.78,1876.35,Yes
CUST-03713,Male,0,Yes,No,12,Yes,No,DSL,Yes,No,No,No,Yes,Yes,One year,No,Electronic check,90.86,1110.71,Yes
CUST-03714,Female,1,Yes,Yes,4,Yes,No,No,No internet service,No internet service,No internet service,No internet service,No internet service,No internet service,Month-to-month,Yes,Credit card (automatic),36.05,147.64,Yes
CUST-03715,Male,0,No,No,68,Yes,No,DSL,Yes,Yes,No,Yes,No,No,One year,Yes,Credit card (automatic),80.5,5477.23,No
CUST-03716,Female,0,No,No,35,Yes,Yes,Fiber optic,No,Yes,Yes,No,No,No,Month-to-month,Yes,Bank transfer (automatic),102.93,3619.2,Yes
CUST-03717,Female,0,Yes,No,44,Yes,No,Fiber optic,No,Yes,Yes,Yes,Yes,Yes,Month-to-month,No,Bank transfer (automatic),124.65,5470.03,Yes
CUST-03718,Female,0,Yes,No,18,Yes,No,DSL,No,No,No,Yes,No,Yes,Month-to-month,Yes,Electronic check,81.78,1493.13,Yes
CUST-03719,Female,0,Yes,Yes,8,Yes,Yes,DSL,Yes,Yes,No,No,No,Yes,Month-to-month,No,Electronic check,92.92,737.61,Yes
CUST-03720,Female,0,No,No,69,Yes,No,Fiber optic,Yes,No,No,Yes,No,Yes,Two year,No,Bank transfer (automatic),106.51,7366.56,No
CUST-03721,Male,0,No,No,6,Yes,Yes,DSL,No,Yes,No,No,No,Yes,Month-to-month,Yes,Bank transfer (automatic),89.83,564.03,Yes
CUST-03722,Male,0,Yes,No,66,Yes,Yes,Fiber optic,No,Yes,No,Yes,No,No,Month-to-month,No,Electronic check,102.82,6772.51,Yes
CUST-03723,Female,0,No,No,13,Yes,No,DSL,No,Yes,No,No,Yes,No,Month-to-month,No,Electronic check,76.96,1000.48,Yes
CUST-03724,Female,0,No,No,8,No,No phone service,Fiber optic,No,No,No,No,Yes,No,Month-to-month,Yes,Electronic check,77.79,634.16,Yes
CUST-03725,Male,0,Yes,No,2,Yes,No,Fiber optic,Yes,No,No,Yes,No,No,Month-to-month,No,Bank transfer (automatic),96.07,187.84,Yes
CUST-03726,Female,0,No,No,47,Yes,Yes,Fiber optic,No,Yes,No,Yes,No,No,One year,Yes,Mailed check,103.8,4874.72,Yes
CUST-03727,Female,0,No,No,6,Yes,No,DSL,No,No,No,Yes,Yes,Yes,Two year,Yes,Electronic check,92.14,546.86,No
CUST-03728,Female,0,Yes,No,45,Yes,No,Fiber optic,Yes,Yes,No,No,No,No,One year,No,Electronic check,92.55,4136.84,Yes
CUST-03729,Male,0,Yes,Yes,28,Yes,No,Fiber optic,Yes,No,Yes,Yes,No,No,Month-to-month,Yes,Bank transfer (automatic),99.27,2795.42,Yes
CUST-03730,Male,1,Yes,Yes,60,Yes,No,No,No internet service,No internet service,No internet service,No internet service,No internet service,No internet service,Two year,No,Electronic check,38.29,2282.25,No
CUST-03731,Female,0,Yes,Yes,14,Yes,No,No,No internet service,No internet service,No internet service,No internet service,No internet service,No internet service,One year,Yes,Electronic check,33.61,436.2,No
CUST-03732,Female,0,No,No,53,Yes,Yes,DSL,Yes,No,Yes,No,Yes,Yes,One year,No,Electronic check,106.14,5641.12,No
CUST-03733,Male,0,Yes,No,48,Yes,Yes,DSL,No,No,No,No,Yes,No,Two year,Yes,Credit card (automatic),82.16,3950.95,No
CUST-03734,Male,0,No,No,55,Yes,No,DSL,No,Yes,No,No,No,No,One year,Yes,Mailed check,62.72,3429.83,No
CUST-03735,Female,0,No,No,11,Yes,No,DSL,No,No,Yes,No,No,No,Month-to-month,No,Mailed check,64.74,728.43,Yes
CUST-03736,Female,0,No,No,68,Yes,No,DSL,No,Yes,No,No,No,No,Month-to-month,Yes,Electronic check,63.97,4359.94,No
CUST-03737,Male,0,No,No,33,Yes,Yes,DSL,No,Yes,Yes,No,No,Yes,Month-to-month,No,Mailed check,95.08,3137.64,Yes
CUST-03738,Male,0,Yes,No,6,Yes,No,DSL,No,No,No,No,No,No,Month-to-month,No,Bank transfer (automatic),57.46,339.5,Yes
CUST-03739,Male,0,Yes,Yes,10,Yes,No,DSL,No,No,Yes,Yes,No,No,Month-to-month,Yes,Electronic check,75.41,752.26,Yes
CUST-03740,Female,0,No,No,32,Yes,Yes,DSL,No,Yes,Yes,Yes,Yes,Yes,One year,No,Credit card (automatic),112.23,3594.46,No
CUST-03741,Male,1,Yes,Yes,53,Yes,No,DSL,Yes,Yes,No,Yes,Yes,No,Month-to-month,Yes,Bank transfer (automatic),93.44,4940.49,No
CUST-03742,Female,0,Yes,Yes,39,Yes,No,DSL,No,Yes,No,No,No,Yes,Month-to-month,No,Credit card (automatic),75.91,2977.26,Yes
CUST-03743,Male,1,No,No,2,Yes,No,Fiber optic,No,Yes,Yes,Yes,Yes,Yes,Month-to-month,No,Mailed check,124.64,257.61,Yes
CUST-03744,Male,1,No,No,64,Yes,Yes,DSL,No,No,No,No,No,No,Two year,Yes,Electronic check,71.4,4567.57,No
CUST-03745,Male,0,Yes,Yes,12,No,No phone service,DSL,No,Yes,Yes,Yes,No,No,One year,Yes,Bank transfer (automatic),65.86,816.47,No
CUST-03746,Male,0,No,Yes,26,Yes,Yes,DSL,No,No,Yes,No,No,Yes,One year,No,Electronic check,86.17,2235.9,No
CUST-03747,Female,0,No,No,62,No,No phone service,Fiber optic,No,Yes,Yes,No,No,Yes,Month-to-month,No,Electronic check,90.69,5646.02,Yes
CUST-03748,Female,1,Yes,No,45,Yes,Yes,No,No internet service,No internet service,No internet service,No internet service,No internet service,No internet service,One year,Yes,Mailed check,45.82,2066.29,No
CUST-03749,Male,1,Yes,No,72,Yes,No,DSL,Yes,No,No,No,Yes,No,Two year,Yes,Mailed check,74.46,5372.48,No
CUST-03750,Female,0,No,No,8,Yes,No,Fiber optic,No,Yes,Yes,No,No,Yes,Month-to-month,Yes,Electronic check,104.17,827.85,Yes
CUST-03751,Male,0,Yes,Yes,44,Yes,Yes,Fiber optic,No,Yes,No,Yes,No,No,One year,No,Mailed check,108.25,4734.95,No
CUST-03752,Male,0,Yes,Yes,32,Yes,Yes,Fiber optic,No,Yes,No,No,Yes,Yes,Month-to-month,Yes,Mailed check,121.67,3900.63,Yes
CUST-03753,Male,0,No,No,60,Yes,No,No,No internet service,No internet service,No internet service,No internet service,No internet service,No internet service,Two year,No,Credit card (automatic),34.25,2037.18,No
CUST-03754,Male,0,No,No,23,Yes,No,No,No internet service,No internet service,No internet service,No internet service,No internet service,No internet service,One year,Yes,Bank transfer (automatic),35.82,814.67,No
CUST-03755,Female,1,Yes,Yes,71,Yes,Yes,DSL,No,No,No,No,No,No,Two year,No,Electronic check,69.41,4929.25,No
CUST-03756,Male,0,Yes,No,20,Yes,No,Fiber optic,Yes,Yes,Yes,No,Yes,Yes,Month-to-month,Yes,Credit card (automatic),123.52,2460.77,Yes
CUST-03757,Male,0,Yes,Yes,58,Yes,No,Fiber optic,Yes,No,No,Yes,No,Yes,Month-to-month,No,Credit card (automatic),104.78,6076.76,No
CUST-03758,Female,0,No,No,5,Yes,No,No,No internet service,No internet service,No internet service,No internet service,No internet service,No internet service,Month-to-month,Yes,Bank transfer (automatic),36.81,187.04,No
CUST-03759,Male,0,Yes,Yes,1,Yes,Yes,No,No internet service,No internet service,No internet service,No internet service,No internet service,No internet service,Month-to-month,Yes,Bank transfer (automatic),46.38,46.38,Yes
CUST-03760,Male,0,No,No,17,Yes,Yes,DSL,Yes,Yes,Yes,No,No,Yes,One year,Yes,Electronic check,100.96,1720.43,No
CUST-03761,Male,0,No,No,61,Yes,No,DSL,No,Yes,Yes,No,No,Yes,Two year,Yes,Credit card (automatic),87.11,5304.39,No
CUST-03762,Female,1,Yes,Yes,29,Yes,Yes,Fiber optic,No,No,No,Yes,Yes,No,Month-to-month,No,Electronic check,111.51,3217.77,No
CUST-03763,Male,1,No,No,71,Yes,No,Fiber optic,Yes,No,Yes,No,No,Yes,Month-to-month,No,Bank transfer (automatic),105.53,7462.61,Yes
CUST-03764,Female,0,No,No,69,Yes,No,Fiber optic,No,No,No,No,No,Yes,Month-to-month,No,Mailed check,93.69,6441.29,Yes
CUST-03765,Male,1,No,No,67,No,No phone service,Fiber optic,Yes,No,Yes,No,Yes,No,Two year,No,Mailed check,90.07,6035.05,No
CUST-03766,Male,0,Yes,Yes,27,Yes,No,DSL,No,No,Yes,Yes,No,No,Month-to-month,Yes,Electronic check,74.7,2017.54,No
CUST-03767,Female,0,No,Yes,15,Yes,No,No,No internet service,No internet service,No internet service,No internet service,No internet service,No internet service,Month-to-month,No,Mailed check,33.98,517.48,No
CUST-03768,Male,0,No,No,65,Yes,Yes,No,No internet service,No internet service,No internet service,No internet service,No internet service,No internet service,One year,Yes,Credit card (automatic),44.0,2885.74,No
CUST-03769,Male,0,No,No,5,Yes,No,Fiber optic,Yes,Yes,Yes,No,Yes,Yes,Month-to-month,No,Credit card (automatic),122.65,633.59,Yes
CUST-03770,Female,1,Yes,Yes,60,Yes,No,Fiber optic,No,No,No,No,Yes,Yes,Two year,Yes,Mailed check,104.91,6309.54,No
CUST-03771,Female,0,No,No,13,Yes,Yes,Fiber optic,Yes,No,No,No,Yes,No,Month-to-month,Yes,Bank transfer (automatic),108.03,1422.19,Yes
CUST-03772,Female,0,Yes,No,51,Yes,No,DSL,No,No,Yes,No,Yes,No,Month-to-month,Yes,Bank transfer (automatic),77.28,3943.99,Yes
CUST-03773,Female,0,Yes,No,5,Yes,No,DSL,No,No,Yes,No,No,No,Month-to-month,No,Electronic check,65.8,331.44,Yes
CUST-03774,Female,0,Yes,No,61,Yes,No,DSL,Yes,Yes,Yes,No,Yes,Yes,One year,No,Credit card (automatic),101.92,6240.18,No
CUST-03775,Male,0,No,No,63,Yes,Yes,No,No internet service,No internet service,No internet service,No internet service,No internet service,No internet service,One year,Yes,Electronic check,45.41,2864.08,No
CUST-03776,Female,0,Yes,No,37,Yes,No,Fiber optic,No,No,No,Yes,No,No,One year,No,Credit card (automatic),87.67,3247.36,Yes
CUST-03777,Male,0,No,No,49,Yes,No,DSL,No,No,No,Yes,No,No,Two year,No,Credit card (automatic),69.75,3435.24,No
CUST-03778,Male,0,No,Yes,9,Yes,Yes,Fiber optic,Yes,Yes,Yes,No,No,Yes,One year,Yes,Electronic check,119.83,1074.32,No
CUST-03779,Male,0,Yes,No,65,Yes,Yes,DSL,No,No,No,No,Yes,No,Two year,No,Credit card (automatic),81.04,5265.58,No
CUST-03780,Female,0,No,No,13,Yes,Yes,DSL,Yes,No,No,Yes,Yes,Yes,One year,Yes,Bank transfer (automatic),107.88,1382.02,No
CUST-03781,Female,0,Yes,No,71,Yes,No,Fiber optic,Yes,No,No,Yes,No,Yes,Month-to-month,No,Credit card (automatic),104.35,7401.91,No
CUST-03782,Male,0,Yes,Yes,57,Yes,Yes,Fiber optic,No,Yes,No,Yes,Yes,No,Month-to-month,Yes,Electronic check,119.02,6779.19,No
CUST-03783,Female,0,No,No,23,Yes,Yes,Fiber optic,No,Yes,Yes,No,No,No,One year,Yes,Credit card (automatic),102.98,2364.44,No
CUST-03784,Female,0,No,Yes,42,Yes,Yes,Fiber optic,Yes,Yes,Yes,No,No,Yes,One year,No,Bank transfer (automatic),119.98,5051.32,Yes
CUST-03785,Female,0,No,No,7,Yes,Yes,Fiber optic,Yes,No,Yes,No,No,Yes,Month-to-month,Yes,Mailed check,116.12,797.71,Yes
CUST-03786,Female,1,No,No,43,Yes,No,Fiber optic,Yes,Yes,Yes,No,No,Yes,Two year,Yes,Mailed check,109.69,4739.01,No
CUST-03787,Male,0,Yes,No,46,Yes,Yes,Fiber optic,No,Yes,No,Yes,Yes,Yes,Two year,No,Bank transfer (automatic),127.95,5854.8,No
CUST-03788,Male,0,Yes,Yes,51,Yes,Yes,DSL,Yes,Yes,No,Yes,Yes,Yes,Two year,No,Electronic check,112.94,5768.91,No
CUST-03789,Female,1,No,No,65,Yes,No,Fiber optic,No,Yes,Yes,Yes,No,No,One year,No,Credit card (automatic),98.59,6420.6,No
CUST-03790,Male,0,Yes,No,68,Yes,No,Fiber optic,No,No,No,No,Yes,Yes,Month-to-month,No,Electronic check,104.32,7104.14,No
CUST-03791,Female,0,Yes,Yes,31,Yes,No,DSL,No,No,No,No,No,No,Month-to-month,Yes,Credit card (automatic),61.6,1926.03,No
CUST-03792,Female,0,No,No,37,No,No phone service,DSL,No,No,No,No,Yes,Yes,Two year,Yes,Electronic check,67.68,2500.99,No
CUST-03793,Male,1,Yes,No,23,Yes,Yes,DSL,No,No,No,No,Yes,No,Month-to-month,No,Credit card (automatic),81.64,1896.52,Yes
CUST-03794,Male,1,Yes,No,4,Yes,Yes,Fiber optic,No,No,No,Yes,Yes,Yes,Month-to-month,No,Credit card (automatic),121.69,476.4,Yes
CUST-03795,Male,0,No,No,18,No,No phone service,Fiber optic,Yes,Yes,No,Yes,Yes,No,Two year,Yes,Electronic check,98.16,1757.78,No
CUST-03796,Female,0,No,Yes,40,Yes,No,DSL,No,No,Yes,No,Yes,No,One year,No,Bank transfer (automatic),77.35,3125.04,No
CUST-03797,Male,0,No,No,69,Yes,Yes,No,No internet service,No internet service,No internet service,No internet service,No internet service,No internet service,Month-to-month,Yes,Mailed check,46.13,3185.62,No
CUST-03798,Female,1,No,No,2,Yes,Yes,Fiber optic,Yes,No,No,No,No,No,Month-to-month,Yes,Mailed check,97.07,208.42,Yes
CUST-03799,Male,1,Yes,No,33,Yes,Yes,No,No internet service,No internet service,No internet service,No internet service,No internet service,No internet service,Two year,Yes,Electronic check,44.01,1459.77,No
CUST-03800,Male,0,No,No,14,Yes,No,Fiber optic,No,Yes,Yes,No,No,No,One year,No,Electronic check,91.56,1292.69,Yes
CUST-03801,Female,0,No,No,56,Yes,No,DSL,No,Yes,Yes,No,No,No,Two year,Yes,Credit card (automatic),72.12,4008.64,No
CUST-03802,Female,0,Yes,Yes,5,Yes,Yes,No,No internet service,No internet service,No internet service,No internet service,No internet service,No internet service,Month-to-month,No,Mailed check,44.34,227.34,No
CUST-03803,Female,0,Yes,No,61,Yes,No,No,No internet service,No internet service,No internet service,No internet service,No internet service,No internet service,Two year,No,Electronic check,33.66,2053.5,No
CUST-03804,Female,0,No,No,14,Yes,No,Fiber optic,No,Yes,No,No,Yes,Yes,Month-to-month,No,Mailed check,112.22,1585.68,Yes
CUST-03805,Female,0,No,No,42,Yes,No,DSL,Yes,No,Yes,No,No,No,One year,Yes,Credit card (automatic),69.33,2899.92,No
CUST-03806,Female,0,No,No,58,Yes,Yes,DSL,No,No,No,Yes,No,No,Month-to-month,No,Electronic check,78.35,4562.2,No
CUST-03807,Female,0,No,No,26,Yes,No,No,No internet service,No internet service,No internet service,No internet service,No internet service,No internet service,Month-to-month,Yes,Electronic check,37.05,945.2,Yes
CUST-03808,Female,1,No,No,55,Yes,No,DSL,Yes,Yes,Yes,No,No,Yes,One year,No,Bank transfer (automatic),88.79,4876.67,No
CUST-03809,Male,0,No,No,59,Yes,No,Fiber optic,No,Yes,No,Yes,Yes,Yes,Two year,No,Credit card (automatic),118.04,6940.69,No
CUST-03810,Female,0,No,No,66,Yes,No,Fiber optic,No,Yes,No,No,Yes,Yes,One year,No,Credit card (automatic),111.35,7332.89,Yes
CUST-03811,Female,0,Yes,No,2,Yes,Yes,DSL,No,Yes,No,No,No,No,One year,Yes,Bank transfer (automatic),71.44,142.98,Yes
CUST-03812,Male,1,No,No,57,Yes,No,Fiber optic,No,No,No,No,No,No,Two year,Yes,Electronic check,79.92,4575.97,No
CUST-03813,Female,0,Yes,Yes,54,Yes,No,Fiber optic,No,No,Yes,No,No,Yes,Month-to-month,No,Bank transfer (automatic),95.64,5165.08,Yes
CUST-03814,Male,0,No,No,20,Yes,No,Fiber optic,No,Yes,Yes,Yes,Yes,Yes,Two year,No,Credit card (automatic),125.45,2489.74,No
CUST-03815,Male,0,No,No,11,Yes,No,Fiber optic,Yes,Yes,No,No,No,No,Month-to-month,No,Credit card (automatic),90.81,967.25,Yes
CUST-03816,Female,0,No,No,54,Yes,Yes,No,No internet service,No internet service,No internet service,No internet service,No internet service,No internet service,One year,Yes,Mailed check,47.68,2584.82,No
CUST-03817,Male,0,No,No,30,Yes,Yes,Fiber optic,No,No,No,Yes,No,No,Month-to-month,Yes,Mailed check,96.57,2887.24,Yes
CUST-03818,Female,0,Yes,Yes,67,Yes,No,Fiber optic,Yes,No,Yes,No,Yes,Yes,Two year,Yes,Electronic check,116.67,7809.03,No
CUST-03819,Male,1,Yes,No,5,Yes,No,Fiber optic,Yes,No,Yes,No,No,Yes,Month-to-month,Yes,Bank transfer (automatic),102.69,529.6,Yes
CUST-03820,Male,0,Yes,Yes,32,Yes,No,DSL,No,No,Yes,No,Yes,Yes,Month-to-month,Yes,Bank transfer (automatic),89.64,2866.46,Yes
CUST-03821,Male,1,No,No,65,Yes,No,No,No internet service,No internet service,No internet service,No internet service,No internet service,No internet service,Month-to-month,No,Electronic check,34.99,2269.87,No
CUST-03822,Female,0,No,No,72,Yes,Yes,Fiber optic,No,Yes,No,No,No,Yes,One year,No,Electronic check,108.04,7781.3,No
CUST-03823,Female,0,No,No,71,Yes,No,DSL,Yes,Yes,No,No,No,No,Two year,Yes,Credit card (automatic),74.48,5310.31,No
CUST-03824,Male,0,Yes,Yes,47,Yes,Yes,Fiber optic,No,Yes,No,No,Yes,No,Two year,No,Electronic check,110.14,5180.39,No
CUST-03825,Male,0,No,No,21,Yes,Yes,Fiber optic,No,Yes,No,Yes,No,Yes,Month-to-month,No,Bank transfer (automatic),114.88,2380.09,No
CUST-03826,Female,0,No,No,12,Yes,No,DSL,No,No,No,No,Yes,No,One year,Yes,Mailed check,72.06,852.45,No
CUST-03827,Female,0,Yes,Yes,39,Yes,Yes,No,No internet service,No internet service,No internet service,No internet service,No internet service,No internet service,One year,No,Bank transfer (automatic),43.25,1682.48,No
CUST-03828,Male,0,No,No,33,No,No phone service,DSL,Yes,Yes,No,Yes,Yes,Yes,Month-to-month,No,Electronic check,86.91,2880.98,Yes
CUST-03829,Male,0,No,No,9,Yes,Yes,Fiber optic,Yes,No,No,No,Yes,No,Month-to-month,Yes,Bank transfer (automatic),107.0,944.36,Yes
CUST-03830,Female,0,No,No,11,Yes,Yes,Fiber optic,Yes,No,Yes,Yes,Yes,No,Month-to-month,Yes,Bank transfer (automatic),124.52,1371.95,Yes
CUST-03831,Female,1,Yes,Yes,62,Yes,Yes,DSL,No,Yes,Yes,No,Yes,No,Two year,Yes,Credit card (automatic),91.47,5669.91,No
CUST-03832,Female,0,No,No,55,Yes,Yes,No,No internet service,No internet service,No internet service,No internet service,No internet service,No internet service,Month-to-month,Yes,Mailed check,45.86,2537.55,No
CUST-03833,Female,0,Yes,No,10,Yes,Yes,Fiber optic,Yes,Yes,Yes,No,No,Yes,Month-to-month,No,Bank transfer (automatic),120.69,1191.95,Yes
CUST-03834,Female,0,No,No,66,Yes,Yes,Fiber optic,Yes,Yes,No,No,No,Yes,One year,Yes,Mailed check,112.89,7453.25,Yes
CUST-03835,Male,0,Yes,Yes,11,Yes,Yes,Fiber optic,No,Yes,No,No,Yes,Yes,Month-to-month,No,Credit card (automatic),120.97,1353.67,Yes
CUST-03836,Female,0,Yes,No,71,Yes,No,No,No internet service,No internet service,No internet service,No internet service,No internet service,No internet service,Two year,No,Mailed check,35.96,2566.64,Yes
CUST-03837,Male,1,No,Yes,17,Yes,No,Fiber optic,No,No,Yes,No,Yes,No,One year,No,Bank transfer (automatic),97.94,1673.97,Yes
CUST-03838,Female,0,Yes,No,71,Yes,Yes,Fiber optic,Yes,Yes,No,Yes,No,No,Month-to-month,Yes,Electronic check,109.77,7789.01,Yes
CUST-03839,Male,0,No,No,24,Yes,No,No,No internet service,No internet service,No internet service,No internet service,No internet service,No internet service,One year,No,Mailed check,34.63,833.39,No
CUST-03840,Female,0,No,No,58,Yes,No,DSL,No,Yes,No,No,No,Yes,Two year,No,Electronic check,76.73,4448.65,No
CUST-03841,Female,0,No,No,15,Yes,No,DSL,Yes,No,No,No,No,Yes,Two year,Yes,Electronic check,78.25,1186.6,No
CUST-03842,Male,0,No,Yes,13,Yes,No,No,No internet service,No internet service,No internet service,No internet service,No internet service,No internet service,Two year,No,Mailed check,34.24,453.02,No
CUST-03843,Male,0,Yes,Yes,42,Yes,Yes,No,No internet service,No internet service,No internet service,No internet service,No internet service,No internet service,Two year,No,Mailed check,45.24,1890.67,No
CUST-03844,Female,0,No,No,34,Yes,No,Fiber optic,No,No,No,No,Yes,Yes,Month-to-month,Yes,Mailed check,103.08,3530.9,Yes
CUST-03845,Female,1,Yes,Yes,28,Yes,No,Fiber optic,No,Yes,No,Yes,No,No,Two year,No,Mailed check,93.01,2622.35,No
CUST-03846,Female,0,Yes,Yes,67,Yes,Yes,Fiber optic,Yes,No,Yes,Yes,Yes,Yes,Two year,Yes,Electronic check,133.18,8910.06,No
CUST-03847,Female,0,No,No,66,Yes,Yes,DSL,No,Yes,No,Yes,Yes,Yes,Month-to-month,Yes,Mailed check,109.9,7248.24,Yes
CUST-03848,Female,0,Yes,Yes,63,Yes,Yes,Fiber optic,No,No,No,Yes,Yes,Yes,Two year,Yes,Credit card (automatic),119.93,7553.21,No
CUST-03849,Male,0,No,No,28,Yes,No,Fiber optic,Yes,Yes,No,No,No,Yes,Two year,No,Credit card (automatic),106.66,2998.72,No
CUST-03850,Male,0,No,No,72,Yes,Yes,DSL,No,No,Yes,Yes,Yes,Yes,Two year,Yes,Mailed check,109.15,7846.66,No
CUST-03851,Female,0,No,No,72,Yes,Yes,Fiber optic,Yes,No,Yes,No,Yes,Yes,Two year,Yes,Bank transfer (automatic),123.66,8893.48,No
CUST-03852,Male,1,No,No,55,Yes,No,Fiber optic,Yes,Yes,Yes,No,Yes,Yes,One year,Yes,Bank transfer (automatic),121.13,6675.33,No
CUST-03853,Male,1,Yes,No,39,Yes,Yes,Fiber optic,Yes,Yes,Yes,Yes,No,No,Two year,No,Electronic check,113.57,4437.61,No
CUST-03854,Male,1,No,No,28,Yes,No,Fiber optic,Yes,No,No,Yes,Yes,No,One year,Yes,Bank transfer (automatic),106.97,2965.93,No
CUST-03855,Female,0,No,Yes,37,Yes,Yes,No,No internet service,No internet service,No internet service,No internet service,No internet service,No internet service,One year,No,Credit card (automatic),46.91,1745.53,No
CUST-03856,Male,0,No,No,3,Yes,Yes,Fiber optic,No,No,Yes,Yes,Yes,No,Month-to-month,No,Bank transfer (automatic),116.34,326.91,Yes
CUST-03857,Female,0,Yes,Yes,52,Yes,No,Fiber optic,Yes,Yes,No,No,No,Yes,One year,Yes,Mailed check,105.83,5493.64,No
CUST-03858,Male,0,No,No,55,Yes,Yes,Fiber optic,Yes,No,No,No,No,No,One year,Yes,Mailed check,96.28,5289.93,No
CUST-03859,Female,0,Yes,Yes,48,Yes,No,DSL,No,Yes,Yes,No,No,Yes,One year,Yes,Mailed check,85.46,4095.04,Yes
CUST-03860,Male,0,Yes,Yes,52,No,No phone service,Fiber optic,No,No,No,No,No,Yes,One year,Yes,Bank transfer (automatic),77.44,4017.14,No
CUST-03861,Female,0,No,No,51,Yes,Yes,Fiber optic,No,No,No,No,Yes,Yes,One year,No,Bank transfer (automatic),114.02,5799.45,Yes
CUST-03862,Female,0,No,No,47,Yes,No,Fiber optic,No,Yes,Yes,Yes,No,No,Two year,Yes,Electronic check,101.16,4762.21,No
CUST-03863,Male,0,No,No,8,Yes,No,No,No internet service,No internet service,No internet service,No internet service,No internet service,No internet service,Month-to-month,No,Mailed check,34.77,253.96,Yes
CUST-03864,Female,0,No,No,46,Yes,No,Fiber optic,No,No,No,Yes,Yes,No,One year,No,Mailed check,102.19,4692.76,Yes
CUST-03865,Female,0,No,No,33,Yes,No,DSL,Yes,Yes,No,No,No,No,One year,Yes,Mailed check,71.53,2372.36,Yes
CUST-03866,Female,0,Yes,No,71,Yes,Yes,Fiber optic,No,No,No,No,No,No,Month-to-month,No,Electronic check,90.85,6456.31,No
CUST-03867,Female,0,Yes,No,7,Yes,Yes,Fiber optic,No,No,Yes,No,No,Yes,Month-to-month,No,Electronic check,106.94,727.81,Yes
CUST-03868,Female,0,Yes,Yes,13,Yes,No,Fiber optic,No,No,No,No,Yes,No,Month-to-month,Yes,Electronic check,89.64,1136.38,Yes
CUST-03869,Female,0,No,No,5,Yes,No,No,No internet service,No internet service,No internet service,No internet service,No internet service,No internet service,One year,Yes,Electronic check,35.54,161.36,No
CUST-03870,Female,0,Yes,Yes,11,Yes,No,Fiber optic,No,Yes,No,Yes,No,No,Month-to-month,Yes,Mailed check,91.29,971.52,Yes
CUST-03871,Female,0,Yes,No,68,Yes,Yes,DSL,No,No,No,Yes,No,No,One year,No,Bank transfer (automatic),81.22,5524.34,No
CUST-03872,Male,0,No,No,49,Yes,No,DSL,No,Yes,No,No,No,No,Two year,Yes,Credit card (automatic),65.47,3201.14,No
CUST-03873,Male,0,Yes,No,32,Yes,No,Fiber optic,Yes,No,No,Yes,No,Yes,Month-to-month,Yes,Credit card (automatic),105.88,3382.42,No
CUST-03874,Female,0,Yes,No,71,No,No phone service,DSL,Yes,No,No,Yes,No,No,Month-to-month,No,Credit card (automatic),58.53,4163.29,No
CUST-03875,Female,0,No,No,28,Yes,No,Fiber optic,No,No,No,No,No,Yes,Month-to-month,Yes,Credit card (automatic),92.21,2594.98,Yes
CUST-03876,Male,0,Yes,Yes,1,Yes,No,No,No internet service,No internet service,No internet service,No internet service,No internet service,No internet service,Month-to-month,Yes,Bank transfer (automatic),35.51,39.08,Yes
CUST-03877,Male,1,Yes,Yes,39,Yes,No,Fiber optic,No,No,No,No,No,No,One year,Yes,Electronic check,78.74,3067.52,No
CUST-03878,Male,0,Yes,Yes,57,Yes,No,Fiber optic,No,Yes,No,No,Yes,No,Two year,Yes,Mailed check,94.17,5357.15,No
CUST-03879,Female,0,No,No,39,Yes,No,Fiber optic,No,Yes,No,Yes,No,Yes,One year,Yes,Electronic check,104.35,4064.39,Yes
CUST-03880,Male,0,No,No,67,Yes,No,DSL,No,Yes,Yes,No,Yes,No,One year,Yes,Mailed check,83.27,5582.2,Yes
CUST-03881,Female,0,Yes,Yes,42,No,No phone service,Fiber optic,Yes,Yes,Yes,No,Yes,Yes,Two year,Yes,Electronic check,107.42,4525.52,No
CUST-03882,Female,0,No,No,50,Yes,Yes,Fiber optic,No,No,Yes,Yes,Yes,No,One year,Yes,Electronic check,116.28,5793.16,No
CUST-03883,Male,0,Yes,No,45,Yes,No,Fiber optic,No,Yes,No,No,Yes,No,Two year,Yes,Bank transfer (automatic),99.13,4443.93,Yes
CUST-03884,Female,1,No,No,14,Yes,No,DSL,No,No,No,Yes,Yes,Yes,Two year,Yes,Electronic check,89.54,1253.47,Yes
CUST-03885,Female,0,Yes,Yes,69,No,No phone service,No,No internet service,No internet service,No internet service,No internet service,No internet service,No internet service,Two year,Yes,Mailed check,18.66,1255.87,No
CUST-03886,Female,0,No,No,6,Yes,No,Fiber optic,No,Yes,Yes,Yes,Yes,No,Month-to-month,No,Credit card (automatic),111.34,672.32,Yes
CUST-03887,Female,0,No,No,27,Yes,Yes,DSL,Yes,No,No,No,No,Yes,Two year,Yes,Electronic check,90.29,2453.68,No
CUST-03888,Male,1,No,No,30,Yes,Yes,No,No internet service,No internet service,No internet service,No internet service,No internet service,No internet service,Month-to-month,Yes,Electronic check,49.08,1507.78,No
CUST-03889,Male,0,Yes,Yes,57,Yes,Yes,Fiber optic,Yes,No,Yes,Yes,Yes,No,Two year,No,Electronic check,119.98,6840.09,Yes
CUST-03890,Female,0,Yes,No,57,Yes,No,Fiber optic,Yes,Yes,Yes,Yes,No,No,One year,Yes,Bank transfer (automatic),107.64,6148.37,No
CUST-03891,Female,0,No,No,16,Yes,Yes,Fiber optic,No,No,Yes,No,No,No,Month-to-month,Yes,Electronic check,96.13,1538.41,Yes
CUST-03892,Male,0,Yes,No,55,Yes,No,No,No internet service,No internet service,No internet service,No internet service,No internet service,No internet service,Two year,No,Credit card (automatic),35.83,1994.94,No
CUST-03893,Female,0,No,No,52,Yes,No,Fiber optic,No,No,No,No,No,Yes,Two year,Yes,Mailed check,90.01,4674.17,No
CUST-03894,Male,0,No,No,22,Yes,No,Fiber optic,Yes,No,No,Yes,No,No,Two year,Yes,Electronic check,96.03,2117.6,No
CUST-03895,Female,0,No,No,68,Yes,No,Fiber optic,No,No,No,Yes,No,No,Month-to-month,Yes,Electronic check,84.67,5766.62,Yes
CUST-03896,Female,0,Yes,No,69,Yes,No,DSL,Yes,Yes,No,Yes,Yes,No,One year,Yes,Bank transfer (automatic),90.03,6217.9,No
CUST-03897,Male,1,No,No,55,Yes,No,DSL,Yes,No,No,No,No,No,Two year,Yes,Credit card (automatic),65.6,3596.43,No
CUST-03898,Male,0,No,No,67,Yes,No,DSL,Yes,No,Yes,Yes,Yes,No,Month-to-month,Yes,Mailed check,91.11,6083.76,Yes
CUST-03899,Male,1,No,No,68,Yes,Yes,DSL,No,No,Yes,No,Yes,No,One year,Yes,Electronic check,88.04, ,No
CUST-03900,Male,0,Yes,Yes,5,Yes,Yes,Fiber optic,Yes,No,No,Yes,Yes,Yes,Month-to-month,No,Mailed check,126.97,638.62,Yes
CUST-03901,Female,0,Yes,Yes,23,Yes,Yes,DSL,No,Yes,Yes,Yes,Yes,Yes,Month-to-month,Yes,Credit card (automatic),113.47,2610.94,Yes
CUST-03902,Male,0,Yes,No,14,Yes,No,Fiber optic,Yes,Yes,No,Yes,No,Yes,Two year,Yes,Electronic check,111.72,1577.46,No
CUST-03903,Female,0,Yes,No,11,Yes,Yes,Fiber optic,No,Yes,Yes,No,No,Yes,Month-to-month,Yes,Bank transfer (automatic),113.66,1262.94,Yes
CUST-03904,Male,0,No,Yes,6,Yes,Yes,Fiber optic,No,Yes,Yes,No,Yes,No,Month-to-month,Yes,Electronic check,114.22,690.69,Yes
CUST-03905,Male,0,No,No,4,Yes,Yes,DSL,No,No,Yes,Yes,Yes,No,Month-to-month,Yes,Bank transfer (automatic),97.34,398.89,Yes
CUST-03906,Female,0,Yes,Yes,27,Yes,No,Fiber optic,No,Yes,No,Yes,Yes,No,Month-to-month,No,Credit card (automatic),104.87,2823.61,Yes
CUST-03907,Male,0,No,No,36,Yes,Yes,DSL,No,No,No,Yes,Yes,Yes,Month-to-month,No,Bank transfer (automatic),104.02,3752.73,Yes
CUST-03908,Male,0,Yes,Yes,46,Yes,No,Fiber optic,No,No,Yes,Yes,Yes,Yes,Two year,Yes,Credit card (automatic),118.07,5407.68,Yes
CUST-03909,Male,0,Yes,No,58,Yes,No,Fiber optic,No,Yes,No,Yes,Yes,Yes,Two year,Yes,Bank transfer (automatic),119.89,6953.92,No
CUST-03910,Male,0,Yes,Yes,12,Yes,No,Fiber optic,Yes,Yes,Yes,Yes,No,Yes,One year,No,Credit card (automatic),117.49,1421.09,Yes
CUST-03911,Female,0,Yes,No,56,Yes,Yes,Fiber optic,Yes,Yes,Yes,No,Yes,No,Two year,No,Bank transfer (automatic),118.7,6636.42,No
CUST-03912,Female,1,No,Yes,35,Yes,No,Fiber optic,No,Yes,Yes,Yes,No,Yes,One year,Yes,Bank transfer (automatic),112.12,3926.34,No
CUST-03913,Male,0,Yes,No,24,Yes,No,No,No internet service,No internet service,No internet service,No internet service,No internet service,No internet service,One year,No,Credit card (automatic),38.85,936.92,No
CUST-03914,Male,0,No,No,20,Yes,Yes,DSL,No,Yes,Yes,Yes,Yes,Yes,Month-to-month,No,Electronic check,111.95,2225.64,No
CUST-03915,Male,0,Yes,Yes,19,Yes,No,No,No internet service,No internet service,No internet service,No internet service,No internet service,No internet service,One year,Yes,Electronic check,36.02,701.32,No
CUST-03916,Female,0,No,No,30,Yes,Yes,Fiber optic,No,No,No,Yes,Yes,Yes,Two year,No,Electronic check,122.27,3672.91,No
CUST-03917,Female,1,Yes,No,6,Yes,Yes,Fiber optic,Yes,No,No,Yes,Yes,No,Month-to-month,No,Electronic check,116.61,674.52,Yes
CUST-03918,Female,0,Yes,No,27,Yes,No,Fiber optic,Yes,No,No,No,No,Yes,Month-to-month,No,Credit card (automatic),96.19,2598.49,Yes
CUST-03919,Female,0,Yes,No,35,No,No phone service,Fiber optic,No,No,No,No,Yes,Yes,One year,Yes,Electronic check,89.69,3160.96,Yes
CUST-03920,Male,0,Yes,Yes,13,Yes,No,No,No internet service,No internet service,No internet service,No internet service,No internet service,No internet service,Month-to-month,No,Electronic check,35.44,460.66,No
CUST-03921,Male,0,Yes,Yes,57,Yes,No,DSL,No,Yes,No,No,No,Yes,Two year,Yes,Electronic check,75.77,4309.13,No
CUST-03922,Male,1,No,No,12,Yes,Yes,Fiber optic,No,Yes,No,No,Yes,Yes,One year,No,Bank transfer (automatic),120.2,1434.23,Yes
CUST-03923,Female,0,No,No,11,Yes,Yes,DSL,No,No,Yes,No,No,No,One year,Yes,Bank transfer (automatic),75.64,829.64,Yes
CUST-03924,Male,0,No,No,37,Yes,No,DSL,Yes,No,Yes,Yes,Yes,Yes,Month-to-month,Yes,Bank transfer (automatic),103.47,3810.2,Yes
CUST-03925,Female,0,No,No,16,No,No phone service,Fiber optic,Yes,Yes,No,No,No,Yes,Two year,No,Bank transfer (automatic),88.93,1443.92,No
CUST-03926,Female,0,Yes,Yes,68,Yes,No,DSL,No,Yes,Yes,No,Yes,No,Two year,Yes,Mailed check,85.63,5836.7,No
CUST-03927,Male,0,Yes,Yes,63,Yes,No,No,No internet service,No internet service,No internet service,No internet service,No internet service,No internet service,Two year,No,Credit card (automatic),35.69,2264.63,No
CUST-03928,Male,0,No,Yes,67,Yes,Yes,Fiber optic,No,No,Yes,Yes,No,No,One year,Yes,Electronic check,102.43,6840.26,No
CUST-03929,Male,0,No,No,12,Yes,No,Fiber optic,Yes,Yes,Yes,Yes,No,Yes,Month-to-month,No,Mailed check,118.75,1426.93,Yes
CUST-03930,Female,1,No,No,5,Yes,No,DSL,Yes,Yes,Yes,No,No,No,Month-to-month,Yes,Credit card (automatic),77.93,405.82,Yes
CUST-03931,Female,0,No,No,18,Yes,Yes,DSL,No,No,Yes,No,No,No,Month-to-month,No,Electronic check,75.08,1337.24,Yes
CUST-03932,Male,0,Yes,No,50,Yes,No,No,No internet service,No internet service,No internet service,No internet service,No internet service,No internet service,One year,No,Bank transfer (automatic),33.14, ,No
CUST-03933,Male,0,Yes,Yes,70,Yes,No,Fiber optic,Yes,Yes,Yes,Yes,No,No,Month-to-month,No,Mailed check,107.21,7488.21,Yes
CUST-03934,Female,1,Yes,No,7,Yes,Yes,DSL,Yes,Yes,No,No,No,Yes,Month-to-month,No,Electronic check,93.14,664.49,Yes
CUST-03935,Male,0,Yes,No,63,Yes,Yes,DSL,Yes,No,Yes,No,Yes,No,Two year,Yes,Mailed check,95.36,6004.46,No
CUST-03936,Female,0,Yes,Yes,71,No,No phone service,DSL,Yes,No,Yes,No,No,No,One year,No,Bank transfer (automatic),55.39,3931.3,No
CUST-03937,Female,0,Yes,No,59,No,No phone service,DSL,Yes,No,No,Yes,Yes,No,Month-to-month,No,Electronic check,73.99,4348.48,No
CUST-03938,Male,0,No,No,71,Yes,No,No,No internet service,No internet service,No internet service,No internet service,No internet service,No internet service,One year,No,Mailed check,38.95,2788.67,No
CUST-03939,Male,0,No,No,49,Yes,Yes,Fiber optic,No,Yes,Yes,Yes,No,Yes,Two year,No,Bank transfer (automatic),122.81,6018.45,No
CUST-03940,Male,0,No,No,71,Yes,No,Fiber optic,No,No,No,Yes,Yes,Yes,One year,No,Bank transfer (automatic),113.94,8101.61,No
CUST-03941,Male,0,No,No,59,Yes,Yes,No,No internet service,No internet service,No internet service,No internet service,No internet service,No internet service,One year,No,Mailed check,44.32,2620.64,No
CUST-03942,Female,0,Yes,Yes,17,No,No phone service,DSL,No,Yes,No,Yes,Yes,Yes,One year,No,Mailed check,82.17,1383.25,No
CUST-03943,Female,0,Yes,Yes,4,Yes,Yes,Fiber optic,No,No,Yes,No,Yes,No,Month-to-month,No,Credit card (automatic),109.79,414.54,Yes
CUST-03944,Female,1,No,No,49,Yes,Yes,Fiber optic,Yes,Yes,No,No,Yes,No,Month-to-month,No,Electronic check,114.23,5594.4,Yes
CUST-03945,Male,1,Yes,Yes,23,Yes,Yes,DSL,No,No,Yes,No,Yes,Yes,Month-to-month,Yes,Credit card (automatic),97.94,2269.22,No
CUST-03946,Female,0,Yes,No,36,Yes,Yes,Fiber optic,Yes,Yes,No,No,No,Yes,One year,No,Mailed check,114.12,4078.78,No
CUST-03947,Male,0,Yes,Yes,16,Yes,No,Fiber optic,Yes,No,No,No,Yes,No,Month-to-month,No,Electronic check,96.17,1567.94,Yes
CUST-03948,Male,0,Yes,Yes,3,Yes,No,Fiber optic,No,No,No,Yes,No,No,Month-to-month,Yes,Electronic check,87.72,275.67,Yes
CUST-03949,Male,0,No,No,62,Yes,No,Fiber optic,No,No,Yes,No,No,No,One year,Yes,Electronic check,87.57,5432.2,No
CUST-03950,Male,0,Yes,No,71,Yes,Yes,Fiber optic,No,Yes,No,No,No,No,One year,Yes,Bank transfer (automatic),98.19,6969.75,No
CUST-03951,Male,0,No,No,53,Yes,No,Fiber optic,No,No,Yes,No,Yes,No,One year,Yes,Bank transfer (automatic),98.41,5228.61,No
CUST-03952,Male,0,No,No,26,Yes,No,DSL,No,Yes,Yes,No,No,No,One year,No,Electronic check,74.01,1905.95,No
CUST-03953,Female,0,Yes,No,16,No,No phone service,DSL,No,Yes,No,Yes,No,Yes,One year,Yes,Credit card (automatic),70.31,1131.6,No
CUST-03954,Male,0,Yes,No,54,Yes,Yes,Fiber optic,No,Yes,No,Yes,No,Yes,Two year,No,Credit card (automatic),118.55,6406.32,No
CUST-03955,Female,0,Yes,No,65,No,No phone service,DSL,No,Yes,No,No,No,No,Two year,No,Electronic check,49.92,3271.73,No
CUST-03956,Female,0,Yes,No,8,No,No phone service,No,No internet service,No internet service,No internet service,No internet service,No internet service,No internet service,One year,No,Electronic check,18.79,144.84,Yes
CUST-03957,Male,0,No,No,42,Yes,No,No,No internet service,No internet service,No internet service,No internet service,No internet service,No internet service,One year,Yes,Electronic check,34.31,1441.69,No
CUST-03958,Male,0,No,No,31,Yes,Yes,Fiber optic,No,Yes,Yes,No,Yes,Yes,Month-to-month,Yes,Bank transfer (automatic),124.88,3870.28,Yes
CUST-03959,Male,0,No,Yes,18,Yes,No,No,No internet service,No internet service,No internet service,No internet service,No internet service,No internet service,One year,Yes,Bank transfer (automatic),35.78,636.29,No
CUST-03960,Female,0,Yes,Yes,63,Yes,No,Fiber optic,No,Yes,Yes,No,No,Yes,Two year,Yes,Mailed check,105.88,6692.61,Yes
CUST-03961,Male,0,No,No,39,Yes,No,DSL,No,No,Yes,No,Yes,No,One year,Yes,Bank transfer (automatic),78.02,3028.16,No
CUST-03962,Female,1,No,Yes,67,No,No phone service,Fiber optic,No,No,Yes,Yes,Yes,Yes,One year,Yes,Credit card (automatic),103.47,6909.73,No
CUST-03963,Male,0,No,No,34,Yes,No,Fiber optic,No,No,No,No,No,No,One year,Yes,Bank transfer (automatic),77.93,2653.28,Yes
CUST-03964,Male,0,No,No,7,Yes,No,DSL,No,No,No,No,No,No,Month-to-month,Yes,Bank transfer (automatic),60.14,410.11,Yes
CUST-03965,Female,0,No,No,24,No,No phone service,DSL,No,No,No,No,Yes,No,One year,Yes,Mailed check,59.66,1435.65,Yes
CUST-03966,Female,1,No,No,1,Yes,No,DSL,Yes,No,No,No,No,No,Month-to-month,No,Electronic check,68.12,77.62,Yes
CUST-03967,Male,1,No,No,12,Yes,No,DSL,Yes,Yes,No,No,No,No,One year,No,Credit card (automatic),70.36,846.51,Yes
CUST-03968,Female,0,Yes,No,62,Yes,Yes,DSL,Yes,Yes,No,Yes,Yes,Yes,Month-to-month,No,Bank transfer (automatic),113.34,7027.44,No
CUST-03969,Female,1,No,No,30,Yes,No,Fiber optic,No,No,No,No,Yes,Yes,One year,No,Bank transfer (automatic),109.11,3242.37,Yes
CUST-03970,Female,0,Yes,Yes,45,Yes,Yes,DSL,No,Yes,No,No,Yes,No,One year,Yes,Electronic check,88.63,3996.74,No
CUST-03971,Female,0,Yes,Yes,47,Yes,Yes,DSL,Yes,No,No,No,Yes,No,Two year,No,Bank transfer (automatic),90.27,4245.63,No
CUST-03972,Female,0,No,No,69,Yes,No,DSL,No,Yes,No,No,Yes,No,Two year,Yes,Bank transfer (automatic),80.39,5575.02,No
CUST-03973,Male,0,No,Yes,64,Yes,No,No,No internet service,No internet service,No internet service,No internet service,No internet service,No internet service,Two year,Yes,Mailed check,33.33,2150.18,No
CUST-03974,Male,1,Yes,No,64,Yes,No,Fiber optic,Yes,No,No,No,No,Yes,One year,Yes,Bank transfer (automatic),99.09,6319.53,No
CUST-03975,Female,0,Yes,No,10,Yes,Yes,Fiber optic,No,No,No,No,Yes,Yes,One year,Yes,Credit card (automatic),114.28,1158.71,Yes
CUST-03976,Male,1,Yes,Yes,39,Yes,Yes,Fiber optic,No,No,Yes,Yes,No,No,One year,Yes,Electronic check,106.61,4138.3,No
CUST-03977,Male,0,No,No,55,Yes,No,Fiber optic,Yes,Yes,No,No,Yes,Yes,One year,No,Electronic check,118.94,6554.21,No
CUST-03978,Female,0,No,No,48,Yes,No,Fiber optic,Yes,No,Yes,No,No,No,Two year,No,Credit card (automatic),90.75,4377.8,No
CUST-03979,Male,0,No,No,55,Yes,Yes,DSL,No,Yes,Yes,No,No,No,One year,Yes,Electronic check,87.16,4821.81,Yes
CUST-03980,Female,0,No,No,20,Yes,Yes,DSL,No,No,No,No,Yes,No,Month-to-month,No,Credit card (automatic),82.25,1639.06,Yes
CUST-03981,Female,0,Yes,Yes,17,Yes,No,DSL,No,Yes,No,No,No,No,Month-to-month,No,Electronic check,66.95,1148.74,No
CUST-03982,Male,0,No,No,11,No,No phone service,Fiber optic,No,No,No,No,Yes,No,Month-to-month,Yes,Bank transfer (automatic),73.02,818.36,Yes
CUST-03983,Female,1,Yes,Yes,50,Yes,No,DSL,No,No,Yes,Yes,No,Yes,Month-to-month,No,Credit card (automatic),87.51,4382.56,No
CUST-03984,Female,0,No,No,2,Yes,No,DSL,Yes,No,No,No,Yes,Yes,Month-to-month,No,Bank transfer (automatic),86.77,148.47,Yes
CUST-03985,Female,0,No,No,30,Yes,Yes,Fiber optic,Yes,Yes,No,Yes,Yes,No,Month-to-month,Yes,Bank transfer (automatic),121.78,3655.72,Yes
CUST-03986,Female,0,No,No,39,Yes,Yes,Fiber optic,Yes,No,No,Yes,Yes,Yes,Two year,No,Electronic check,127.17,4968.17,No
CUST-03987,Female,0,Yes,Yes,6,Yes,No,Fiber optic,No,No,No,No,No,Yes,Month-to-month,No,Electronic check,92.7,556.18,Yes
CUST-03988,Male,1,Yes,Yes,34,Yes,No,Fiber optic,No,Yes,No,No,Yes,No,Two year,No,Credit card (automatic),98.27,3328.3,No
CUST-03989,Male,0,Yes,Yes,29,Yes,Yes,No,No internet service,No internet service,No internet service,No internet service,No internet service,No internet service,One year,No,Credit card (automatic),45.88,1327.51,No
CUST-03990,Female,0,No,Yes,41,Yes,Yes,No,No internet service,No internet service,No internet service,No internet service,No internet service,No internet service,One year,Yes,Electronic check,46.87,1935.19,No
CUST-03991,Female,0,Yes,Yes,51,Yes,No,No,No internet service,No internet service,No internet service,No internet service,No internet service,No internet service,One year,No,Credit card (automatic),33.49,1713.89,No
CUST-03992,Male,0,Yes,No,39,Yes,No,No,No internet service,No internet service,No internet service,No internet service,No internet service,No internet service,Month-to-month,No,Mailed check,34.69,1359.89,Yes
CUST-03993,Female,0,Yes,Yes,37,Yes,No,DSL,Yes,No,Yes,No,Yes,No,Two year,Yes,Mailed check,82.73,3057.28,Yes
CUST-03994,Male,0,No,No,56,Yes,No,Fiber optic,Yes,Yes,Yes,No,No,No,One year,No,Electronic check,96.62,5417.12,No
CUST-03995,Female,0,Yes,No,64,Yes,No,DSL,No,Yes,No,Yes,Yes,No,Month-to-month,No,Mailed check,88.9,5658.0,No
CUST-03996,Female,0,No,No,64,Yes,No,Fiber optic,No,No,No,No,Yes,Yes,Two year,Yes,Mailed check,102.1,6533.74,No
CUST-03997,Female,0,No,No,60,Yes,Yes,Fiber optic,No,Yes,Yes,No,Yes,Yes,One year,No,Bank transfer (automatic),124.77,7480.49,No
CUST-03998,Female,0,No,No,55,Yes,Yes,DSL,No,No,Yes,No,Yes,No,One year,Yes,Bank transfer (automatic),91.29,5021.36,No
CUST-03999,Female,0,Yes,Yes,21,Yes,No,No,No internet service,No internet service,No internet service,No internet service,No internet service,No internet service,One year,Yes,Mailed check,34.81,713.42,No
CUST-04000,Female,0,Yes,No,70,No,No phone service,DSL,No,No,No,Yes,Yes,Yes,Two year,Yes,Electronic check,76.9,5388.55,No
